{"credit":"Made with Blockbench","texture_size":[32,32],"textures":{"0":"minecraft:ttp/weapons/m4a1","particle":"minecraft:ttp/weapons/m4a1"},"elements":[{"from":[7.22848,1.99777,6.92464],"to":[8.7716,5.37277,9.38558],"rotation":{"angle":22.5,"axis":"x","origin":[8,4.31809,8.04964]},"faces":{"north":{"uv":[4.5,8.5,5.5,11],"texture":"#0"},"east":{"uv":[6.5,4,4.5,6.5],"texture":"#0"},"south":{"uv":[5.5,8.5,6.5,11],"texture":"#0"},"west":{"uv":[4.5,4,6.5,6.5],"texture":"#0"},"down":{"uv":[1,10.5,0,12.5],"texture":"#0"}}},{"from":[7.22656,4.78125,7.01563],"to":[8.77344,6.89063,9.6875],"rotation":{"angle":0,"axis":"y","origin":[8,5.83594,8.35156]},"faces":{"north":{"uv":[10.5,10.5,11.5,12],"texture":"#0"},"east":{"uv":[9.5,7.5,7.5,9],"texture":"#0"},"south":{"uv":[11,0,12,1.5],"texture":"#0"},"west":{"uv":[7.5,7.5,9.5,9],"texture":"#0"},"up":{"uv":[1,12.5,0,10.5],"texture":"#0"}}}],"gui_light":"front","display":{"thirdperson_righthand":{"translation":[-1,0.5,-3.25],"scale":[0.83,0.83,0.83]},"thirdperson_lefthand":{"translation":[-1,0.5,-3.25],"scale":[0.83,0.83,0.83]},"firstperson_righthand":{"rotation":[0,1.75,7.5],"translation":[-3.75,2.25,-4.5]},"firstperson_lefthand":{"rotation":[0,1.75,7.5],"translation":[-3.75,2.25,-4.5]},"ground":{"rotation":[-3.29,0.77,-26.06],"translation":[0,2,0],"scale":[0.6,0.6,0.6]},"gui":{"rotation":[90,-47.5,90],"translation":[0.25,0,0],"scale":[0.59,0.59,0.59]},"fixed":{"rotation":[0,90,0]}}}