{"textures":{"0":"default/storm_sword0","1":"default/storm_sword1","2":"default/storm_sword2","3":"default/storm_sword3","4":"default/storm_sword4"},"elements":[{"from":[-2,-12.5,9],"to":[-1.5,-9,10.5],"faces":{"north":{"uv":[1.5,9,2,12.5],"texture":"#1"},"south":{"uv":[14,9,14.5,12.5],"texture":"#1"},"west":{"uv":[9,9,10.5,12.5],"texture":"#1"},"east":{"uv":[5.5,9,7,12.5],"texture":"#1"}}},{"from":[-3,-15,9],"to":[-0.5,-13.5,10.5],"faces":{"down":{"uv":[13,5.5,15.5,7],"texture":"#1"},"up":{"uv":[13,9,15.5,10.5],"texture":"#1"},"north":{"uv":[0.5,13.5,3,15],"texture":"#1"},"south":{"uv":[13,13.5,15.5,15],"texture":"#1"},"west":{"uv":[9,13.5,10.5,15],"texture":"#1"},"east":{"uv":[5.5,13.5,7,15],"texture":"#1"}}},{"from":[-2.5,-15.5,8.5],"to":[-1,-15,11],"faces":{"down":{"uv":[13.5,5,15,7.5],"texture":"#0"},"north":{"uv":[1,15,2.5,15.5],"texture":"#0"},"south":{"uv":[13.5,15,15,15.5],"texture":"#0"},"west":{"uv":[8.5,15,11,15.5],"texture":"#0"},"east":{"uv":[5,15,7.5,15.5],"texture":"#0"}}},{"from":[-2.5,-15,8],"to":[-1,-13.5,11.5],"faces":{"down":{"uv":[13.5,4.5,15,8],"texture":"#0"},"up":{"uv":[13.5,8,15,11.5],"texture":"#0"},"north":{"uv":[1,13.5,2.5,15],"texture":"#0"},"south":{"uv":[13.5,13.5,15,15],"texture":"#0"},"west":{"uv":[8,13.5,11.5,15],"texture":"#0"},"east":{"uv":[4.5,13.5,8,15],"texture":"#0"}}},{"from":[-2.5,-13.5,8.5],"to":[-1,-12.5,11],"faces":{"up":{"uv":[13.5,8.5,15,11],"texture":"#0"},"north":{"uv":[1,12.5,2.5,13.5],"texture":"#0"},"south":{"uv":[13.5,12.5,15,13.5],"texture":"#0"},"west":{"uv":[8.5,12.5,11,13.5],"texture":"#0"},"east":{"uv":[5,12.5,7.5,13.5],"texture":"#0"}}},{"from":[-2.5,-16,9],"to":[-1,-15.5,10.5],"faces":{"down":{"uv":[13.5,5.5,15,7],"texture":"#0"},"north":{"uv":[1,15.5,2.5,16],"texture":"#0"},"south":{"uv":[13.5,15.5,15,16],"texture":"#0"},"west":{"uv":[9,15.5,10.5,16],"texture":"#0"},"east":{"uv":[5.5,15.5,7,16],"texture":"#0"}}},{"from":[-3,-13.5,9.5],"to":[-0.5,-13,10],"faces":{"up":{"uv":[13,9.5,15.5,10],"texture":"#1"},"north":{"uv":[0.5,13,3,13.5],"texture":"#1"},"south":{"uv":[13,13,15.5,13.5],"texture":"#1"},"west":{"uv":[9.5,13,10,13.5],"texture":"#1"},"east":{"uv":[6,13,6.5,13.5],"texture":"#1"}}},{"from":[-3,-15.5,9.5],"to":[-0.5,-15,10],"faces":{"down":{"uv":[13,6,15.5,6.5],"texture":"#1"},"north":{"uv":[0.5,15,3,15.5],"texture":"#1"},"south":{"uv":[13,15,15.5,15.5],"texture":"#1"},"west":{"uv":[9.5,15,10,15.5],"texture":"#1"},"east":{"uv":[6,15,6.5,15.5],"texture":"#1"}}},{"from":[-3,-12,9],"to":[-0.5,-11,10.5],"faces":{"down":{"uv":[13,5.5,15.5,7],"texture":"#1"},"up":{"uv":[13,9,15.5,10.5],"texture":"#1"},"north":{"uv":[0.5,11,3,12],"texture":"#1"},"south":{"uv":[13,11,15.5,12],"texture":"#1"},"west":{"uv":[9,11,10.5,12],"texture":"#1"},"east":{"uv":[5.5,11,7,12],"texture":"#1"}}},{"from":[-2.5,-2.5,13],"to":[-1,-2,15.5],"faces":{"up":{"uv":[13.5,13,15,15.5],"texture":"#0"},"north":{"uv":[1,2,2.5,2.5],"texture":"#0"},"south":{"uv":[13.5,2,15,2.5],"texture":"#0"},"west":{"uv":[13,2,15.5,2.5],"texture":"#0"},"east":{"uv":[0.5,2,3,2.5],"texture":"#0"}}},{"from":[-2.5,-12.5,9.5],"to":[-1,-9,10],"faces":{"north":{"uv":[1,9,2.5,12.5],"texture":"#1"},"south":{"uv":[13.5,9,15,12.5],"texture":"#1"},"west":{"uv":[9.5,9,10,12.5],"texture":"#1"},"east":{"uv":[6,9,6.5,12.5],"texture":"#1"}}},{"from":[-2.5,-12,8.5],"to":[-1,-11,11],"faces":{"down":{"uv":[13.5,5,15,7.5],"texture":"#1"},"up":{"uv":[13.5,8.5,15,11],"texture":"#1"},"north":{"uv":[1,11,2.5,12],"texture":"#1"},"south":{"uv":[13.5,11,15,12],"texture":"#1"},"west":{"uv":[8.5,11,11,12],"texture":"#1"},"east":{"uv":[5,11,7.5,12],"texture":"#1"}}},{"from":[-3,-2,14.5],"to":[-0.5,-1.5,15.5],"faces":{"down":{"uv":[13,0.5,15.5,1.5],"texture":"#0"},"up":{"uv":[13,14.5,15.5,15.5],"texture":"#0"},"north":{"uv":[0.5,1.5,3,2],"texture":"#0"},"south":{"uv":[13,1.5,15.5,2],"texture":"#0"},"west":{"uv":[14.5,1.5,15.5,2],"texture":"#0"},"east":{"uv":[0.5,1.5,1.5,2],"texture":"#0"}}},{"from":[-2.5,-5.5,8],"to":[-1,-5,11.5],"faces":{"down":{"uv":[13.5,4.5,15,8],"texture":"#0"},"north":{"uv":[1,5,2.5,5.5],"texture":"#0"},"south":{"uv":[13.5,5,15,5.5],"texture":"#0"},"west":{"uv":[8,5,11.5,5.5],"texture":"#0"},"east":{"uv":[4.5,5,8,5.5],"texture":"#0"}}},{"from":[-2.5,-6,8.5],"to":[-1,-5.5,11],"faces":{"down":{"uv":[13.5,5,15,7.5],"texture":"#0"},"north":{"uv":[1,5.5,2.5,6],"texture":"#0"},"south":{"uv":[13.5,5.5,15,6],"texture":"#0"},"west":{"uv":[8.5,5.5,11,6],"texture":"#0"},"east":{"uv":[5,5.5,7.5,6],"texture":"#0"}}},{"from":[-3.5,-3.5,11],"to":[0,-2,11.5],"faces":{"down":{"uv":[12.5,4.5,16,5],"texture":"#1"},"up":{"uv":[12.5,11,16,11.5],"texture":"#1"},"north":{"uv":[0,2,3.5,3.5],"texture":"#1"},"south":{"uv":[12.5,2,16,3.5],"texture":"#1"},"west":{"uv":[11,2,11.5,3.5],"texture":"#1"},"east":{"uv":[4.5,2,5,3.5],"texture":"#1"}}},{"from":[-3,-4.5,12],"to":[-0.5,-4,13],"faces":{"down":{"uv":[13,3,15.5,4],"texture":"#0"},"south":{"uv":[13,4,15.5,4.5],"texture":"#0"},"west":{"uv":[12,4,13,4.5],"texture":"#0"},"east":{"uv":[3,4,4,4.5],"texture":"#0"}}},{"from":[-3,-4,12],"to":[-0.5,-3.5,13.5],"faces":{"down":{"uv":[12.99999,2.5,15.49999,4],"texture":"#0"},"south":{"uv":[12.99999,3.5,15.49999,4],"texture":"#0"},"west":{"uv":[12,3.5,13.5,4],"texture":"#0"},"east":{"uv":[2.5,3.5,4,4],"texture":"#0"}}},{"from":[-3,-3.5,12],"to":[-0.5,-3,14],"faces":{"down":{"uv":[12.99999,2,15.49999,4],"texture":"#0"},"up":{"uv":[12.99999,12,15.49999,14],"texture":"#0"},"north":{"uv":[0.5000076,3,3.000008,3.5],"texture":"#0"},"south":{"uv":[12.99999,3,15.49999,3.5],"texture":"#0"},"west":{"uv":[12,3,14,3.5],"texture":"#0"},"east":{"uv":[2,3,4,3.5],"texture":"#0"}}},{"from":[-3,-3,13],"to":[-0.5,-2.5,15],"faces":{"down":{"uv":[13,1,15.5,3],"texture":"#0"},"up":{"uv":[13,13,15.5,15],"texture":"#0"},"north":{"uv":[0.5,2.5,3,3],"texture":"#0"},"south":{"uv":[13,2.5,15.5,3],"texture":"#0"},"west":{"uv":[13,2.5,15,3],"texture":"#0"},"east":{"uv":[1,2.5,3,3],"texture":"#0"}}},{"from":[-3,-2.5,13.5],"to":[-0.5,-2,15],"faces":{"up":{"uv":[13,13.5,15.5,15],"texture":"#0"},"north":{"uv":[0.5,2,3,2.5],"texture":"#0"},"south":{"uv":[13,2,15.5,2.5],"texture":"#0"},"west":{"uv":[13.5,2,15,2.5],"texture":"#0"},"east":{"uv":[1,2,2.5,2.5],"texture":"#0"}}},{"from":[-3,-1,14.5],"to":[-0.5,-0.5,15],"faces":{"down":{"uv":[13,1,15.5,1.5],"texture":"#0"},"up":{"uv":[13,14.5,15.5,15],"texture":"#0"},"north":{"uv":[0.5,0.5,3,1],"texture":"#0"},"south":{"uv":[13,0.5,15.5,1],"texture":"#0"},"west":{"uv":[14.5,0.5,15,1],"texture":"#0"},"east":{"uv":[1,0.5,1.5,1],"texture":"#0"}}},{"from":[-2.5,-5,6.5],"to":[-1,-4.5,13],"faces":{"down":{"uv":[13.5,3,15,9.5],"texture":"#0"},"north":{"uv":[1,4.5,2.5,5],"texture":"#0"},"south":{"uv":[13.5,4.5,15,5],"texture":"#0"},"west":{"uv":[6.5,4.5,13,5],"texture":"#0"},"east":{"uv":[3,4.5,9.5,5],"texture":"#0"}}},{"from":[-2.5,-4.5,13],"to":[-1,-4,13.5],"faces":{"down":{"uv":[13.49999,2.500001,14.99999,3.000001],"texture":"#0"},"south":{"uv":[13.49999,4,14.99999,4.5],"texture":"#0"},"west":{"uv":[13,4,13.5,4.5],"texture":"#0"},"east":{"uv":[2.500001,4,3.000001,4.5],"texture":"#0"}}},{"from":[-2.5,-4,13.5],"to":[-1,-3.5,14],"faces":{"down":{"uv":[13.49999,2,14.99999,2.5],"texture":"#0"},"south":{"uv":[13.49999,3.5,14.99999,4],"texture":"#0"},"west":{"uv":[13.5,3.5,14,4],"texture":"#0"},"east":{"uv":[2,3.5,2.5,4],"texture":"#0"}}},{"from":[-2.5,-0.5,14.5],"to":[-1,0,15],"faces":{"up":{"uv":[13.5,14.5,15,15],"texture":"#0"},"north":{"uv":[1,0,2.5,0.5],"texture":"#0"},"south":{"uv":[13.5,0,15,0.5],"texture":"#0"},"west":{"uv":[14.5,0,15,0.5],"texture":"#0"},"east":{"uv":[1,0,1.5,0.5],"texture":"#0"}}},{"from":[-2.5,-3,12.5],"to":[-1,-2.5,15.5],"faces":{"down":{"uv":[13.5,0.5,15,3.5],"texture":"#0"},"up":{"uv":[13.5,12.5,15,15.5],"texture":"#0"},"south":{"uv":[13.5,2.5,15,3],"texture":"#0"},"west":{"uv":[12.5,2.5,15.5,3],"texture":"#0"},"east":{"uv":[0.5,2.5,3.5,3],"texture":"#0"}}},{"from":[-3,-1.5,15],"to":[-0.5,-1,15.5],"faces":{"up":{"uv":[13,15,15.5,15.5],"texture":"#0"},"north":{"uv":[0.5,1,3,1.5],"texture":"#0"},"south":{"uv":[13,1,15.5,1.5],"texture":"#0"},"west":{"uv":[15,1,15.5,1.5],"texture":"#0"},"east":{"uv":[0.5,1,1,1.5],"texture":"#0"}}},{"from":[-3,-4,11.5],"to":[-0.5,-3.5,12],"faces":{"up":{"uv":[13,11.5,15.5,12],"texture":"#0"},"north":{"uv":[0.5,3.5,3,4],"texture":"#0"},"west":{"uv":[11.5,3.5,12,4],"texture":"#0"},"east":{"uv":[4,3.5,4.5,4],"texture":"#0"}}},{"from":[-2.5,-3.5,14],"to":[-1,-3,15],"faces":{"down":{"uv":[13.5,1,15,2],"texture":"#0"},"south":{"uv":[13.5,3,15,3.5],"texture":"#0"},"west":{"uv":[14,3,15,3.5],"texture":"#0"},"east":{"uv":[1,3,2,3.5],"texture":"#0"}}},{"from":[-2.5,-2,14],"to":[-1,-1.5,16],"faces":{"down":{"uv":[13.5,0,15,2],"texture":"#0"},"up":{"uv":[13.5,14,15,16],"texture":"#0"},"north":{"uv":[1,1.5,2.5,2],"texture":"#0"},"south":{"uv":[13.5,1.5,15,2],"texture":"#0"},"west":{"uv":[14,1.5,16,2],"texture":"#0"},"east":{"uv":[0,1.5,2,2],"texture":"#0"}}},{"from":[-2.5,-1.5,14.5],"to":[-1,-1,16],"faces":{"up":{"uv":[13.5,14.5,15,16],"texture":"#0"},"north":{"uv":[1,1,2.5,1.5],"texture":"#0"},"south":{"uv":[13.5,1,15,1.5],"texture":"#0"},"west":{"uv":[14.5,1,16,1.5],"texture":"#0"},"east":{"uv":[0,1,1.5,1.5],"texture":"#0"}}},{"from":[-2.5,-1,14],"to":[-1,-0.5,15.5],"faces":{"down":{"uv":[13.5,0.5,15,2],"texture":"#0"},"up":{"uv":[13.5,14,15,15.5],"texture":"#0"},"north":{"uv":[1,0.5,2.5,1],"texture":"#0"},"south":{"uv":[13.5,0.5,15,1],"texture":"#0"},"west":{"uv":[14,0.5,15.5,1],"texture":"#0"},"east":{"uv":[0.5,0.5,2,1],"texture":"#0"}}},{"from":[-3,-4.5,6.5],"to":[-0.5,-4,7.5],"faces":{"down":{"uv":[13,8.5,15.5,9.5],"texture":"#0"},"north":{"uv":[0.5,4,3,4.5],"texture":"#0"},"west":{"uv":[6.5,4,7.5,4.5],"texture":"#0"},"east":{"uv":[8.5,4,9.5,4.5],"texture":"#0"}}},{"from":[-3,-1,4.5],"to":[-0.5,-0.5,5],"faces":{"down":{"uv":[13,11,15.5,11.5],"texture":"#0"},"up":{"uv":[13,4.5,15.5,5],"texture":"#0"},"north":{"uv":[0.5,0.5,3,1],"texture":"#0"},"south":{"uv":[13,0.5,15.5,1],"texture":"#0"},"west":{"uv":[4.5,0.5,5,1],"texture":"#0"},"east":{"uv":[11,0.5,11.5,1],"texture":"#0"}}},{"from":[-2.5,-0.5,4.5],"to":[-1,0,5],"faces":{"up":{"uv":[13.5,4.5,15,5],"texture":"#0"},"north":{"uv":[1,0,2.5,0.5],"texture":"#0"},"south":{"uv":[13.5,0,15,0.5],"texture":"#0"},"west":{"uv":[4.5,0,5,0.5],"texture":"#0"},"east":{"uv":[11,0,11.5,0.5],"texture":"#0"}}},{"from":[-3,-1.5,4],"to":[-0.5,-1,4.5],"faces":{"up":{"uv":[13,4,15.5,4.5],"texture":"#0"},"north":{"uv":[0.5,1,3,1.5],"texture":"#0"},"south":{"uv":[13,1,15.5,1.5],"texture":"#0"},"west":{"uv":[4,1,4.5,1.5],"texture":"#0"},"east":{"uv":[11.5,1,12,1.5],"texture":"#0"}}},{"from":[-2.5,-1.5,3.5],"to":[-1,-1,5],"faces":{"up":{"uv":[13.5,3.5,15,5],"texture":"#0"},"north":{"uv":[1,1,2.5,1.5],"texture":"#0"},"south":{"uv":[13.5,1,15,1.5],"texture":"#0"},"west":{"uv":[3.5,1,5,1.5],"texture":"#0"},"east":{"uv":[11,1,12.5,1.5],"texture":"#0"}}},{"from":[-2.5,-1,4],"to":[-1,-0.5,5.5],"faces":{"down":{"uv":[13.5,10.5,15,12],"texture":"#0"},"up":{"uv":[13.5,4,15,5.5],"texture":"#0"},"north":{"uv":[1,0.5,2.5,1],"texture":"#0"},"south":{"uv":[13.5,0.5,15,1],"texture":"#0"},"west":{"uv":[4,0.5,5.5,1],"texture":"#0"},"east":{"uv":[10.5,0.5,12,1],"texture":"#0"}}},{"from":[-3,-2,4],"to":[-0.5,-1.5,5],"faces":{"down":{"uv":[13,11,15.5,12],"texture":"#0"},"up":{"uv":[13,4,15.5,5],"texture":"#0"},"north":{"uv":[0.5,1.5,3,2],"texture":"#0"},"south":{"uv":[13,1.5,15.5,2],"texture":"#0"},"west":{"uv":[4,1.5,5,2],"texture":"#0"},"east":{"uv":[11,1.5,12,2],"texture":"#0"}}},{"from":[-2.5,-2,3.5],"to":[-1,-1.5,6],"faces":{"down":{"uv":[13.5,10,15,12.5],"texture":"#0"},"up":{"uv":[13.5,3.5,15,6],"texture":"#0"},"north":{"uv":[1,1.5,2.5,2],"texture":"#0"},"south":{"uv":[13.5,1.5,15,2],"texture":"#0"},"west":{"uv":[3.5,1.5,6,2],"texture":"#0"},"east":{"uv":[10,1.5,12.5,2],"texture":"#0"}}},{"from":[-2.5,-2.5,4],"to":[-1,-2,6.5],"faces":{"up":{"uv":[13.5,4,15,6.5],"texture":"#0"},"north":{"uv":[1,2,2.5,2.5],"texture":"#0"},"south":{"uv":[13.5,2,15,2.5],"texture":"#0"},"west":{"uv":[4,2,6.5,2.5],"texture":"#0"},"east":{"uv":[9.5,2,12,2.5],"texture":"#0"}}},{"from":[-3,-2.5,4.5],"to":[-0.5,-2,5.5],"faces":{"up":{"uv":[13,4.5,15.5,5.5],"texture":"#0"},"north":{"uv":[0.5,2,3,2.5],"texture":"#0"},"south":{"uv":[13,2,15.5,2.5],"texture":"#0"},"west":{"uv":[4.5,2,5.5,2.5],"texture":"#0"},"east":{"uv":[10.5,2,11.5,2.5],"texture":"#0"}}},{"from":[-3,-3,4.5],"to":[-0.5,-2.5,6.5],"faces":{"down":{"uv":[13,9.5,15.5,11.5],"texture":"#0"},"up":{"uv":[13,4.5,15.5,6.5],"texture":"#0"},"north":{"uv":[0.5,2.5,3,3],"texture":"#0"},"south":{"uv":[13,2.5,15.5,3],"texture":"#0"},"west":{"uv":[4.5,2.5,6.5,3],"texture":"#0"},"east":{"uv":[9.5,2.5,11.5,3],"texture":"#0"}}},{"from":[-2.5,-3,4],"to":[-1,-2.5,7],"faces":{"down":{"uv":[13.5,9,15,12],"texture":"#0"},"up":{"uv":[13.5,4,15,7],"texture":"#0"},"north":{"uv":[1,2.5,2.5,3],"texture":"#0"},"west":{"uv":[4,2.5,7,3],"texture":"#0"},"east":{"uv":[9,2.5,12,3],"texture":"#0"}}},{"from":[-3,-3.5,5.5],"to":[-0.5,-3,7.5],"faces":{"down":{"uv":[13,8.5,15.5,10.5],"texture":"#0"},"up":{"uv":[13,5.5,15.5,7.5],"texture":"#0"},"north":{"uv":[0.5,3,3,3.5],"texture":"#0"},"south":{"uv":[13,3,15.5,3.5],"texture":"#0"},"west":{"uv":[5.5,3,7.5,3.5],"texture":"#0"},"east":{"uv":[8.5,3,10.5,3.5],"texture":"#0"}}},{"from":[-2.5,-3.5,4.5],"to":[-1,-3,5.5],"faces":{"down":{"uv":[13.5,10.5,15,11.5],"texture":"#0"},"north":{"uv":[1,3,2.5,3.5],"texture":"#0"},"west":{"uv":[4.5,3,5.5,3.5],"texture":"#0"},"east":{"uv":[10.5,3,11.5,3.5],"texture":"#0"}}},{"from":[-3,-4,6],"to":[-0.5,-3.5,7.5],"faces":{"down":{"uv":[13,8.5,15.5,10],"texture":"#0"},"north":{"uv":[0.5,3.5,3,4],"texture":"#0"},"west":{"uv":[6,3.5,7.5,4],"texture":"#0"},"east":{"uv":[8.5,3.5,10,4],"texture":"#0"}}},{"from":[-2.5,-4,5.5],"to":[-1,-3.5,6],"faces":{"down":{"uv":[13.5,10,15,10.5],"texture":"#0"},"north":{"uv":[1,3.5,2.5,4],"texture":"#0"},"west":{"uv":[5.5,3.5,6,4],"texture":"#0"},"east":{"uv":[10,3.5,10.5,4],"texture":"#0"}}},{"from":[-2.5,-4.5,6],"to":[-1,-4,6.5],"faces":{"down":{"uv":[13.5,9.5,15,10],"texture":"#0"},"north":{"uv":[1,4,2.5,4.5],"texture":"#0"},"west":{"uv":[6,4,6.5,4.5],"texture":"#0"},"east":{"uv":[9.5,4,10,4.5],"texture":"#0"}}},{"from":[-3,-3,12],"to":[-0.5,-2,12.5],"faces":{"up":{"uv":[13,12,15.5,12.5],"texture":"#0"},"north":{"uv":[0.5,2,3,3],"texture":"#0"},"south":{"uv":[13,2,15.5,3],"texture":"#0"},"west":{"uv":[12,2,12.5,3],"texture":"#0"},"east":{"uv":[3.5,2,4,3],"texture":"#0"}}},{"from":[-2.5,-2,8],"to":[-1,-1.5,11.5],"faces":{"west":{"uv":[8,1.5,11.5,2],"texture":"#0"},"east":{"uv":[4.5,1.5,8,2],"texture":"#0"}}},{"from":[-3,-5,8.5],"to":[-0.5,-4.5,11],"faces":{"down":{"uv":[13,5,15.5,7.5],"texture":"#0"},"north":{"uv":[0.5,4.5,3,5],"texture":"#0"},"south":{"uv":[13,4.5,15.5,5],"texture":"#0"},"west":{"uv":[8.5,4.5,11,5],"texture":"#0"},"east":{"uv":[5,4.5,7.5,5],"texture":"#0"}}},{"from":[-3.5,-2,8.5],"to":[0,-1.5,11],"faces":{"down":{"uv":[12.5,5,16,7.5],"texture":"#1"},"up":{"uv":[12.5,8.5,16,11],"texture":"#1"},"north":{"uv":[0,1.5,3.5,2],"texture":"#1"},"south":{"uv":[12.5,1.5,16,2],"texture":"#1"},"west":{"uv":[8.5,1.5,11,2],"texture":"#1"},"east":{"uv":[5,1.5,7.5,2],"texture":"#1"}}},{"from":[-3.5,-3.5,8],"to":[0,-2,8.5],"faces":{"down":{"uv":[12.5,7.5,16,8],"texture":"#1"},"up":{"uv":[12.5,8,16,8.5],"texture":"#1"},"north":{"uv":[0,2,3.5,3.5],"texture":"#1"},"south":{"uv":[12.5,2,16,3.5],"texture":"#1"},"west":{"uv":[8,2,8.5,3.5],"texture":"#1"},"east":{"uv":[7.5,2,8,3.5],"texture":"#1"}}},{"from":[-3.5,-4,8.5],"to":[0,-3.5,11],"faces":{"down":{"uv":[12.5,5,16,7.5],"texture":"#1"},"up":{"uv":[12.5,8.5,16,11],"texture":"#1"},"north":{"uv":[0,3.5,3.5,4],"texture":"#1"},"south":{"uv":[12.5,3.5,16,4],"texture":"#1"},"west":{"uv":[8.5,3.5,11,4],"texture":"#1"},"east":{"uv":[5,3.5,7.5,4],"texture":"#1"}}},{"from":[-3,-2,7.5],"to":[-0.5,-1.5,8],"faces":{"down":{"uv":[13,8,15.5,8.5],"texture":"#0"},"up":{"uv":[13,7.5,15.5,8],"texture":"#0"},"north":{"uv":[0.5,1.5,3,2],"texture":"#0"},"south":{"uv":[13,1.5,15.5,2],"texture":"#0"},"west":{"uv":[7.5,1.5,8,2],"texture":"#0"},"east":{"uv":[8,1.5,8.5,2],"texture":"#0"}}},{"from":[-3,-2,11.5],"to":[-0.5,-1.5,12],"faces":{"down":{"uv":[13,4,15.5,4.5],"texture":"#0"},"up":{"uv":[13,11.5,15.5,12],"texture":"#0"},"north":{"uv":[0.5,1.5,3,2],"texture":"#0"},"south":{"uv":[13,1.5,15.5,2],"texture":"#0"},"west":{"uv":[11.5,1.5,12,2],"texture":"#0"},"east":{"uv":[4,1.5,4.5,2],"texture":"#0"}}},{"from":[-2.5,-4,8],"to":[-1,-3.5,11.5],"faces":{"west":{"uv":[8,3.5,11.5,4],"texture":"#0"},"east":{"uv":[4.5,3.5,8,4],"texture":"#0"}}},{"from":[-3,-3,7],"to":[-0.5,-2,7.5],"faces":{"up":{"uv":[13,7,15.5,7.5],"texture":"#0"},"north":{"uv":[0.5,2,3,3],"texture":"#0"},"south":{"uv":[13,2,15.5,3],"texture":"#0"},"west":{"uv":[7,2,7.5,3],"texture":"#0"},"east":{"uv":[8.5,2,9,3],"texture":"#0"}}},{"from":[-2.5,-3.5,11.5],"to":[-1,-2,12],"faces":{"south":{"uv":[13.5,2,15,3.5],"texture":"#0"},"west":{"uv":[11.5,2,12,3.5],"texture":"#0"},"east":{"uv":[4,2,4.5,3.5],"texture":"#0"}}},{"from":[-3,-4.5,7.5],"to":[-0.5,-4,12],"faces":{"down":{"uv":[13,4,15.5,8.5],"texture":"#0"},"up":{"uv":[13,7.5,15.5,12],"texture":"#0"},"west":{"uv":[7.5,4,12,4.5],"texture":"#0"},"east":{"uv":[4,4,8.5,4.5],"texture":"#0"}}},{"from":[-3,-4,7.5],"to":[-0.5,-3.5,8],"faces":{"up":{"uv":[13,7.5,15.5,8],"texture":"#0"},"south":{"uv":[13,3.5,15.5,4],"texture":"#0"},"west":{"uv":[7.5,3.5,8,4],"texture":"#0"},"east":{"uv":[8,3.5,8.5,4],"texture":"#0"}}},{"from":[-3,-3.5,8.5],"to":[-0.5,-2,11],"faces":{"west":{"uv":[8.5,2,11,3.5],"texture":"#0"},"east":{"uv":[5,2,7.5,3.5],"texture":"#0"}}},{"from":[-2.5,-3.5,7.5],"to":[-1,-2,8],"faces":{"north":{"uv":[1,2,2.5,3.5],"texture":"#0"},"west":{"uv":[7.5,2,8,3.5],"texture":"#0"},"east":{"uv":[8,2,8.5,3.5],"texture":"#0"}}},{"from":[-3,-1.5,8],"to":[-0.5,-1,11.5],"faces":{"down":{"uv":[13,4.5,15.5,8],"texture":"#0"},"up":{"uv":[13,8,15.5,11.5],"texture":"#0"},"north":{"uv":[0.5,1,3,1.5],"texture":"#0"},"south":{"uv":[13,1,15.5,1.5],"texture":"#0"},"west":{"uv":[8,1,11.5,1.5],"texture":"#0"},"east":{"uv":[4.5,1,8,1.5],"texture":"#0"}}},{"from":[-2.5,20.5,10.5],"to":[-1,23,11.5],"faces":{"up":{"uv":[13.5,10,15,11],"texture":"#2"},"north":{"uv":[1,2.5,2.5,5],"texture":"#2"},"south":{"uv":[13.5,2.5,15,5],"texture":"#2"},"west":{"uv":[10,2.5,11,5],"texture":"#2"},"east":{"uv":[5,2.5,6,5],"texture":"#2"}}},{"from":[-2.5,23,10.5],"to":[-1,24.5,11],"faces":{"up":{"uv":[13.5,10,15,10.5],"texture":"#2"},"north":{"uv":[1,1,2.5,2.5],"texture":"#2"},"south":{"uv":[13.5,1,15,2.5],"texture":"#2"},"west":{"uv":[10,1,10.5,2.5],"texture":"#2"},"east":{"uv":[5.5,1,6,2.5],"texture":"#2"}}},{"from":[-2.5,18.5,10.5],"to":[-1,20.5,12],"faces":{"up":{"uv":[13.5,10,15,11.5],"texture":"#2"},"north":{"uv":[0.9999981,5,2.499998,7],"texture":"#2"},"south":{"uv":[13.5,5,15,7],"texture":"#2"},"west":{"uv":[10,5,11.5,7],"texture":"#2"},"east":{"uv":[4.5,5,6,7],"texture":"#2"}}},{"from":[-2.5,16,10.5],"to":[-1,18.5,12.5],"faces":{"down":{"uv":[13.5,4,15,6],"texture":"#2"},"up":{"uv":[13.5,10,15,12],"texture":"#2"},"north":{"uv":[1,7,2.5,9.5],"texture":"#2"},"south":{"uv":[13.5,7,15,9.5],"texture":"#2"},"west":{"uv":[10,7,12,9.5],"texture":"#2"},"east":{"uv":[4,7,6,9.5],"texture":"#2"}}},{"from":[-2.5,6.5,10.5],"to":[-1,16,12],"faces":{"north":{"uv":[0.9999981,0,2.499998,9.5],"texture":"#2"},"south":{"uv":[13.5,0,15,9.5],"texture":"#2"},"west":{"uv":[10,0,11.5,9.5],"texture":"#2"},"east":{"uv":[4.5,0,6,9.5],"texture":"#2"}}},{"from":[-2.5,3,12],"to":[-1,3.5,12.5],"faces":{"west":{"uv":[11.5,12.5,12,13],"texture":"#2"},"east":{"uv":[4,12.5,4.5,13],"texture":"#2"}}},{"from":[-2.5,3.5,13],"to":[-1,4,13.5],"faces":{"up":{"uv":[13.5,12.5,15,13],"texture":"#2"},"north":{"uv":[0.9999962,12,2.499996,12.5],"texture":"#2"},"south":{"uv":[13.5,12,15,12.5],"texture":"#2"},"west":{"uv":[12.5,12,13,12.5],"texture":"#2"},"east":{"uv":[2.999997,12,3.499997,12.5],"texture":"#2"}}},{"from":[-2.5,3.5,12],"to":[-1,6.5,12.5],"faces":{"up":{"uv":[13.5,11.5,15,12],"texture":"#2"},"south":{"uv":[13.5,9.5,15,12.5],"texture":"#2"},"west":{"uv":[11.5,9.5,12,12.5],"texture":"#2"},"east":{"uv":[4,9.5,4.5,12.5],"texture":"#2"}}},{"from":[-2.5,2.5,10.5],"to":[-1,6.5,12],"faces":{"north":{"uv":[0.9999981,9.5,2.499998,13.5],"texture":"#2"},"south":{"uv":[13.5,9.5,15,13.5],"texture":"#2"},"west":{"uv":[10,9.5,11.5,13.5],"texture":"#2"},"east":{"uv":[4.5,9.5,6,13.5],"texture":"#2"}}},{"from":[-2.5,3,12.5],"to":[-1,3.5,14],"faces":{"up":{"uv":[13.5,12,15,13.5],"texture":"#2"},"south":{"uv":[13.5,12.5,15,13],"texture":"#2"},"west":{"uv":[12,12.5,13.5,13],"texture":"#2"},"east":{"uv":[2.5,12.5,4,13],"texture":"#2"}}},{"from":[-2.5,2.5,12],"to":[-1,3,14],"faces":{"down":{"uv":[13.50001,2.499998,15.00001,4.499998],"texture":"#2"},"up":{"uv":[13.50001,11.5,15.00001,13.5],"texture":"#2"},"south":{"uv":[13.50001,13,15.00001,13.5],"texture":"#2"},"west":{"uv":[11.5,13,13.5,13.5],"texture":"#2"},"east":{"uv":[2.499998,13,4.499998,13.5],"texture":"#2"}}},{"from":[-2.5,2,10],"to":[-1,2.5,13],"faces":{"down":{"uv":[13.5,3,15,6],"texture":"#2"},"north":{"uv":[1,13.5,2.5,14],"texture":"#2"},"south":{"uv":[13.5,13.5,15,14],"texture":"#2"},"west":{"uv":[10,13.5,13,14],"texture":"#2"},"east":{"uv":[3,13.5,6,14],"texture":"#2"}}},{"from":[-2,4,13],"to":[-1.5,4.5,13.5],"faces":{"up":{"uv":[14,12.5,14.5,13],"texture":"#2"},"south":{"uv":[14,11.5,14.5,12],"texture":"#2"},"west":{"uv":[12.5,11.5,13,12],"texture":"#2"},"east":{"uv":[2.999997,11.5,3.499997,12],"texture":"#2"}}},{"from":[-2.5,-1,9],"to":[-1,0.5,10.5],"faces":{"north":{"uv":[13.5,5.5,15,7],"texture":"#0"},"south":{"uv":[13.5,5.5,15,7],"texture":"#0"},"west":{"uv":[13.5,5.5,15,7],"texture":"#0"},"east":{"uv":[13.5,5.5,15,7],"texture":"#0"}}},{"from":[-2,-1,8.5],"to":[-1.5,0.5,11],"faces":{"north":{"uv":[1.5,15.5,2,16],"texture":"#2"},"south":{"uv":[14,15.5,14.5,16],"texture":"#2"},"west":{"uv":[6.5,8,9,9.5],"texture":"#2"},"east":{"uv":[6.5,8,9,9.5],"texture":"#2"}}},{"from":[-2,0.5,8],"to":[-1.5,1,11.5],"faces":{"down":{"uv":[14,4.5,14.5,8],"texture":"#2"},"north":{"uv":[1.5,15,2,15.5],"texture":"#2"},"south":{"uv":[14,15,14.5,15.5],"texture":"#2"},"west":{"uv":[8,15,11.5,15.5],"texture":"#2"},"east":{"uv":[4.5,15,8,15.5],"texture":"#2"}}},{"from":[-2,1,7.5],"to":[-1.5,1.5,12],"faces":{"down":{"uv":[14,4,14.5,8.5],"texture":"#2"},"north":{"uv":[1.5,14.5,2,15],"texture":"#2"},"south":{"uv":[14,14.5,14.5,15],"texture":"#2"},"west":{"uv":[7.5,14.5,12,15],"texture":"#2"},"east":{"uv":[4,14.5,8.5,15],"texture":"#2"}}},{"from":[-2,1.5,6.5],"to":[-1.5,2,13],"faces":{"down":{"uv":[14,3,14.5,9.5],"texture":"#2"},"north":{"uv":[1.5,14,2,14.5],"texture":"#2"},"south":{"uv":[14,14,14.5,14.5],"texture":"#2"},"west":{"uv":[6.5,14,13,14.5],"texture":"#2"},"east":{"uv":[3,14,9.5,14.5],"texture":"#2"}}},{"from":[-2,2,6],"to":[-1.5,2.5,6.5],"faces":{"down":{"uv":[14,9.5,14.5,10],"texture":"#2"},"north":{"uv":[1.5,13.5,2,14],"texture":"#2"},"west":{"uv":[6,13.5,6.5,14],"texture":"#2"},"east":{"uv":[9.5,13.5,10,14],"texture":"#2"}}},{"from":[-2,2,13],"to":[-1.5,2.5,13.5],"faces":{"down":{"uv":[14,2.5,14.5,3],"texture":"#2"},"south":{"uv":[14,13.5,14.5,14],"texture":"#2"},"west":{"uv":[13,13.5,13.5,14],"texture":"#2"},"east":{"uv":[2.5,13.5,3,14],"texture":"#2"}}},{"from":[-2,2.5,14],"to":[-1.5,3.5,14.5],"faces":{"down":{"uv":[14.00001,1.999992,14.50001,2.499992],"texture":"#2"},"up":{"uv":[14.00001,13.50001,14.50001,14.00001],"texture":"#2"},"north":{"uv":[1.499994,12.5,1.999994,13.5],"texture":"#2"},"south":{"uv":[14.00001,12.5,14.50001,13.5],"texture":"#2"},"west":{"uv":[13.50001,12.5,14.00001,13.5],"texture":"#2"},"east":{"uv":[1.999992,12.5,2.499992,13.5],"texture":"#2"}}},{"from":[-2,6.5,12],"to":[-1.5,16,12.5],"faces":{"south":{"uv":[14,0,14.5,9.5],"texture":"#2"},"west":{"uv":[11.5,0,12,9.5],"texture":"#2"},"east":{"uv":[3.999999,0,4.499999,9.5],"texture":"#2"}}},{"from":[-2,3.5,12.5],"to":[-1.5,4,14],"faces":{"up":{"uv":[14,12,14.5,13.5],"texture":"#2"},"south":{"uv":[14,12,14.5,12.5],"texture":"#2"},"west":{"uv":[12,12,13.5,12.5],"texture":"#2"},"east":{"uv":[2.499999,12,3.999999,12.5],"texture":"#2"}}},{"from":[-2,24.5,10.5],"to":[-1.5,25,11],"faces":{"up":{"uv":[14,10,14.5,10.5],"texture":"#2"},"north":{"uv":[1.500002,0.5,2.000002,1],"texture":"#2"},"south":{"uv":[14,0.5,14.5,1],"texture":"#2"},"west":{"uv":[10,0.5,10.5,1],"texture":"#2"},"east":{"uv":[5.5,0.5,6,1],"texture":"#2"}}},{"from":[-2,4,12.5],"to":[-1.5,6.5,13],"faces":{"up":{"uv":[14,12,14.5,12.5],"texture":"#2"},"south":{"uv":[14,9.5,14.5,12],"texture":"#2"},"west":{"uv":[12,9.5,12.5,12],"texture":"#2"},"east":{"uv":[3.5,9.5,4,12],"texture":"#2"}}},{"from":[-2,16,12.5],"to":[-1.5,18.5,13],"faces":{"down":{"uv":[14,3.5,14.5,4],"texture":"#2"},"up":{"uv":[14,12,14.5,12.5],"texture":"#2"},"south":{"uv":[14,7,14.5,9.5],"texture":"#2"},"west":{"uv":[12,7,12.5,9.5],"texture":"#2"},"east":{"uv":[3.5,7,4,9.5],"texture":"#2"}}},{"from":[-2,18.5,12],"to":[-1.5,20.5,12.5],"faces":{"up":{"uv":[14,11.5,14.5,12],"texture":"#2"},"south":{"uv":[14,5,14.5,7],"texture":"#2"},"west":{"uv":[11.5,5,12,7],"texture":"#2"},"east":{"uv":[3.999999,5,4.499999,7],"texture":"#2"}}},{"from":[-2,20.5,11.5],"to":[-1.5,23,12],"faces":{"up":{"uv":[14,11,14.5,11.5],"texture":"#2"},"south":{"uv":[14,2.5,14.5,5],"texture":"#2"},"west":{"uv":[11,2.5,11.5,5],"texture":"#2"},"east":{"uv":[4.5,2.5,5,5],"texture":"#2"}}},{"from":[-2,23,11],"to":[-1.5,24.5,11.5],"faces":{"up":{"uv":[14,10.5,14.5,11],"texture":"#2"},"south":{"uv":[14,1,14.5,2.5],"texture":"#2"},"west":{"uv":[10.5,1,11,2.5],"texture":"#2"},"east":{"uv":[5,1,5.5,2.5],"texture":"#2"}}},{"from":[-2.5,23,8.5],"to":[-1,24.5,9],"faces":{"up":{"uv":[13.5,9,15,9.5],"texture":"#2"},"north":{"uv":[1,1,2.5,2.5],"texture":"#2"},"south":{"uv":[13.5,1,15,2.5],"texture":"#2"},"west":{"uv":[9,1,9.5,2.5],"texture":"#2"},"east":{"uv":[6.5,1,7,2.5],"texture":"#2"}}},{"from":[-2,24.5,8.5],"to":[-1.5,25,9],"faces":{"up":{"uv":[14,9,14.5,9.5],"texture":"#2"},"north":{"uv":[1.5,0.5,2,1],"texture":"#2"},"south":{"uv":[14,0.5,14.5,1],"texture":"#2"},"west":{"uv":[9,0.5,9.5,1],"texture":"#2"},"east":{"uv":[6.5,0.5,7,1],"texture":"#2"}}},{"from":[-2,23,8],"to":[-1.5,24.5,8.5],"faces":{"up":{"uv":[14,8.5,14.5,9],"texture":"#2"},"north":{"uv":[1.5,1,2,2.5],"texture":"#2"},"west":{"uv":[8.5,1,9,2.5],"texture":"#2"},"east":{"uv":[7,1,7.5,2.5],"texture":"#2"}}},{"from":[-2.5,20.5,8],"to":[-1,23,9],"faces":{"up":{"uv":[13.5,8.5,15,9.5],"texture":"#2"},"north":{"uv":[1,2.5,2.5,5],"texture":"#2"},"south":{"uv":[13.5,2.5,15,5],"texture":"#2"},"west":{"uv":[8.5,2.5,9.5,5],"texture":"#2"},"east":{"uv":[6.5,2.5,7.5,5],"texture":"#2"}}},{"from":[-2.5,18.5,7.5],"to":[-1,20.5,9],"faces":{"up":{"uv":[13.5,8,15,9.5],"texture":"#2"},"north":{"uv":[1,5,2.5,7],"texture":"#2"},"south":{"uv":[13.5,5,15,7],"texture":"#2"},"west":{"uv":[8,5,9.5,7],"texture":"#2"},"east":{"uv":[6.5,5,8,7],"texture":"#2"}}},{"from":[-2,18.5,7],"to":[-1.5,20.5,7.5],"faces":{"up":{"uv":[14,7.5,14.5,8],"texture":"#2"},"north":{"uv":[1.5,5,2,7],"texture":"#2"},"west":{"uv":[7.5,5,8,7],"texture":"#2"},"east":{"uv":[8,5,8.5,7],"texture":"#2"}}},{"from":[-2,20.5,7.5],"to":[-1.5,23,8],"faces":{"up":{"uv":[14,8,14.5,8.5],"texture":"#2"},"north":{"uv":[1.5,2.5,2,5],"texture":"#2"},"west":{"uv":[8,2.5,8.5,5],"texture":"#2"},"east":{"uv":[7.5,2.5,8,5],"texture":"#2"}}},{"from":[-2.5,16,7],"to":[-1,18.5,9],"faces":{"down":{"uv":[13.5,6.5,15,8.5],"texture":"#2"},"up":{"uv":[13.5,7.5,15,9.5],"texture":"#2"},"north":{"uv":[1,7,2.5,9.5],"texture":"#2"},"south":{"uv":[13.5,7,15,9.5],"texture":"#2"},"west":{"uv":[7.5,7,9.5,9.5],"texture":"#2"},"east":{"uv":[6.5,7,8.5,9.5],"texture":"#2"}}},{"from":[-2,16,6.5],"to":[-1.5,18.5,7],"faces":{"down":{"uv":[14,8.5,14.5,9],"texture":"#2"},"up":{"uv":[14,7,14.5,7.5],"texture":"#2"},"north":{"uv":[1.5,7,2,9.5],"texture":"#2"},"west":{"uv":[7,7,7.5,9.5],"texture":"#2"},"east":{"uv":[8.5,7,9,9.5],"texture":"#2"}}},{"from":[-2.5,6.5,7.5],"to":[-1,16,9],"faces":{"north":{"uv":[1,0,2.5,9.5],"texture":"#2"},"south":{"uv":[13.5,0,15,9.5],"texture":"#2"},"west":{"uv":[8,0,9.5,9.5],"texture":"#2"},"east":{"uv":[6.5,0,8,9.5],"texture":"#2"}}},{"from":[-2,4,6],"to":[-1.5,4.5,6.5],"faces":{"up":{"uv":[14,6.5,14.5,7],"texture":"#2"},"north":{"uv":[1.5,11.5,2,12],"texture":"#2"},"west":{"uv":[6.5,11.5,7,12],"texture":"#2"},"east":{"uv":[9,11.5,9.5,12],"texture":"#2"}}},{"from":[-2,6.5,7],"to":[-1.5,16,7.5],"faces":{"north":{"uv":[1.5,0,2,9.5],"texture":"#2"},"west":{"uv":[7.5,0,8,9.5],"texture":"#2"},"east":{"uv":[8,0,8.5,9.5],"texture":"#2"}}},{"from":[-2,4,6.5],"to":[-1.5,6.5,7],"faces":{"up":{"uv":[14,7,14.5,7.5],"texture":"#2"},"north":{"uv":[1.5,9.5,2,12],"texture":"#2"},"west":{"uv":[7,9.5,7.5,12],"texture":"#2"},"east":{"uv":[8.5,9.5,9,12],"texture":"#2"}}},{"from":[-2.5,3,7],"to":[-1,3.5,7.5],"faces":{"west":{"uv":[7.5,12.5,8,13],"texture":"#2"},"east":{"uv":[8,12.5,8.5,13],"texture":"#2"}}},{"from":[-2.5,3.5,6],"to":[-1,4,6.5],"faces":{"up":{"uv":[13.5,6.5,15,7],"texture":"#2"},"north":{"uv":[1,12,2.5,12.5],"texture":"#2"},"south":{"uv":[13.5,12,15,12.5],"texture":"#2"},"west":{"uv":[6.5,12,7,12.5],"texture":"#2"},"east":{"uv":[9,12,9.5,12.5],"texture":"#2"}}},{"from":[-2.5,3.5,7],"to":[-1,6.5,7.5],"faces":{"up":{"uv":[13.5,7.5,15,8],"texture":"#2"},"north":{"uv":[1,9.5,2.5,12.5],"texture":"#2"},"west":{"uv":[7.5,9.5,8,12.5],"texture":"#2"},"east":{"uv":[8,9.5,8.5,12.5],"texture":"#2"}}},{"from":[-2.5,3,5.5],"to":[-1,3.5,7],"faces":{"up":{"uv":[13.5,6,15,7.5],"texture":"#2"},"north":{"uv":[1,12.5,2.5,13],"texture":"#2"},"west":{"uv":[6,12.5,7.5,13],"texture":"#2"},"east":{"uv":[8.5,12.5,10,13],"texture":"#2"}}},{"from":[-2,3.5,5.5],"to":[-1.5,4,7],"faces":{"up":{"uv":[14,6,14.5,7.5],"texture":"#2"},"north":{"uv":[1.5,12,2,12.5],"texture":"#2"},"west":{"uv":[6,12,7.5,12.5],"texture":"#2"},"east":{"uv":[8.5,12,10,12.5],"texture":"#2"}}},{"from":[-2.5,2.5,7.5],"to":[-1,6.5,9],"faces":{"north":{"uv":[1,9.5,2.5,13.5],"texture":"#2"},"south":{"uv":[13.5,9.5,15,13.5],"texture":"#2"},"west":{"uv":[8,9.5,9.5,13.5],"texture":"#2"},"east":{"uv":[6.5,9.5,8,13.5],"texture":"#2"}}},{"from":[-2.5,2.5,5.5],"to":[-1,3,7.5],"faces":{"down":{"uv":[13.5,8,15,10],"texture":"#2"},"up":{"uv":[13.5,6,15,8],"texture":"#2"},"north":{"uv":[1,13,2.5,13.5],"texture":"#2"},"west":{"uv":[6,13,8,13.5],"texture":"#2"},"east":{"uv":[8,13,10,13.5],"texture":"#2"}}},{"from":[-2,2.5,5],"to":[-1.5,3.5,5.5],"faces":{"down":{"uv":[14,10,14.5,10.5],"texture":"#2"},"up":{"uv":[14,5.5,14.5,6],"texture":"#2"},"north":{"uv":[1.5,12.5,2,13.5],"texture":"#2"},"south":{"uv":[14,12.5,14.5,13.5],"texture":"#2"},"west":{"uv":[5.5,12.5,6,13.5],"texture":"#2"},"east":{"uv":[10,12.5,10.5,13.5],"texture":"#2"}}},{"from":[-2.5,0.5,10],"to":[-1,1,11],"faces":{"down":{"uv":[13.5,5,15,6],"texture":"#2"},"south":{"uv":[13.5,15,15,15.5],"texture":"#2"},"west":{"uv":[10,15,11,15.5],"texture":"#2"},"east":{"uv":[5,15,6,15.5],"texture":"#2"}}},{"from":[-2.5,2,6.5],"to":[-1,2.5,9.5],"faces":{"down":{"uv":[13.5,6.5,15,9.5],"texture":"#2"},"north":{"uv":[1,13.5,2.5,14],"texture":"#2"},"south":{"uv":[13.5,13.5,15,14],"texture":"#2"},"west":{"uv":[6.5,13.5,9.5,14],"texture":"#2"},"east":{"uv":[6.5,13.5,9.5,14],"texture":"#2"}}},{"from":[-2.5,1.5,7.5],"to":[-1,2,12],"faces":{"down":{"uv":[13.5,4,15,8.5],"texture":"#2"},"north":{"uv":[1,14,2.5,14.5],"texture":"#2"},"south":{"uv":[13.5,14,15,14.5],"texture":"#2"},"west":{"uv":[7.5,14,12,14.5],"texture":"#2"},"east":{"uv":[4,14,8.5,14.5],"texture":"#2"}}},{"from":[-2.5,1,8],"to":[-1,1.5,11.5],"faces":{"down":{"uv":[13.5,4.5,15,8],"texture":"#2"},"north":{"uv":[1,14.5,2.5,15],"texture":"#2"},"south":{"uv":[13.5,14.5,15,15],"texture":"#2"},"west":{"uv":[8,14.5,11.5,15],"texture":"#2"},"east":{"uv":[4.5,14.5,8,15],"texture":"#2"}}},{"from":[-2.5,-8,9.5],"to":[-1,-6,10],"faces":{"north":{"uv":[1,6,2.5,8],"texture":"#1"},"south":{"uv":[13.5,6,15,8],"texture":"#1"},"west":{"uv":[9.5,6,10,8],"texture":"#1"},"east":{"uv":[6,6,6.5,8],"texture":"#1"}}},{"from":[-2,-8,9],"to":[-1.5,-6,10.5],"faces":{"north":{"uv":[1.5,6,2,8],"texture":"#1"},"south":{"uv":[14,6,14.5,8],"texture":"#1"},"west":{"uv":[9,6,10.5,8],"texture":"#1"},"east":{"uv":[5.5,6,7,8],"texture":"#1"}}},{"from":[-3,-9,9],"to":[-0.5,-8,10.5],"faces":{"down":{"uv":[13,5.5,15.5,7],"texture":"#1"},"up":{"uv":[13,9,15.5,10.5],"texture":"#1"},"north":{"uv":[0.5,8,3,9],"texture":"#1"},"south":{"uv":[13,8,15.5,9],"texture":"#1"},"west":{"uv":[9,8,10.5,9],"texture":"#1"},"east":{"uv":[5.5,8,7,9],"texture":"#1"}}},{"from":[-2.5,-9,8.5],"to":[-1,-8,11],"faces":{"down":{"uv":[13.5,5,15,7.5],"texture":"#1"},"up":{"uv":[13.5,8.5,15,11],"texture":"#1"},"north":{"uv":[1,8,2.5,9],"texture":"#1"},"south":{"uv":[13.5,8,15,9],"texture":"#1"},"west":{"uv":[8.5,8,11,9],"texture":"#1"},"east":{"uv":[5,8,7.5,9],"texture":"#1"}}},{"from":[-2.5,-10.5,8.5],"to":[-1,-9.5,11],"faces":{"down":{"uv":[13.5,5,15,7.5],"texture":"#1"},"up":{"uv":[13.5,8.5,15,11],"texture":"#1"},"north":{"uv":[1,9.5,2.5,10.5],"texture":"#1"},"south":{"uv":[13.5,9.5,15,10.5],"texture":"#1"},"west":{"uv":[8.5,9.5,11,10.5],"texture":"#1"},"east":{"uv":[5,9.5,7.5,10.5],"texture":"#1"}}},{"from":[-3,-10.5,9],"to":[-0.5,-9.5,10.5],"faces":{"down":{"uv":[13,5.5,15.5,7],"texture":"#1"},"up":{"uv":[13,9,15.5,10.5],"texture":"#1"},"north":{"uv":[0.5,9.5,3,10.5],"texture":"#1"},"south":{"uv":[13,9.5,15.5,10.5],"texture":"#1"},"west":{"uv":[9,9.5,10.5,10.5],"texture":"#1"},"east":{"uv":[5.5,9.5,7,10.5],"texture":"#1"}}},{"from":[-2.5,0.5,8.5],"to":[-1,1,9.5],"faces":{"down":{"uv":[13.5,6.5,15,7.5],"texture":"#2"},"north":{"uv":[1,15,2.5,15.5],"texture":"#2"},"west":{"uv":[8.5,15,9.5,15.5],"texture":"#2"},"east":{"uv":[6.5,15,7.5,15.5],"texture":"#2"}}},{"from":[-2.5,0.5,9.5],"to":[-1,1,10],"faces":{"west":{"uv":[9.5,15,10,15.5],"texture":"#0"},"east":{"uv":[6,15,6.5,15.5],"texture":"#0"}}},{"from":[-2,2,5],"to":[-1.999,25,14.5],"faces":{"west":{"uv":[5,0,11,9.75],"texture":"#3"},"east":{"uv":[5,0,11,9.75],"texture":"#3"}}},{"from":[-1.5,2,5],"to":[-1.499,25,14.5],"faces":{"west":{"uv":[5,0,11,9.75],"texture":"#4"},"east":{"uv":[5,0,11,9.75],"texture":"#4"}}}],"display":{"thirdperson_righthand":{"translation":[7.25,11,-0.5],"scale":[0.75,0.75,0.75]},"thirdperson_lefthand":{"translation":[-7.25,11,-0.5],"scale":[0.75,0.75,0.75]},"firstperson_righthand":{"rotation":[0,18,0],"translation":[23,4,-17],"scale":[0.8,0.8,0.8]},"firstperson_lefthand":{"rotation":[0,18,0],"translation":[14.75,4,-17],"scale":[0.8,0.8,0.8]},"gui":{"rotation":[-90,135,82],"translation":[0,1.25,0],"scale":[0.52,0.52,0.52]},"head":{"rotation":[-55,0,0],"translation":[8,12.75,-18.5],"scale":[0.8,0.8,0.8]},"ground":{"translation":[4,8,0],"scale":[0.5,0.5,0.5]},"fixed":{"rotation":[-90,45,90],"translation":[-2,0,-8],"scale":[0.75,0.75,0.75]}}}