{
	"credit": "Made with Blockbench",
	"texture_size": [64, 64],
	"textures": {
		"1": "politmine/item/weapons/textures/lebel_1886",
		"particle": "politmine/item/weapons/textures/lebel_1886"
	},
	"elements": [
		{
			"name": "main",
			"from": [7.4968, 7.5928, 23.3816],
			"to": [8.5032, 8.8992, 25.6],
			"rotation": {"angle": 0, "axis": "y", "origin": [0, 0.3, 3]},
			"faces": {
				"north": {"uv": [1, 5, 1.375, 5.375], "texture": "#1"},
				"east": {"uv": [3.5, 1.5, 4.75, 1.875], "texture": "#1"},
				"south": {"uv": [1.5, 5, 1.875, 5.375], "texture": "#1"},
				"west": {"uv": [3.5, 2, 4.75, 2.375], "texture": "#1"},
				"up": {"uv": [3.875, 4.75, 3.5, 3.5], "texture": "#1"},
				"down": {"uv": [4.375, 3.5, 4, 4.75], "texture": "#1"}
			}
		},
		{
			"name": "main",
			"from": [7.49751, 8.9015, 20.37101],
			"to": [8.5025, 10.51049, 25.6],
			"rotation": {"angle": 0, "axis": "y", "origin": [0, 0.3, 3]},
			"faces": {
				"north": {"uv": [4.75, 2, 5.125, 2.5], "texture": "#1"},
				"east": {"uv": [1, 1, 2.8125, 1.5], "texture": "#1"},
				"south": {"uv": [4.75, 3, 5.125, 3.5], "texture": "#1"},
				"west": {"uv": [1, 1.5, 2.8125, 2], "texture": "#1"},
				"up": {"uv": [1.875, 4.8125, 1.5, 3], "texture": "#1"},
				"down": {"uv": [2.375, 3, 2, 4.8125], "texture": "#1"}
			}
		},
		{
			"name": "main",
			"from": [7.496, 7.65835, 18.2171],
			"to": [8.504, 8.96635, 23.9571],
			"rotation": {"angle": 22.5, "axis": "x", "origin": [8, 8.86635, 23.4971]},
			"faces": {
				"north": {"uv": [4.75, 5, 5.125, 5.375], "texture": "#1"},
				"east": {"uv": [2.5, 3, 4.25, 3.375], "texture": "#1"},
				"south": {"uv": [5.25, 0.5, 5.625, 0.875], "texture": "#1"},
				"west": {"uv": [3.5, 1, 5.25, 1.375], "texture": "#1"},
				"up": {"uv": [2.875, 5.25, 2.5, 3.5], "texture": "#1"},
				"down": {"uv": [3.375, 3.5, 3, 5.25], "texture": "#1"}
			}
		},
		{
			"name": "main",
			"from": [7.2952, 9.65311, 8.77421],
			"to": [8.7048, 10.76271, 13.71981],
			"rotation": {"angle": 0, "axis": "y", "origin": [0, 0, 3]},
			"faces": {
				"north": {"uv": [5.25, 1, 5.625, 1.375], "texture": "#1"},
				"east": {"uv": [1, 2, 2.9375, 2.375], "texture": "#1"},
				"south": {"uv": [5.25, 2, 5.625, 2.375], "texture": "#1"},
				"west": {"uv": [1, 2.5, 2.9375, 2.875], "texture": "#1"},
				"up": {"uv": [1.375, 4.9375, 1, 3], "texture": "#1"},
				"down": {"uv": [3.375, 1, 3, 2.9375], "texture": "#1"}
			}
		},
		{
			"name": "main",
			"from": [7.473, 10.58791, 10.87601],
			"to": [8.527, 10.93791, 17.23601],
			"rotation": {"angle": 0, "axis": "y", "origin": [0, 0, 3]},
			"faces": {
				"north": {"uv": [0, 6.5, 0.25, 6.5625], "texture": "#1"},
				"east": {"uv": [6.25, 1.25, 6.8125, 1.3125], "texture": "#1"},
				"south": {"uv": [6.5, 0, 6.75, 0.0625], "texture": "#1"},
				"west": {"uv": [1.5, 6.25, 2.0625, 6.3125], "texture": "#1"},
				"up": {"uv": [2.75, 5.8125, 2.5, 5.25], "texture": "#1"},
				"down": {"uv": [3, 5.25, 2.75, 5.8125], "texture": "#1"}
			}
		},
		{
			"name": "main",
			"from": [7.472, 10.53891, 10.87501],
			"to": [8.528, 11.06691, 12.98401],
			"rotation": {"angle": 0, "axis": "y", "origin": [0, 0, 3]},
			"faces": {
				"north": {"uv": [6.25, 2, 6.5, 2.125], "texture": "#1"},
				"east": {"uv": [6, 4.75, 6.375, 4.875], "texture": "#1"},
				"south": {"uv": [2.25, 6.25, 2.5, 6.375], "texture": "#1"},
				"west": {"uv": [6, 5, 6.375, 5.125], "texture": "#1"},
				"up": {"uv": [5, 5.875, 4.75, 5.5], "texture": "#1"},
				"down": {"uv": [5.25, 5.5, 5, 5.875], "texture": "#1"}
			}
		},
		{
			"name": "main",
			"from": [7.648, 10.96691, 11.17501],
			"to": [8.352, 11.14291, 12.93501],
			"rotation": {"angle": 0, "axis": "y", "origin": [0, -0.5, 3.3]},
			"faces": {
				"north": {"uv": [2, 6.5, 2.1875, 6.5625], "texture": "#1"},
				"east": {"uv": [6.25, 2.25, 6.6875, 2.3125], "texture": "#1"},
				"south": {"uv": [6.5, 2, 6.6875, 2.0625], "texture": "#1"},
				"west": {"uv": [6.25, 2.5, 6.6875, 2.5625], "texture": "#1"},
				"up": {"uv": [2.1875, 6.1875, 2, 5.75], "texture": "#1"},
				"down": {"uv": [5.9375, 2, 5.75, 2.4375], "texture": "#1"}
			}
		},
		{
			"name": "main",
			"from": [7.648, 11.25227, 12.74392],
			"to": [8.352, 11.42827, 13.09592],
			"rotation": {"angle": -45, "axis": "x", "origin": [8, 11.34027, 13.18392]},
			"faces": {
				"north": {"uv": [2.25, 6.5, 2.4375, 6.5625], "texture": "#1"},
				"east": {"uv": [6.5, 5.75, 6.5625, 5.8125], "texture": "#1"},
				"south": {"uv": [2.5, 6.5, 2.6875, 6.5625], "texture": "#1"},
				"west": {"uv": [6, 6.5, 6.0625, 6.5625], "texture": "#1"},
				"up": {"uv": [2.9375, 6.5625, 2.75, 6.5], "texture": "#1"},
				"down": {"uv": [3.1875, 6.5, 3, 6.5625], "texture": "#1"}
			}
		},
		{
			"name": "main",
			"from": [7.348, 9.67491, 15.90301],
			"to": [8.652, 10.57891, 16.71101],
			"rotation": {"angle": 0, "axis": "y", "origin": [0, 0.5, 3]},
			"faces": {
				"north": {"uv": [6, 5.5, 6.1875, 5.75], "texture": "#1"},
				"east": {"uv": [6, 2.5, 6.25, 2.75], "texture": "#1"},
				"south": {"uv": [5.75, 6, 5.9375, 6.25], "texture": "#1"},
				"west": {"uv": [2.75, 6, 3, 6.25], "texture": "#1"},
				"up": {"uv": [6.1875, 6, 6, 5.75], "texture": "#1"},
				"down": {"uv": [6.1875, 6, 6, 6.25], "texture": "#1"}
			}
		},
		{
			"name": "main",
			"from": [7.348, 9.67491, 13.68899],
			"to": [8.652, 10.57891, 15.89699],
			"rotation": {"angle": 0, "axis": "y", "origin": [0, 0.5, 3]},
			"faces": {
				"north": {"uv": [5.75, 6, 5.9375, 6.25], "texture": "#1"},
				"east": {"uv": [2.75, 6, 3, 6.25], "texture": "#1"},
				"south": {"uv": [6, 5.5, 6.1875, 5.75], "texture": "#1"},
				"west": {"uv": [6, 2.5, 6.25, 2.75], "texture": "#1"},
				"up": {"uv": [6.1875, 6, 6, 5.75], "rotation": 180, "texture": "#1"},
				"down": {"uv": [6.1875, 6, 6, 6.25], "rotation": 180, "texture": "#1"}
			}
		},
		{
			"name": "main",
			"from": [7.323, 9.62491, 8.18899],
			"to": [8.677, 10.77891, 8.79699],
			"rotation": {"angle": 0, "axis": "y", "origin": [0, 0.5, 3]},
			"faces": {
				"north": {"uv": [5.75, 6, 5.9375, 6.25], "texture": "#1"},
				"east": {"uv": [2.75, 6, 3, 6.25], "texture": "#1"},
				"south": {"uv": [6, 5.5, 6.1875, 5.75], "texture": "#1"},
				"west": {"uv": [6, 2.5, 6.25, 2.75], "texture": "#1"},
				"up": {"uv": [6.1875, 6, 6, 5.75], "rotation": 180, "texture": "#1"},
				"down": {"uv": [6.1875, 6, 6, 6.25], "rotation": 180, "texture": "#1"}
			}
		},
		{
			"name": "main",
			"from": [7.348, 9.67491, 16.68899],
			"to": [8.652, 10.57891, 18.49699],
			"rotation": {"angle": 0, "axis": "y", "origin": [0, 0.5, 3]},
			"faces": {
				"north": {"uv": [5.75, 6, 5.9375, 6.25], "texture": "#1"},
				"east": {"uv": [2.75, 6, 3, 6.25], "texture": "#1"},
				"south": {"uv": [6, 5.5, 6.1875, 5.75], "texture": "#1"},
				"west": {"uv": [6, 2.5, 6.25, 2.75], "texture": "#1"},
				"up": {"uv": [6.1875, 6, 6, 5.75], "rotation": 180, "texture": "#1"},
				"down": {"uv": [6.1875, 6, 6, 6.25], "rotation": 180, "texture": "#1"}
			}
		},
		{
			"name": "main",
			"from": [7.398, 9.57491, -2.59699],
			"to": [8.602, 11.07891, -1.98899],
			"rotation": {"angle": 0, "axis": "y", "origin": [0, 0, 4]},
			"faces": {
				"north": {"uv": [6, 5.5, 6.1875, 5.75], "texture": "#1"},
				"east": {"uv": [6, 2.5, 6.25, 2.75], "texture": "#1"},
				"south": {"uv": [5.75, 6, 5.9375, 6.25], "texture": "#1"},
				"west": {"uv": [2.75, 6, 3, 6.25], "texture": "#1"},
				"up": {"uv": [6.1875, 6, 6, 5.75], "texture": "#1"},
				"down": {"uv": [6.1875, 6, 6, 6.25], "texture": "#1"}
			}
		},
		{
			"name": "main",
			"from": [7.648, 8.87491, 18.46101],
			"to": [8.352, 9.67891, 18.61901],
			"rotation": {"angle": 0, "axis": "y", "origin": [0, 0.5, 3]},
			"faces": {
				"north": {"uv": [0, 6.25, 0.1875, 6.5], "texture": "#1"},
				"east": {"uv": [6.5, 1, 6.5625, 1.25], "texture": "#1"},
				"south": {"uv": [6.25, 0, 6.4375, 0.25], "texture": "#1"},
				"west": {"uv": [1.25, 6.5, 1.3125, 6.75], "texture": "#1"},
				"up": {"uv": [6.6875, 3.5625, 6.5, 3.5], "texture": "#1"},
				"down": {"uv": [3.9375, 6.5, 3.75, 6.5625], "texture": "#1"}
			}
		},
		{
			"name": "main",
			"from": [7.648, 8.87491, 16.56101],
			"to": [8.352, 9.67891, 16.71901],
			"rotation": {"angle": 0, "axis": "y", "origin": [0, 0.5, 3]},
			"faces": {
				"north": {"uv": [0, 6.25, 0.1875, 6.5], "texture": "#1"},
				"east": {"uv": [6.5, 1, 6.5625, 1.25], "texture": "#1"},
				"south": {"uv": [6.25, 0, 6.4375, 0.25], "texture": "#1"},
				"west": {"uv": [1.25, 6.5, 1.3125, 6.75], "texture": "#1"},
				"up": {"uv": [6.6875, 3.5625, 6.5, 3.5], "texture": "#1"},
				"down": {"uv": [3.9375, 6.5, 3.75, 6.5625], "texture": "#1"}
			}
		},
		{
			"name": "main",
			"from": [7.848, 9.37491, 17.66101],
			"to": [8.152, 9.97891, 17.81901],
			"rotation": {"angle": -22.5, "axis": "x", "origin": [8, 9.12691, 18.04001]},
			"faces": {
				"north": {"uv": [6.5, 4.75, 6.5625, 4.875], "texture": "#1"},
				"east": {"uv": [6.5, 5, 6.5625, 5.125], "texture": "#1"},
				"south": {"uv": [6.5, 5.25, 6.5625, 5.375], "texture": "#1"},
				"west": {"uv": [6.5, 5.5, 6.5625, 5.625], "texture": "#1"},
				"up": {"uv": [1.0625, 6.8125, 1, 6.75], "texture": "#1"},
				"down": {"uv": [6.8125, 1, 6.75, 1.0625], "texture": "#1"}
			}
		},
		{
			"name": "main",
			"from": [7.648, 8.87491, 16.71101],
			"to": [8.352, 9.07891, 18.46901],
			"rotation": {"angle": 0, "axis": "y", "origin": [0, 0.5, 3]},
			"faces": {
				"north": {"uv": [6.5, 3.75, 6.6875, 3.8125], "texture": "#1"},
				"east": {"uv": [2.75, 6.25, 3.1875, 6.3125], "texture": "#1"},
				"south": {"uv": [4, 6.5, 4.1875, 6.5625], "texture": "#1"},
				"west": {"uv": [6.25, 2.75, 6.6875, 2.8125], "texture": "#1"},
				"up": {"uv": [2.4375, 6.1875, 2.25, 5.75], "texture": "#1"},
				"down": {"uv": [5.9375, 2.5, 5.75, 2.9375], "texture": "#1"}
			}
		},
		{
			"name": "main",
			"from": [7.396, 9.65691, -1.99299],
			"to": [8.604, 10.76491, 8.17501],
			"rotation": {"angle": 0, "axis": "y", "origin": [0, 0, 4]},
			"faces": {
				"north": {"uv": [3.25, 5.25, 3.625, 5.625], "texture": "#1"},
				"east": {"uv": [0, 0, 3.5625, 0.375], "texture": "#1"},
				"south": {"uv": [3.75, 5.25, 4.125, 5.625], "texture": "#1"},
				"west": {"uv": [0, 0.5, 3.5625, 0.875], "texture": "#1"},
				"up": {"uv": [0.375, 4.5625, 0, 1], "texture": "#1"},
				"down": {"uv": [0.875, 1, 0.5, 4.5625], "texture": "#1"}
			}
		},
		{
			"name": "main",
			"from": [7.912, 9.78091, -3.30899],
			"to": [8.088, 9.95691, 12.07501],
			"rotation": {"angle": 0, "axis": "y", "origin": [0, 0, 4]},
			"faces": {
				"north": {"uv": [6.75, 2.25, 6.8125, 2.3125], "texture": "#1"},
				"east": {"uv": [4.75, 1.5, 9.125, 1.5625], "texture": "#1"},
				"south": {"uv": [2.5, 6.75, 2.5625, 6.8125], "texture": "#1"},
				"west": {"uv": [4.75, 1.75, 9.125, 1.8125], "texture": "#1"},
				"up": {"uv": [0.5625, 9.125, 0.5, 4.75], "texture": "#1"},
				"down": {"uv": [0.8125, 4.75, 0.75, 9.125], "texture": "#1"}
			}
		},
		{
			"name": "main",
			"from": [7.8416, 9.71051, -3.51299],
			"to": [8.1584, 10.02731, -3.30899],
			"rotation": {"angle": 0, "axis": "y", "origin": [0, 0, 4]},
			"faces": {
				"north": {"uv": [6.75, 2.5, 6.8125, 2.5625], "texture": "#1"},
				"east": {"uv": [6.5, 4, 6.6875, 4.0625], "texture": "#1"},
				"south": {"uv": [2.75, 6.75, 2.8125, 6.8125], "texture": "#1"},
				"west": {"uv": [4.25, 6.5, 4.4375, 6.5625], "texture": "#1"},
				"up": {"uv": [6.5625, 4.4375, 6.5, 4.25], "texture": "#1"},
				"down": {"uv": [6.5625, 4.5, 6.5, 4.6875], "texture": "#1"}
			}
		},
		{
			"name": "main",
			"from": [7.76, 10.48491, -5.71699],
			"to": [8.24, 10.96491, -2.49299],
			"rotation": {"angle": 0, "axis": "y", "origin": [0, 0, 4]},
			"faces": {
				"north": {"uv": [6, 2.75, 6.25, 3], "texture": "#1"},
				"east": {"uv": [3.5, 2.5, 4.8125, 2.75], "texture": "#1"},
				"south": {"uv": [3, 6, 3.25, 6.25], "texture": "#1"},
				"west": {"uv": [3.5, 2.75, 4.8125, 3], "texture": "#1"},
				"up": {"uv": [4.75, 4.3125, 4.5, 3], "texture": "#1"},
				"down": {"uv": [4.75, 4.5, 4.5, 5.8125], "texture": "#1"}
			}
		},
		{
			"name": "main",
			"from": [7.56, 10.58491, -2.01699],
			"to": [8.44, 10.96491, 11.00701],
			"rotation": {"angle": 0, "axis": "y", "origin": [0, 0, 4]},
			"faces": {
				"north": {"uv": [6, 2.75, 6.25, 3], "texture": "#1"},
				"east": {"uv": [3.5, 2.5, 4.8125, 2.75], "texture": "#1"},
				"south": {"uv": [3, 6, 3.25, 6.25], "texture": "#1"},
				"west": {"uv": [3.5, 2.75, 4.8125, 3], "texture": "#1"},
				"up": {"uv": [4.75, 4.3125, 4.5, 3], "texture": "#1"},
				"down": {"uv": [4.75, 4.5, 4.5, 5.8125], "texture": "#1"}
			}
		},
		{
			"name": "main",
			"from": [7.75, 13.36491, -0.01699],
			"to": [8.25, 13.56991, 0.40701],
			"rotation": {"angle": -22.5, "axis": "x", "origin": [0, 0, 4]},
			"faces": {
				"north": {"uv": [1.5, 6.5, 1.625, 6.625], "texture": "#1"},
				"east": {"uv": [6.25, 0.25, 6.5625, 0.375], "texture": "#1"},
				"south": {"uv": [1.75, 6.5, 1.875, 6.625], "texture": "#1"},
				"west": {"uv": [6.25, 0.5, 6.5625, 0.625], "texture": "#1"},
				"up": {"uv": [0.375, 6.5625, 0.25, 6.25], "texture": "#1"},
				"down": {"uv": [6.375, 0.75, 6.25, 1.0625], "texture": "#1"}
			}
		},
		{
			"name": "main",
			"from": [7.584, 10.13291, -3.10099],
			"to": [8.416, 10.91291, -2.49299],
			"rotation": {"angle": 0, "axis": "y", "origin": [0, 0, 4]},
			"faces": {
				"north": {"uv": [5.75, 3.75, 6.0625, 4], "texture": "#1"},
				"east": {"uv": [1, 5.75, 1.375, 6], "texture": "#1"},
				"south": {"uv": [5.75, 4, 6.0625, 4.25], "texture": "#1"},
				"west": {"uv": [5.75, 1, 6.125, 1.25], "texture": "#1"},
				"up": {"uv": [5.5625, 5.625, 5.25, 5.25], "texture": "#1"},
				"down": {"uv": [5.8125, 0, 5.5, 0.375], "texture": "#1"}
			}
		},
		{
			"name": "bolt",
			"from": [7.472, 10.58691, 17.21101],
			"to": [8.528, 11.29091, 18.61901],
			"rotation": {"angle": 0, "axis": "y", "origin": [0, 0, 3]},
			"faces": {
				"north": {"uv": [3.5, 6, 3.75, 6.1875], "texture": "#1"},
				"east": {"uv": [5.75, 4.25, 6.125, 4.4375], "texture": "#1"},
				"south": {"uv": [6, 3.5, 6.25, 3.6875], "texture": "#1"},
				"west": {"uv": [5.75, 4.5, 6.125, 4.6875], "texture": "#1"},
				"up": {"uv": [5.75, 3.625, 5.5, 3.25], "texture": "#1"},
				"down": {"uv": [5.75, 3.75, 5.5, 4.125], "texture": "#1"}
			}
		},
		{
			"name": "bolt",
			"from": [7.472, 10.58691, 12.98701],
			"to": [8.528, 11.29091, 15.09901],
			"rotation": {"angle": 0, "axis": "y", "origin": [0, 0, 3]},
			"faces": {
				"north": {"uv": [6, 5.25, 6.25, 5.4375], "texture": "#1"},
				"east": {"uv": [5.75, 0.5, 6.25, 0.6875], "texture": "#1"},
				"south": {"uv": [5.5, 6, 5.75, 6.1875], "texture": "#1"},
				"west": {"uv": [5.75, 0.75, 6.25, 0.9375], "texture": "#1"},
				"up": {"uv": [4.5, 3.5, 4.25, 3], "texture": "#1"},
				"down": {"uv": [5.5, 3.75, 5.25, 4.25], "texture": "#1"}
			}
		},
		{
			"name": "handle",
			"from": [7.736, 10.58691, 15.09901],
			"to": [8.264, 11.11491, 17.21101],
			"rotation": {"angle": 0, "axis": "y", "origin": [0, 0, 3]},
			"faces": {
				"north": {"uv": [6.5, 0.75, 6.625, 0.875], "texture": "#1"},
				"east": {"uv": [1, 6, 1.5, 6.125], "texture": "#1"},
				"south": {"uv": [1, 6.5, 1.125, 6.625], "texture": "#1"},
				"west": {"uv": [1.5, 6, 2, 6.125], "texture": "#1"},
				"up": {"uv": [6.125, 2.5, 6, 2], "texture": "#1"},
				"down": {"uv": [2.625, 6, 2.5, 6.5], "texture": "#1"}
			}
		},
		{
			"name": "handle",
			"from": [8.264, 10.73691, 16.64901],
			"to": [9.042, 11.01491, 16.92701],
			"rotation": {"angle": 0, "axis": "y", "origin": [0, 0, 3]},
			"faces": {
				"north": {"uv": [6.5, 3, 6.6875, 3.0625], "texture": "#1"},
				"east": {"uv": [6.5, 6, 6.5625, 6.0625], "texture": "#1"},
				"south": {"uv": [3.25, 6.5, 3.4375, 6.5625], "texture": "#1"},
				"west": {"uv": [6.25, 6.5, 6.3125, 6.5625], "texture": "#1"},
				"up": {"uv": [6.6875, 3.3125, 6.5, 3.25], "texture": "#1"},
				"down": {"uv": [3.6875, 6.5, 3.5, 6.5625], "texture": "#1"}
			}
		},
		{
			"name": "muzzleflash",
			"from": [7.99, 10.6, -8.9],
			"to": [7.99, 10.6, -8.9],
			"rotation": {"angle": 0, "axis": "y", "origin": [0, 0, 3]},
			"faces": {
				"north": {"uv": [7.25, 5, 7.5625, 5.3125], "texture": "#1"},
				"east": {"uv": [6.75, 7, 7.125, 7.3125], "texture": "#1"},
				"south": {"uv": [7.25, 5.5, 7.5625, 5.8125], "texture": "#1"},
				"west": {"uv": [7.25, 0, 7.625, 0.3125], "texture": "#1"},
				"up": {"uv": [7.5625, 2.625, 7.25, 2.25], "texture": "#1"},
				"down": {"uv": [3.3125, 7.25, 3, 7.625], "texture": "#1"}
			}
		}
	],
	"display": {
		"thirdperson_righthand": {
			"translation": [0, -2.25, -2.75],
			"scale": [1.25, 1.4, 1.25]
		},
		"thirdperson_lefthand": {
			"translation": [0, -2.25, -2.75],
			"scale": [1.25, 1.4, 1.25]
		},
		"firstperson_righthand": {
			"rotation": [0, 5, 12.5],
			"translation": [-6, 3.5, -2.5]
		},
		"firstperson_lefthand": {
			"rotation": [0, 5, 12.5],
			"translation": [-6, 3.5, -2.5]
		},
		"ground": {
			"scale": [0.9, 0.9, 0.9]
		},
		"gui": {
			"rotation": [44, -52, 24],
			"translation": [2.5, 0.75, 0],
			"scale": [1.15, 1.15, 1.15]
		},
		"head": {
			"rotation": [89, -12, -87],
			"translation": [2, -6.75, 5],
			"scale": [1.8, 1.9, 2]
		},
		"fixed": {
			"rotation": [-70, 156, 94],
			"translation": [-10.75, 17.5, -0.25],
			"scale": [2.1, 2.2, 2.25]
		}
	},
	"groups": [
		{
			"name": "main",
			"origin": [16.26036, 10.25, 19.20831],
			"color": 0,
			"children": [
				0,
				1,
				2,
				3,
				4,
				5,
				6,
				7,
				8,
				9,
				10,
				11,
				12,
				13,
				14,
				15,
				16,
				17,
				18,
				19,
				20,
				21,
				22,
				23,
				{
					"name": "sticker0",
					"origin": [15.25, 10.36205, 13.25875],
					"color": 1,
					"children": []
				},
				{
					"name": "sticker1",
					"origin": [15.25, 10.01205, 15.75875],
					"color": 2,
					"children": []
				},
				{
					"name": "sticker2",
					"origin": [15.25, 9.91205, 22.95875],
					"color": 3,
					"children": []
				},
				{
					"name": "scope",
					"origin": [15.43133, 10.87891, 20.74835],
					"color": 7,
					"children": [
						{
							"name": "scope_tube",
							"origin": [15.50733, 12.49825, 20.83168],
							"color": 8,
							"children": []
						}
					]
				},
				{
					"name": "bolt",
					"origin": [16.016, 10.88291, 20.09901],
					"color": 9,
					"children": [
						24,
						25,
						{
							"name": "handle",
							"origin": [16.01475, 10.84241, 21.62976],
							"color": 0,
							"children": [26, 27]
						}
					]
				},
				{
					"name": "muzzleflash",
					"origin": [15.99, 10.6, -3.9],
					"color": 1,
					"children": [28]
				}
			]
		}
	]
}