{
	"credit": "Made with Blockbench",
	"texture_size": [128, 128],
	"textures": {
		"1": "politmine/item/weapons/textures/mannlicher_1895",
		"particle": "politmine/item/weapons/textures/mannlicher_1895"
	},
	"elements": [
		{
			"name": "main",
			"from": [7.5083, 4.1152, 5.5932],
			"to": [8.4917, 4.9864, 12.6984],
			"rotation": {"angle": 0, "axis": "y", "origin": [0, 0, 8]},
			"faces": {
				"north": {"uv": [7.5, 10, 8, 10.375], "texture": "#1"},
				"east": {"uv": [5.5, 4, 9.25, 4.375], "texture": "#1"},
				"south": {"uv": [10, 7, 10.5, 7.375], "texture": "#1"},
				"west": {"uv": [5.5, 3.5, 9.25, 3.875], "texture": "#1"},
				"up": {"uv": [3, 4, 3.5, 7.75], "texture": "#1"},
				"down": {"uv": [3.5, 7.75, 4, 4], "texture": "#1"}
			}
		},
		{
			"name": "main",
			"from": [7.5083, 3.8002, 13.0984],
			"to": [8.4917, 5.0564, 20.5036],
			"rotation": {"angle": 0, "axis": "y", "origin": [0, 0, 8]},
			"faces": {
				"north": {"uv": [8.5, 7, 9, 7.75], "texture": "#1"},
				"east": {"uv": [0, 3, 3.75, 3.75], "texture": "#1"},
				"south": {"uv": [2.5, 8.5, 3, 9.25], "texture": "#1"},
				"west": {"uv": [0, 2, 3.75, 2.75], "texture": "#1"},
				"up": {"uv": [4, 3.5, 4.5, 7.25], "texture": "#1"},
				"down": {"uv": [4.5, 7.25, 5, 3.5], "texture": "#1"}
			}
		},
		{
			"name": "main",
			"from": [7.5093, 4.04829, 20.23426],
			"to": [8.4907, 5.22749, 22.88746],
			"rotation": {"angle": 22.5, "axis": "x", "origin": [8, 4.46289, 19.93586]},
			"faces": {
				"north": {"uv": [8.5, 8.5, 9, 9.25], "texture": "#1"},
				"east": {"uv": [6, 4.5, 7.375, 5.25], "texture": "#1"},
				"south": {"uv": [8, 8.5, 8.5, 9.25], "texture": "#1"},
				"west": {"uv": [6, 2, 7.375, 2.75], "texture": "#1"},
				"up": {"uv": [4, 7.5, 4.5, 8.875], "texture": "#1"},
				"down": {"uv": [4.5, 8.875, 5, 7.5], "texture": "#1"}
			}
		},
		{
			"name": "main",
			"from": [7.5083, 3.62565, 20.97072],
			"to": [8.4917, 4.85685, 27.50092],
			"rotation": {"angle": 0, "axis": "y", "origin": [0, 0.1, 7.4]},
			"faces": {
				"north": {"uv": [0, 8.5, 0.5, 9.5], "texture": "#1"},
				"east": {"uv": [0, 1, 4.125, 2], "texture": "#1"},
				"south": {"uv": [7, 1, 7.5, 2], "texture": "#1"},
				"west": {"uv": [0, 0, 4.125, 1], "texture": "#1"},
				"up": {"uv": [0, 4, 0.5, 8.125], "texture": "#1"},
				"down": {"uv": [0.5, 8.125, 1, 4], "texture": "#1"}
			}
		},
		{
			"name": "main",
			"from": [7.5083, 1.86945, 25.14572],
			"to": [8.4917, 3.62565, 27.50092],
			"rotation": {"angle": 0, "axis": "y", "origin": [0, 0.1, 7.4]},
			"faces": {
				"north": {"uv": [1.5, 8.5, 2, 9.5], "texture": "#1"},
				"east": {"uv": [4.5, 1, 6.375, 2], "texture": "#1"},
				"south": {"uv": [0.5, 8.5, 1, 9.5], "texture": "#1"},
				"west": {"uv": [4.5, 0, 6.375, 1], "texture": "#1"},
				"up": {"uv": [6, 5.5, 6.5, 7.375], "texture": "#1"},
				"down": {"uv": [6.5, 1.875, 7, 0], "texture": "#1"}
			}
		},
		{
			"name": "main",
			"from": [7.5093, 1.75742, 22.17853],
			"to": [8.4907, 3.58662, 25.28173],
			"rotation": {"angle": 22.5, "axis": "x", "origin": [8, 2.24702, 25.58013]},
			"faces": {
				"north": {"uv": [6, 7.5, 6.5, 8.75], "texture": "#1"},
				"east": {"uv": [4, 2, 5.625, 3.25], "texture": "#1"},
				"south": {"uv": [5, 7.5, 5.5, 8.75], "texture": "#1"},
				"west": {"uv": [1, 4, 2.625, 5.25], "texture": "#1"},
				"up": {"uv": [7, 7, 7.5, 8.625], "texture": "#1"},
				"down": {"uv": [7.5, 2.625, 8, 1], "texture": "#1"}
			}
		},
		{
			"name": "main",
			"from": [7.50962, 3.72779, 12.48196],
			"to": [8.49038, 4.26635, 13.77952],
			"rotation": {"angle": 22.5, "axis": "x", "origin": [8, 5.14957, 13.61324]},
			"faces": {
				"north": {"uv": [10.5, 11, 11, 11.25], "rotation": 180, "texture": "#1"},
				"east": {"uv": [10.5, 4.5, 11.125, 4.75], "rotation": 180, "texture": "#1"},
				"south": {"uv": [11, 10.5, 11.5, 10.75], "rotation": 180, "texture": "#1"},
				"west": {"uv": [3.5, 10.5, 4.125, 10.75], "rotation": 180, "texture": "#1"},
				"up": {"uv": [5, 9.625, 5.5, 9], "texture": "#1"},
				"down": {"uv": [4.5, 9, 5, 9.625], "texture": "#1"}
			}
		},
		{
			"name": "main",
			"from": [7.5083, 4.4152, 0.166],
			"to": [8.4917, 4.9864, 5.0076],
			"rotation": {"angle": 0, "axis": "y", "origin": [0, 0, 8]},
			"faces": {
				"north": {"uv": [10.5, 0, 11, 0.375], "texture": "#1"},
				"east": {"uv": [6.5, 6.5, 8.875, 6.875], "texture": "#1"},
				"south": {"uv": [0, 10.5, 0.5, 10.875], "texture": "#1"},
				"west": {"uv": [6.5, 6, 8.875, 6.375], "texture": "#1"},
				"up": {"uv": [1.5, 5.5, 2, 7.875], "texture": "#1"},
				"down": {"uv": [2, 7.875, 2.5, 5.5], "texture": "#1"}
			}
		},
		{
			"name": "main",
			"from": [7.5083, 4.5152, -1.2962],
			"to": [8.4917, 5.0524, -0.2696],
			"rotation": {"angle": 0, "axis": "y", "origin": [0, 0, 8]},
			"faces": {
				"north": {"uv": [9, 9.5, 9.5, 10], "texture": "#1"},
				"east": {"uv": [9, 6.5, 9.625, 7], "texture": "#1"},
				"south": {"uv": [9.5, 8.5, 10, 9], "texture": "#1"},
				"west": {"uv": [9, 6, 9.625, 6.5], "texture": "#1"},
				"up": {"uv": [6, 9, 6.5, 9.625], "texture": "#1"},
				"down": {"uv": [7, 9.625, 7.5, 9], "texture": "#1"}
			}
		},
		{
			"name": "main",
			"from": [7.8063, 4.7102, -3.5062],
			"to": [8.1937, 5.0844, -1.2896],
			"rotation": {"angle": 0, "axis": "y", "origin": [0, 0, 8]},
			"faces": {
				"north": {"uv": [12, 2, 12.25, 2.25], "texture": "#1"},
				"east": {"uv": [2, 9.5, 3.125, 9.75], "texture": "#1"},
				"south": {"uv": [2, 12, 2.25, 12.25], "texture": "#1"},
				"west": {"uv": [9.5, 1, 10.625, 1.25], "texture": "#1"},
				"up": {"uv": [8, 9.5, 8.25, 10.625], "texture": "#1"},
				"down": {"uv": [8.5, 10.625, 8.75, 9.5], "texture": "#1"}
			}
		},
		{
			"name": "main",
			"from": [7.7403, 4.6442, -2.9132],
			"to": [8.2597, 5.1504, -2.3816],
			"rotation": {"angle": 0, "axis": "y", "origin": [0, 0, 8]},
			"faces": {
				"north": {"uv": [11, 1.5, 11.375, 1.875], "texture": "#1"},
				"east": {"uv": [2, 11, 2.375, 11.375], "texture": "#1"},
				"south": {"uv": [1, 11, 1.375, 11.375], "texture": "#1"},
				"west": {"uv": [11, 1, 11.375, 1.375], "texture": "#1"},
				"up": {"uv": [11, 2, 11.375, 2.375], "texture": "#1"},
				"down": {"uv": [2.5, 11.375, 2.875, 11], "texture": "#1"}
			}
		},
		{
			"name": "main",
			"from": [7.9053, 5.1504, -2.9132],
			"to": [8.0947, 5.4266, -2.4116],
			"rotation": {"angle": 0, "axis": "y", "origin": [0, 0, 8]},
			"faces": {
				"north": {"uv": [3, 12, 3.25, 12.25], "texture": "#1"},
				"east": {"uv": [3.5, 12, 3.75, 12.25], "texture": "#1"},
				"south": {"uv": [2.5, 12, 2.75, 12.25], "texture": "#1"},
				"west": {"uv": [12, 2.5, 12.25, 2.75], "texture": "#1"},
				"up": {"uv": [12, 3.5, 12.25, 3.75], "texture": "#1"},
				"down": {"uv": [4, 12.25, 4.25, 12], "texture": "#1"}
			}
		},
		{
			"name": "main",
			"from": [7.8053, 5.4504, 13.3868],
			"to": [8.1947, 5.7266, 13.8884],
			"rotation": {"angle": 0, "axis": "y", "origin": [0, -0.2, 8]},
			"faces": {
				"north": {"uv": [3, 12, 3.25, 12.25], "texture": "#1"},
				"east": {"uv": [3.5, 12, 3.75, 12.25], "texture": "#1"},
				"south": {"uv": [2.5, 12, 2.75, 12.25], "texture": "#1"},
				"west": {"uv": [12, 2.5, 12.25, 2.75], "texture": "#1"},
				"up": {"uv": [12, 3.5, 12.25, 3.75], "texture": "#1"},
				"down": {"uv": [4, 12.25, 4.25, 12], "texture": "#1"}
			}
		},
		{
			"name": "main",
			"from": [7.90662, 5.17627, -2.66982],
			"to": [8.09338, 5.57523, -2.56126],
			"rotation": {"angle": 22.5, "axis": "x", "origin": [8, 5.3562, -2.41247]},
			"faces": {
				"north": {"uv": [12, 4.5, 12.25, 4.75], "texture": "#1"},
				"east": {"uv": [6.5, 12.5, 6.625, 12.75], "texture": "#1"},
				"south": {"uv": [12, 4, 12.25, 4.25], "texture": "#1"},
				"west": {"uv": [12.5, 6, 12.625, 6.25], "texture": "#1"},
				"up": {"uv": [12.5, 6.5, 12.75, 6.625], "texture": "#1"},
				"down": {"uv": [7, 12.625, 7.25, 12.5], "texture": "#1"}
			}
		},
		{
			"name": "main",
			"from": [7.80662, -0.89328, 12.58325],
			"to": [8.19338, -0.49432, 12.79181],
			"rotation": {"angle": -22.5, "axis": "x", "origin": [8, 5.5562, -2.41247]},
			"faces": {
				"north": {"uv": [12, 4.5, 12.25, 4.75], "texture": "#1"},
				"east": {"uv": [6.5, 12.5, 6.625, 12.75], "texture": "#1"},
				"south": {"uv": [12, 4, 12.25, 4.25], "texture": "#1"},
				"west": {"uv": [12.5, 6, 12.625, 6.25], "texture": "#1"},
				"up": {"uv": [12.5, 6.5, 12.75, 6.625], "texture": "#1"},
				"down": {"uv": [7, 12.625, 7.25, 12.5], "texture": "#1"}
			}
		},
		{
			"name": "main",
			"from": [7.5743, 5.0548, -1.2962],
			"to": [8.4257, 5.356, -0.2696],
			"rotation": {"angle": 0, "axis": "y", "origin": [0, 0, 8]},
			"faces": {
				"north": {"uv": [11.5, 4, 11.875, 4.25], "texture": "#1"},
				"east": {"uv": [10.5, 5.5, 11.125, 5.75], "texture": "#1"},
				"south": {"uv": [11.5, 3.5, 11.875, 3.75], "texture": "#1"},
				"west": {"uv": [10.5, 5, 11.125, 5.25], "texture": "#1"},
				"up": {"uv": [4.5, 10, 4.875, 10.625], "texture": "#1"},
				"down": {"uv": [5, 10.625, 5.375, 10], "texture": "#1"}
			}
		},
		{
			"name": "main",
			"from": [7.5083, 4.9864, 0.1682],
			"to": [8.4917, 5.422, 5.0234],
			"rotation": {"angle": 0, "axis": "y", "origin": [0, 0, 8]},
			"faces": {
				"north": {"uv": [0.5, 11.5, 1, 11.75], "texture": "#1"},
				"east": {"uv": [6.5, 5.5, 10.25, 5.75], "texture": "#1"},
				"south": {"uv": [11.5, 0, 12, 0.25], "texture": "#1"},
				"west": {"uv": [6, 3, 9.75, 3.25], "texture": "#1"},
				"up": {"uv": [5, 3.5, 5.5, 7.25], "texture": "#1"},
				"down": {"uv": [1, 9.25, 1.5, 5.5], "texture": "#1"}
			}
		},
		{
			"name": "main",
			"from": [7.5083, 4.9864, 5.5766],
			"to": [8.4917, 5.422, 12.7068],
			"rotation": {"angle": 0, "axis": "y", "origin": [0, 0, 8]},
			"faces": {
				"north": {"uv": [11.5, 0, 12, 0.25], "texture": "#1"},
				"east": {"uv": [6, 3, 9.75, 3.25], "texture": "#1"},
				"south": {"uv": [0.5, 11.5, 1, 11.75], "texture": "#1"},
				"west": {"uv": [6.5, 5.5, 10.25, 5.75], "texture": "#1"},
				"up": {"uv": [5, 3.5, 5.5, 7.25], "rotation": 180, "texture": "#1"},
				"down": {"uv": [1, 9.25, 1.5, 5.5], "rotation": 180, "texture": "#1"}
			}
		},
		{
			"name": "main",
			"from": [7.5083, 4.1152, 12.6576],
			"to": [8.4917, 5.422, 13.0932],
			"rotation": {"angle": 0, "axis": "y", "origin": [0, 0, 8]},
			"faces": {
				"north": {"uv": [9, 8.5, 9.5, 9.125], "texture": "#1"},
				"east": {"uv": [6.5, 10.5, 6.75, 11.125], "texture": "#1"},
				"south": {"uv": [9, 7, 9.5, 7.625], "texture": "#1"},
				"west": {"uv": [5.5, 10.5, 5.75, 11.125], "texture": "#1"},
				"up": {"uv": [11.5, 0.5, 12, 0.75], "texture": "#1"},
				"down": {"uv": [1, 11.75, 1.5, 11.5], "texture": "#1"}
			}
		},
		{
			"name": "main",
			"from": [7.5083, 4.4152, -0.2696],
			"to": [8.4917, 5.422, 0.166],
			"rotation": {"angle": 0, "axis": "y", "origin": [0, 0, 8]},
			"faces": {
				"north": {"uv": [0.5, 9.5, 1, 10.125], "texture": "#1"},
				"east": {"uv": [9, 10.5, 9.25, 11.125], "texture": "#1"},
				"south": {"uv": [0, 9.5, 0.5, 10.125], "texture": "#1"},
				"west": {"uv": [7.5, 10.5, 7.75, 11.125], "texture": "#1"},
				"up": {"uv": [11.5, 1, 12, 1.25], "texture": "#1"},
				"down": {"uv": [1.5, 11.75, 2, 11.5], "texture": "#1"}
			}
		},
		{
			"name": "main",
			"from": [7.5083, 4.3152, 5.0054],
			"to": [8.4917, 5.422, 5.616],
			"rotation": {"angle": 0, "axis": "y", "origin": [0, 0, 8]},
			"faces": {
				"north": {"uv": [0.5, 9.5, 1, 10.125], "texture": "#1"},
				"east": {"uv": [9, 10.5, 9.25, 11.125], "texture": "#1"},
				"south": {"uv": [0, 9.5, 0.5, 10.125], "texture": "#1"},
				"west": {"uv": [7.5, 10.5, 7.75, 11.125], "texture": "#1"},
				"up": {"uv": [11.5, 1, 12, 1.25], "texture": "#1"},
				"down": {"uv": [1.5, 11.75, 2, 11.5], "texture": "#1"}
			}
		},
		{
			"name": "main",
			"from": [7.5083, 2.8402, 3.3804],
			"to": [8.4917, 3.372, 4.191],
			"rotation": {"angle": 22.5, "axis": "x", "origin": [0, 0, 8]},
			"faces": {
				"north": {"uv": [0.5, 9.5, 1, 10.125], "texture": "#1"},
				"east": {"uv": [9, 10.5, 9.25, 11.125], "texture": "#1"},
				"south": {"uv": [0, 9.5, 0.5, 10.125], "texture": "#1"},
				"west": {"uv": [7.5, 10.5, 7.75, 11.125], "texture": "#1"},
				"up": {"uv": [11.5, 1, 12, 1.25], "texture": "#1"},
				"down": {"uv": [1.5, 11.75, 2, 11.5], "texture": "#1"}
			}
		},
		{
			"name": "main",
			"from": [7.648, 2.67491, 17.80301],
			"to": [8.352, 3.87891, 18.71101],
			"rotation": {"angle": 0, "axis": "y", "origin": [0, -5.4, 5]},
			"faces": {
				"north": {"uv": [2.625, 1.25, 3.34375, 1.75], "texture": "#1"},
				"east": {"uv": [2.375, 0, 3.125, 0.875], "texture": "#1"},
				"south": {"uv": [5.25, 0, 6.21875, 0.875], "texture": "#1"},
				"west": {"uv": [1.625, 0.125, 2.125, 1], "texture": "#1"},
				"up": {"uv": [3.09375, 3, 3, 2.875], "texture": "#1"},
				"down": {"uv": [4.46875, 4.375, 3.875, 5], "texture": "#1"}
			}
		},
		{
			"name": "main",
			"from": [7.648, 2.67491, 20.45301],
			"to": [8.352, 3.87891, 20.66101],
			"rotation": {"angle": 0, "axis": "y", "origin": [0, -5.4, 5]},
			"faces": {
				"north": {"uv": [2.625, 1.25, 3.34375, 1.75], "texture": "#1"},
				"east": {"uv": [2.375, 0, 3.125, 0.875], "texture": "#1"},
				"south": {"uv": [5.25, 0, 6.21875, 0.875], "texture": "#1"},
				"west": {"uv": [1.625, 0.125, 2.125, 1], "texture": "#1"},
				"up": {"uv": [3.09375, 3, 3, 2.875], "texture": "#1"},
				"down": {"uv": [4.46875, 4.375, 3.875, 5], "texture": "#1"}
			}
		},
		{
			"name": "main",
			"from": [7.64871, 3.18672, 15.13398],
			"to": [8.3513, 4.38931, 18.04457],
			"rotation": {"angle": 22.5, "axis": "x", "origin": [8, 3.53802, 16.63728]},
			"faces": {
				"north": {"uv": [4.25, 2.25, 5.59375, 3.1875], "texture": "#1"},
				"east": {"uv": [1.5, 0.125, 3.875, 1.0625], "texture": "#1"},
				"south": {"uv": [4.75, 1, 6.09375, 1.9375], "texture": "#1"},
				"west": {"uv": [1.5, 1.125, 3.75, 1.9375], "texture": "#1"},
				"up": {"uv": [4.84375, 5.375, 4.5, 4.25], "texture": "#1"},
				"down": {"uv": [4.46875, 4.125, 4, 5.25], "texture": "#1"}
			}
		},
		{
			"name": "main",
			"from": [7.848, 3.07491, 19.56101],
			"to": [8.152, 3.67891, 19.71901],
			"rotation": {"angle": 22.5, "axis": "x", "origin": [8, 3.22691, 20.04001]},
			"faces": {
				"north": {"uv": [9, 0, 9.28125, 0.1875], "texture": "#1"},
				"east": {"uv": [8.25, 0, 8.78125, 0.1875], "texture": "#1"},
				"south": {"uv": [7.375, 0.25, 7.78125, 0.0625], "texture": "#1"},
				"west": {"uv": [9.125, 4.5, 9.53125, 4.6875], "texture": "#1"},
				"up": {"uv": [0.53125, 3.40625, 0.5, 3.375], "texture": "#1"},
				"down": {"uv": [9.90625, 0, 9.625, 0.15625], "texture": "#1"}
			}
		},
		{
			"name": "main",
			"from": [7.648, 2.67491, 18.71101],
			"to": [8.352, 2.87891, 20.46901],
			"rotation": {"angle": 0, "axis": "y", "origin": [0, -5.4, 5]},
			"faces": {
				"north": {"uv": [3.25, 1.75, 4.09375, 1.90625], "texture": "#1"},
				"east": {"uv": [2, 1.875, 2.84375, 2.03125], "texture": "#1"},
				"south": {"uv": [2, 3.125, 3.09375, 3.28125], "texture": "#1"},
				"west": {"uv": [3.125, 1.375, 4.09375, 1.53125], "texture": "#1"},
				"up": {"uv": [4.46875, 5.46875, 4, 4.5], "texture": "#1"},
				"down": {"uv": [5.46875, 4.5, 5, 5.46875], "texture": "#1"}
			}
		},
		{
			"name": "muzzleflash",
			"from": [7.99, 5.35, -3.65],
			"to": [7.99, 5.35, -3.65],
			"rotation": {"angle": 0, "axis": "y", "origin": [0, 0, 8]},
			"faces": {
				"north": {"uv": [14.5, 10, 15.125, 10.625], "texture": "#1"},
				"east": {"uv": [13.5, 14, 14.25, 14.625], "texture": "#1"},
				"south": {"uv": [14.5, 11, 15.125, 11.625], "texture": "#1"},
				"west": {"uv": [14.5, 0, 15.25, 0.625], "texture": "#1"},
				"up": {"uv": [15.125, 5.25, 14.5, 4.5], "texture": "#1"},
				"down": {"uv": [6.625, 14.5, 6, 15.25], "texture": "#1"}
			}
		},
		{
			"name": "group",
			"from": [7.5413, 5.0498, 13.0984],
			"to": [8.4587, 5.457, 14.0686],
			"rotation": {"angle": 0, "axis": "y", "origin": [0, 0, 8]},
			"faces": {
				"north": {"uv": [11, 3, 11.5, 3.25], "texture": "#1"},
				"east": {"uv": [3.5, 11, 4, 11.25], "texture": "#1"},
				"south": {"uv": [11, 2.5, 11.5, 2.75], "texture": "#1"},
				"west": {"uv": [3, 11, 3.5, 11.25], "texture": "#1"},
				"up": {"uv": [9.5, 2, 10, 2.5], "texture": "#1"},
				"down": {"uv": [9.5, 3, 10, 2.5], "texture": "#1"}
			}
		},
		{
			"name": "group",
			"from": [7.6073, 5.0498, 14.0686],
			"to": [8.3927, 5.441, 17.3488],
			"rotation": {"angle": 0, "axis": "y", "origin": [0, 0, 8]},
			"faces": {
				"north": {"uv": [3, 11.5, 3.375, 11.75], "texture": "#1"},
				"east": {"uv": [8.5, 5, 10.125, 5.25], "texture": "#1"},
				"south": {"uv": [11.5, 2.5, 11.875, 2.75], "texture": "#1"},
				"west": {"uv": [8.5, 4.5, 10.125, 4.75], "texture": "#1"},
				"up": {"uv": [3.5, 8, 3.875, 9.625], "texture": "#1"},
				"down": {"uv": [7.5, 9.625, 7.875, 8], "texture": "#1"}
			}
		},
		{
			"name": "group",
			"from": [7.5413, 5.0498, 17.3554],
			"to": [8.4587, 5.457, 18.3256],
			"rotation": {"angle": 0, "axis": "y", "origin": [0, 0, 8]},
			"faces": {
				"north": {"uv": [11, 7.5, 11.5, 7.75], "texture": "#1"},
				"east": {"uv": [8, 11, 8.5, 11.25], "texture": "#1"},
				"south": {"uv": [5, 11, 5.5, 11.25], "texture": "#1"},
				"west": {"uv": [11, 7, 11.5, 7.25], "texture": "#1"},
				"up": {"uv": [9.5, 3.5, 10, 4], "texture": "#1"},
				"down": {"uv": [9.5, 4.5, 10, 4], "texture": "#1"}
			}
		},
		{
			"name": "cantolan2",
			"from": [7.7583, -5.71175, 25.40192],
			"to": [8.2417, -5.40555, 25.70192],
			"rotation": {"angle": -22.5, "axis": "x", "origin": [0, 0.1, 7.4]},
			"faces": {
				"north": {"uv": [4, 12.5, 4.25, 12.625], "texture": "#1"},
				"east": {"uv": [13, 3, 13.125, 3.125], "texture": "#1"},
				"south": {"uv": [12.5, 3.5, 12.75, 3.625], "texture": "#1"},
				"west": {"uv": [3, 13, 3.125, 13.125], "texture": "#1"},
				"up": {"uv": [12.5, 4, 12.75, 4.125], "texture": "#1"},
				"down": {"uv": [4.5, 12.625, 4.75, 12.5], "texture": "#1"}
			}
		},
		{
			"name": "wobble2",
			"from": [7.4083, -6.19295, 25.55292],
			"to": [8.5917, -5.51175, 25.55292],
			"rotation": {"angle": -22.5, "axis": "x", "origin": [0, 0.1, 7.4]},
			"faces": {
				"north": {"uv": [3.5, 10, 4.125, 10.375], "texture": "#1"},
				"east": {"uv": [0, 0, 0, 0.375], "texture": "#1"},
				"south": {"uv": [4.125, 10, 3.5, 10.375], "texture": "#1"},
				"west": {"uv": [0, 0, 0, 0.375], "texture": "#1"},
				"up": {"uv": [0, 0, 0.625, 0], "texture": "#1"},
				"down": {"uv": [0, 0, 0.625, 0], "texture": "#1"}
			}
		},
		{
			"name": "cantolan",
			"from": [7.7583, 4.209, 5.3932],
			"to": [8.2417, 4.5152, 5.6932],
			"rotation": {"angle": 0, "axis": "y", "origin": [0, 0, 8]},
			"faces": {
				"north": {"uv": [5, 12.5, 5.25, 12.625], "texture": "#1"},
				"east": {"uv": [13, 3.5, 13.125, 3.625], "texture": "#1"},
				"south": {"uv": [12.5, 4.5, 12.75, 4.625], "texture": "#1"},
				"west": {"uv": [3.5, 13, 3.625, 13.125], "texture": "#1"},
				"up": {"uv": [12.5, 5, 12.75, 5.125], "texture": "#1"},
				"down": {"uv": [5.5, 12.625, 5.75, 12.5], "texture": "#1"}
			}
		},
		{
			"name": "wobble",
			"from": [7.4083, 2.2278, 3.8442],
			"to": [8.5917, 2.909, 3.8442],
			"rotation": {"angle": 22.5, "axis": "x", "origin": [0, 0, 8]},
			"faces": {
				"north": {"uv": [10, 4, 10.625, 4.375], "texture": "#1"},
				"east": {"uv": [0, 0, 0, 0.375], "texture": "#1"},
				"south": {"uv": [10.625, 4, 10, 4.375], "texture": "#1"},
				"west": {"uv": [0, 0, 0, 0.375], "texture": "#1"},
				"up": {"uv": [0, 0, 0.625, 0], "texture": "#1"},
				"down": {"uv": [0, 0, 0.625, 0], "texture": "#1"}
			}
		},
		{
			"name": "right",
			"from": [0, 0, 8],
			"to": [0, 12, 8],
			"rotation": {"angle": 0, "axis": "y", "origin": [0, 0, 8]},
			"faces": {
				"north": {"uv": [0, 0, 0, 0], "texture": "#1"},
				"east": {"uv": [0, 0, 0, 0], "texture": "#1"},
				"south": {"uv": [0, 0, 0, 0], "texture": "#1"},
				"west": {"uv": [0, 0, 0, 0], "texture": "#1"},
				"up": {"uv": [0, 0, 0, 0], "texture": "#1"},
				"down": {"uv": [0, 0, 0, 0], "texture": "#1"}
			}
		},
		{
			"name": "left",
			"from": [0, 0, 8],
			"to": [0, 12, 8],
			"rotation": {"angle": 0, "axis": "y", "origin": [0, 0, 8]},
			"faces": {
				"north": {"uv": [0, 0, 0, 0], "texture": "#1"},
				"east": {"uv": [0, 0, 0, 0], "texture": "#1"},
				"south": {"uv": [0, 0, 0, 0], "texture": "#1"},
				"west": {"uv": [0, 0, 0, 0], "texture": "#1"},
				"up": {"uv": [0, 0, 0, 0], "texture": "#1"},
				"down": {"uv": [0, 0, 0, 0], "texture": "#1"}
			}
		},
		{
			"name": "bolt",
			"from": [7.7413, 5.457, 19.166],
			"to": [8.2587, 5.7642, 19.4862],
			"rotation": {"angle": 0, "axis": "y", "origin": [0, 0, 8]},
			"faces": {
				"north": {"uv": [12.5, 0.5, 12.75, 0.625], "texture": "#1"},
				"east": {"uv": [1, 12.5, 1.25, 12.625], "texture": "#1"},
				"south": {"uv": [12.5, 0, 12.75, 0.125], "texture": "#1"},
				"west": {"uv": [0.5, 12.5, 0.75, 12.625], "texture": "#1"},
				"up": {"uv": [11.5, 10, 11.75, 10.25], "texture": "#1"},
				"down": {"uv": [10.5, 11.75, 10.75, 11.5], "texture": "#1"}
			}
		},
		{
			"name": "bolt",
			"from": [7.6413, 5.0498, 19.166],
			"to": [8.3587, 5.457, 19.6862],
			"rotation": {"angle": 0, "axis": "y", "origin": [0, 0, 8]},
			"faces": {
				"north": {"uv": [2, 11.5, 2.375, 11.75], "texture": "#1"},
				"east": {"uv": [8, 11.5, 8.25, 11.75], "texture": "#1"},
				"south": {"uv": [11.5, 1.5, 11.875, 1.75], "texture": "#1"},
				"west": {"uv": [11.5, 7.5, 11.75, 7.75], "texture": "#1"},
				"up": {"uv": [11.5, 2, 11.875, 2.25], "texture": "#1"},
				"down": {"uv": [2.5, 11.75, 2.875, 11.5], "texture": "#1"}
			}
		},
		{
			"name": "bolt",
			"from": [7.5413, 5.4498, 18.6458],
			"to": [8.4587, 5.657, 19.166],
			"rotation": {"angle": 0, "axis": "y", "origin": [0, 0, 8]},
			"faces": {
				"north": {"uv": [11, 11.5, 11.5, 11.625], "texture": "#1"},
				"east": {"uv": [1.5, 12.5, 1.75, 12.625], "texture": "#1"},
				"south": {"uv": [11.5, 10.5, 12, 10.625], "texture": "#1"},
				"west": {"uv": [12.5, 1, 12.75, 1.125], "texture": "#1"},
				"up": {"uv": [11, 8.5, 11.5, 8.75], "texture": "#1"},
				"down": {"uv": [11, 9.25, 11.5, 9], "texture": "#1"}
			}
		},
		{
			"name": "bolt",
			"from": [7.3913, 5.0498, 18.6458],
			"to": [8.6087, 5.457, 19.166],
			"rotation": {"angle": 0, "axis": "y", "origin": [0, 0, 8]},
			"faces": {
				"north": {"uv": [10, 8.5, 10.75, 8.75], "texture": "#1"},
				"east": {"uv": [7.5, 11.5, 7.75, 11.75], "texture": "#1"},
				"south": {"uv": [10, 7.5, 10.75, 7.75], "texture": "#1"},
				"west": {"uv": [11.5, 7, 11.75, 7.25], "texture": "#1"},
				"up": {"uv": [9, 10, 9.75, 10.25], "texture": "#1"},
				"down": {"uv": [10, 10.25, 10.75, 10], "texture": "#1"}
			}
		},
		{
			"name": "bolt",
			"from": [7.5413, 5.0498, 18.3256],
			"to": [8.4587, 5.557, 18.6458],
			"rotation": {"angle": 0, "axis": "y", "origin": [0, 0, 8]},
			"faces": {
				"north": {"uv": [8.5, 11, 9, 11.25], "texture": "#1"},
				"east": {"uv": [0, 12.5, 0.125, 12.75], "texture": "#1"},
				"south": {"uv": [11, 8, 11.5, 8.25], "texture": "#1"},
				"west": {"uv": [12, 12, 12.125, 12.25], "texture": "#1"},
				"up": {"uv": [11.5, 5.5, 12, 5.625], "texture": "#1"},
				"down": {"uv": [6.5, 11.625, 7, 11.5], "texture": "#1"}
			}
		},
		{
			"name": "handle",
			"from": [8.44429, 5.0752, 18.3256],
			"to": [8.61169, 5.4824, 18.6458],
			"rotation": {"angle": 0, "axis": "y", "origin": [0, 0, 8]},
			"faces": {
				"north": {"uv": [12.5, 2, 12.625, 2.25], "texture": "#1"},
				"east": {"uv": [2.5, 12.5, 2.625, 12.75], "texture": "#1"},
				"south": {"uv": [12.5, 1.5, 12.625, 1.75], "texture": "#1"},
				"west": {"uv": [2, 12.5, 2.125, 12.75], "texture": "#1"},
				"up": {"uv": [12.5, 7, 12.625, 7.125], "texture": "#1"},
				"down": {"uv": [7.5, 12.625, 7.625, 12.5], "texture": "#1"}
			}
		},
		{
			"name": "handle",
			"from": [8.55694, 5.24045, 18.6266],
			"to": [9.22234, 5.47065, 18.9448],
			"rotation": {"angle": 0, "axis": "z", "origin": [8.69118, 4.93598, 18.47875]},
			"faces": {
				"north": {"uv": [5.5, 12, 5.625, 12.375], "rotation": 90, "texture": "#1"},
				"east": {"uv": [8, 12.625, 8.125, 12.5], "rotation": 270, "texture": "#1"},
				"south": {"uv": [5, 12, 5.125, 12.375], "rotation": 270, "texture": "#1"},
				"west": {"uv": [12.5, 7.5, 12.625, 7.625], "rotation": 270, "texture": "#1"},
				"up": {"uv": [12, 5.5, 12.125, 5.875], "rotation": 270, "texture": "#1"},
				"down": {"uv": [12, 5, 12.125, 5.375], "rotation": 270, "texture": "#1"}
			}
		},
		{
			"name": "handle",
			"from": [9.12134, 5.09865, 18.5228],
			"to": [9.61934, 5.59665, 19.0208],
			"rotation": {"angle": 0, "axis": "z", "origin": [8.69118, 4.93598, 18.47875]},
			"faces": {
				"north": {"uv": [0, 12, 0.25, 12.25], "rotation": 90, "texture": "#1"},
				"east": {"uv": [12, 0.75, 12.25, 0.5], "rotation": 270, "texture": "#1"},
				"south": {"uv": [11.5, 11, 11.75, 11.25], "rotation": 270, "texture": "#1"},
				"west": {"uv": [0.5, 12, 0.75, 12.25], "rotation": 270, "texture": "#1"},
				"up": {"uv": [12, 0, 12.25, 0.25], "rotation": 270, "texture": "#1"},
				"down": {"uv": [11.5, 11.5, 11.75, 11.75], "rotation": 270, "texture": "#1"}
			}
		},
		{
			"name": "eject",
			"from": [8.49, 5.35, 15.7],
			"to": [8.49, 5.35, 15.7],
			"rotation": {"angle": 0, "axis": "y", "origin": [0, 0, 8]},
			"faces": {
				"north": {"uv": [14.5, 10, 15.125, 10.625], "texture": "#1"},
				"east": {"uv": [13.5, 14, 14.25, 14.625], "texture": "#1"},
				"south": {"uv": [14.5, 11, 15.125, 11.625], "texture": "#1"},
				"west": {"uv": [14.5, 0, 15.25, 0.625], "texture": "#1"},
				"up": {"uv": [15.125, 5.25, 14.5, 4.5], "texture": "#1"},
				"down": {"uv": [6.625, 14.5, 6, 15.25], "texture": "#1"}
			}
		}
	],
	"display": {
		"thirdperson_righthand": {
			"translation": [0, 6, -3.5],
			"scale": [1.45, 1.4, 1.15]
		},
		"thirdperson_lefthand": {
			"translation": [0, 6, -3.5],
			"scale": [1.45, 1.4, 1.15]
		},
		"firstperson_righthand": {
			"rotation": [0, 5, 12.5],
			"translation": [-7.5, 9.25, -3]
		},
		"firstperson_lefthand": {
			"rotation": [0, 5, 12.5],
			"translation": [-7.5, 9.25, -3]
		},
		"ground": {
			"scale": [1.2, 1.2, 1.2]
		},
		"gui": {
			"rotation": [44, -52, 24],
			"translation": [3.75, 7.25, 0],
			"scale": [1.2, 1.2, 1.2]
		},
		"head": {
			"rotation": [89, 5, 86],
			"translation": [-12.5, -4.75, 4.75],
			"scale": [1.8, 1.9, 1.9]
		},
		"fixed": {
			"rotation": [-70, 156, 94],
			"translation": [-0.75, 25, 3],
			"scale": [2.1, 2.2, 2.2]
		}
	},
	"groups": [
		{
			"name": "main",
			"origin": [16, 8, 16],
			"color": 0,
			"children": [
				0,
				1,
				2,
				3,
				4,
				5,
				6,
				7,
				8,
				9,
				10,
				11,
				12,
				13,
				14,
				15,
				16,
				17,
				18,
				19,
				20,
				21,
				{
					"name": "sticker0",
					"origin": [15.48, 4.92501, 12.46236],
					"color": 1,
					"children": [22, 23, 24, 25, 26]
				},
				{
					"name": "sticker1",
					"origin": [15.48, 4.29893, 15.47868],
					"color": 2,
					"children": []
				},
				{
					"name": "sticker2",
					"origin": [15.48, 4.29893, 18.47868],
					"color": 3,
					"children": []
				},
				{
					"name": "muzzleflash",
					"origin": [15.99, 5.35, -3.65],
					"color": 4,
					"children": [27]
				},
				{
					"name": "group",
					"origin": [16, 2.78937, 3.8486],
					"color": 6,
					"children": [28, 29, 30]
				},
				{
					"name": "cantolan2",
					"origin": [15.7822, 2.85325, 4.9199],
					"color": 7,
					"children": [
						31,
						{
							"name": "wobble2",
							"origin": [16, 0.49765, 28.45292],
							"color": 8,
							"children": [32]
						}
					]
				},
				{
					"name": "cantolan",
					"origin": [16.0322, 2.85325, 4.9199],
					"color": 9,
					"children": [
						33,
						{
							"name": "wobble",
							"origin": [16, 4.3184, 5.5442],
							"color": 0,
							"children": [34]
						}
					]
				},
				{
					"name": "arms",
					"origin": [19.5625, 2.7491, 21.18696],
					"color": 1,
					"children": [
						{
							"name": "right",
							"origin": [10, 6, 10],
							"color": 2,
							"children": [35]
						},
						{
							"name": "left",
							"origin": [10, 6, 10],
							"color": 3,
							"children": [36]
						}
					]
				},
				{
					"name": "bolt",
					"origin": [16, 5.29484, 19.02994],
					"color": 4,
					"children": [
						37,
						38,
						39,
						40,
						41,
						{
							"name": "handle",
							"origin": [15.975, 5.20742, 18.88348],
							"color": 5,
							"children": [42, 43, 44]
						}
					]
				},
				{
					"name": "eject",
					"origin": [16.49, 5.35, 15.7],
					"color": 6,
					"children": [45]
				}
			]
		}
	]
}