{
	"credit": "Made with Blockbench",
	"texture_size": [64, 64],
	"textures": {
		"0": "politmine/item/weapons/textures/stg44"
	},
	"elements": [
		{
			"name": "main",
			"from": [6.3604, 9.8832, 1.784],
			"to": [7.6396, 12.7614, 14.7564],
			"rotation": {"angle": 0, "axis": "y", "origin": [-1, 7, -7]},
			"faces": {
				"north": {"uv": [5.5, 3, 5.8125, 3.75], "texture": "#0"},
				"east": {"uv": [0, 0, 3.25, 0.75], "texture": "#0"},
				"south": {"uv": [5.5, 3.75, 5.8125, 4.5], "texture": "#0"},
				"west": {"uv": [0, 0.75, 3.25, 1.5], "texture": "#0"},
				"up": {"uv": [2.8125, 5.25, 2.5, 2], "texture": "#0"},
				"down": {"uv": [0.3125, 3, 0, 6.25], "texture": "#0"}
			}
		},
		{
			"name": "main",
			"from": [7.6104, 11.8332, 4.784],
			"to": [7.8896, 12.5614, 7.3564],
			"rotation": {"angle": 0, "axis": "y", "origin": [-1, 7, -7]},
			"faces": {
				"north": {"uv": [1, 8, 1.0625, 8.1875], "texture": "#0"},
				"east": {"uv": [6.5, 6.5, 7.125, 6.6875], "texture": "#0"},
				"south": {"uv": [8, 1, 8.0625, 1.1875], "texture": "#0"},
				"west": {"uv": [6.75, 0.5, 7.375, 0.6875], "texture": "#0"},
				"up": {"uv": [7.5625, 1.625, 7.5, 1], "texture": "#0"},
				"down": {"uv": [1.8125, 7.5, 1.75, 8.125], "texture": "#0"}
			}
		},
		{
			"name": "main",
			"from": [6.6104, 12.7614, 0.784],
			"to": [7.3896, 13.3396, 3.6064],
			"rotation": {"angle": 0, "axis": "y", "origin": [-1, 7, -7]},
			"faces": {
				"north": {"uv": [0.5, 7.75, 0.6875, 7.875], "texture": "#0"},
				"east": {"uv": [6.75, 6.25, 7.4375, 6.375], "texture": "#0"},
				"south": {"uv": [0.75, 7.75, 0.9375, 7.875], "texture": "#0"},
				"west": {"uv": [7, 1.75, 7.6875, 1.875], "texture": "#0"},
				"up": {"uv": [5.1875, 7.1875, 5, 6.5], "texture": "#0"},
				"down": {"uv": [6.6875, 5, 6.5, 5.6875], "texture": "#0"}
			}
		},
		{
			"name": "main",
			"from": [6.6104, 13.3396, 0.784],
			"to": [6.7146, 13.8178, 1.3564],
			"rotation": {"angle": 0, "axis": "y", "origin": [-1, 7, -7]},
			"faces": {
				"north": {"uv": [5, 8, 5.0625, 8.125], "texture": "#0"},
				"east": {"uv": [7.75, 5.5, 7.875, 5.625], "texture": "#0"},
				"south": {"uv": [8, 5, 8.0625, 5.125], "texture": "#0"},
				"west": {"uv": [5.75, 7.75, 5.875, 7.875], "texture": "#0"},
				"up": {"uv": [5.3125, 8.125, 5.25, 8], "texture": "#0"},
				"down": {"uv": [8.0625, 5.25, 8, 5.375], "texture": "#0"}
			}
		},
		{
			"name": "main",
			"from": [7.2854, 13.3396, 0.784],
			"to": [7.3896, 13.8178, 1.3564],
			"rotation": {"angle": 0, "axis": "y", "origin": [-1, 7, -7]},
			"faces": {
				"north": {"uv": [5.5, 8, 5.5625, 8.125], "texture": "#0"},
				"east": {"uv": [7.75, 5.75, 7.875, 5.875], "texture": "#0"},
				"south": {"uv": [8, 5.5, 8.0625, 5.625], "texture": "#0"},
				"west": {"uv": [6, 7.75, 6.125, 7.875], "texture": "#0"},
				"up": {"uv": [5.8125, 8.125, 5.75, 8], "texture": "#0"},
				"down": {"uv": [8.0625, 5.75, 8, 5.875], "texture": "#0"}
			}
		},
		{
			"name": "main",
			"from": [6.7104, 13.2396, 0.9564],
			"to": [7.2896, 13.5178, 3.6288],
			"rotation": {"angle": 0, "axis": "y", "origin": [-1, 7, -7]},
			"faces": {
				"north": {"uv": [6, 8, 6.125, 8.0625], "texture": "#0"},
				"east": {"uv": [7.5, 0.5, 8.1875, 0.5625], "texture": "#0"},
				"south": {"uv": [8, 6, 8.125, 6.0625], "texture": "#0"},
				"west": {"uv": [1, 7.5, 1.6875, 7.5625], "texture": "#0"},
				"up": {"uv": [7.125, 3.4375, 7, 2.75], "texture": "#0"},
				"down": {"uv": [3.125, 7, 3, 7.6875], "texture": "#0"}
			}
		},
		{
			"name": "main",
			"from": [6.6114, 12.44017, 3.20911],
			"to": [7.3886, 13.26057, 3.78531],
			"rotation": {"angle": -22.5, "axis": "x", "origin": [7, 12.85037, 3.49721]},
			"faces": {
				"north": {"uv": [7.5, 4.75, 7.6875, 4.9375], "texture": "#0"},
				"east": {"uv": [7.75, 0.75, 7.875, 0.9375], "texture": "#0"},
				"south": {"uv": [7.5, 5, 7.6875, 5.1875], "texture": "#0"},
				"west": {"uv": [1, 7.75, 1.125, 7.9375], "texture": "#0"},
				"up": {"uv": [7.9375, 1.125, 7.75, 1], "texture": "#0"},
				"down": {"uv": [1.4375, 7.75, 1.25, 7.875], "texture": "#0"}
			}
		},
		{
			"name": "main",
			"from": [6.6114, 12.44017, 0.60509],
			"to": [7.3886, 13.26057, 1.18129],
			"rotation": {"angle": 22.5, "axis": "x", "origin": [7, 12.85037, 0.89319]},
			"faces": {
				"north": {"uv": [5.25, 7.5, 5.4375, 7.6875], "texture": "#0"},
				"east": {"uv": [7.75, 1.25, 7.875, 1.4375], "texture": "#0"},
				"south": {"uv": [5.5, 7.5, 5.6875, 7.6875], "texture": "#0"},
				"west": {"uv": [1.5, 7.75, 1.625, 7.9375], "texture": "#0"},
				"up": {"uv": [7.9375, 1.625, 7.75, 1.5], "texture": "#0"},
				"down": {"uv": [7.9375, 1.75, 7.75, 1.875], "texture": "#0"}
			}
		},
		{
			"name": "main",
			"from": [7.6104, 11.8332, 7.784],
			"to": [7.8896, 12.5614, 10.3564],
			"rotation": {"angle": 0, "axis": "y", "origin": [-1, 7, -7]},
			"faces": {
				"north": {"uv": [8, 1.75, 8.0625, 1.9375], "texture": "#0"},
				"east": {"uv": [6.75, 1, 7.375, 1.1875], "texture": "#0"},
				"south": {"uv": [8, 2.5, 8.0625, 2.6875], "texture": "#0"},
				"west": {"uv": [6.75, 5, 7.375, 5.1875], "texture": "#0"},
				"up": {"uv": [3.8125, 8.125, 3.75, 7.5], "texture": "#0"},
				"down": {"uv": [4.0625, 7.5, 4, 8.125], "texture": "#0"}
			}
		},
		{
			"name": "main",
			"from": [6.3604, 10.5732, -0.8484],
			"to": [7.6396, 12.8114, 1.784],
			"rotation": {"angle": 0, "axis": "y", "origin": [-1, 7, -7]},
			"faces": {
				"north": {"uv": [2.5, 6, 2.8125, 6.5625], "texture": "#0"},
				"east": {"uv": [4.75, 0, 5.4375, 0.5625], "texture": "#0"},
				"south": {"uv": [6, 3, 6.3125, 3.5625], "texture": "#0"},
				"west": {"uv": [4.75, 0.75, 5.4375, 1.3125], "texture": "#0"},
				"up": {"uv": [5.8125, 5.6875, 5.5, 5], "texture": "#0"},
				"down": {"uv": [1.3125, 5.75, 1, 6.4375], "texture": "#0"}
			}
		},
		{
			"name": "main",
			"from": [6.3614, 10.7878, -1.54413],
			"to": [7.6386, 11.549, -0.41373],
			"rotation": {"angle": 45, "axis": "x", "origin": [7, 11.1684, -0.97893]},
			"faces": {
				"north": {"uv": [3.75, 7.25, 4.0625, 7.4375], "texture": "#0"},
				"east": {"uv": [4.5, 7.25, 4.8125, 7.4375], "texture": "#0"},
				"south": {"uv": [5, 7.25, 5.3125, 7.4375], "texture": "#0"},
				"west": {"uv": [7.25, 5.25, 7.5625, 5.4375], "texture": "#0"},
				"up": {"uv": [4.8125, 7.0625, 4.5, 6.75], "texture": "#0"},
				"down": {"uv": [7.0625, 5.25, 6.75, 5.5625], "texture": "#0"}
			}
		},
		{
			"name": "main",
			"from": [6.3614, 10.17138, 1.08827],
			"to": [7.6386, 10.93258, 2.21867],
			"rotation": {"angle": 45, "axis": "x", "origin": [7, 10.55198, 1.65347]},
			"faces": {
				"north": {"uv": [5.5, 7.25, 5.8125, 7.4375], "texture": "#0"},
				"east": {"uv": [7.25, 5.5, 7.5625, 5.6875], "texture": "#0"},
				"south": {"uv": [7.25, 5.75, 7.5625, 5.9375], "texture": "#0"},
				"west": {"uv": [6, 7.25, 6.3125, 7.4375], "texture": "#0"},
				"up": {"uv": [5.8125, 7.0625, 5.5, 6.75], "texture": "#0"},
				"down": {"uv": [7.0625, 5.75, 6.75, 6.0625], "texture": "#0"}
			}
		},
		{
			"name": "main",
			"from": [6.3604, 11.1632, -6.8608],
			"to": [7.6396, 11.9914, -0.8484],
			"rotation": {"angle": 0, "axis": "y", "origin": [-1, 7, -7]},
			"faces": {
				"north": {"uv": [7.25, 6, 7.5625, 6.1875], "texture": "#0"},
				"east": {"uv": [5.25, 2.75, 6.875, 2.9375], "texture": "#0"},
				"south": {"uv": [6.5, 7.25, 6.8125, 7.4375], "texture": "#0"},
				"west": {"uv": [5.5, 0.75, 7.125, 0.9375], "texture": "#0"},
				"up": {"uv": [3.8125, 5.625, 3.5, 4], "texture": "#0"},
				"down": {"uv": [4.3125, 4, 4, 5.625], "texture": "#0"}
			}
		},
		{
			"name": "main",
			"from": [6.6214, 11.1407, -15.3],
			"to": [7.3786, 11.8979, -13.8118],
			"rotation": {"angle": 0, "axis": "y", "origin": [-1, 7, -7]},
			"faces": {
				"north": {"uv": [5.75, 7.5, 5.9375, 7.6875], "texture": "#0"},
				"east": {"uv": [7.25, 0.25, 7.625, 0.4375], "texture": "#0"},
				"south": {"uv": [6, 7.5, 6.1875, 7.6875], "texture": "#0"},
				"west": {"uv": [7.25, 0.75, 7.625, 0.9375], "texture": "#0"},
				"up": {"uv": [7.4375, 1.625, 7.25, 1.25], "texture": "#0"},
				"down": {"uv": [2.6875, 7.25, 2.5, 7.625], "texture": "#0"}
			}
		},
		{
			"name": "main",
			"from": [6.8214, 11.8907, -15.3],
			"to": [7.1786, 13.3979, -14.4618],
			"rotation": {"angle": 0, "axis": "y", "origin": [-1, 7, -7]},
			"faces": {
				"north": {"uv": [2.5, 7.75, 2.5625, 8.125], "texture": "#0"},
				"east": {"uv": [7.25, 2.5, 7.4375, 2.875], "texture": "#0"},
				"south": {"uv": [2.75, 7.75, 2.8125, 8.125], "texture": "#0"},
				"west": {"uv": [2.75, 7.25, 2.9375, 7.625], "texture": "#0"},
				"up": {"uv": [8.0625, 2.9375, 8, 2.75], "texture": "#0"},
				"down": {"uv": [3.0625, 8, 3, 8.1875], "texture": "#0"}
			}
		},
		{
			"name": "main",
			"from": [6.7142, 13.2979, -15.3],
			"to": [6.8214, 13.9051, -14.4618],
			"rotation": {"angle": 0, "axis": "y", "origin": [-1, 7, -7]},
			"faces": {
				"north": {"uv": [6.25, 8, 6.3125, 8.125], "texture": "#0"},
				"east": {"uv": [3, 7.75, 3.1875, 7.875], "texture": "#0"},
				"south": {"uv": [8, 6.25, 8.0625, 6.375], "texture": "#0"},
				"west": {"uv": [3.25, 7.75, 3.4375, 7.875], "texture": "#0"},
				"up": {"uv": [8.0625, 3.1875, 8, 3], "texture": "#0"},
				"down": {"uv": [3.3125, 8, 3.25, 8.1875], "texture": "#0"}
			}
		},
		{
			"name": "main",
			"from": [7.1786, 13.2979, -15.3],
			"to": [7.2858, 13.9051, -14.4618],
			"rotation": {"angle": 0, "axis": "y", "origin": [-1, 7, -7]},
			"faces": {
				"north": {"uv": [6.5, 8, 6.5625, 8.125], "texture": "#0"},
				"east": {"uv": [7.75, 3.5, 7.9375, 3.625], "texture": "#0"},
				"south": {"uv": [8, 6.5, 8.0625, 6.625], "texture": "#0"},
				"west": {"uv": [7.75, 3.75, 7.9375, 3.875], "texture": "#0"},
				"up": {"uv": [8.0625, 3.4375, 8, 3.25], "texture": "#0"},
				"down": {"uv": [8.0625, 3.5, 8, 3.6875], "texture": "#0"}
			}
		},
		{
			"name": "main",
			"from": [6.8214, 13.7979, -15.3],
			"to": [7.1786, 13.9051, -14.4618],
			"rotation": {"angle": 0, "axis": "y", "origin": [-1, 7, -7]},
			"faces": {
				"north": {"uv": [7.75, 8, 7.8125, 8.0625], "texture": "#0"},
				"east": {"uv": [4.25, 8, 4.4375, 8.0625], "texture": "#0"},
				"south": {"uv": [8, 7.75, 8.0625, 7.8125], "texture": "#0"},
				"west": {"uv": [8, 4.25, 8.1875, 4.3125], "texture": "#0"},
				"up": {"uv": [4.5625, 8.1875, 4.5, 8], "texture": "#0"},
				"down": {"uv": [8.0625, 4.5, 8, 4.6875], "texture": "#0"}
			}
		},
		{
			"name": "main",
			"from": [6.8224, 11.46215, -14.86348],
			"to": [7.1776, 13.21735, -14.12728],
			"rotation": {"angle": -22.5, "axis": "x", "origin": [7, 12.46475, -14.74538]},
			"faces": {
				"north": {"uv": [7.75, 0, 7.8125, 0.4375], "texture": "#0"},
				"east": {"uv": [3.5, 7, 3.6875, 7.4375], "texture": "#0"},
				"south": {"uv": [0.25, 7.75, 0.3125, 8.1875], "texture": "#0"},
				"west": {"uv": [7, 3.5, 7.1875, 3.9375], "texture": "#0"},
				"up": {"uv": [4.8125, 8.1875, 4.75, 8], "texture": "#0"},
				"down": {"uv": [8.0625, 4.75, 8, 4.9375], "texture": "#0"}
			}
		},
		{
			"name": "main",
			"from": [6.70724, 12.1157, -9.7642],
			"to": [7.24044, 12.6489, -9.3618],
			"rotation": {"angle": 45, "axis": "z", "origin": [6.97384, 12.4193, -10.313]},
			"faces": {
				"north": {"uv": [7.75, 6.25, 7.875, 6.375], "texture": "#0"},
				"east": {"uv": [6.5, 7.75, 6.625, 7.875], "texture": "#0"},
				"south": {"uv": [7.75, 6.5, 7.875, 6.625], "texture": "#0"},
				"west": {"uv": [6.75, 7.75, 6.875, 7.875], "texture": "#0"},
				"up": {"uv": [7.875, 7.125, 7.75, 7], "texture": "#0"},
				"down": {"uv": [7.375, 7.75, 7.25, 7.875], "texture": "#0"}
			}
		},
		{
			"name": "main",
			"from": [6.78224, 12.1907, -12.0142],
			"to": [7.16544, 12.5739, -11.6118],
			"rotation": {"angle": 45, "axis": "z", "origin": [6.97384, 12.4193, -10.313]},
			"faces": {
				"north": {"uv": [7.75, 7.5, 7.875, 7.625], "texture": "#0"},
				"east": {"uv": [7.75, 7.75, 7.875, 7.875], "texture": "#0"},
				"south": {"uv": [0, 8, 0.125, 8.125], "texture": "#0"},
				"west": {"uv": [8, 0, 8.125, 0.125], "texture": "#0"},
				"up": {"uv": [8.125, 0.375, 8, 0.25], "texture": "#0"},
				"down": {"uv": [0.625, 8, 0.5, 8.125], "texture": "#0"}
			}
		},
		{
			"name": "main",
			"from": [6.80724, 12.2157, -11.6666],
			"to": [7.14044, 12.5489, -9.7642],
			"rotation": {"angle": 45, "axis": "z", "origin": [6.97384, 12.4193, -10.2154]},
			"faces": {
				"north": {"uv": [8, 8, 8.0625, 8.0625], "texture": "#0"},
				"east": {"uv": [7.5, 6.75, 8, 6.8125], "texture": "#0"},
				"south": {"uv": [0, 8.25, 0.0625, 8.3125], "texture": "#0"},
				"west": {"uv": [7.5, 7.25, 8, 7.3125], "texture": "#0"},
				"up": {"uv": [7.0625, 8, 7, 7.5], "texture": "#0"},
				"down": {"uv": [7.5625, 7.5, 7.5, 8], "texture": "#0"}
			}
		},
		{
			"name": "main",
			"from": [6.4834, 11.2157, -9.3618],
			"to": [7.5166, 12.8229, -7.4594],
			"rotation": {"angle": 0, "axis": "y", "origin": [-1, 7, -7]},
			"faces": {
				"north": {"uv": [5, 1.5, 5.25, 1.875], "texture": "#0"},
				"east": {"uv": [5.5, 5.75, 6, 6.125], "texture": "#0"},
				"south": {"uv": [7, 0, 7.25, 0.375], "texture": "#0"},
				"west": {"uv": [6, 0, 6.5, 0.375], "texture": "#0"},
				"up": {"uv": [4.5, 4, 4.25, 3.5], "texture": "#0"},
				"down": {"uv": [5, 3, 4.75, 3.5], "texture": "#0"}
			}
		},
		{
			"name": "main",
			"from": [6.1834, 11.9407, -8.0118],
			"to": [6.5666, 12.3979, -7.7094],
			"rotation": {"angle": 0, "axis": "y", "origin": [-1, 7, -7]},
			"faces": {
				"north": {"uv": [0.75, 8, 0.875, 8.125], "texture": "#0"},
				"east": {"uv": [6.75, 8, 6.8125, 8.125], "texture": "#0"},
				"south": {"uv": [8, 0.75, 8.125, 0.875], "texture": "#0"},
				"west": {"uv": [8, 6.75, 8.0625, 6.875], "texture": "#0"},
				"up": {"uv": [7.125, 8.0625, 7, 8], "texture": "#0"},
				"down": {"uv": [8.125, 7, 8, 7.0625], "texture": "#0"}
			}
		},
		{
			"name": "main",
			"from": [6.3084, 11.6157, -7.8868],
			"to": [6.3084, 12.7229, -7.1344],
			"rotation": {"angle": 0, "axis": "y", "origin": [-1, 7, -7]},
			"faces": {
				"north": {"uv": [0, 0, 0, 0.25], "texture": "#0"},
				"east": {"uv": [5.5, 1.25, 5.6875, 1.5], "texture": "#0"},
				"south": {"uv": [0, 0, 0, 0.25], "texture": "#0"},
				"west": {"uv": [0.25, 7.5, 0.4375, 7.75], "texture": "#0"},
				"up": {"uv": [0, 0.1875, 0, 0], "texture": "#0"},
				"down": {"uv": [0, 0, 0, 0.1875], "texture": "#0"}
			}
		},
		{
			"name": "main",
			"from": [6.3604, 9.8832, 14.7564],
			"to": [7.6396, 11.802, 24.3504],
			"rotation": {"angle": 0, "axis": "y", "origin": [-1, 7, -7]},
			"faces": {
				"north": {"uv": [5, 6, 5.3125, 6.5], "texture": "#0"},
				"east": {"uv": [0, 1.5, 2.375, 2], "texture": "#0"},
				"south": {"uv": [6, 5.25, 6.3125, 5.75], "texture": "#0"},
				"west": {"uv": [0, 2, 2.375, 2.5], "texture": "#0"},
				"up": {"uv": [0.8125, 5.375, 0.5, 3], "texture": "#0"},
				"down": {"uv": [1.3125, 3, 1, 5.375], "texture": "#0"}
			}
		},
		{
			"name": "main",
			"from": [6.3604, 7.9644, 19.6764],
			"to": [7.6396, 9.8832, 24.3504],
			"rotation": {"angle": 0, "axis": "y", "origin": [-1, 7, -7]},
			"faces": {
				"north": {"uv": [6, 5.75, 6.3125, 6.25], "texture": "#0"},
				"east": {"uv": [3, 3.5, 4.1875, 4], "texture": "#0"},
				"south": {"uv": [0, 6.25, 0.3125, 6.75], "texture": "#0"},
				"west": {"uv": [3.5, 3, 4.6875, 3.5], "texture": "#0"},
				"up": {"uv": [5.3125, 4.1875, 5, 3], "texture": "#0"},
				"down": {"uv": [5.3125, 4.25, 5, 5.4375], "texture": "#0"}
			}
		},
		{
			"name": "main",
			"from": [6.36122, 10.96781, 14.40029],
			"to": [7.63878, 12.06497, 17.02265],
			"rotation": {"angle": 22.5, "axis": "x", "origin": [7, 11.51639, 16.32647]},
			"faces": {
				"north": {"uv": [3.75, 7, 4.0625, 7.25], "texture": "#0"},
				"east": {"uv": [6.25, 1.25, 6.875, 1.5], "texture": "#0"},
				"south": {"uv": [7, 4, 7.3125, 4.25], "texture": "#0"},
				"west": {"uv": [6.25, 1.5, 6.875, 1.75], "texture": "#0"},
				"up": {"uv": [3.8125, 6.375, 3.5, 5.75], "texture": "#0"},
				"down": {"uv": [4.3125, 5.75, 4, 6.375], "texture": "#0"}
			}
		},
		{
			"name": "main",
			"from": [6.36122, 7.97526, 14.75722],
			"to": [7.63878, 9.89242, 24.34958],
			"rotation": {"angle": 22.5, "axis": "x", "origin": [7, 8.93384, 19.5554]},
			"faces": {
				"north": {"uv": [4.5, 6.25, 4.8125, 6.75], "texture": "#0"},
				"east": {"uv": [0, 2.5, 2.375, 3], "texture": "#0"},
				"south": {"uv": [5.5, 6.25, 5.8125, 6.75], "texture": "#0"},
				"west": {"uv": [2.5, 1.5, 4.875, 2], "texture": "#0"},
				"up": {"uv": [1.8125, 5.375, 1.5, 3], "texture": "#0"},
				"down": {"uv": [2.3125, 3, 2, 5.375], "texture": "#0"}
			}
		},
		{
			"name": "main",
			"from": [6.375, 9.1332, 1.784],
			"to": [7.625, 9.8832, 4.484],
			"rotation": {"angle": 0, "axis": "y", "origin": [-1, 7, -7]},
			"faces": {
				"north": {"uv": [7.25, 6.5, 7.5625, 6.6875], "texture": "#0"},
				"east": {"uv": [6.25, 1.75, 6.9375, 1.9375], "texture": "#0"},
				"south": {"uv": [7.25, 7, 7.5625, 7.1875], "texture": "#0"},
				"west": {"uv": [6.5, 2.5, 7.1875, 2.6875], "texture": "#0"},
				"up": {"uv": [6.0625, 1.9375, 5.75, 1.25], "texture": "#0"},
				"down": {"uv": [1.8125, 5.75, 1.5, 6.4375], "texture": "#0"}
			}
		},
		{
			"name": "main",
			"from": [6.375, 8.89669, 6.48149],
			"to": [7.625, 9.89669, 11.28149],
			"rotation": {"angle": 0, "axis": "y", "origin": [-1, 7, -7]},
			"faces": {
				"north": {"uv": [7, 4.25, 7.3125, 4.5], "texture": "#0"},
				"east": {"uv": [1, 5.5, 2.1875, 5.75], "texture": "#0"},
				"south": {"uv": [7, 4.5, 7.3125, 4.75], "texture": "#0"},
				"west": {"uv": [5.5, 1, 6.6875, 1.25], "texture": "#0"},
				"up": {"uv": [4.8125, 6.1875, 4.5, 5], "texture": "#0"},
				"down": {"uv": [5.5625, 1.5, 5.25, 2.6875], "texture": "#0"}
			}
		},
		{
			"name": "main",
			"from": [6.376, 9.01845, 10.61007],
			"to": [7.624, 10.51645, 11.60807],
			"rotation": {"angle": 22.5, "axis": "x", "origin": [7, 9.76745, 11.10907]},
			"faces": {
				"north": {"uv": [0, 6.75, 0.3125, 7.125], "texture": "#0"},
				"east": {"uv": [1, 7, 1.25, 7.375], "texture": "#0"},
				"south": {"uv": [2.5, 6.75, 2.8125, 7.125], "texture": "#0"},
				"west": {"uv": [1.25, 7, 1.5, 7.375], "texture": "#0"},
				"up": {"uv": [7.3125, 5, 7, 4.75], "texture": "#0"},
				"down": {"uv": [7.3125, 6.75, 7, 7], "texture": "#0"}
			}
		},
		{
			"name": "main",
			"from": [6.376, 7.1342, 6.785],
			"to": [7.624, 7.5322, 9.033],
			"rotation": {"angle": 0, "axis": "y", "origin": [-1, 7, -7]},
			"faces": {
				"north": {"uv": [7.5, 2.5, 7.8125, 2.625], "texture": "#0"},
				"east": {"uv": [7.25, 3, 7.8125, 3.125], "texture": "#0"},
				"south": {"uv": [7.5, 2.75, 7.8125, 2.875], "texture": "#0"},
				"west": {"uv": [7.25, 3.25, 7.8125, 3.375], "texture": "#0"},
				"up": {"uv": [6.3125, 4.3125, 6, 3.75], "texture": "#0"},
				"down": {"uv": [6.3125, 4.5, 6, 5.0625], "texture": "#0"}
			}
		},
		{
			"name": "main",
			"from": [6.626, 8.4342, 8.135],
			"to": [7.374, 9.1822, 8.533],
			"rotation": {"angle": 0, "axis": "y", "origin": [-1, 7, -7]},
			"faces": {
				"north": {"uv": [6.25, 7.5, 6.4375, 7.6875], "texture": "#0"},
				"east": {"uv": [7.75, 4, 7.875, 4.1875], "texture": "#0"},
				"south": {"uv": [7.5, 6.25, 7.6875, 6.4375], "texture": "#0"},
				"west": {"uv": [4.25, 7.75, 4.375, 7.9375], "texture": "#0"},
				"up": {"uv": [4.6875, 7.875, 4.5, 7.75], "texture": "#0"},
				"down": {"uv": [4.9375, 7.75, 4.75, 7.875], "texture": "#0"}
			}
		},
		{
			"name": "main",
			"from": [6.626, 7.80996, 8.01083],
			"to": [7.374, 8.55796, 8.40883],
			"rotation": {"angle": 22.5, "axis": "x", "origin": [7, 8.18396, 8.15983]},
			"faces": {
				"north": {"uv": [6.5, 7.5, 6.6875, 7.6875], "texture": "#0"},
				"east": {"uv": [7.75, 4.75, 7.875, 4.9375], "texture": "#0"},
				"south": {"uv": [6.75, 7.5, 6.9375, 7.6875], "texture": "#0"},
				"west": {"uv": [5, 7.75, 5.125, 7.9375], "texture": "#0"},
				"up": {"uv": [7.9375, 5.125, 7.75, 5], "texture": "#0"},
				"down": {"uv": [5.4375, 7.75, 5.25, 7.875], "texture": "#0"}
			}
		},
		{
			"name": "main",
			"from": [6.376, 7.06781, 5.95323],
			"to": [7.624, 9.06581, 6.35123],
			"rotation": {"angle": -22.5, "axis": "x", "origin": [7, 9.19181, 6.20223]},
			"faces": {
				"north": {"uv": [6, 6.25, 6.3125, 6.75], "texture": "#0"},
				"east": {"uv": [3.25, 7.25, 3.375, 7.75], "texture": "#0"},
				"south": {"uv": [6.5, 0, 6.8125, 0.5], "texture": "#0"},
				"west": {"uv": [7.25, 3.5, 7.375, 4], "texture": "#0"},
				"up": {"uv": [4.5625, 7.625, 4.25, 7.5], "texture": "#0"},
				"down": {"uv": [7.8125, 4.25, 7.5, 4.375], "texture": "#0"}
			}
		},
		{
			"name": "main",
			"from": [6.377, 7.06881, 9.46777],
			"to": [7.623, 8.81481, 9.86377],
			"rotation": {"angle": 22.5, "axis": "x", "origin": [7, 9.19181, 9.61577]},
			"faces": {
				"north": {"uv": [6.5, 3, 6.8125, 3.4375], "texture": "#0"},
				"east": {"uv": [7.25, 7.25, 7.375, 7.6875], "texture": "#0"},
				"south": {"uv": [3.5, 6.5, 3.8125, 6.9375], "texture": "#0"},
				"west": {"uv": [0, 7.5, 0.125, 7.9375], "texture": "#0"},
				"up": {"uv": [7.8125, 4.625, 7.5, 4.5], "texture": "#0"},
				"down": {"uv": [5.0625, 7.5, 4.75, 7.625], "texture": "#0"}
			}
		},
		{
			"name": "main",
			"from": [6.375, 8.09669, 4.48149],
			"to": [7.625, 9.89669, 6.48149],
			"rotation": {"angle": 0, "axis": "y", "origin": [-1, 7, -7]},
			"faces": {
				"north": {"uv": [6.5, 3.5, 6.8125, 3.9375], "texture": "#0"},
				"east": {"uv": [5.5, 4.5, 6, 4.9375], "texture": "#0"},
				"south": {"uv": [4, 6.5, 4.3125, 6.9375], "texture": "#0"},
				"west": {"uv": [5, 5.5, 5.5, 5.9375], "texture": "#0"},
				"up": {"uv": [1.3125, 7, 1, 6.5], "texture": "#0"},
				"down": {"uv": [1.8125, 6.5, 1.5, 7], "texture": "#0"}
			}
		},
		{
			"name": "main",
			"from": [6.377, 8.27226, 4.22639],
			"to": [7.623, 9.41826, 5.22239],
			"rotation": {"angle": -22.5, "axis": "x", "origin": [7, 8.84526, 4.72439]},
			"faces": {
				"north": {"uv": [6, 6.75, 6.3125, 7.0625], "texture": "#0"},
				"east": {"uv": [4.25, 7, 4.5, 7.3125], "texture": "#0"},
				"south": {"uv": [6.5, 6.75, 6.8125, 7.0625], "texture": "#0"},
				"west": {"uv": [7, 7, 7.25, 7.3125], "texture": "#0"},
				"up": {"uv": [0.3125, 7.5, 0, 7.25], "texture": "#0"},
				"down": {"uv": [7.5625, 0, 7.25, 0.25], "texture": "#0"}
			}
		},
		{
			"name": "main",
			"from": [6.376, 5.1316, 10.49777],
			"to": [7.624, 10.3796, 12.24577],
			"rotation": {"angle": -45, "axis": "x", "origin": [7, 7.7556, 11.37177]},
			"faces": {
				"north": {"uv": [4.25, 0, 4.5625, 1.3125], "texture": "#0"},
				"east": {"uv": [3.75, 0, 4.1875, 1.3125], "texture": "#0"},
				"south": {"uv": [4.5, 3.5, 4.8125, 4.8125], "texture": "#0"},
				"west": {"uv": [3, 4, 3.4375, 5.3125], "texture": "#0"},
				"up": {"uv": [6.8125, 4.4375, 6.5, 4], "texture": "#0"},
				"down": {"uv": [6.8125, 4.5, 6.5, 4.9375], "texture": "#0"}
			}
		},
		{
			"name": "eject",
			"from": [7.74, 11.5, 2.2],
			"to": [7.74, 11.5, 2.2],
			"rotation": {"angle": 0, "axis": "y", "origin": [-1, 7, -7]},
			"faces": {
				"north": {"uv": [7.25, 5, 7.5625, 5.3125], "texture": "#0"},
				"east": {"uv": [6.75, 7, 7.125, 7.3125], "texture": "#0"},
				"south": {"uv": [7.25, 5.5, 7.5625, 5.8125], "texture": "#0"},
				"west": {"uv": [7.25, 0, 7.625, 0.3125], "texture": "#0"},
				"up": {"uv": [7.5625, 2.625, 7.25, 2.25], "texture": "#0"},
				"down": {"uv": [3.3125, 7.25, 3, 7.625], "texture": "#0"}
			}
		},
		{
			"name": "sticker0",
			"from": [6.34, 9.68038, 1.97726],
			"to": [6.34, 11.48038, 3.77726],
			"rotation": {"angle": 0, "axis": "y", "origin": [-1, 7, -7]},
			"faces": {
				"north": {"uv": [0, 0, 0, 0.45], "texture": "#0"},
				"east": {"uv": [0, 0, 0.45, 0.45], "texture": "#0"},
				"south": {"uv": [0, 0, 0, 0.45], "texture": "#0"},
				"west": {"uv": [0, 0, 0.45, 0.45], "texture": "#0"},
				"up": {"uv": [0, 0, 0, 0.45], "texture": "#0"},
				"down": {"uv": [0, 0, 0, 0.45], "texture": "#0"}
			}
		},
		{
			"name": "sticker1",
			"from": [6.34, 9.18038, 4.47726],
			"to": [6.34, 10.98038, 6.27726],
			"rotation": {"angle": 0, "axis": "y", "origin": [-1, 7, -7]},
			"faces": {
				"north": {"uv": [0, 0, 0, 0.45], "texture": "#0"},
				"east": {"uv": [0, 0, 0.45, 0.45], "texture": "#0"},
				"south": {"uv": [0, 0, 0, 0.45], "texture": "#0"},
				"west": {"uv": [0, 0, 0.45, 0.45], "texture": "#0"},
				"up": {"uv": [0, 0, 0, 0.45], "texture": "#0"},
				"down": {"uv": [0, 0, 0, 0.45], "texture": "#0"}
			}
		},
		{
			"name": "sticker2",
			"from": [6.34, 9.43038, 9.22726],
			"to": [6.34, 11.23038, 11.02726],
			"rotation": {"angle": 0, "axis": "y", "origin": [-1, 7, -7]},
			"faces": {
				"north": {"uv": [0, 0, 0, 0.45], "texture": "#0"},
				"east": {"uv": [0, 0, 0.45, 0.45], "texture": "#0"},
				"south": {"uv": [0, 0, 0, 0.45], "texture": "#0"},
				"west": {"uv": [0, 0, 0.45, 0.45], "texture": "#0"},
				"up": {"uv": [0, 0, 0, 0.45], "texture": "#0"},
				"down": {"uv": [0, 0, 0, 0.45], "texture": "#0"}
			}
		},
		{
			"name": "muzzleflash",
			"from": [6.99, 11.5, -15.8],
			"to": [6.99, 11.5, -15.8],
			"rotation": {"angle": 0, "axis": "y", "origin": [-1, 7, -7]},
			"faces": {
				"north": {"uv": [7.25, 5, 7.5625, 5.3125], "texture": "#0"},
				"east": {"uv": [6.75, 7, 7.125, 7.3125], "texture": "#0"},
				"south": {"uv": [7.25, 5.5, 7.5625, 5.8125], "texture": "#0"},
				"west": {"uv": [7.25, 0, 7.625, 0.3125], "texture": "#0"},
				"up": {"uv": [7.5625, 2.625, 7.25, 2.25], "texture": "#0"},
				"down": {"uv": [3.3125, 7.25, 3, 7.625], "texture": "#0"}
			}
		},
		{
			"name": "close_open",
			"from": [7.6104, 12.0832, 1.034],
			"to": [7.8896, 12.3114, 3.6064],
			"rotation": {"angle": 0, "axis": "y", "origin": [-1, 7, -7]},
			"faces": {
				"north": {"uv": [7.25, 8, 7.3125, 8.0625], "texture": "#0"},
				"east": {"uv": [7.5, 2, 8.125, 2.0625], "texture": "#0"},
				"south": {"uv": [8, 7.25, 8.0625, 7.3125], "texture": "#0"},
				"west": {"uv": [7.5, 2.25, 8.125, 2.3125], "texture": "#0"},
				"up": {"uv": [2.0625, 8.125, 2, 7.5], "texture": "#0"},
				"down": {"uv": [2.3125, 7.5, 2.25, 8.125], "texture": "#0"}
			}
		},
		{
			"name": "close_open2",
			"from": [7.6604, 11.3332, 1.084],
			"to": [7.8396, 12.2614, 3.5564],
			"rotation": {"angle": 22.5, "axis": "z", "origin": [7.75, 12.1723, 2.3202]},
			"faces": {
				"north": {"uv": [7.75, 5.25, 7.8125, 5.5], "texture": "#0"},
				"east": {"uv": [5.75, 2.5, 6.375, 2.75], "texture": "#0"},
				"south": {"uv": [5.5, 7.75, 5.5625, 8], "texture": "#0"},
				"west": {"uv": [6, 0.5, 6.625, 0.75], "texture": "#0"},
				"up": {"uv": [3.5625, 8.125, 3.5, 7.5], "texture": "#0"},
				"down": {"uv": [7.5625, 3.5, 7.5, 4.125], "texture": "#0"}
			}
		},
		{
			"name": "slide",
			"from": [5.6104, 12.0332, 3.584],
			"to": [6.3896, 12.3614, 3.9064],
			"rotation": {"angle": 0, "axis": "y", "origin": [-1, 7, -7]},
			"faces": {
				"north": {"uv": [1.25, 8, 1.4375, 8.0625], "texture": "#0"},
				"east": {"uv": [7.5, 8, 7.5625, 8.0625], "texture": "#0"},
				"south": {"uv": [8, 1.25, 8.1875, 1.3125], "texture": "#0"},
				"west": {"uv": [8, 7.5, 8.0625, 7.5625], "texture": "#0"},
				"up": {"uv": [1.6875, 8.0625, 1.5, 8], "texture": "#0"},
				"down": {"uv": [8.1875, 1.5, 8, 1.5625], "texture": "#0"}
			}
		},
		{
			"name": "barrel_overheat",
			"from": [6.6964, 11.2157, -15.7],
			"to": [7.3036, 11.8229, -9.3618],
			"rotation": {"angle": 0, "axis": "y", "origin": [-1, 7, -7]},
			"faces": {
				"north": {"uv": [7.75, 6, 7.875, 6.125], "texture": "#0"},
				"east": {"uv": [5.75, 2, 7.3125, 2.125], "texture": "#0"},
				"south": {"uv": [6.25, 7.75, 6.375, 7.875], "texture": "#0"},
				"west": {"uv": [5.75, 2.25, 7.3125, 2.375], "texture": "#0"},
				"up": {"uv": [3.375, 7.0625, 3.25, 5.5], "texture": "#0"},
				"down": {"uv": [2.125, 5.75, 2, 7.3125], "texture": "#0"}
			}
		},
		{
			"name": "barrel_overheat",
			"from": [6.5654, 11.2272, -7.4758],
			"to": [7.4346, 12.7614, -0.8484],
			"rotation": {"angle": 0, "axis": "y", "origin": [-1, 7, -7]},
			"faces": {
				"north": {"uv": [0.5, 7.25, 0.6875, 7.625], "texture": "#0"},
				"east": {"uv": [3.5, 2, 5.25, 2.375], "texture": "#0"},
				"south": {"uv": [0.75, 7.25, 0.9375, 7.625], "texture": "#0"},
				"west": {"uv": [3.5, 2.5, 5.25, 2.875], "texture": "#0"},
				"up": {"uv": [0.6875, 7.25, 0.5, 5.5], "texture": "#0"},
				"down": {"uv": [0.9375, 5.5, 0.75, 7.25], "texture": "#0"}
			}
		},
		{
			"name": "mag",
			"from": [6.576, 1.34535, 2.67347],
			"to": [7.424, 7.09335, 4.52147],
			"rotation": {"angle": 22.5, "axis": "x", "origin": [7, 8.71935, 3.64747]},
			"faces": {
				"north": {"uv": [2.25, 5.5, 2.4375, 6.9375], "texture": "#0"},
				"east": {"uv": [3, 2, 3.5, 3.4375], "texture": "#0"},
				"south": {"uv": [3, 5.5, 3.1875, 6.9375], "texture": "#0"},
				"west": {"uv": [3.25, 0, 3.75, 1.4375], "texture": "#0"},
				"up": {"uv": [1.9375, 7.5, 1.75, 7], "texture": "#0"},
				"down": {"uv": [2.4375, 7, 2.25, 7.5], "texture": "#0"}
			}
		},
		{
			"name": "mag",
			"from": [6.575, 6.8832, 1.884],
			"to": [7.425, 9.6332, 3.834],
			"rotation": {"angle": 0, "axis": "y", "origin": [-1, 7, -7]},
			"faces": {
				"north": {"uv": [5.25, 6.5, 5.4375, 7.1875], "texture": "#0"},
				"east": {"uv": [2.5, 5.25, 3, 5.9375], "texture": "#0"},
				"south": {"uv": [6.5, 5.75, 6.6875, 6.4375], "texture": "#0"},
				"west": {"uv": [5.5, 0, 6, 0.6875], "texture": "#0"},
				"up": {"uv": [7.1875, 1.75, 7, 1.25], "texture": "#0"},
				"down": {"uv": [1.6875, 7, 1.5, 7.5], "texture": "#0"}
			}
		}
	],
	"display": {
		"thirdperson_righthand": {
			"translation": [1, -1.15, 2.5],
			"scale": [0.9, 0.85, 0.85]
		},
		"thirdperson_lefthand": {
			"translation": [-1, -1.15, 2.5],
			"scale": [0.9, 0.85, 0.85]
		},
		"firstperson_righthand": {
			"rotation": [0, 5, 12.5],
			"translation": [-4.5, 2.5, 0.25]
		},
		"firstperson_lefthand": {
			"rotation": [0, 5, 12.5],
			"translation": [-4.5, 2.5, 0.25]
		},
		"ground": {
			"scale": [0.8, 0.8, 0.8]
		},
		"gui": {
			"rotation": [44, -52, 24],
			"translation": [-1, -1.75, 0],
			"scale": [0.6, 0.6, 0.7]
		},
		"head": {
			"rotation": [89, -4, -87],
			"translation": [2, -17, 2.5],
			"scale": [1.5, 1.5, 1.5]
		},
		"fixed": {
			"rotation": [-70, 156, 94],
			"translation": [-3.25, 4.75, -5],
			"scale": [1.55, 1.55, 1.55]
		}
	},
	"groups": [
		{
			"name": "main",
			"origin": [7, 12, 13],
			"color": 0,
			"children": [
				0,
				1,
				2,
				3,
				4,
				5,
				6,
				7,
				8,
				9,
				10,
				11,
				12,
				13,
				14,
				15,
				16,
				17,
				18,
				19,
				20,
				21,
				22,
				23,
				24,
				25,
				26,
				27,
				28,
				29,
				30,
				31,
				32,
				33,
				34,
				35,
				36,
				37,
				38,
				39,
				{
					"name": "eject",
					"origin": [7.74, 11.5, 2.2],
					"color": 1,
					"children": [40]
				},
				{
					"name": "sticker0",
					"origin": [6.34, 10.58038, 2.87726],
					"color": 2,
					"children": [41]
				},
				{
					"name": "sticker1",
					"origin": [6.34, 10.08038, 5.37726],
					"color": 3,
					"children": [42]
				},
				{
					"name": "sticker2",
					"origin": [6.34, 10.33038, 10.12726],
					"color": 4,
					"children": [43]
				},
				{
					"name": "muzzleflash",
					"origin": [6.99, 11.5, -15.8],
					"color": 5,
					"children": [44]
				},
				{
					"name": "close_open",
					"origin": [6.3604, 9.8832, 3.8832],
					"color": 6,
					"children": [
						45,
						{
							"name": "close_open2",
							"origin": [6.3604, 9.8832, 3.8832],
							"color": 7,
							"children": [46]
						}
					]
				},
				{
					"name": "slide",
					"origin": [6.3604, 9.8832, 3.8832],
					"color": 8,
					"children": [47]
				},
				{
					"name": "barrel_overheat",
					"origin": [7, 11.7858, -4.00835],
					"color": 9,
					"children": [48, 49]
				},
				{
					"name": "arms",
					"origin": [10.5625, 9.7491, 6.18696],
					"color": 0,
					"children": [
						{
							"name": "right",
							"origin": [1, 13, -5],
							"color": 1,
							"children": []
						},
						{
							"name": "left",
							"origin": [1, 13, -5],
							"color": 2,
							"children": []
						}
					]
				},
				{
					"name": "mag",
					"origin": [6.625, 9.3832, 0.084],
					"color": 3,
					"children": [50, 51]
				}
			]
		}
	]
}