{
	"credit": "Made with Blockbench",
	"texture_size": [64, 64],
	"textures": {
		"0": "politmine/item/weapons/textures/thompson"
	},
	"elements": [
		{
			"name": "main",
			"from": [6.4375, 10.7491, -0.68696],
			"to": [9.4375, 12.7491, 15.31304],
			"rotation": {"angle": 0, "axis": "y", "origin": [0, 0, -6]},
			"faces": {
				"north": {"uv": [8.25, 3.25, 9, 3.75], "texture": "#0"},
				"east": {"uv": [4.5, 1.5, 8.5, 2], "texture": "#0"},
				"south": {"uv": [8.25, 2.75, 9, 3.25], "texture": "#0"},
				"west": {"uv": [1.5, 4.5, 5.5, 5], "texture": "#0"},
				"up": {"uv": [0, 0, 0.75, 4], "texture": "#0"},
				"down": {"uv": [0.75, 4, 1.5, 0], "texture": "#0"}
			}
		},
		{
			"name": "main",
			"from": [6.6875, 7.05829, 12.11077],
			"to": [7.4375, 9.05829, 15.11077],
			"rotation": {"angle": -22.5, "axis": "x", "origin": [8.5, 8, 2]},
			"faces": {
				"north": {"uv": [8.25, 4.75, 8.875, 5.25], "texture": "#0"},
				"east": {"uv": [4.25, 8.25, 5, 8.75], "texture": "#0"},
				"south": {"uv": [8.25, 4.25, 8.875, 4.75], "texture": "#0"},
				"west": {"uv": [8.25, 3.75, 9, 4.25], "texture": "#0"},
				"up": {"uv": [7.5, 3, 8.125, 3.75], "texture": "#0"},
				"down": {"uv": [7.5, 4.5, 8.125, 3.75], "texture": "#0"}
			}
		},
		{
			"name": "main",
			"from": [8.4375, 7.05829, 12.11077],
			"to": [9.1875, 9.05829, 15.11077],
			"rotation": {"angle": -22.5, "axis": "x", "origin": [8.5, 8, 2]},
			"faces": {
				"north": {"uv": [8.875, 4.75, 8.25, 5.25], "texture": "#0"},
				"east": {"uv": [9, 3.75, 8.25, 4.25], "texture": "#0"},
				"south": {"uv": [8.875, 4.25, 8.25, 4.75], "texture": "#0"},
				"west": {"uv": [5, 8.25, 4.25, 8.75], "texture": "#0"},
				"up": {"uv": [8.125, 3, 7.5, 3.75], "texture": "#0"},
				"down": {"uv": [8.125, 4.5, 7.5, 3.75], "texture": "#0"}
			}
		},
		{
			"name": "main",
			"from": [6.4375, 9.7491, 3.31304],
			"to": [9.4375, 10.7491, 15.31304],
			"rotation": {"angle": 0, "axis": "y", "origin": [0, 0, -6]},
			"faces": {
				"north": {"uv": [8.5, 7.25, 9.25, 7.5], "texture": "#0"},
				"east": {"uv": [7, 0.5, 10, 0.75], "texture": "#0"},
				"south": {"uv": [4.5, 4.25, 5.25, 4.5], "texture": "#0"},
				"west": {"uv": [7, 0.25, 10, 0.5], "texture": "#0"},
				"up": {"uv": [1.5, 1.5, 2.25, 4.5], "texture": "#0"},
				"down": {"uv": [2.25, 4.5, 3, 1.5], "texture": "#0"}
			}
		},
		{
			"name": "main",
			"from": [6.9375, 7.7491, 3.31304],
			"to": [8.9375, 9.7491, 11.31304],
			"rotation": {"angle": 0, "axis": "y", "origin": [0, 0, -6]},
			"faces": {
				"north": {"uv": [8.5, 1.5, 9, 2], "texture": "#0"},
				"east": {"uv": [6.75, 5.25, 8.75, 5.75], "texture": "#0"},
				"south": {"uv": [0.5, 8.5, 1, 9], "texture": "#0"},
				"west": {"uv": [6.75, 0.75, 8.75, 1.25], "texture": "#0"},
				"up": {"uv": [6.75, 5.75, 7.25, 7.75], "texture": "#0"},
				"down": {"uv": [5, 9, 5.5, 7], "texture": "#0"}
			}
		},
		{
			"name": "main",
			"from": [7.6875, 7.97739, 5.1188],
			"to": [8.1875, 9.97739, 5.8688],
			"rotation": {"angle": 22.5, "axis": "x", "origin": [8.5, 8, 2]},
			"faces": {
				"north": {"uv": [1.75, 8.75, 1.875, 9.25], "texture": "#0"},
				"east": {"uv": [5, 6.25, 5.25, 6.75], "texture": "#0"},
				"south": {"uv": [6.5, 8.5, 6.625, 9], "texture": "#0"},
				"west": {"uv": [5, 5.75, 5.25, 6.25], "texture": "#0"},
				"up": {"uv": [8.75, 6.75, 8.875, 7], "texture": "#0"},
				"down": {"uv": [8.75, 7.25, 8.875, 7], "texture": "#0"}
			}
		},
		{
			"name": "main",
			"from": [7.2875, -0.03665, 5.91454],
			"to": [8.5875, 6.96335, 8.16454],
			"rotation": {"angle": -22.5, "axis": "x", "origin": [8.5, 8, 2]},
			"faces": {
				"north": {"uv": [0, 7.5, 0.375, 9.25], "texture": "#0"},
				"east": {"uv": [6, 4.25, 6.625, 6], "texture": "#0"},
				"south": {"uv": [7.25, 7.25, 7.625, 9], "texture": "#0"},
				"west": {"uv": [4.25, 5.75, 4.875, 7.5], "texture": "#0"},
				"up": {"uv": [3.5, 8.5, 3.875, 9.125], "texture": "#0"},
				"down": {"uv": [6, 9.125, 6.375, 8.5], "texture": "#0"}
			}
		},
		{
			"name": "main",
			"from": [6.7875, 11.27763, 9.88007],
			"to": [9.0875, 14.27763, 23.46811],
			"rotation": {"angle": 22.5, "axis": "x", "origin": [8.5, 8, 2]},
			"faces": {
				"north": {"uv": [7.5, 4.5, 8.125, 5.25], "texture": "#0"},
				"east": {"uv": [1.5, 0.75, 4.875, 1.5], "texture": "#0"},
				"south": {"uv": [4.25, 7.5, 4.875, 8.25], "texture": "#0"},
				"west": {"uv": [1.5, 0, 4.875, 0.75], "texture": "#0"},
				"up": {"uv": [0, 4, 0.625, 7.375], "texture": "#0"},
				"down": {"uv": [0.75, 7.375, 1.375, 4], "texture": "#0"}
			}
		},
		{
			"name": "main",
			"from": [6.7875, 8.17763, 16.49341],
			"to": [9.0875, 11.27763, 23.28145],
			"rotation": {"angle": 22.5, "axis": "x", "origin": [8.5, 8, 2]},
			"faces": {
				"north": {"uv": [6, 7.75, 6.625, 8.5], "texture": "#0"},
				"east": {"uv": [3.5, 5, 5.25, 5.75], "texture": "#0"},
				"south": {"uv": [3.5, 7.75, 4.125, 8.5], "texture": "#0"},
				"west": {"uv": [5, 0.75, 6.75, 1.5], "texture": "#0"},
				"up": {"uv": [6, 6, 6.625, 7.75], "texture": "#0"},
				"down": {"uv": [6.75, 5.25, 7.375, 3.5], "texture": "#0"}
			}
		},
		{
			"name": "main",
			"from": [6.7885, 15.60972, 12.5629],
			"to": [9.0865, 18.85772, 20.24442],
			"rotation": {"angle": 45, "axis": "x", "origin": [8.5, 8, 2]},
			"faces": {
				"north": {"uv": [1.25, 8, 1.875, 8.75], "texture": "#0"},
				"east": {"uv": [5, 0, 6.875, 0.75], "texture": "#0"},
				"south": {"uv": [7.75, 7.25, 8.375, 8], "texture": "#0"},
				"west": {"uv": [4.5, 3.5, 6.375, 4.25], "texture": "#0"},
				"up": {"uv": [5.25, 5, 5.875, 6.875], "texture": "#0"},
				"down": {"uv": [3.5, 7.625, 4.125, 5.75], "texture": "#0"}
			}
		},
		{
			"name": "main",
			"from": [6.7775, 11.26762, 9.68341],
			"to": [9.0975, 14.28762, 13.70341],
			"rotation": {"angle": 22.5, "axis": "x", "origin": [8.5, 8, 2]},
			"faces": {
				"north": {"uv": [2.75, 8, 3.375, 8.75], "texture": "#0"},
				"east": {"uv": [7.25, 6.5, 8.25, 7.25], "texture": "#0"},
				"south": {"uv": [2, 8, 2.625, 8.75], "texture": "#0"},
				"west": {"uv": [7.25, 5.75, 8.25, 6.5], "texture": "#0"},
				"up": {"uv": [0.5, 7.5, 1.125, 8.5], "texture": "#0"},
				"down": {"uv": [7.5, 3, 8.125, 2], "texture": "#0"}
			}
		},
		{
			"name": "main",
			"from": [6.7775, 11.26762, 13.68341],
			"to": [9.0975, 13.28762, 14.70341],
			"rotation": {"angle": 22.5, "axis": "x", "origin": [8.5, 8, 2]},
			"faces": {
				"north": {"uv": [8.25, 6.25, 8.875, 6.75], "texture": "#0"},
				"east": {"uv": [1.25, 7.5, 1.5, 8], "texture": "#0"},
				"south": {"uv": [8.25, 5.75, 8.875, 6.25], "texture": "#0"},
				"west": {"uv": [6.5, 3.5, 6.75, 4], "texture": "#0"},
				"up": {"uv": [8.5, 8, 9.125, 8.25], "texture": "#0"},
				"down": {"uv": [8.5, 8.5, 9.125, 8.25], "texture": "#0"}
			}
		},
		{
			"name": "main",
			"from": [7.3875, 5.52075, 2.15819],
			"to": [8.4875, 6.02075, 8.15819],
			"rotation": {"angle": 0, "axis": "y", "origin": [0, 0, -6]},
			"faces": {
				"north": {"uv": [8, 8.75, 8.25, 8.875], "texture": "#0"},
				"east": {"uv": [8.5, 7.75, 10, 7.875], "texture": "#0"},
				"south": {"uv": [7.75, 8.75, 8, 8.875], "texture": "#0"},
				"west": {"uv": [8.5, 7.5, 10, 7.625], "texture": "#0"},
				"up": {"uv": [6.75, 7.75, 7, 9.25], "texture": "#0"},
				"down": {"uv": [7, 9.25, 7.25, 7.75], "texture": "#0"}
			}
		},
		{
			"name": "main",
			"from": [7.3125, 11.6241, -15.68696],
			"to": [8.5625, 12.8741, -14.68696],
			"rotation": {"angle": 0, "axis": "y", "origin": [0, 0, -6]},
			"faces": {
				"north": {"uv": [8.75, 0.75, 9.125, 1.125], "texture": "#0"},
				"east": {"uv": [4, 8.5, 4.25, 8.875], "texture": "#0"},
				"south": {"uv": [8.5, 8.5, 8.875, 8.875], "texture": "#0"},
				"west": {"uv": [1, 8.5, 1.25, 8.875], "texture": "#0"},
				"up": {"uv": [5.5, 4.75, 5.875, 5], "texture": "#0"},
				"down": {"uv": [1.25, 9, 1.625, 8.75], "texture": "#0"}
			}
		},
		{
			"name": "main",
			"from": [7.5625, 12.8741, -15.68696],
			"to": [8.3125, 13.6241, -14.68696],
			"rotation": {"angle": 0, "axis": "y", "origin": [0, 0, -6]},
			"faces": {
				"north": {"uv": [2.25, 8.75, 2.5, 9], "texture": "#0"},
				"east": {"uv": [2.5, 8.75, 2.75, 9], "texture": "#0"},
				"south": {"uv": [5, 6.75, 5.25, 7], "texture": "#0"},
				"west": {"uv": [2, 8.75, 2.25, 9], "texture": "#0"},
				"up": {"uv": [2.75, 8.75, 3, 9], "texture": "#0"},
				"down": {"uv": [3, 9, 3.25, 8.75], "texture": "#0"}
			}
		},
		{
			"name": "main",
			"from": [6.4375, 9.7491, -12.68696],
			"to": [9.4375, 12.2491, -0.68696],
			"rotation": {"angle": 0, "axis": "y", "origin": [0, 0, -6]},
			"faces": {
				"north": {"uv": [8.25, 2, 9, 2.625], "texture": "#0"},
				"east": {"uv": [4.5, 2.75, 7.5, 3.375], "texture": "#0"},
				"south": {"uv": [7.75, 8, 8.5, 8.625], "texture": "#0"},
				"west": {"uv": [4.5, 2, 7.5, 2.625], "texture": "#0"},
				"up": {"uv": [3, 1.5, 3.75, 4.5], "texture": "#0"},
				"down": {"uv": [3.75, 4.5, 4.5, 1.5], "texture": "#0"}
			}
		},
		{
			"name": "sticker0",
			"from": [6.4, 10.30531, 3.68873],
			"to": [6.4, 12.30531, 5.68873],
			"rotation": {"angle": 0, "axis": "y", "origin": [0, 0, -6]},
			"faces": {
				"north": {"uv": [0, 0, 0, 0.5], "texture": "#0"},
				"east": {"uv": [0, 0, 0.5, 0.5], "texture": "#0"},
				"south": {"uv": [0, 0, 0, 0.5], "texture": "#0"},
				"west": {"uv": [0, 0, 0.5, 0.5], "texture": "#0"},
				"up": {"uv": [0, 0, 0, 0.5], "texture": "#0"},
				"down": {"uv": [0, 0, 0, 0.5], "texture": "#0"}
			}
		},
		{
			"name": "sticker1",
			"from": [6.4, 10.30531, 8.68873],
			"to": [6.4, 12.30531, 10.68873],
			"rotation": {"angle": 0, "axis": "y", "origin": [0, 0, -6]},
			"faces": {
				"north": {"uv": [0, 0, 0, 0.5], "texture": "#0"},
				"east": {"uv": [0, 0, 0.5, 0.5], "texture": "#0"},
				"south": {"uv": [0, 0, 0, 0.5], "texture": "#0"},
				"west": {"uv": [0, 0, 0.5, 0.5], "texture": "#0"},
				"up": {"uv": [0, 0, 0, 0.5], "texture": "#0"},
				"down": {"uv": [0, 0, 0, 0.5], "texture": "#0"}
			}
		},
		{
			"name": "sticker2",
			"from": [6.4, 10.05531, -3.31127],
			"to": [6.4, 12.05531, -1.31127],
			"rotation": {"angle": 0, "axis": "y", "origin": [0, 0, -6]},
			"faces": {
				"north": {"uv": [0, 0, 0, 0.5], "texture": "#0"},
				"east": {"uv": [0, 0, 0.5, 0.5], "texture": "#0"},
				"south": {"uv": [0, 0, 0, 0.5], "texture": "#0"},
				"west": {"uv": [0, 0, 0.5, 0.5], "texture": "#0"},
				"up": {"uv": [0, 0, 0, 0.5], "texture": "#0"},
				"down": {"uv": [0, 0, 0, 0.5], "texture": "#0"}
			}
		},
		{
			"name": "barrel_overheat",
			"from": [7.4375, 11.7491, -14.68696],
			"to": [8.4375, 12.7491, -0.68696],
			"rotation": {"angle": 0, "axis": "y", "origin": [0, 0, -6]},
			"faces": {
				"north": {"uv": [6.5, 4, 6.75, 4.25], "texture": "#0"},
				"east": {"uv": [7, 0, 10.5, 0.25], "texture": "#0"},
				"south": {"uv": [5.25, 4.25, 5.5, 4.5], "texture": "#0"},
				"west": {"uv": [6.75, 1.25, 10.25, 1.5], "texture": "#0"},
				"up": {"uv": [5.5, 7, 5.75, 10.5], "texture": "#0"},
				"down": {"uv": [5.75, 10.5, 6, 7], "texture": "#0"}
			}
		},
		{
			"name": "mag_type_default",
			"from": [6.9375, -0.0009, 1.31304],
			"to": [8.9375, 10.7491, 3.31304],
			"rotation": {"angle": 0, "axis": "y", "origin": [0, 0, -6]},
			"faces": {
				"north": {"uv": [2.5, 5, 3, 8], "texture": "#0"},
				"east": {"uv": [3, 5, 3.5, 8], "texture": "#0"},
				"south": {"uv": [1.5, 5, 2, 8], "texture": "#0"},
				"west": {"uv": [2, 5, 2.5, 8], "texture": "#0"},
				"up": {"uv": [5.5, 4.25, 6, 4.75], "texture": "#0"},
				"down": {"uv": [8.25, 7.25, 8.75, 6.75], "texture": "#0"}
			}
		},
		{
			"name": "mag_type_drum",
			"from": [3.9375, 2.9991, 1.31304],
			"to": [11.9375, 10.7491, 3.31304],
			"rotation": {"angle": 0, "axis": "y", "origin": [0, 0, -6]},
			"faces": {
				"north": {"uv": [2.125, 9.5, 4.125, 11.5], "texture": "#0"},
				"east": {"uv": [4.25, 9.5, 4.75, 11.5], "texture": "#0"},
				"south": {"uv": [0, 9.5, 2, 11.5], "texture": "#0"},
				"west": {"uv": [4.875, 9.5, 5.375, 11.5], "texture": "#0"},
				"up": {"uv": [2.125, 11.625, 4.125, 12.125], "texture": "#0"},
				"down": {"uv": [0, 12.125, 2, 11.625], "texture": "#0"}
			}
		},
		{
			"name": "slide",
			"from": [9.4375, 11.2491, 4.31304],
			"to": [10.4375, 12.2491, 5.31304],
			"rotation": {"angle": 0, "axis": "y", "origin": [0, 0, -6]},
			"faces": {
				"north": {"uv": [4.5, 8.75, 4.75, 9], "texture": "#0"},
				"east": {"uv": [4.75, 8.75, 5, 9], "texture": "#0"},
				"south": {"uv": [3.25, 8.75, 3.5, 9], "texture": "#0"},
				"west": {"uv": [4.25, 8.75, 4.5, 9], "texture": "#0"},
				"up": {"uv": [8.75, 5.25, 9, 5.5], "texture": "#0"},
				"down": {"uv": [8.75, 5.75, 9, 5.5], "texture": "#0"}
			}
		},
		{
			"name": "muzzleflash",
			"from": [7.99, 12.35, -15.8],
			"to": [7.99, 12.35, -15.8],
			"rotation": {"angle": 0, "axis": "y", "origin": [0, 0, -6]},
			"faces": {
				"north": {"uv": [7.25, 5, 7.5625, 5.3125], "texture": "#0"},
				"east": {"uv": [6.75, 7, 7.125, 7.3125], "texture": "#0"},
				"south": {"uv": [7.25, 5.5, 7.5625, 5.8125], "texture": "#0"},
				"west": {"uv": [7.25, 0, 7.625, 0.3125], "texture": "#0"},
				"up": {"uv": [7.5625, 2.625, 7.25, 2.25], "texture": "#0"},
				"down": {"uv": [3.3125, 7.25, 3, 7.625], "texture": "#0"}
			}
		},
		{
			"name": "eject",
			"from": [9.24, 11.6, 2.45],
			"to": [9.24, 11.6, 2.45],
			"rotation": {"angle": 0, "axis": "y", "origin": [0, 0, -6]},
			"faces": {
				"north": {"uv": [7.25, 5, 7.5625, 5.3125], "texture": "#0"},
				"east": {"uv": [6.75, 7, 7.125, 7.3125], "texture": "#0"},
				"south": {"uv": [7.25, 5.5, 7.5625, 5.8125], "texture": "#0"},
				"west": {"uv": [7.25, 0, 7.625, 0.3125], "texture": "#0"},
				"up": {"uv": [7.5625, 2.625, 7.25, 2.25], "texture": "#0"},
				"down": {"uv": [3.3125, 7.25, 3, 7.625], "texture": "#0"}
			}
		}
	],
	"display": {
		"thirdperson_righthand": {
			"translation": [0, 1, 2.5],
			"scale": [0.5, 0.65, 0.65]
		},
		"thirdperson_lefthand": {
			"translation": [0, 1, 2.5],
			"scale": [0.5, 0.65, 0.65]
		},
		"firstperson_righthand": {
			"rotation": [0, 5, 12.5],
			"translation": [-3, 2.5, -2]
		},
		"firstperson_lefthand": {
			"rotation": [0, 5, 12.5],
			"translation": [-3, 2.5, -2]
		},
		"ground": {
			"scale": [0.5, 0.5, 0.5]
		},
		"gui": {
			"rotation": [44, -52, 24],
			"translation": [-1.25, -0.75, 0],
			"scale": [0.5, 0.5, 0.55]
		},
		"head": {
			"rotation": [89, -12, -87],
			"translation": [1.75, -17.25, 4.5],
			"scale": [0.8, 1, 1]
		},
		"fixed": {
			"rotation": [-70, 156, 94],
			"translation": [-1.25, 0.25, -5.25],
			"scale": [0.8, 1, 1]
		}
	},
	"groups": [
		{
			"name": "main",
			"origin": [7.9375, 11.02622, 8.27796],
			"color": 0,
			"children": [
				0,
				1,
				2,
				3,
				4,
				5,
				6,
				7,
				8,
				9,
				10,
				11,
				12,
				13,
				14,
				15,
				{
					"name": "sticker0",
					"origin": [6.4, 11.30531, 4.68873],
					"color": 1,
					"children": [16]
				},
				{
					"name": "sticker1",
					"origin": [6.4, 11.30531, 9.68873],
					"color": 2,
					"children": [17]
				},
				{
					"name": "sticker2",
					"origin": [6.4, 11.05531, -2.31127],
					"color": 3,
					"children": [18]
				},
				{
					"name": "barrel_overheat",
					"origin": [8.5, 8, 2],
					"color": 4,
					"children": [19]
				},
				{
					"name": "mag",
					"origin": [7.9125, 10.7491, 2.18696],
					"color": 5,
					"children": [
						{
							"name": "mag_type_default",
							"origin": [7.9625, 10.7491, 2.18696],
							"color": 6,
							"children": [20]
						},
						{
							"name": "mag_type_drum",
							"origin": [8, 10.75, 2.25],
							"color": 7,
							"children": [21]
						}
					]
				},
				{
					"name": "slide",
					"origin": [3.5625, 11.7491, -5.81304],
					"color": 8,
					"children": [22]
				},
				{
					"name": "muzzleflash",
					"origin": [7.99, 12.35, -15.8],
					"color": 9,
					"children": [23]
				},
				{
					"name": "eject",
					"origin": [9.24, 11.6, 2.45],
					"color": 0,
					"children": [24]
				},
				{
					"name": "arms",
					"origin": [11.5625, 2.7491, 7.18696],
					"color": 1,
					"children": [
						{
							"name": "right",
							"origin": [5.5625, 9.7491, -3.81304],
							"color": 2,
							"children": []
						},
						{
							"name": "left",
							"origin": [5.5625, 9.7491, -3.81304],
							"color": 3,
							"children": []
						}
					]
				}
			]
		}
	]
}