{"credit":"Made with Blockbench","textures":{"0":"ttp/qualityarmory/rgbsheet1","particle":"ttp/qualityarmory/rgbsheet1"},"elements":[{"from":[8,30,6],"to":[32,32,22],"rotation":{"angle":-22.5,"axis":"z","origin":[7,31,14]},"faces":{"north":{"uv":[10,14,11,15],"texture":"#0"},"east":{"uv":[10,14,11,15],"texture":"#0"},"south":{"uv":[10,14,11,15],"texture":"#0"},"west":{"uv":[10,14,11,15],"texture":"#0"},"up":{"uv":[10,14,11,15],"texture":"#0"},"down":{"uv":[10,14,11,15],"texture":"#0"}}},{"from":[-15.38268,29.07612,6],"to":[8.61732,31.07612,22],"rotation":{"angle":22.5,"axis":"z","origin":[7,31,14]},"faces":{"north":{"uv":[10,14,11,15],"texture":"#0"},"east":{"uv":[10,14,11,15],"texture":"#0"},"south":{"uv":[10,14,11,15],"texture":"#0"},"west":{"uv":[10,14,11,15],"texture":"#0"},"up":{"uv":[10,14,11,15],"texture":"#0"},"down":{"uv":[10,14,11,15],"texture":"#0"}}},{"from":[4.11732,27.07612,5.75],"to":[13.11732,32,22.5],"rotation":{"angle":0,"axis":"z","origin":[7,31,14]},"faces":{"north":{"uv":[10,14,11,15],"texture":"#0"},"east":{"uv":[10,14,11,15],"texture":"#0"},"south":{"uv":[10,14,11,15],"texture":"#0"},"west":{"uv":[10,14,11,15],"texture":"#0"},"up":{"uv":[10,14,11,15],"texture":"#0"},"down":{"uv":[10,14,11,15],"texture":"#0"}}},{"from":[0,3,19],"to":[0,28,20],"rotation":{"angle":22.5,"axis":"z","origin":[8,5.5,15]},"faces":{"north":{"uv":[11,14,12,15],"texture":"#0"},"east":{"uv":[11,14,12,15],"texture":"#0"},"south":{"uv":[11,14,12,15],"texture":"#0"},"west":{"uv":[11,14,12,15],"texture":"#0"},"up":{"uv":[11,14,12,15],"texture":"#0"},"down":{"uv":[11,14,12,15],"texture":"#0"}}},{"from":[0,3,10],"to":[0,28,11],"rotation":{"angle":22.5,"axis":"z","origin":[8,5.5,15]},"faces":{"north":{"uv":[11,14,12,15],"texture":"#0"},"east":{"uv":[11,14,12,15],"texture":"#0"},"south":{"uv":[11,14,12,15],"texture":"#0"},"west":{"uv":[11,14,12,15],"texture":"#0"},"up":{"uv":[11,14,12,15],"texture":"#0"},"down":{"uv":[11,14,12,15],"texture":"#0"}}},{"from":[16,3,10],"to":[16,28,11],"rotation":{"angle":-22.5,"axis":"z","origin":[8,5.5,15]},"faces":{"north":{"uv":[11,14,12,15],"texture":"#0"},"east":{"uv":[11,14,12,15],"texture":"#0"},"south":{"uv":[11,14,12,15],"texture":"#0"},"west":{"uv":[11,14,12,15],"texture":"#0"},"up":{"uv":[11,14,12,15],"texture":"#0"},"down":{"uv":[11,14,12,15],"texture":"#0"}}},{"from":[16,3,19],"to":[16,28,20],"rotation":{"angle":-22.5,"axis":"z","origin":[8,5.5,15]},"faces":{"north":{"uv":[11,14,12,15],"texture":"#0"},"east":{"uv":[11,14,12,15],"texture":"#0"},"south":{"uv":[11,14,12,15],"texture":"#0"},"west":{"uv":[11,14,12,15],"texture":"#0"},"up":{"uv":[11,14,12,15],"texture":"#0"},"down":{"uv":[11,14,12,15],"texture":"#0"}}}],"display":{"thirdperson_righthand":{"translation":[0,6.25,0],"scale":[0.3,0.3,0.3]},"thirdperson_lefthand":{"translation":[0,7.25,0],"scale":[0.3,0.3,0.3]},"firstperson_righthand":{"translation":[0,7.5,0],"scale":[0.3,0.3,0.3]},"firstperson_lefthand":{"translation":[0,8.25,0],"scale":[0.3,0.3,0.3]},"ground":{"translation":[0,8.75,0],"scale":[0.5,0.5,0.5]},"gui":{"rotation":[7,-33,-20],"translation":[4,8,-1.75],"scale":[0.5,0.5,0.5]},"head":{"translation":[0,-0.5,0]},"fixed":{"rotation":[0,-180,0],"translation":[0.5,8.25,1.5],"scale":[0.5,0.5,0.5]}},"groups":[0,1,2,3,4,5,6,{"name":"group","origin":[8,0.75,18],"children":[]}]}