{"credit":"Made with Blockbench, a free, modern block model editor by JannisX11","textures":{"0":"ttp/qualityarmory/rgbsheet1","particle":"ttp/qualityarmory/rgbsheet1"},"elements":[{"from":[7,4,9],"to":[9,6,13],"faces":{"north":{"uv":[10,15,11,16],"texture":"#0"},"east":{"uv":[10,15,11,16],"texture":"#0"},"south":{"uv":[10,15,11,16],"texture":"#0"},"west":{"uv":[10,15,11,16],"texture":"#0"},"up":{"uv":[10,15,11,16],"texture":"#0"},"down":{"uv":[10,15,11,16],"texture":"#0"}}},{"from":[6,4,10],"to":[10,6,12],"faces":{"north":{"uv":[10,15,11,16],"texture":"#0"},"east":{"uv":[10,15,11,16],"texture":"#0"},"south":{"uv":[10,15,11,16],"texture":"#0"},"west":{"uv":[10,15,11,16],"texture":"#0"},"up":{"uv":[10,15,11,16],"texture":"#0"},"down":{"uv":[10,15,11,16],"texture":"#0"}}},{"from":[7,3,10],"to":[9,7,12],"faces":{"north":{"uv":[10,15,11,16],"texture":"#0"},"east":{"uv":[10,15,11,16],"texture":"#0"},"south":{"uv":[10,15,11,16],"texture":"#0"},"west":{"uv":[10,15,11,16],"texture":"#0"},"up":{"uv":[10,15,11,16],"texture":"#0"},"down":{"uv":[10,15,11,16],"texture":"#0"}}},{"from":[2.75,3.75,6],"to":[4.75,5.75,10],"faces":{"north":{"uv":[10,15,11,16],"texture":"#0"},"east":{"uv":[10,15,11,16],"texture":"#0"},"south":{"uv":[10,15,11,16],"texture":"#0"},"west":{"uv":[10,15,11,16],"texture":"#0"},"up":{"uv":[10,15,11,16],"texture":"#0"},"down":{"uv":[10,15,11,16],"texture":"#0"}}},{"from":[1.75,3.75,7],"to":[5.75,5.75,9],"faces":{"north":{"uv":[10,15,11,16],"texture":"#0"},"east":{"uv":[10,15,11,16],"texture":"#0"},"south":{"uv":[10,15,11,16],"texture":"#0"},"west":{"uv":[10,15,11,16],"texture":"#0"},"up":{"uv":[10,15,11,16],"texture":"#0"},"down":{"uv":[10,15,11,16],"texture":"#0"}}},{"from":[2.75,2.75,7],"to":[4.75,6.75,9],"faces":{"north":{"uv":[10,15,11,16],"texture":"#0"},"east":{"uv":[10,15,11,16],"texture":"#0"},"south":{"uv":[10,15,11,16],"texture":"#0"},"west":{"uv":[10,15,11,16],"texture":"#0"},"up":{"uv":[10,15,11,16],"texture":"#0"},"down":{"uv":[10,15,11,16],"texture":"#0"}}},{"from":[7,4,4],"to":[9,6,8],"faces":{"north":{"uv":[10,15,11,16],"texture":"#0"},"east":{"uv":[10,15,11,16],"texture":"#0"},"south":{"uv":[10,15,11,16],"texture":"#0"},"west":{"uv":[10,15,11,16],"texture":"#0"},"up":{"uv":[10,15,11,16],"texture":"#0"},"down":{"uv":[10,15,11,16],"texture":"#0"}}},{"from":[6,4,5],"to":[10,6,7],"faces":{"north":{"uv":[10,15,11,16],"texture":"#0"},"east":{"uv":[10,15,11,16],"texture":"#0"},"south":{"uv":[10,15,11,16],"texture":"#0"},"west":{"uv":[10,15,11,16],"texture":"#0"},"up":{"uv":[10,15,11,16],"texture":"#0"},"down":{"uv":[10,15,11,16],"texture":"#0"}}},{"from":[7,3,5],"to":[9,7,7],"faces":{"north":{"uv":[10,15,11,16],"texture":"#0"},"east":{"uv":[10,15,11,16],"texture":"#0"},"south":{"uv":[10,15,11,16],"texture":"#0"},"west":{"uv":[10,15,11,16],"texture":"#0"},"up":{"uv":[10,15,11,16],"texture":"#0"},"down":{"uv":[10,15,11,16],"texture":"#0"}}},{"from":[5.25,7.25,6.5],"to":[7.25,9.25,10.5],"faces":{"north":{"uv":[10,15,11,16],"texture":"#0"},"east":{"uv":[10,15,11,16],"texture":"#0"},"south":{"uv":[10,15,11,16],"texture":"#0"},"west":{"uv":[10,15,11,16],"texture":"#0"},"up":{"uv":[10,15,11,16],"texture":"#0"},"down":{"uv":[10,15,11,16],"texture":"#0"}}},{"from":[4.25,7.25,7.5],"to":[8.25,9.25,9.5],"faces":{"north":{"uv":[10,15,11,16],"texture":"#0"},"east":{"uv":[10,15,11,16],"texture":"#0"},"south":{"uv":[10,15,11,16],"texture":"#0"},"west":{"uv":[10,15,11,16],"texture":"#0"},"up":{"uv":[10,15,11,16],"texture":"#0"},"down":{"uv":[10,15,11,16],"texture":"#0"}}},{"from":[5.25,6.25,7.5],"to":[7.25,10.25,9.5],"faces":{"north":{"uv":[10,15,11,16],"texture":"#0"},"east":{"uv":[10,15,11,16],"texture":"#0"},"south":{"uv":[10,15,11,16],"texture":"#0"},"west":{"uv":[10,15,11,16],"texture":"#0"},"up":{"uv":[10,15,11,16],"texture":"#0"},"down":{"uv":[10,15,11,16],"texture":"#0"}}}],"display":{"thirdperson_righthand":{"scale":[0.5,0.5,0.5]},"thirdperson_lefthand":{"scale":[0.35,0.375,0.4]},"firstperson_righthand":{"scale":[0.35,0.35,0.35],"translation":[0,3.5,0]},"firstperson_lefthand":{"scale":[0.375,0.375,0.35],"translation":[0,2,0]},"ground":{"scale":[0.775,0.775,0.775]},"gui":{"scale":[1.525,1.525,1.525],"rotation":[28,45,0],"translation":[0.5,3.5,1.5]}}}