{"credit":"Made with Blockbench","textures":{"0":"ttp/qualityarmory/rgbsheet1"},"elements":[{"name":"Cuboid","from":[6,1,7],"to":[10,8,8],"rotation":{"angle":-22.5,"axis":"y","origin":[8,4.5,7.5]},"faces":{"north":{"uv":[4,4,5,5],"texture":"#0"},"east":{"uv":[4,4,5,5],"texture":"#0"},"south":{"uv":[4,4,5,5],"texture":"#0"},"west":{"uv":[4,4,5,5],"texture":"#0"},"up":{"uv":[4,4,5,5],"rotation":180,"texture":"#0"},"down":{"uv":[4,4,5,5],"rotation":180,"texture":"#0"}}},{"name":"Cuboid","from":[6,1,7],"to":[10,8,8],"rotation":{"angle":0,"axis":"y","origin":[8,4.5,7.5]},"faces":{"north":{"uv":[4,4,5,5],"texture":"#0"},"east":{"uv":[4,4,5,5],"texture":"#0"},"south":{"uv":[4,4,5,5],"texture":"#0"},"west":{"uv":[4,4,5,5],"texture":"#0"},"up":{"uv":[4,4,5,5],"texture":"#0"},"down":{"uv":[4,4,5,5],"texture":"#0"}}},{"name":"Cuboid","from":[6,1,7],"to":[10,8,8],"rotation":{"angle":22.5,"axis":"y","origin":[8,4.5,7.5]},"faces":{"north":{"uv":[4,4,5,5],"texture":"#0"},"east":{"uv":[4,4,5,5],"texture":"#0"},"south":{"uv":[4,4,5,5],"texture":"#0"},"west":{"uv":[4,4,5,5],"texture":"#0"},"up":{"uv":[4,4,5,5],"texture":"#0"},"down":{"uv":[4,4,5,5],"texture":"#0"}}},{"name":"Cuboid","from":[7.5,1,5.5],"to":[8.5,8,9.5],"rotation":{"angle":-22.5,"axis":"y","origin":[8,4.5,7.5]},"faces":{"north":{"uv":[4,4,5,5],"texture":"#0"},"east":{"uv":[4,4,5,5],"texture":"#0"},"south":{"uv":[4,4,5,5],"texture":"#0"},"west":{"uv":[4,4,5,5],"texture":"#0"},"up":{"uv":[4,4,5,5],"rotation":270,"texture":"#0"},"down":{"uv":[4,4,5,5],"rotation":90,"texture":"#0"}}},{"name":"Cuboid","from":[6,1,7],"to":[10,8,8],"rotation":{"angle":45,"axis":"y","origin":[8,4.5,7.5]},"faces":{"north":{"uv":[4,4,5,5],"texture":"#0"},"east":{"uv":[4,4,5,5],"texture":"#0"},"south":{"uv":[4,4,5,5],"texture":"#0"},"west":{"uv":[4,4,5,5],"texture":"#0"},"up":{"uv":[4,4,5,5],"texture":"#0"},"down":{"uv":[4,4,5,5],"texture":"#0"}}},{"name":"Cuboid","from":[7.5,1,5.5],"to":[8.5,8,9.5],"rotation":{"angle":22.5,"axis":"y","origin":[8,4.5,7.5]},"faces":{"north":{"uv":[4,4,5,5],"texture":"#0"},"east":{"uv":[4,4,5,5],"texture":"#0"},"south":{"uv":[4,4,5,5],"texture":"#0"},"west":{"uv":[4,4,5,5],"texture":"#0"},"up":{"uv":[4,4,5,5],"rotation":270,"texture":"#0"},"down":{"uv":[4,4,5,5],"rotation":90,"texture":"#0"}}},{"name":"Cuboid","from":[7.5,1,5.5],"to":[8.5,8,9.5],"rotation":{"angle":0,"axis":"y","origin":[8,4.5,7.5]},"faces":{"north":{"uv":[4,4,5,5],"texture":"#0"},"east":{"uv":[4,4,5,5],"texture":"#0"},"south":{"uv":[4,4,5,5],"texture":"#0"},"west":{"uv":[4,4,5,5],"texture":"#0"},"up":{"uv":[4,4,5,5],"rotation":270,"texture":"#0"},"down":{"uv":[4,4,5,5],"rotation":90,"texture":"#0"}}},{"name":"Cuboid","from":[7.5,1,5.5],"to":[8.5,8,9.5],"rotation":{"angle":45,"axis":"y","origin":[8,4.5,7.5]},"faces":{"north":{"uv":[4,4,5,5],"texture":"#0"},"east":{"uv":[4,4,5,5],"texture":"#0"},"south":{"uv":[4,4,5,5],"texture":"#0"},"west":{"uv":[4,4,5,5],"texture":"#0"},"up":{"uv":[4,4,5,5],"rotation":270,"texture":"#0"},"down":{"uv":[4,4,5,5],"rotation":90,"texture":"#0"}}},{"name":"Cuboid","from":[6.25,8,7],"to":[9.75,11,8],"rotation":{"angle":-22.5,"axis":"y","origin":[8,11.5,7.5]},"faces":{"north":{"uv":[10,5,11,6],"rotation":180,"texture":"#0"},"east":{"uv":[10,5,11,6],"rotation":180,"texture":"#0"},"south":{"uv":[10,5,11,6],"rotation":180,"texture":"#0"},"west":{"uv":[10,5,11,6],"rotation":180,"texture":"#0"},"up":{"uv":[10,5,11,6],"rotation":180,"texture":"#0"},"down":{"uv":[10,5,11,6],"rotation":180,"texture":"#0"}}},{"name":"Cuboid","from":[6.25,8,7],"to":[9.75,11,8],"rotation":{"angle":0,"axis":"y","origin":[8,11.5,7.5]},"faces":{"north":{"uv":[10,5,11,6],"texture":"#0"},"east":{"uv":[10,5,11,6],"texture":"#0"},"south":{"uv":[10,5,11,6],"texture":"#0"},"west":{"uv":[10,5,11,6],"texture":"#0"},"up":{"uv":[10,5,11,6],"texture":"#0"},"down":{"uv":[10,5,11,6],"texture":"#0"}}},{"name":"Cuboid","from":[6.25,8,7],"to":[9.75,11,8],"rotation":{"angle":22.5,"axis":"y","origin":[8,11.5,7.5]},"faces":{"north":{"uv":[10,5,11,6],"texture":"#0"},"east":{"uv":[10,5,11,6],"texture":"#0"},"south":{"uv":[10,5,11,6],"texture":"#0"},"west":{"uv":[10,5,11,6],"texture":"#0"},"up":{"uv":[10,5,11,6],"texture":"#0"},"down":{"uv":[10,5,11,6],"texture":"#0"}}},{"name":"Cuboid","from":[7.5,8,5.75],"to":[8.5,11,9.25],"rotation":{"angle":-22.5,"axis":"y","origin":[8,11.5,7.5]},"faces":{"north":{"uv":[10,5,11,6],"rotation":270,"texture":"#0"},"east":{"uv":[10,5,11,6],"rotation":270,"texture":"#0"},"south":{"uv":[10,5,11,6],"rotation":270,"texture":"#0"},"west":{"uv":[10,5,11,6],"rotation":270,"texture":"#0"},"up":{"uv":[10,5,11,6],"rotation":270,"texture":"#0"},"down":{"uv":[10,5,11,6],"rotation":270,"texture":"#0"}}},{"name":"Cuboid","from":[6.25,8,7],"to":[9.75,11,8],"rotation":{"angle":45,"axis":"y","origin":[8,11.5,7.5]},"faces":{"north":{"uv":[10,5,11,6],"texture":"#0"},"east":{"uv":[10,5,11,6],"texture":"#0"},"south":{"uv":[10,5,11,6],"texture":"#0"},"west":{"uv":[10,5,11,6],"texture":"#0"},"up":{"uv":[10,5,11,6],"texture":"#0"},"down":{"uv":[10,5,11,6],"texture":"#0"}}},{"name":"Cuboid","from":[7.5,8,5.75],"to":[8.5,11,9.25],"rotation":{"angle":22.5,"axis":"y","origin":[8,11.5,7.5]},"faces":{"north":{"uv":[10,5,11,6],"rotation":270,"texture":"#0"},"east":{"uv":[10,5,11,6],"rotation":270,"texture":"#0"},"south":{"uv":[10,5,11,6],"rotation":270,"texture":"#0"},"west":{"uv":[10,5,11,6],"rotation":270,"texture":"#0"},"up":{"uv":[10,5,11,6],"rotation":270,"texture":"#0"},"down":{"uv":[10,5,11,6],"rotation":270,"texture":"#0"}}},{"name":"Cuboid","from":[7.5,8,5.75],"to":[8.5,11,9.25],"rotation":{"angle":0,"axis":"y","origin":[8,11.5,7.5]},"faces":{"north":{"uv":[10,5,11,6],"rotation":270,"texture":"#0"},"east":{"uv":[10,5,11,6],"rotation":270,"texture":"#0"},"south":{"uv":[10,5,11,6],"rotation":270,"texture":"#0"},"west":{"uv":[10,5,11,6],"rotation":270,"texture":"#0"},"up":{"uv":[10,5,11,6],"rotation":270,"texture":"#0"},"down":{"uv":[10,5,11,6],"rotation":270,"texture":"#0"}}},{"name":"Cuboid","from":[7.5,8,5.75],"to":[8.5,11,9.25],"rotation":{"angle":45,"axis":"y","origin":[8,11.5,7.5]},"faces":{"north":{"uv":[10,5,11,6],"rotation":270,"texture":"#0"},"east":{"uv":[10,5,11,6],"rotation":270,"texture":"#0"},"south":{"uv":[10,5,11,6],"rotation":270,"texture":"#0"},"west":{"uv":[10,5,11,6],"rotation":270,"texture":"#0"},"up":{"uv":[10,5,11,6],"rotation":270,"texture":"#0"},"down":{"uv":[10,5,11,6],"rotation":270,"texture":"#0"}}},{"name":"Cuboid","from":[6.75,11,7],"to":[9.25,12.25,8],"rotation":{"angle":-22.5,"axis":"y","origin":[8,14.5,7.5]},"faces":{"north":{"uv":[10,5,11,6],"rotation":180,"texture":"#0"},"east":{"uv":[10,5,11,6],"rotation":180,"texture":"#0"},"south":{"uv":[10,5,11,6],"rotation":180,"texture":"#0"},"west":{"uv":[10,5,11,6],"rotation":180,"texture":"#0"},"up":{"uv":[10,5,11,6],"rotation":180,"texture":"#0"},"down":{"uv":[10,5,11,6],"rotation":180,"texture":"#0"}}},{"name":"Cuboid","from":[6.75,11,7],"to":[9.25,12.25,8],"rotation":{"angle":0,"axis":"y","origin":[8,14.5,7.5]},"faces":{"north":{"uv":[10,5,11,6],"texture":"#0"},"east":{"uv":[10,5,11,6],"texture":"#0"},"south":{"uv":[10,5,11,6],"texture":"#0"},"west":{"uv":[10,5,11,6],"texture":"#0"},"up":{"uv":[10,5,11,6],"texture":"#0"},"down":{"uv":[10,5,11,6],"texture":"#0"}}},{"name":"Cuboid","from":[6.75,11,7],"to":[9.25,12.25,8],"rotation":{"angle":22.5,"axis":"y","origin":[8,14.5,7.5]},"faces":{"north":{"uv":[10,5,11,6],"texture":"#0"},"east":{"uv":[10,5,11,6],"texture":"#0"},"south":{"uv":[10,5,11,6],"texture":"#0"},"west":{"uv":[10,5,11,6],"texture":"#0"},"up":{"uv":[10,5,11,6],"texture":"#0"},"down":{"uv":[10,5,11,6],"texture":"#0"}}},{"name":"Cuboid","from":[7.5,11,6.25],"to":[8.5,12.25,8.75],"rotation":{"angle":-22.5,"axis":"y","origin":[8,14.5,7.5]},"faces":{"north":{"uv":[10,5,11,6],"rotation":270,"texture":"#0"},"east":{"uv":[10,5,11,6],"rotation":270,"texture":"#0"},"south":{"uv":[10,5,11,6],"rotation":270,"texture":"#0"},"west":{"uv":[10,5,11,6],"rotation":270,"texture":"#0"},"up":{"uv":[10,5,11,6],"rotation":270,"texture":"#0"},"down":{"uv":[10,5,11,6],"rotation":270,"texture":"#0"}}},{"name":"Cuboid","from":[6.75,11,7],"to":[9.25,12.25,8],"rotation":{"angle":45,"axis":"y","origin":[8,14.5,7.5]},"faces":{"north":{"uv":[10,5,11,6],"texture":"#0"},"east":{"uv":[10,5,11,6],"texture":"#0"},"south":{"uv":[10,5,11,6],"texture":"#0"},"west":{"uv":[10,5,11,6],"texture":"#0"},"up":{"uv":[10,5,11,6],"texture":"#0"},"down":{"uv":[10,5,11,6],"texture":"#0"}}},{"name":"Cuboid","from":[7.5,11,6.25],"to":[8.5,12.25,8.75],"rotation":{"angle":22.5,"axis":"y","origin":[8,14.5,7.5]},"faces":{"north":{"uv":[10,5,11,6],"rotation":270,"texture":"#0"},"east":{"uv":[10,5,11,6],"rotation":270,"texture":"#0"},"south":{"uv":[10,5,11,6],"rotation":270,"texture":"#0"},"west":{"uv":[10,5,11,6],"rotation":270,"texture":"#0"},"up":{"uv":[10,5,11,6],"rotation":270,"texture":"#0"},"down":{"uv":[10,5,11,6],"rotation":270,"texture":"#0"}}},{"name":"Cuboid","from":[7.5,11,6.25],"to":[8.5,12.25,8.75],"rotation":{"angle":0,"axis":"y","origin":[8,14.5,7.5]},"faces":{"north":{"uv":[10,5,11,6],"rotation":270,"texture":"#0"},"east":{"uv":[10,5,11,6],"rotation":270,"texture":"#0"},"south":{"uv":[10,5,11,6],"rotation":270,"texture":"#0"},"west":{"uv":[10,5,11,6],"rotation":270,"texture":"#0"},"up":{"uv":[10,5,11,6],"rotation":270,"texture":"#0"},"down":{"uv":[10,5,11,6],"rotation":270,"texture":"#0"}}},{"name":"Cuboid","from":[7.5,11,6.25],"to":[8.5,12.25,8.75],"rotation":{"angle":45,"axis":"y","origin":[8,14.5,7.5]},"faces":{"north":{"uv":[10,5,11,6],"rotation":270,"texture":"#0"},"east":{"uv":[10,5,11,6],"rotation":270,"texture":"#0"},"south":{"uv":[10,5,11,6],"rotation":270,"texture":"#0"},"west":{"uv":[10,5,11,6],"rotation":270,"texture":"#0"},"up":{"uv":[10,5,11,6],"rotation":270,"texture":"#0"},"down":{"uv":[10,5,11,6],"rotation":270,"texture":"#0"}}},{"name":"Cuboid","from":[5.75,0.75,7],"to":[10.25,1,8],"rotation":{"angle":-22.5,"axis":"y","origin":[8,4.5,7.5]},"faces":{"north":{"uv":[4,4,5,5],"texture":"#0"},"east":{"uv":[4,4,5,5],"texture":"#0"},"south":{"uv":[4,4,5,5],"texture":"#0"},"west":{"uv":[4,4,5,5],"texture":"#0"},"up":{"uv":[4,4,5,5],"rotation":180,"texture":"#0"},"down":{"uv":[4,4,5,5],"rotation":180,"texture":"#0"}}},{"name":"Cuboid","from":[5.75,0.75,7],"to":[10.25,1,8],"rotation":{"angle":0,"axis":"y","origin":[8,4.5,7.5]},"faces":{"north":{"uv":[4,4,5,5],"texture":"#0"},"east":{"uv":[4,4,5,5],"texture":"#0"},"south":{"uv":[4,4,5,5],"texture":"#0"},"west":{"uv":[4,4,5,5],"texture":"#0"},"up":{"uv":[4,4,5,5],"texture":"#0"},"down":{"uv":[4,4,5,5],"texture":"#0"}}},{"name":"Cuboid","from":[5.75,0.75,7],"to":[10.25,1,8],"rotation":{"angle":22.5,"axis":"y","origin":[8,4.5,7.5]},"faces":{"north":{"uv":[4,4,5,5],"texture":"#0"},"east":{"uv":[4,4,5,5],"texture":"#0"},"south":{"uv":[4,4,5,5],"texture":"#0"},"west":{"uv":[4,4,5,5],"texture":"#0"},"up":{"uv":[4,4,5,5],"texture":"#0"},"down":{"uv":[4,4,5,5],"texture":"#0"}}},{"name":"Cuboid","from":[7.5,0.75,5.25],"to":[8.5,1,9.75],"rotation":{"angle":-22.5,"axis":"y","origin":[8,4.5,7.5]},"faces":{"north":{"uv":[4,4,5,5],"texture":"#0"},"east":{"uv":[4,4,5,5],"texture":"#0"},"south":{"uv":[4,4,5,5],"texture":"#0"},"west":{"uv":[4,4,5,5],"texture":"#0"},"up":{"uv":[4,4,5,5],"rotation":270,"texture":"#0"},"down":{"uv":[4,4,5,5],"rotation":90,"texture":"#0"}}},{"name":"Cuboid","from":[5.75,0.75,7],"to":[10.25,1,8],"rotation":{"angle":45,"axis":"y","origin":[8,4.5,7.5]},"faces":{"north":{"uv":[4,4,5,5],"texture":"#0"},"east":{"uv":[4,4,5,5],"texture":"#0"},"south":{"uv":[4,4,5,5],"texture":"#0"},"west":{"uv":[4,4,5,5],"texture":"#0"},"up":{"uv":[4,4,5,5],"texture":"#0"},"down":{"uv":[4,4,5,5],"texture":"#0"}}},{"name":"Cuboid","from":[7.5,0.75,5.25],"to":[8.5,1,9.75],"rotation":{"angle":22.5,"axis":"y","origin":[8,4.5,7.5]},"faces":{"north":{"uv":[4,4,5,5],"texture":"#0"},"east":{"uv":[4,4,5,5],"texture":"#0"},"south":{"uv":[4,4,5,5],"texture":"#0"},"west":{"uv":[4,4,5,5],"texture":"#0"},"up":{"uv":[4,4,5,5],"rotation":270,"texture":"#0"},"down":{"uv":[4,4,5,5],"rotation":90,"texture":"#0"}}},{"name":"Cuboid","from":[7.5,0.75,5.25],"to":[8.5,1,9.75],"rotation":{"angle":0,"axis":"y","origin":[8,4.5,7.5]},"faces":{"north":{"uv":[4,4,5,5],"texture":"#0"},"east":{"uv":[4,4,5,5],"texture":"#0"},"south":{"uv":[4,4,5,5],"texture":"#0"},"west":{"uv":[4,4,5,5],"texture":"#0"},"up":{"uv":[4,4,5,5],"rotation":270,"texture":"#0"},"down":{"uv":[4,4,5,5],"rotation":90,"texture":"#0"}}},{"name":"Cuboid","from":[7.5,0.75,5.25],"to":[8.5,1,9.75],"rotation":{"angle":45,"axis":"y","origin":[8,4.5,7.5]},"faces":{"north":{"uv":[4,4,5,5],"texture":"#0"},"east":{"uv":[4,4,5,5],"texture":"#0"},"south":{"uv":[4,4,5,5],"texture":"#0"},"west":{"uv":[4,4,5,5],"texture":"#0"},"up":{"uv":[4,4,5,5],"rotation":270,"texture":"#0"},"down":{"uv":[4,4,5,5],"rotation":90,"texture":"#0"}}}],"display":{"thirdperson_righthand":{"rotation":[-7,-2,-10],"translation":[0,0,-2],"scale":[0.2,0.2,0.2]},"thirdperson_lefthand":{"rotation":[-7,1,11],"translation":[-15,0,-2],"scale":[0.2,0.2,0.2]},"firstperson_righthand":{"rotation":[0,-2,0],"translation":[0,3,0],"scale":[0.7,0.7,0.7]},"firstperson_lefthand":{"translation":[-9,3,0],"scale":[0.7,0.7,0.7]},"ground":{"rotation":[0,0,-23],"translation":[3.59,-0.94,6.05]},"gui":{"rotation":[0,-50,0],"translation":[0,1,0]},"fixed":{"rotation":[-1,3,-41],"translation":[12.28,3.4,10.39],"scale":[3.37,3.37,3.4]}},"groups":[{"name":"group","origin":[8,4.5,7.5],"children":[0,1,2,3,4,5,6,7]},{"name":"group","origin":[8,4.5,7.5],"children":[8,9,10,11,12,13,14,15]},{"name":"group","origin":[8,4.5,7.5],"children":[16,17,18,19,20,21,22,23]},{"name":"group","origin":[8,4.5,7.5],"children":[24,25,26,27,28,29,30,31]}]}