{"credit":"Made with Blockbench, a free, modern block model editor by JannisX11","textures":{"0":"ttp/qualityarmory/rgbsheet1","particle":"ttp/qualityarmory/rgbsheet1"},"elements":[{"name":"RcketHead1","from":[7,11,6],"to":[9,13.5,8],"rotation":{"angle":22.5,"axis":"x","origin":[8,8,8]},"faces":{"north":{"uv":[1,3,2,4],"texture":"#0"},"east":{"uv":[1,3,2,4],"texture":"#0"},"south":{"uv":[1,3,2,4],"texture":"#0"},"west":{"uv":[1,3,2,4],"texture":"#0"},"up":{"uv":[1,3,2,4],"texture":"#0"},"down":{"uv":[1,3,2,4],"texture":"#0"}}},{"name":"Cube","from":[7,11,8],"to":[9,13.5,10],"rotation":{"angle":-22.5,"axis":"x","origin":[8,8,8]},"faces":{"north":{"uv":[1,3,2,4],"texture":"#0"},"east":{"uv":[1,3,2,4],"texture":"#0"},"south":{"uv":[1,3,2,4],"texture":"#0"},"west":{"uv":[1,3,2,4],"texture":"#0"},"up":{"uv":[1,3,2,4],"texture":"#0"},"down":{"uv":[1,3,2,4],"texture":"#0"}}},{"name":"Cube","from":[8,11,7],"to":[10,13.5,9],"rotation":{"angle":22.5,"axis":"z","origin":[8,8,8]},"faces":{"north":{"uv":[1,3,2,4],"texture":"#0"},"east":{"uv":[1,3,2,4],"texture":"#0"},"south":{"uv":[1,3,2,4],"texture":"#0"},"west":{"uv":[1,3,2,4],"texture":"#0"},"up":{"uv":[1,3,2,4],"texture":"#0"},"down":{"uv":[1,3,2,4],"texture":"#0"}}},{"name":"Cube","from":[6,11,7],"to":[8,13.5,9],"rotation":{"angle":-22.5,"axis":"z","origin":[8,8,8]},"faces":{"north":{"uv":[1,3,2,4],"texture":"#0"},"east":{"uv":[1,3,2,4],"texture":"#0"},"south":{"uv":[1,3,2,4],"texture":"#0"},"west":{"uv":[1,3,2,4],"texture":"#0"},"up":{"uv":[1,3,2,4],"texture":"#0"},"down":{"uv":[1,3,2,4],"texture":"#0"}}},{"name":"Cube","from":[7.5,0,5],"to":[8.5,2,7],"faces":{"north":{"uv":[10,14,11,15],"texture":"#0"},"east":{"uv":[10,14,11,15],"texture":"#0"},"south":{"uv":[10,14,11,15],"texture":"#0"},"west":{"uv":[10,14,11,15],"texture":"#0"},"up":{"uv":[10,14,11,15],"texture":"#0"},"down":{"uv":[10,14,11,15],"texture":"#0"}}},{"name":"Cube","from":[7.5,0,9],"to":[8.5,2,11],"faces":{"north":{"uv":[10,14,11,15],"texture":"#0"},"east":{"uv":[10,14,11,15],"texture":"#0"},"south":{"uv":[10,14,11,15],"texture":"#0"},"west":{"uv":[10,14,11,15],"texture":"#0"},"up":{"uv":[10,14,11,15],"texture":"#0"},"down":{"uv":[10,14,11,15],"texture":"#0"}}},{"name":"Cube","from":[4,15,7.5],"to":[6,15.75,8.5],"rotation":{"angle":-22.5,"axis":"z","origin":[8,8,8]},"faces":{"north":{"uv":[1,3,2,4],"texture":"#0"},"east":{"uv":[1,3,2,4],"texture":"#0"},"south":{"uv":[1,3,2,4],"texture":"#0"},"west":{"uv":[1,3,2,4],"texture":"#0"},"up":{"uv":[1,3,2,4],"texture":"#0"},"down":{"uv":[1,3,2,4],"texture":"#0"}}},{"name":"Cube","from":[7.5,15,10],"to":[8.5,15.75,12],"rotation":{"angle":-22.5,"axis":"x","origin":[8,8,8]},"faces":{"north":{"uv":[1,3,2,4],"texture":"#0"},"east":{"uv":[1,3,2,4],"texture":"#0"},"south":{"uv":[1,3,2,4],"texture":"#0"},"west":{"uv":[1,3,2,4],"texture":"#0"},"up":{"uv":[1,3,2,4],"texture":"#0"},"down":{"uv":[1,3,2,4],"texture":"#0"}}},{"name":"Cube","from":[7.5,15,4],"to":[8.5,15.75,6],"rotation":{"angle":22.5,"axis":"x","origin":[8,8,8]},"faces":{"north":{"uv":[1,3,2,4],"texture":"#0"},"east":{"uv":[1,3,2,4],"texture":"#0"},"south":{"uv":[1,3,2,4],"texture":"#0"},"west":{"uv":[1,3,2,4],"texture":"#0"},"up":{"uv":[1,3,2,4],"texture":"#0"},"down":{"uv":[1,3,2,4],"texture":"#0"}}},{"name":"RocketHead","from":[10,15,7.5],"to":[12,15.75,8.5],"rotation":{"angle":22.5,"axis":"z","origin":[8,8,8]},"faces":{"north":{"uv":[1,3,2,4],"texture":"#0"},"east":{"uv":[1,3,2,4],"texture":"#0"},"south":{"uv":[1,3,2,4],"texture":"#0"},"west":{"uv":[1,3,2,4],"texture":"#0"},"up":{"uv":[1,3,2,4],"texture":"#0"},"down":{"uv":[1,3,2,4],"texture":"#0"}}},{"name":"Cube","from":[4,12,7],"to":[6,15,9],"rotation":{"angle":-22.5,"axis":"z","origin":[8,8,8]},"faces":{"north":{"uv":[1,3,2,4],"texture":"#0"},"east":{"uv":[1,3,2,4],"texture":"#0"},"south":{"uv":[1,3,2,4],"texture":"#0"},"west":{"uv":[1,3,2,4],"texture":"#0"},"up":{"uv":[1,3,2,4],"texture":"#0"},"down":{"uv":[1,3,2,4],"texture":"#0"}}},{"name":"Cube","from":[7,12,10],"to":[9,15,12],"rotation":{"angle":-22.5,"axis":"x","origin":[8,8,8]},"faces":{"north":{"uv":[1,3,2,4],"texture":"#0"},"east":{"uv":[1,3,2,4],"texture":"#0"},"south":{"uv":[1,3,2,4],"texture":"#0"},"west":{"uv":[1,3,2,4],"texture":"#0"},"up":{"uv":[1,3,2,4],"texture":"#0"},"down":{"uv":[1,3,2,4],"texture":"#0"}}},{"name":"Cube","from":[7,12,4],"to":[9,15,6],"rotation":{"angle":22.5,"axis":"x","origin":[8,8,8]},"faces":{"north":{"uv":[1,3,2,4],"texture":"#0"},"east":{"uv":[1,3,2,4],"texture":"#0"},"south":{"uv":[1,3,2,4],"texture":"#0"},"west":{"uv":[1,3,2,4],"texture":"#0"},"up":{"uv":[1,3,2,4],"texture":"#0"},"down":{"uv":[1,3,2,4],"texture":"#0"}}},{"name":"RocketHead","from":[10,12,7],"to":[12,15,9],"rotation":{"angle":22.5,"axis":"z","origin":[8,8,8]},"faces":{"north":{"uv":[1,3,2,4],"texture":"#0"},"east":{"uv":[1,3,2,4],"texture":"#0"},"south":{"uv":[1,3,2,4],"texture":"#0"},"west":{"uv":[1,3,2,4],"texture":"#0"},"up":{"uv":[1,3,2,4],"texture":"#0"},"down":{"uv":[1,3,2,4],"texture":"#0"}}},{"name":"Cube","from":[5,0,7.5],"to":[7,2,8.5],"rotation":{"angle":0,"axis":"y","origin":[8,1,8]},"faces":{"north":{"uv":[10,14,11,15],"texture":"#0"},"east":{"uv":[10,14,11,15],"texture":"#0"},"south":{"uv":[10,14,11,15],"texture":"#0"},"west":{"uv":[10,14,11,15],"texture":"#0"},"up":{"uv":[10,14,11,15],"texture":"#0","rotation":270},"down":{"uv":[10,14,11,15],"texture":"#0","rotation":90}}},{"name":"Cube","from":[9,0,7.5],"to":[11,2,8.5],"rotation":{"angle":0,"axis":"y","origin":[8,1,8]},"faces":{"north":{"uv":[10,14,11,15],"texture":"#0"},"east":{"uv":[10,14,11,15],"texture":"#0"},"south":{"uv":[10,14,11,15],"texture":"#0"},"west":{"uv":[10,14,11,15],"texture":"#0"},"up":{"uv":[10,14,11,15],"texture":"#0","rotation":270},"down":{"uv":[10,14,11,15],"texture":"#0","rotation":90}}},{"name":"Cube","from":[7,0,7.5],"to":[9,12,8.5],"rotation":{"angle":0,"axis":"y","origin":[8,6,8]},"faces":{"north":{"uv":[1,3,2,4],"texture":"#0"},"east":{"uv":[1,3,2,4],"texture":"#0"},"south":{"uv":[1,3,2,4],"texture":"#0"},"west":{"uv":[1,3,2,4],"texture":"#0"},"up":{"uv":[1,3,2,4],"texture":"#0","rotation":270},"down":{"uv":[1,3,2,4],"texture":"#0","rotation":90}}},{"name":"Cube","from":[7,0,7.5],"to":[9,12,8.5],"rotation":{"angle":45,"axis":"y","origin":[8,6,8]},"faces":{"north":{"uv":[1,3,2,4],"texture":"#0"},"east":{"uv":[1,3,2,4],"texture":"#0"},"south":{"uv":[1,3,2,4],"texture":"#0"},"west":{"uv":[1,3,2,4],"texture":"#0"},"up":{"uv":[1,3,2,4],"texture":"#0","rotation":270},"down":{"uv":[1,3,2,4],"texture":"#0","rotation":90}}},{"name":"Cube","from":[7.5,0,7],"to":[8.5,12,9],"rotation":{"angle":45,"axis":"y","origin":[8,6,8]},"faces":{"north":{"uv":[1,3,2,4],"texture":"#0"},"east":{"uv":[1,3,2,4],"texture":"#0"},"south":{"uv":[1,3,2,4],"texture":"#0"},"west":{"uv":[1,3,2,4],"texture":"#0"},"up":{"uv":[1,3,2,4],"texture":"#0"},"down":{"uv":[1,3,2,4],"texture":"#0"}}},{"name":"Cube","from":[7.5,0,7],"to":[8.5,12,9],"faces":{"north":{"uv":[1,3,2,4],"texture":"#0"},"east":{"uv":[1,3,2,4],"texture":"#0"},"south":{"uv":[1,3,2,4],"texture":"#0"},"west":{"uv":[1,3,2,4],"texture":"#0"},"up":{"uv":[1,3,2,4],"texture":"#0"},"down":{"uv":[1,3,2,4],"texture":"#0"}}}],"display":{"thirdperson_righthand":{"rotation":[-7,-2,-10],"translation":[0,0,-2]},"thirdperson_lefthand":{"rotation":[-7,1,11],"translation":[-15,0,-2]},"firstperson_righthand":{"rotation":[0,-2,0],"translation":[0,3,0]},"firstperson_lefthand":{"rotation":[0,0,0],"translation":[-9,3,0]},"gui":{"rotation":[0,-50,0],"translation":[0,1,0],"scale":[0.7,0.7,0.7]},"ground":{"rotation":[0,0,-23],"translation":[3.59,-0.94,6.05]},"fixed":{"rotation":[-1,3,-41],"translation":[12.28,3.4,10.39],"scale":[3.37,3.37,3.4]}},"groups":[0,1,2,3,4,5,{"name":"group","isOpen":true,"shade":true,"display":{"visibility":true,"autouv":true},"children":[6,7,8,9]},{"name":"group","isOpen":true,"shade":true,"display":{"visibility":true,"autouv":true},"children":[10,11,12,13]},14,15,{"name":"group","isOpen":true,"shade":true,"display":{"visibility":true,"autouv":true},"children":[16,17,18,19]}]}