{"credit":"Made with Blockbench","textures":{"0":"ttp/qualityarmory/rgbsheet1","particle":"ttp/qualityarmory/rgbsheet1"},"elements":[{"name":"Cube","from":[6,7,7],"to":[7,10.25,9],"rotation":{"angle":-22.5,"axis":"z","origin":[8,8,8]},"faces":{"north":{"uv":[8,6,9,7],"texture":"#0"},"east":{"uv":[8,6,9,7],"texture":"#0"},"south":{"uv":[8,6,9,7],"texture":"#0"},"west":{"uv":[8,6,9,7],"texture":"#0"},"up":{"uv":[8,6,9,7],"texture":"#0"},"down":{"uv":[8,6,9,7],"texture":"#0"}}},{"name":"Cube","from":[9,7,7],"to":[10,10.25,9],"rotation":{"angle":22.5,"axis":"z","origin":[8,8,8]},"faces":{"north":{"uv":[8,6,9,7],"texture":"#0"},"east":{"uv":[8,6,9,7],"texture":"#0"},"south":{"uv":[8,6,9,7],"texture":"#0"},"west":{"uv":[8,6,9,7],"texture":"#0"},"up":{"uv":[8,6,9,7],"texture":"#0"},"down":{"uv":[8,6,9,7],"texture":"#0"}}},{"name":"Cube","from":[7,7,6],"to":[9,10.25,7],"rotation":{"angle":22.5,"axis":"x","origin":[8,8,8]},"faces":{"north":{"uv":[8,6,9,7],"texture":"#0"},"east":{"uv":[8,6,9,7],"texture":"#0"},"south":{"uv":[8,6,9,7],"texture":"#0"},"west":{"uv":[8,6,9,7],"texture":"#0"},"up":{"uv":[8,6,9,7],"texture":"#0"},"down":{"uv":[8,6,9,7],"texture":"#0"}}},{"name":"Bullet top 4","from":[7,7,9],"to":[9,10.25,10],"rotation":{"angle":-22.5,"axis":"x","origin":[8,8,8]},"faces":{"north":{"uv":[8,6,9,7],"texture":"#0"},"east":{"uv":[8,6,9,7],"texture":"#0"},"south":{"uv":[8,6,9,7],"texture":"#0"},"west":{"uv":[8,6,9,7],"texture":"#0"},"up":{"uv":[8,6,9,7],"texture":"#0"},"down":{"uv":[8,6,9,7],"texture":"#0"}}},{"name":"Cube","from":[7,6.25,6],"to":[9,8,10],"rotation":{"angle":-45,"axis":"y","origin":[8,8,8]},"faces":{"north":{"uv":[8,7,9,8],"texture":"#0"},"east":{"uv":[8,7,9,8],"texture":"#0"},"south":{"uv":[8,7,9,8],"texture":"#0"},"west":{"uv":[8,7,9,8],"texture":"#0"},"up":{"uv":[8,7,9,8],"texture":"#0"},"down":{"uv":[8,7,9,8],"texture":"#0"}}},{"name":"Cube","from":[7,6.25,6],"to":[9,8,10],"rotation":{"angle":45,"axis":"y","origin":[8,8,8]},"faces":{"north":{"uv":[8,7,9,8],"texture":"#0"},"east":{"uv":[8,7,9,8],"texture":"#0"},"south":{"uv":[8,7,9,8],"texture":"#0"},"west":{"uv":[8,7,9,8],"texture":"#0"},"up":{"uv":[8,7,9,8],"texture":"#0"},"down":{"uv":[8,7,9,8],"texture":"#0"}}},{"name":"Casing 2","from":[7,6.25,6],"to":[9,8,10],"faces":{"north":{"uv":[8,7,9,8],"texture":"#0"},"east":{"uv":[8,7,9,8],"texture":"#0"},"south":{"uv":[8,7,9,8],"texture":"#0"},"west":{"uv":[8,7,9,8],"texture":"#0"},"up":{"uv":[8,7,9,8],"texture":"#0"},"down":{"uv":[8,7,9,8],"texture":"#0"}}},{"name":"Cuboid","from":[6,6.25,7],"to":[10,8,9],"faces":{"north":{"uv":[8,7,9,8],"texture":"#0"},"east":{"uv":[8,7,9,8],"texture":"#0"},"south":{"uv":[8,7,9,8],"texture":"#0"},"west":{"uv":[8,7,9,8],"texture":"#0"},"up":{"uv":[8,7,9,8],"texture":"#0"},"down":{"uv":[8,7,9,8],"texture":"#0"}}},{"name":"Cube","from":[7,8,6.25],"to":[9,8.75,9.75],"rotation":{"angle":45,"axis":"y","origin":[8,9.5,8]},"faces":{"north":{"uv":[8,7,9,8],"texture":"#0"},"east":{"uv":[8,7,9,8],"texture":"#0"},"south":{"uv":[8,7,9,8],"texture":"#0"},"west":{"uv":[8,7,9,8],"texture":"#0"},"up":{"uv":[8,7,9,8],"texture":"#0"},"down":{"uv":[8,7,9,8],"texture":"#0"}}},{"name":"Cube","from":[7,8,6.25],"to":[9,8.75,9.75],"rotation":{"angle":-45,"axis":"y","origin":[8,9.5,8]},"faces":{"north":{"uv":[8,7,9,8],"texture":"#0"},"east":{"uv":[8,7,9,8],"texture":"#0"},"south":{"uv":[8,7,9,8],"texture":"#0"},"west":{"uv":[8,7,9,8],"texture":"#0"},"up":{"uv":[8,7,9,8],"texture":"#0"},"down":{"uv":[8,7,9,8],"texture":"#0"}}},{"name":"Cube","from":[7,0.5,6],"to":[9,6.25,10],"rotation":{"angle":-45,"axis":"y","origin":[8,4.25,8]},"faces":{"north":{"uv":[8,14,9,15],"texture":"#0"},"east":{"uv":[8,14,9,15],"texture":"#0"},"south":{"uv":[8,14,9,15],"texture":"#0"},"west":{"uv":[8,14,9,15],"texture":"#0"},"up":{"uv":[8,14,9,15],"texture":"#0"},"down":{"uv":[8,14,9,15],"texture":"#0"}}},{"name":"Cube","from":[7,0.5,6],"to":[9,6.25,10],"rotation":{"angle":45,"axis":"y","origin":[8,4.25,8]},"faces":{"north":{"uv":[8,14,9,15],"texture":"#0"},"east":{"uv":[8,14,9,15],"texture":"#0"},"south":{"uv":[8,14,9,15],"texture":"#0"},"west":{"uv":[8,14,9,15],"texture":"#0"},"up":{"uv":[8,14,9,15],"texture":"#0"},"down":{"uv":[8,14,9,15],"texture":"#0"}}},{"name":"Casing 2","from":[7,0.5,6],"to":[9,6.25,10],"faces":{"north":{"uv":[8,14,9,15],"texture":"#0"},"east":{"uv":[8,14,9,15],"texture":"#0"},"south":{"uv":[8,14,9,15],"texture":"#0"},"west":{"uv":[8,14,9,15],"texture":"#0"},"up":{"uv":[8,14,9,15],"texture":"#0"},"down":{"uv":[8,14,9,15],"texture":"#0"}}},{"name":"Cuboid","from":[6,0.5,7],"to":[10,6.25,9],"faces":{"north":{"uv":[8,14,9,15],"texture":"#0"},"east":{"uv":[8,14,9,15],"texture":"#0"},"south":{"uv":[8,14,9,15],"texture":"#0"},"west":{"uv":[8,14,9,15],"texture":"#0"},"up":{"uv":[8,14,9,15],"texture":"#0"},"down":{"uv":[8,14,9,15],"texture":"#0"}}}],"display":{"thirdperson_righthand":{"rotation":[-7,-2,-10],"translation":[0,0,-2],"scale":[0.2,0.2,0.2]},"thirdperson_lefthand":{"rotation":[-7,1,11],"translation":[-15,0,-2],"scale":[0.2,0.2,0.2]},"firstperson_righthand":{"rotation":[0,-2,0],"translation":[0,3,0],"scale":[0.7,0.7,0.7]},"firstperson_lefthand":{"translation":[-9,3,0],"scale":[0.7,0.7,0.7]},"ground":{"rotation":[0,0,-23],"translation":[3.59,-0.94,6.05]},"gui":{"rotation":[0,-50,0],"translation":[0,1,0]},"fixed":{"rotation":[-1,3,-41],"translation":[12.28,3.4,10.39],"scale":[3.37,3.37,3.4]}},"groups":[0,1,2,3,{"name":"group","origin":[8,8,8],"children":[4,5,6,7]},{"name":"group","origin":[8,8,8],"children":[8,9]},{"name":"group","origin":[8,8,8],"children":[10,11,12,13]}]}