{
    "parent": "item/handheld_rod",
    "textures": {
        "layer0": "item/carrot_on_a_stick"
    },
    "overrides": [
        {
            "predicate": {
                "custom_model_data": 1
            },
            "model": "minecraft:ttp/item/weapons/ak47/static"
        },
        {
            "predicate": {
                "custom_model_data": 2
            },
            "model": "minecraft:ttp/item/weapons/m4a1/static"
        },
        {
            "predicate": {
                "custom_model_data": 3
            },
            "model": "item/some/weapons/mp5/0/static"
        },
        {
            "predicate": {
                "custom_model_data": 4
            },
            "model": "minecraft:ttp/item/weapons/glock/static"
        },
        {
            "predicate": {
                "custom_model_data": 5
            },
            "model": "item/some/weapons/doublebarrel/0/static"
        },
        {
            "predicate": {
                "custom_model_data": 1001
            },
            "model": "minecraft:ttp/item/weapons/ak47/ads"
        },
        {
            "predicate": {
                "custom_model_data": 1002
            },
            "model": "minecraft:ttp/item/weapons/m4a1/ads"
        },
        {
            "predicate": {
                "custom_model_data": 1003
            },
            "model": "item/some/weapons/mp5/0/ads"
        },
        {
            "predicate": {
                "custom_model_data": 1004
            },
            "model": "minecraft:ttp/item/weapons/glock/ads"
        },
        {
            "predicate": {
                "custom_model_data": 1005
            },
            "model": "item/some/weapons/doublebarrel/0/ads"
        },
        {
            "predicate": {
                "custom_model_data": 2001
            },
            "model": "minecraft:ttp/item/weapons/ak47/run"
        },
        {
            "predicate": {
                "custom_model_data": 2002
            },
            "model": "minecraft:ttp/item/weapons/m4a1/run"
        },
        {
            "predicate": {
                "custom_model_data": 2003
            },
            "model": "item/some/weapons/mp5/0/run"
        },
        {
            "predicate": {
                "custom_model_data": 2004
            },
            "model": "minecraft:ttp/item/weapons/glock/run"
        },
        {
            "predicate": {
                "custom_model_data": 2005
            },
            "model": "item/some/weapons/doublebarrel/0/run"
        },
        {
            "predicate": {
                "custom_model_data": 3001
            },
            "model": "minecraft:ttp/item/weapons/ak47/reload"
        },
        {
            "predicate": {
                "custom_model_data": 3002
            },
            "model": "minecraft:ttp/item/weapons/m4a1/reload"
        },
        {
            "predicate": {
                "custom_model_data": 3003
            },
            "model": "item/some/weapons/mp5/0/reload"
        },
        {
            "predicate": {
                "custom_model_data": 3004
            },
            "model": "minecraft:ttp/item/weapons/glock/reload"
        },
        {
            "predicate": {
                "custom_model_data": 3005
            },
            "model": "item/some/weapons/doublebarrel/0/reload"
        },
        {
            "predicate": {
                "custom_model_data": 10001
            },
            "model": "item/some/weapons/ak47/velvet/static"
        },
        {
            "predicate": {
                "custom_model_data": 10002
            },
            "model": "item/some/weapons/m4a1/velvet/static"
        },
        {
            "predicate": {
                "custom_model_data": 10003
            },
            "model": "item/some/weapons/mp5/velvet/static"
        },
        {
            "predicate": {
                "custom_model_data": 10004
            },
            "model": "item/some/weapons/glock/velvet/static"
        },
        {
            "predicate": {
                "custom_model_data": 10005
            },
            "model": "item/some/weapons/doublebarrel/velvet/static"
        },
        {
            "predicate": {
                "custom_model_data": 11001
            },
            "model": "item/some/weapons/ak47/velvet/ads"
        },
        {
            "predicate": {
                "custom_model_data": 11002
            },
            "model": "item/some/weapons/m4a1/velvet/ads"
        },
        {
            "predicate": {
                "custom_model_data": 11003
            },
            "model": "item/some/weapons/mp5/velvet/ads"
        },
        {
            "predicate": {
                "custom_model_data": 11004
            },
            "model": "item/some/weapons/glock/velvet/ads"
        },
        {
            "predicate": {
                "custom_model_data": 11005
            },
            "model": "item/some/weapons/doublebarrel/velvet/ads"
        },
        {
            "predicate": {
                "custom_model_data": 12001
            },
            "model": "item/some/weapons/ak47/velvet/run"
        },
        {
            "predicate": {
                "custom_model_data": 12002
            },
            "model": "item/some/weapons/m4a1/velvet/run"
        },
        {
            "predicate": {
                "custom_model_data": 12003
            },
            "model": "item/some/weapons/mp5/velvet/run"
        },
        {
            "predicate": {
                "custom_model_data": 12004
            },
            "model": "item/some/weapons/glock/velvet/run"
        },
        {
            "predicate": {
                "custom_model_data": 12005
            },
            "model": "item/some/weapons/doublebarrel/velvet/run"
        },
        {
            "predicate": {
                "custom_model_data": 13001
            },
            "model": "item/some/weapons/ak47/velvet/reload"
        },
        {
            "predicate": {
                "custom_model_data": 13002
            },
            "model": "item/some/weapons/m4a1/velvet/reload"
        },
        {
            "predicate": {
                "custom_model_data": 13003
            },
            "model": "item/some/weapons/mp5/velvet/reload"
        },
        {
            "predicate": {
                "custom_model_data": 13004
            },
            "model": "item/some/weapons/glock/velvet/reload"
        },
        {
            "predicate": {
                "custom_model_data": 13005
            },
            "model": "item/some/weapons/doublebarrel/velvet/reload"
        }
    ]
}