{"parent":"item/generated","textures":{"layer0":"item/crossbow_standby"},"display":{"thirdperson_righthand":{"rotation":[-90,0,-60],"translation":[2,0.1,-3],"scale":[0.9,0.9,0.9]},"thirdperson_lefthand":{"rotation":[-90,0,30],"translation":[2,0.1,-3],"scale":[0.9,0.9,0.9]},"firstperson_righthand":{"rotation":[-90,0,-55],"translation":[1.13,3.2,1.13],"scale":[0.68,0.68,0.68]},"firstperson_lefthand":{"rotation":[-90,0,35],"translation":[1.13,3.2,1.13],"scale":[0.68,0.68,0.68]}},"overrides":[{"predicate":{"pulling":1},"model":"item/crossbow_pulling_0"},{"predicate":{"pulling":1,"pull":0.58},"model":"item/crossbow_pulling_1"},{"predicate":{"pulling":1,"pull":1},"model":"item/crossbow_pulling_2"},{"predicate":{"charged":1},"model":"item/crossbow_arrow"},{"predicate":{"charged":1,"firework":1},"model":"item/crossbow_firework"},{"predicate":{"custom_model_data":1},"model":"politmine/item/weapons/springfield"},{"predicate":{"custom_model_data":2},"model":"politmine/item/weapons/lee_enfield"},{"predicate":{"custom_model_data":3},"model":"politmine/item/weapons/lebel_1886"},{"predicate":{"custom_model_data":4},"model":"politmine/item/weapons/gewehr_1888"},{"predicate":{"custom_model_data":5},"model":"politmine/item/weapons/mosin_nagant"},{"predicate":{"custom_model_data":6},"model":"politmine/item/weapons/mannlicher_1895"},{"predicate":{"custom_model_data":7},"model":"politmine/item/weapons/hanyang_1888"},{"predicate":{"custom_model_data":8},"model":"politmine/item/weapons/type38"},{"predicate":{"custom_model_data":9},"model":"politmine/item/weapons/fusil_1917"},{"predicate":{"custom_model_data":10},"model":"politmine/item/weapons/m1_carbine"},{"predicate":{"custom_model_data":11},"model":"politmine/item/weapons/thompson"},{"predicate":{"custom_model_data":12},"model":"politmine/item/weapons/stg44"},{"predicate":{"custom_model_data":13},"model":"politmine/item/weapons/mg42"},{"predicate":{"custom_model_data":14},"model":"politmine/item/weapons/mauserc96"},{"predicate":{"custom_model_data":15},"model":"ttp/item/weapons/glock/static"},{"predicate":{"custom_model_data":16},"model":"ttp/item/weapons/ak47/static"},{"predicate":{"custom_model_data":17},"model":"ttp/item/weapons/m4a1/static"},{"predicate":{"custom_model_data":18},"model":"ttp/item/weapons/dp28/static"}]}