{"parent":"item/handheld","textures":{"layer0":"item/feather"},"overrides":[{"predicate":{"custom_model_data":-1002},"model":"item/misc/suppressor"},{"predicate":{"custom_model_data":-1001},"model":"item/misc/reflexsight"},{"predicate":{"custom_model_data":-1000},"model":"politmine/item/weapons/reticle_pmii"},{"predicate":{"custom_model_data":-101},"model":"politmine/item/weapons/ammo_nuke"},{"predicate":{"custom_model_data":-100},"model":"politmine/item/weapons/ammo_rocket"},{"predicate":{"custom_model_data":-10},"model":"politmine/item/weapons/combatknife"},{"predicate":{"custom_model_data":-1},"model":"politmine/item/weapons/stim"},{"predicate":{"custom_model_data":0},"model":"item/feather"},{"predicate":{"custom_model_data":1},"model":"politmine/item/weapons/springfield"},{"predicate":{"custom_model_data":2},"model":"politmine/item/weapons/lee_enfield"},{"predicate":{"custom_model_data":3},"model":"politmine/item/weapons/lebel_1886"},{"predicate":{"custom_model_data":4},"model":"politmine/item/weapons/gewehr_1888"},{"predicate":{"custom_model_data":5},"model":"politmine/item/weapons/mosin_nagant"},{"predicate":{"custom_model_data":6},"model":"politmine/item/weapons/mannlicher_1895"},{"predicate":{"custom_model_data":7},"model":"politmine/item/weapons/hanyang_1888"},{"predicate":{"custom_model_data":8},"model":"politmine/item/weapons/type38"},{"predicate":{"custom_model_data":9},"model":"politmine/item/weapons/fusil_1917"},{"predicate":{"custom_model_data":10},"model":"politmine/item/weapons/m1_carbine"},{"predicate":{"custom_model_data":11},"model":"politmine/item/weapons/thompson"},{"predicate":{"custom_model_data":12},"model":"politmine/item/weapons/stg44"},{"predicate":{"custom_model_data":13},"model":"politmine/item/weapons/mg42"},{"predicate":{"custom_model_data":14},"model":"politmine/item/weapons/mauserc96"},{"predicate":{"custom_model_data":15},"model":"ttp/item/weapons/glock/static"},{"predicate":{"custom_model_data":16},"model":"ttp/item/weapons/ak47/static"},{"predicate":{"custom_model_data":17},"model":"ttp/item/weapons/m4a1/static"},{"predicate":{"custom_model_data":18},"model":"ttp/item/weapons/dp28/static"},{"predicate":{"custom_model_data":1001},"model":"politmine/item/weapons/springfieldaiming"},{"predicate":{"custom_model_data":1002},"model":"politmine/item/weapons/lee_enfieldaiming"},{"predicate":{"custom_model_data":1003},"model":"politmine/item/weapons/lebel_1886aiming"},{"predicate":{"custom_model_data":1004},"model":"politmine/item/weapons/gewehr_1888aiming"},{"predicate":{"custom_model_data":1005},"model":"politmine/item/weapons/mosin_nagantaiming"},{"predicate":{"custom_model_data":1006},"model":"politmine/item/weapons/mannlicher_1895aiming"},{"predicate":{"custom_model_data":1007},"model":"politmine/item/weapons/hanyang_1888aiming"},{"predicate":{"custom_model_data":1008},"model":"politmine/item/weapons/type38aiming"},{"predicate":{"custom_model_data":1009},"model":"politmine/item/weapons/fusil_1917aiming"},{"predicate":{"custom_model_data":1010},"model":"politmine/item/weapons/m1_carbineaiming"},{"predicate":{"custom_model_data":1011},"model":"politmine/item/weapons/thompsonaiming"},{"predicate":{"custom_model_data":1012},"model":"politmine/item/weapons/stg44aiming"},{"predicate":{"custom_model_data":1013},"model":"politmine/item/weapons/mg42aiming"},{"predicate":{"custom_model_data":1014},"model":"politmine/item/weapons/mauserc96aiming"},{"predicate":{"custom_model_data":1015},"model":"ttp/item/weapons/glock/aiming"},{"predicate":{"custom_model_data":1016},"model":"ttp/item/weapons/ak47/aiming"},{"predicate":{"custom_model_data":1017},"model":"ttp/item/weapons/m4a1/aiming"},{"predicate":{"custom_model_data":1018},"model":"ttp/item/weapons/dp28/aiming"},{"predicate":{"custom_model_data":2001},"model":"politmine/item/weapons/springfieldsprinting"},{"predicate":{"custom_model_data":2002},"model":"politmine/item/weapons/lee_enfieldsprinting"},{"predicate":{"custom_model_data":2003},"model":"politmine/item/weapons/lebel_1886sprinting"},{"predicate":{"custom_model_data":2004},"model":"politmine/item/weapons/gewehr_1888sprinting"},{"predicate":{"custom_model_data":2005},"model":"politmine/item/weapons/mosin_nagantsprinting"},{"predicate":{"custom_model_data":2006},"model":"politmine/item/weapons/mannlicher_1895sprinting"},{"predicate":{"custom_model_data":2007},"model":"politmine/item/weapons/hanyang_1888sprinting"},{"predicate":{"custom_model_data":2008},"model":"politmine/item/weapons/type38sprinting"},{"predicate":{"custom_model_data":2009},"model":"politmine/item/weapons/fusil_1917sprinting"},{"predicate":{"custom_model_data":2010},"model":"politmine/item/weapons/m1_carbinesprinting"},{"predicate":{"custom_model_data":2011},"model":"politmine/item/weapons/thompsonsprinting"},{"predicate":{"custom_model_data":2012},"model":"politmine/item/weapons/stg44sprinting"},{"predicate":{"custom_model_data":2013},"model":"politmine/item/weapons/mg42sprinting"},{"predicate":{"custom_model_data":2014},"model":"politmine/item/weapons/mauserc96sprinting"},{"predicate":{"custom_model_data":2015},"model":"ttp/item/weapons/glock/run"},{"predicate":{"custom_model_data":2016},"model":"ttp/item/weapons/ak47/run"},{"predicate":{"custom_model_data":2017},"model":"ttp/item/weapons/m4a1/run"},{"predicate":{"custom_model_data":2018},"model":"ttp/item/weapons/dp28/run"},{"predicate":{"custom_model_data":5001},"model":"ttp/item/qualityarmory/gun/new/ak12/ak12"},{"predicate":{"custom_model_data":5002},"model":"ttp/item/qualityarmory/gun/new/ak12/ak12noammo"},{"predicate":{"custom_model_data":5003},"model":"ttp/item/qualityarmory/gun/new/ak12/ak12reload"},{"predicate":{"custom_model_data":5004},"model":"ttp/item/qualityarmory/gun/new/ak12/ak12run"},{"predicate":{"custom_model_data":5005},"model":"ttp/item/qualityarmory/gun/new/ak12/ak12zoom"},{"predicate":{"custom_model_data":5010},"model":"ttp/item/qualityarmory/gun/new/malyuk/malyuk"},{"predicate":{"custom_model_data":5011},"model":"ttp/item/qualityarmory/gun/new/malyuk/malyuknoammo"},{"predicate":{"custom_model_data":5012},"model":"ttp/item/qualityarmory/gun/new/malyuk/malyukreload"},{"predicate":{"custom_model_data":5013},"model":"ttp/item/qualityarmory/gun/new/malyuk/malyukrun"},{"predicate":{"custom_model_data":5014},"model":"ttp/item/qualityarmory/gun/new/malyuk/malyukzoom"},{"predicate":{"custom_model_data":5020},"model":"ttp/item/qualityarmory/gun/new/scarl/scarl"},{"predicate":{"custom_model_data":5021},"model":"ttp/item/qualityarmory/gun/new/scarl/scarlnoammo"},{"predicate":{"custom_model_data":5022},"model":"ttp/item/qualityarmory/gun/new/scarl/scarlreload"},{"predicate":{"custom_model_data":5023},"model":"ttp/item/qualityarmory/gun/new/scarl/scarlrun"},{"predicate":{"custom_model_data":5024},"model":"ttp/item/qualityarmory/gun/new/scarl/scarlzoom"},{"predicate":{"custom_model_data":5030},"model":"ttp/item/qualityarmory/gun/new/sg550/sg550"},{"predicate":{"custom_model_data":5031},"model":"ttp/item/qualityarmory/gun/new/sg550/sg550noammo"},{"predicate":{"custom_model_data":5032},"model":"ttp/item/qualityarmory/gun/new/sg550/sg550reload"},{"predicate":{"custom_model_data":5033},"model":"ttp/item/qualityarmory/gun/new/sg550/sg550run"},{"predicate":{"custom_model_data":5034},"model":"ttp/item/qualityarmory/gun/new/sg550/sg550zoom"}]}