{
    "parent": "minecraft:item/generated",
    "textures": {
        "layer0": "minecraft:item/light_blue_dye"
    },
    "overrides": [
        {
            "predicate": {
                "custom_model_data": 1000
            },
            "model": "ttp/item/feather/empty"
        },
        {
            "predicate": {
                "custom_model_data": 1001
            },
            "model": "ttp/item/gui/battlepass/battlepass"
        },
        {
            "predicate": {
                "custom_model_data": 1002
            },
            "model": "ttp/item/gui/battlepass/bar"
        },
        {
            "predicate": {
                "custom_model_data": 1101
            },
            "model": "ttp/item/gui/battlepass/nopass"
        },
        {
            "predicate": {
                "custom_model_data": 1102
            },
            "model": "ttp/item/gui/battlepass/locked"
        },
        {
            "predicate": {
                "custom_model_data": 1103
            },
            "model": "ttp/item/gui/battlepass/unlocked"
        },
        {
            "predicate": {
                "custom_model_data": 1104
            },
            "model": "ttp/item/gui/battlepass/claimed"
        },
        {
            "predicate": {
                "custom_model_data": 1201
            },
            "model": "ttp/item/gui/battlepass/opened"
        },
        {
            "predicate": {
                "custom_model_data": 1202
            },
            "model": "ttp/item/gui/battlepass/closed"
        },
        {
            "predicate": {
                "custom_model_data": 1301
            },
            "model": "ttp/item/gui/battlepass/scroll/opened"
        },
        {
            "predicate": {
                "custom_model_data": 1302
            },
            "model": "ttp/item/gui/battlepass/scroll/closed"
        }
    ]
}