{
    "parent": "item/generated",
    "textures": {
        "layer0": "item/paper"
    },
    "display": {
        "head": {
            "rotation": [
                0,
                0,
                45
            ],
            "translation": [
                -1,
                13,
                7
            ],
            "scale": [
                1,
                1,
                1
            ]
        }
    },
    "overrides": [
        {
            "predicate": {
                "custom_model_data": 95559
            },
            "model": "ttp/item/feather/empty"
        }
    ]
}