{
    "parent": "minecraft:item/generated",
    "textures": {
      "layer0": "minecraft:item/phantom_membrane"
    },
    "overrides": [
        {"predicate":{"custom_model_data":1},"model":"ttp/item/qualityarmory/ammo/ammo9mm"},
        {"predicate":{"custom_model_data":2},"model":"ttp/item/qualityarmory/ammo/ammo556"},
        {"predicate":{"custom_model_data":3},"model":"ttp/item/qualityarmory/ammo/ammo762"},
        {"predicate":{"custom_model_data":4},"model":"ttp/item/qualityarmory/ammo/ammoshotgun"},
        {"predicate":{"custom_model_data":5},"model":"ttp/item/qualityarmory/ammo/ammorpg"},
        {"predicate":{"custom_model_data":6},"model":"ttp/item/qualityarmory/ammo/ammomusketball"},
        {"predicate":{"custom_model_data":7},"model":"ttp/item/qualityarmory/ammo/ammo50cal"},
        {"predicate":{"custom_model_data":8},"model":"ttp/item/qualityarmory/ammo/ammo40m"},
        {"predicate":{"custom_model_data":9},"model":"ttp/item/qualityarmory/ammo/ammomininuke"},
        {"predicate":{"custom_model_data":10},"model":"ttp/item/qualityarmory/ammo/ammofusion"},
        {"predicate":{"custom_model_data":11},"model":"ttp/item/qualityarmory/backpack/backpackgreen"},
        {"predicate":{"custom_model_data":12},"model":"ttp/item/qualityarmory/backpack/backpackparachute"},
        {"predicate":{"custom_model_data":13},"model":"ttp/item/qualityarmory/backpack/parachutewhite"},
        {"predicate":{"custom_model_data":14},"model":"ttp/item/qualityarmory/backpack/backpackblack"},
        {"predicate":{"custom_model_data":15},"model":"ttp/item/qualityarmory/backpack/backpackblue"},
        {"predicate":{"custom_model_data":16},"model":"ttp/item/qualityarmory/backpack/backpackorange"},
        {"predicate":{"custom_model_data":17},"model":"ttp/item/qualityarmory/backpack/backpackpink"},
        {"predicate":{"custom_model_data":18},"model":"politmine/item/qualityarmory/hats/assaultmask"},
        {"predicate":{"custom_model_data":19},"model":"politmine/item/qualityarmory/hats/ncrmask"},
        {"predicate":{"custom_model_data":20},"model":"politmine/item/qualityarmory/hats/skimask"},
        {"predicate":{"custom_model_data":21},"model":"politmine/item/qualityarmory/hats/ushankahat"},
        {"predicate":{"custom_model_data":22},"model":"politmine/item/qualityarmory/medkit"},
        {"predicate":{"custom_model_data":23},"model":"politmine/item/qualityarmory/hats/cap"},
        {"predicate":{"custom_model_data":24},"model":"politmine/item/qualityarmory/hats/chancellor"},
        {"predicate":{"custom_model_data":25},"model":"politmine/item/qualityarmory/hats/jewish_ermolka"},
        {"predicate":{"custom_model_data":26},"model":"politmine/item/qualityarmory/hats/kabuto"},
        {"predicate":{"custom_model_data":27},"model":"politmine/item/qualityarmory/hats/ushanka"},
        {"predicate":{"custom_model_data":28},"model":"politmine/item/qualityarmory/hats/plague"}
    ]
}