{"parent":"item/generated","textures":{"layer0":"item/potion_overlay","layer1":"item/potion"},"overrides":[{"model":"politmine/item/brewery/absinthe","predicate":{"custom_model_data":1}},{"model":"politmine/item/brewery/axe_porridge","predicate":{"custom_model_data":2}},{"model":"politmine/item/brewery/baltica","predicate":{"custom_model_data":3}},{"model":"politmine/item/brewery/black_caviar","predicate":{"custom_model_data":4}},{"model":"politmine/item/brewery/borsh","predicate":{"custom_model_data":5}},{"model":"politmine/item/brewery/brain_in_a_jar","predicate":{"custom_model_data":6}},{"model":"politmine/item/brewery/cactus_jam","predicate":{"custom_model_data":7}},{"model":"politmine/item/brewery/cognac","predicate":{"custom_model_data":8}},{"model":"politmine/item/brewery/dom_perignon","predicate":{"custom_model_data":9}},{"model":"politmine/item/brewery/golden_caviar","predicate":{"custom_model_data":10}},{"model":"politmine/item/brewery/green_tea","predicate":{"custom_model_data":11}},{"model":"politmine/item/brewery/ichor","predicate":{"custom_model_data":12}},{"model":"politmine/item/brewery/krotovyxa","predicate":{"custom_model_data":13}},{"model":"politmine/item/brewery/lava_soda","predicate":{"custom_model_data":14}},{"model":"politmine/item/brewery/red_caviar","predicate":{"custom_model_data":16}},{"model":"politmine/item/brewery/red_wine","predicate":{"custom_model_data":17}},{"model":"politmine/item/brewery/strong_coffee","predicate":{"custom_model_data":18}},{"model":"politmine/item/brewery/usual_ice_cream","predicate":{"custom_model_data":19}},{"model":"politmine/item/brewery/wheatbeer","predicate":{"custom_model_data":20}},{"model":"politmine/item/brewery/white_wine","predicate":{"custom_model_data":21}},{"model":"politmine/item/brewery/brutal_egg","predicate":{"custom_model_data":22}},{"model":"politmine/item/brewery/miso_soup","predicate":{"custom_model_data":23}},{"model":"politmine/item/brewery/kir_royale","predicate":{"custom_model_data":24}},{"model":"politmine/item/brewery/easter_eggs/demon_egg","predicate":{"custom_model_data":25}},{"model":"politmine/item/brewery/pofigin","predicate":{"custom_model_data":26}},{"model":"politmine/item/brewery/easter_eggs/zombie_egg","predicate":{"custom_model_data":27}},{"model":"politmine/item/brewery/easter_eggs/octavius_egg","predicate":{"custom_model_data":28}},{"model":"politmine/item/brewery/easter_eggs/ninja_egg","predicate":{"custom_model_data":29}},{"model":"politmine/item/brewery/easter_eggs/butterfly_egg","predicate":{"custom_model_data":30}},{"model":"politmine/item/brewery/easter_eggs/bee_egg","predicate":{"custom_model_data":31}},{"model":"politmine/item/brewery/easter_eggs/ammunition_egg","predicate":{"custom_model_data":32}},{"model":"politmine/item/brewery/easter_eggs/poseidon_egg","predicate":{"custom_model_data":33}},{"model":"politmine/item/brewery/easter_eggs/avocado_egg","predicate":{"custom_model_data":34}},{"model":"politmine/item/brewery/easter_eggs/snowman_egg","predicate":{"custom_model_data":35}},{"model":"politmine/item/brewery/easter_eggs/bomb_egg","predicate":{"custom_model_data":36}},{"model":"politmine/item/brewery/easter_eggs/spider_egg","predicate":{"custom_model_data":37}},{"model":"politmine/item/brewery/easter_eggs/chicken_leg_egg","predicate":{"custom_model_data":38}},{"model":"politmine/item/brewery/easter_eggs/vampire_egg","predicate":{"custom_model_data":39}},{"model":"politmine/item/brewery/easter_eggs/coral_egg","predicate":{"custom_model_data":40}},{"model":"politmine/item/brewery/easter_eggs/pirate_egg","predicate":{"custom_model_data":41}},{"model":"politmine/item/brewery/easter_eggs/donut_egg","predicate":{"custom_model_data":42}},{"model":"politmine/item/brewery/easter_eggs/monster_egg","predicate":{"custom_model_data":43}},{"model":"politmine/item/brewery/easter_eggs/alien_egg","predicate":{"custom_model_data":44}},{"model":"politmine/item/brewery/easter_eggs/wednesday_egg","predicate":{"custom_model_data":45}},{"model":"politmine/item/brewery/easter_eggs/pirate1_egg","predicate":{"custom_model_data":46}},{"model":"politmine/item/brewery/easter_eggs/saturn_egg","predicate":{"custom_model_data":47}},{"model":"politmine/item/brewery/easter_eggs/sun_egg","predicate":{"custom_model_data":48}},{"model":"politmine/item/brewery/easter_eggs/earth_egg","predicate":{"custom_model_data":49}},{"model":"politmine/item/brewery/easter_eggs/saffar_egg","predicate":{"custom_model_data":50}},{"model":"politmine/item/brewery/easter_eggs/mars_egg","predicate":{"custom_model_data":51}},{"model":"politmine/item/brewery/easter_eggs/moon_egg","predicate":{"custom_model_data":52}},{"model":"politmine/item/brewery/easter_eggs/pirate_parrot_egg","predicate":{"custom_model_data":53}},{"model":"politmine/item/brewery/easter_eggs/loot_chest_egg","predicate":{"custom_model_data":54}},{"model":"politmine/item/brewery/easter_eggs/cracked_egg","predicate":{"custom_model_data":55}},{"model":"politmine/item/brewery/easter_eggs/ricardo_milos_egg","predicate":{"custom_model_data":56}},{"model":"politmine/item/brewery/warcraft_shadow_coffee","predicate":{"custom_model_data":57}},{"model":"politmine/item/brewery/mead","predicate":{"custom_model_data":58}},{"model":"politmine/item/brewery/coca_cola","predicate":{"custom_model_data":60}},{"model":"politmine/item/brewery/the_magical_wine_of_dalaran","predicate":{"custom_model_data":61}},{"model":"politmine/item/brewery/condensed_milk","predicate":{"custom_model_data":62}},{"model":"politmine/item/brewery/espresso","predicate":{"custom_model_data":63}},{"model":"politmine/item/brewery/dark_beer","predicate":{"custom_model_data":64}},{"model":"politmine/item/brewery/white_chocolate","predicate":{"custom_model_data":65}},{"model":"politmine/item/brewery/jagermeister","predicate":{"custom_model_data":66}},{"model":"politmine/item/brewery/potato_soup","predicate":{"custom_model_data":67}},{"model":"politmine/item/brewery/gold_rum","predicate":{"custom_model_data":68}},{"model":"politmine/item/brewery/bamboo_beer","predicate":{"custom_model_data":69}},{"model":"politmine/item/brewery/cachaca","predicate":{"custom_model_data":70}},{"model":"politmine/item/brewery/black_tea","predicate":{"custom_model_data":71}},{"model":"politmine/item/brewery/passoa","predicate":{"custom_model_data":72}},{"model":"politmine/item/brewery/chartreuse","predicate":{"custom_model_data":73}},{"model":"politmine/item/brewery/yellow_tea","predicate":{"custom_model_data":74}},{"model":"politmine/item/brewery/hun_cha_red_tea","predicate":{"custom_model_data":75}},{"model":"politmine/item/brewery/dyan_hun_red_tea","predicate":{"custom_model_data":76}},{"model":"politmine/item/brewery/oolong","predicate":{"custom_model_data":77}},{"model":"politmine/item/brewery/kvas","predicate":{"custom_model_data":78}},{"model":"politmine/item/brewery/mozart_white_chocolate_cream_strawberry","predicate":{"custom_model_data":79}},{"model":"politmine/item/brewery/whiskey_blackjack","predicate":{"custom_model_data":80}},{"model":"politmine/item/brewery/spirt","predicate":{"custom_model_data":81}},{"model":"politmine/item/brewery/heroin","predicate":{"custom_model_data":82}},{"model":"politmine/item/brewery/gasoline","predicate":{"custom_model_data":83}},{"model":"politmine/item/brewery/cranberry_jam","predicate":{"custom_model_data":84}},{"model":"politmine/item/brewery/grappa","predicate":{"custom_model_data":85}},{"model":"politmine/item/brewery/coconut_cream","predicate":{"custom_model_data":86}},{"model":"politmine/item/brewery/white_tea","predicate":{"custom_model_data":87}},{"model":"politmine/item/brewery/genever","predicate":{"custom_model_data":88}},{"model":"politmine/item/brewery/brandy_last_chance","predicate":{"custom_model_data":89}},{"predicate":{"custom_model_data":10008},"model":"cosmetics:entity/amogus/amogus"},{"predicate":{"custom_model_data":10009},"model":"cosmetics:entity/ballon_cluster/ballon_cluster"},{"predicate":{"custom_model_data":10010},"model":"cosmetics:entity/ballon_cluster/leash_pivot"},{"predicate":{"custom_model_data":10012},"model":"cosmetics:entity/locomotive/locomotive"},{"predicate":{"custom_model_data":10013},"model":"cosmetics:entity/locomotive/r"},{"predicate":{"custom_model_data":10014},"model":"cosmetics:entity/locomotive/bucket"},{"predicate":{"custom_model_data":10015},"model":"cosmetics:entity/locomotive/l"},{"predicate":{"custom_model_data":10016},"model":"cosmetics:entity/locomotive/leash_pivot"},{"predicate":{"custom_model_data":10017},"model":"cosmetics:entity/star_kite/main"},{"predicate":{"custom_model_data":10018},"model":"cosmetics:entity/star_kite/leash_pivot"},{"predicate":{"custom_model_data":10019},"model":"cosmetics:entity/wings_enderdragon/group4"},{"predicate":{"custom_model_data":10020},"model":"cosmetics:entity/wings_enderdragon/group5"},{"predicate":{"custom_model_data":10021},"model":"cosmetics:entity/wings_enderdragon/group7"},{"predicate":{"custom_model_data":10022},"model":"cosmetics:entity/wings_enderdragon/group"},{"predicate":{"custom_model_data":300001},"model":"cosmetics:body/leather_backpack"},{"predicate":{"custom_model_data":300002},"model":"cosmetics:body/leather_backpack_self"},{"predicate":{"custom_model_data":300003},"model":"cosmetics:hat/cowboy_hat"},{"predicate":{"custom_model_data":400003},"model":"cosmetics:body/red_parrot"},{"predicate":{"custom_model_data":400004},"model":"cosmetics:body/red_parrot_self"},{"predicate":{"custom_model_data":400005},"model":"cosmetics:hat/snow_fox_sleeping"},{"predicate":{"custom_model_data":400006},"model":"cosmetics:hat/chef_hat"},{"predicate":{"custom_model_data":400007},"model":"cosmetics:hat/witch_hat"},{"predicate":{"custom_model_data":400008},"model":"cosmetics:body/squirrel_tail"},{"predicate":{"custom_model_data":400009},"model":"cosmetics:body/squirrel_tail_self"},{"predicate":{"custom_model_data":400010},"model":"cosmetics:body/bee_nest"},{"predicate":{"custom_model_data":400011},"model":"cosmetics:body/bee_nest_self"},{"predicate":{"custom_model_data":400012},"model":"cosmetics:body/backpack"},{"predicate":{"custom_model_data":400013},"model":"cosmetics:body/backpack_self"},{"predicate":{"custom_model_data":400014},"model":"cosmetics:entity/amogus_icon"},{"predicate":{"custom_model_data":400015},"model":"cosmetics:entity/ballon_cluster_icon"},{"predicate":{"custom_model_data":400016},"model":"cosmetics:entity/star_kite_icon"},{"predicate":{"custom_model_data":400017},"model":"cosmetics:entity/locomotive_icon"},{"predicate":{"custom_model_data":400018},"model":"minecraft:item/potion"},{"predicate":{"custom_model_data":400019},"model":"item/potion"}]}