{
	"credit": "Made with Blockbench",
	"textures": {
		"0": "ttp/qualityarmory/rgbsheet1",
		"particle": "ttp/qualityarmory/rgbsheet1"
	},
	"elements": [
		{
			"from": [0.25, 12.5, 0.25],
			"to": [1.25, 15.5, 15.75],
			"rotation": {"angle": 0, "axis": "y", "origin": [8, 10, 8]},
			"faces": {
				"north": {"uv": [1, 3, 2, 4], "texture": "#0"},
				"east": {"uv": [1, 3, 2, 4], "texture": "#0"},
				"south": {"uv": [1, 3, 2, 4], "texture": "#0"},
				"west": {"uv": [1, 3, 2, 4], "texture": "#0"},
				"up": {"uv": [1, 3, 2, 4], "texture": "#0"},
				"down": {"uv": [1, 3, 2, 4], "texture": "#0"}
			}
		},
		{
			"from": [14.5, 12.5, 0.25],
			"to": [15.75, 15.5, 15.75],
			"rotation": {"angle": 0, "axis": "y", "origin": [8, 10, 8]},
			"faces": {
				"north": {"uv": [1, 3, 2, 4], "texture": "#0"},
				"east": {"uv": [1, 3, 2, 4], "texture": "#0"},
				"south": {"uv": [1, 3, 2, 4], "texture": "#0"},
				"west": {"uv": [1, 3, 2, 4], "texture": "#0"},
				"up": {"uv": [1, 3, 2, 4], "texture": "#0"},
				"down": {"uv": [1, 3, 2, 4], "texture": "#0"}
			}
		},
		{
			"from": [0.25, 12.5, 0],
			"to": [15.75, 15.5, 1.25],
			"rotation": {"angle": 0, "axis": "y", "origin": [8, 10, 8]},
			"faces": {
				"north": {"uv": [1, 3, 2, 4], "texture": "#0"},
				"east": {"uv": [1, 3, 2, 4], "texture": "#0"},
				"south": {"uv": [1, 3, 2, 4], "texture": "#0"},
				"west": {"uv": [1, 3, 2, 4], "texture": "#0"},
				"up": {"uv": [1, 3, 2, 4], "texture": "#0"},
				"down": {"uv": [1, 3, 2, 4], "texture": "#0"}
			}
		},
		{
			"from": [6.25, 13.5, -0.25],
			"to": [9.75, 15, 0],
			"rotation": {"angle": 0, "axis": "y", "origin": [8, 10, 7.75]},
			"faces": {
				"north": {"uv": [6, 4, 7, 5], "texture": "#0"},
				"east": {"uv": [6, 4, 7, 5], "texture": "#0"},
				"south": {"uv": [6, 4, 7, 5], "texture": "#0"},
				"west": {"uv": [6, 4, 7, 5], "texture": "#0"},
				"up": {"uv": [6, 4, 7, 5], "texture": "#0"},
				"down": {"uv": [6, 4, 7, 5], "texture": "#0"}
			}
		},
		{
			"from": [1.25, 13.5, -0.25],
			"to": [4.75, 15, 0],
			"rotation": {"angle": 0, "axis": "y", "origin": [3, 10, 7.75]},
			"faces": {
				"north": {"uv": [6, 4, 7, 5], "texture": "#0"},
				"east": {"uv": [6, 4, 7, 5], "texture": "#0"},
				"south": {"uv": [6, 4, 7, 5], "texture": "#0"},
				"west": {"uv": [6, 4, 7, 5], "texture": "#0"},
				"up": {"uv": [6, 4, 7, 5], "texture": "#0"},
				"down": {"uv": [6, 4, 7, 5], "texture": "#0"}
			}
		},
		{
			"from": [7.5, 15.75, 0],
			"to": [9, 17.25, 0.25],
			"rotation": {"angle": 45, "axis": "z", "origin": [7.25, 16.5, 0.125]},
			"faces": {
				"north": {"uv": [4, 6, 5, 7], "texture": "#0"},
				"east": {"uv": [4, 6, 5, 7], "texture": "#0"},
				"south": {"uv": [4, 6, 5, 7], "texture": "#0"},
				"west": {"uv": [4, 6, 5, 7], "texture": "#0"},
				"up": {"uv": [4, 6, 5, 7], "texture": "#0"},
				"down": {"uv": [4, 6, 5, 7], "texture": "#0"}
			}
		},
		{
			"from": [11.25, 13.5, -0.25],
			"to": [14.75, 15, 0],
			"rotation": {"angle": 0, "axis": "y", "origin": [13, 10, 7.75]},
			"faces": {
				"north": {"uv": [6, 4, 7, 5], "texture": "#0"},
				"east": {"uv": [6, 4, 7, 5], "texture": "#0"},
				"south": {"uv": [6, 4, 7, 5], "texture": "#0"},
				"west": {"uv": [6, 4, 7, 5], "texture": "#0"},
				"up": {"uv": [6, 4, 7, 5], "texture": "#0"},
				"down": {"uv": [6, 4, 7, 5], "texture": "#0"}
			}
		},
		{
			"from": [0.25, 12.5, 14.75],
			"to": [15.75, 15.5, 15.75],
			"rotation": {"angle": 0, "axis": "y", "origin": [8, 10, 8]},
			"faces": {
				"north": {"uv": [1, 3, 2, 4], "texture": "#0"},
				"east": {"uv": [1, 3, 2, 4], "texture": "#0"},
				"south": {"uv": [1, 3, 2, 4], "texture": "#0"},
				"west": {"uv": [1, 3, 2, 4], "texture": "#0"},
				"up": {"uv": [1, 3, 2, 4], "texture": "#0"},
				"down": {"uv": [1, 3, 2, 4], "texture": "#0"}
			}
		},
		{
			"from": [7.25, 18, 0.25],
			"to": [8.75, 19.25, 0.25],
			"rotation": {"angle": 0, "axis": "y", "origin": [8, 15.5, 8]},
			"faces": {
				"north": {"uv": [1, 3, 2, 4], "texture": "#0"},
				"east": {"uv": [1, 3, 2, 4], "texture": "#0"},
				"south": {"uv": [1, 3, 2, 4], "texture": "#0"},
				"west": {"uv": [1, 3, 2, 4], "texture": "#0"},
				"up": {"uv": [1, 3, 2, 4], "texture": "#0"},
				"down": {"uv": [1, 3, 2, 4], "texture": "#0"}
			}
		},
		{
			"from": [5.25, 15.5, 0.25],
			"to": [10.75, 17, 0.25],
			"rotation": {"angle": 0, "axis": "y", "origin": [8, 13, 8]},
			"faces": {
				"north": {"uv": [1, 3, 2, 4], "texture": "#0"},
				"east": {"uv": [1, 3, 2, 4], "texture": "#0"},
				"south": {"uv": [1, 3, 2, 4], "texture": "#0"},
				"west": {"uv": [1, 3, 2, 4], "texture": "#0"},
				"up": {"uv": [1, 3, 2, 4], "texture": "#0"},
				"down": {"uv": [1, 3, 2, 4], "texture": "#0"}
			}
		},
		{
			"from": [6.25, 17, 0.25],
			"to": [9.75, 18, 0.25],
			"rotation": {"angle": 0, "axis": "y", "origin": [8, 14.5, 8]},
			"faces": {
				"north": {"uv": [1, 3, 2, 4], "texture": "#0"},
				"east": {"uv": [1, 3, 2, 4], "texture": "#0"},
				"south": {"uv": [1, 3, 2, 4], "texture": "#0"},
				"west": {"uv": [1, 3, 2, 4], "texture": "#0"},
				"up": {"uv": [1, 3, 2, 4], "texture": "#0"},
				"down": {"uv": [1, 3, 2, 4], "texture": "#0"}
			}
		},
		{
			"from": [7.25, 18, 15.75],
			"to": [8.75, 19.25, 15.75],
			"rotation": {"angle": 0, "axis": "y", "origin": [8, 15.5, 23.5]},
			"faces": {
				"north": {"uv": [1, 3, 2, 4], "texture": "#0"},
				"east": {"uv": [1, 3, 2, 4], "texture": "#0"},
				"south": {"uv": [1, 3, 2, 4], "texture": "#0"},
				"west": {"uv": [1, 3, 2, 4], "texture": "#0"},
				"up": {"uv": [1, 3, 2, 4], "texture": "#0"},
				"down": {"uv": [1, 3, 2, 4], "texture": "#0"}
			}
		},
		{
			"from": [5.25, 15.5, 15.75],
			"to": [10.75, 17, 15.75],
			"rotation": {"angle": 0, "axis": "y", "origin": [8, 13, 23.5]},
			"faces": {
				"north": {"uv": [1, 3, 2, 4], "texture": "#0"},
				"east": {"uv": [1, 3, 2, 4], "texture": "#0"},
				"south": {"uv": [1, 3, 2, 4], "texture": "#0"},
				"west": {"uv": [1, 3, 2, 4], "texture": "#0"},
				"up": {"uv": [1, 3, 2, 4], "texture": "#0"},
				"down": {"uv": [1, 3, 2, 4], "texture": "#0"}
			}
		},
		{
			"from": [6.25, 17, 15.75],
			"to": [9.75, 18, 15.75],
			"rotation": {"angle": 0, "axis": "y", "origin": [8, 14.5, 23.5]},
			"faces": {
				"north": {"uv": [1, 3, 2, 4], "texture": "#0"},
				"east": {"uv": [1, 3, 2, 4], "texture": "#0"},
				"south": {"uv": [1, 3, 2, 4], "texture": "#0"},
				"west": {"uv": [1, 3, 2, 4], "texture": "#0"},
				"up": {"uv": [1, 3, 2, 4], "texture": "#0"},
				"down": {"uv": [1, 3, 2, 4], "texture": "#0"}
			}
		},
		{
			"from": [0.25, 18, 6.75],
			"to": [0.25, 19.25, 8.25],
			"rotation": {"angle": 0, "axis": "y", "origin": [8, 15.5, 7.5]},
			"faces": {
				"north": {"uv": [1, 3, 2, 4], "texture": "#0"},
				"east": {"uv": [1, 3, 2, 4], "texture": "#0"},
				"south": {"uv": [1, 3, 2, 4], "texture": "#0"},
				"west": {"uv": [1, 3, 2, 4], "texture": "#0"},
				"up": {"uv": [1, 3, 2, 4], "rotation": 270, "texture": "#0"},
				"down": {"uv": [1, 3, 2, 4], "rotation": 90, "texture": "#0"}
			}
		},
		{
			"from": [0.25, 15.5, 4.75],
			"to": [0.25, 17, 10.25],
			"rotation": {"angle": 0, "axis": "y", "origin": [8, 13, 7.5]},
			"faces": {
				"north": {"uv": [1, 3, 2, 4], "texture": "#0"},
				"east": {"uv": [1, 3, 2, 4], "texture": "#0"},
				"south": {"uv": [1, 3, 2, 4], "texture": "#0"},
				"west": {"uv": [1, 3, 2, 4], "texture": "#0"},
				"up": {"uv": [1, 3, 2, 4], "rotation": 270, "texture": "#0"},
				"down": {"uv": [1, 3, 2, 4], "rotation": 90, "texture": "#0"}
			}
		},
		{
			"from": [0.25, 17, 5.75],
			"to": [0.25, 18, 9.25],
			"rotation": {"angle": 0, "axis": "y", "origin": [8, 14.5, 7.5]},
			"faces": {
				"north": {"uv": [1, 3, 2, 4], "texture": "#0"},
				"east": {"uv": [1, 3, 2, 4], "texture": "#0"},
				"south": {"uv": [1, 3, 2, 4], "texture": "#0"},
				"west": {"uv": [1, 3, 2, 4], "texture": "#0"},
				"up": {"uv": [1, 3, 2, 4], "rotation": 270, "texture": "#0"},
				"down": {"uv": [1, 3, 2, 4], "rotation": 90, "texture": "#0"}
			}
		},
		{
			"from": [15.75, 18, 6.75],
			"to": [15.75, 19.25, 8.25],
			"rotation": {"angle": 0, "axis": "y", "origin": [23.5, 15.5, 7.5]},
			"faces": {
				"north": {"uv": [1, 3, 2, 4], "texture": "#0"},
				"east": {"uv": [1, 3, 2, 4], "texture": "#0"},
				"south": {"uv": [1, 3, 2, 4], "texture": "#0"},
				"west": {"uv": [1, 3, 2, 4], "texture": "#0"},
				"up": {"uv": [1, 3, 2, 4], "rotation": 270, "texture": "#0"},
				"down": {"uv": [1, 3, 2, 4], "rotation": 90, "texture": "#0"}
			}
		},
		{
			"from": [15.75, 15.5, 4.75],
			"to": [15.75, 17, 10.25],
			"rotation": {"angle": 0, "axis": "y", "origin": [23.5, 13, 7.5]},
			"faces": {
				"north": {"uv": [1, 3, 2, 4], "texture": "#0"},
				"east": {"uv": [1, 3, 2, 4], "texture": "#0"},
				"south": {"uv": [1, 3, 2, 4], "texture": "#0"},
				"west": {"uv": [1, 3, 2, 4], "texture": "#0"},
				"up": {"uv": [1, 3, 2, 4], "rotation": 270, "texture": "#0"},
				"down": {"uv": [1, 3, 2, 4], "rotation": 90, "texture": "#0"}
			}
		},
		{
			"from": [15.75, 17, 5.75],
			"to": [15.75, 18, 9.25],
			"rotation": {"angle": 0, "axis": "y", "origin": [23.5, 14.5, 7.5]},
			"faces": {
				"north": {"uv": [1, 3, 2, 4], "texture": "#0"},
				"east": {"uv": [1, 3, 2, 4], "texture": "#0"},
				"south": {"uv": [1, 3, 2, 4], "texture": "#0"},
				"west": {"uv": [1, 3, 2, 4], "texture": "#0"},
				"up": {"uv": [1, 3, 2, 4], "rotation": 270, "texture": "#0"},
				"down": {"uv": [1, 3, 2, 4], "rotation": 90, "texture": "#0"}
			}
		}
	],
	"display": {
		"thirdperson_righthand": {
			"rotation": [0, 45, 0],
			"scale": [0.6, 0.6, 0.6]
		},
		"thirdperson_lefthand": {
			"scale": [0.6, 0.6, 0.6]
		},
		"firstperson_righthand": {
			"rotation": [0, 135, 0],
			"translation": [-0.5, 6, 1],
			"scale": [0.6, 0.6, 0.6]
		},
		"firstperson_lefthand": {
			"scale": [0.6, 0.6, 0.6]
		},
		"gui": {
			"rotation": [46, 141, 0],
			"translation": [0, -1, 0],
			"scale": [0.6, 0.6, 0.6]
		}
	},
	"groups": [0, 1, 2, 3, 4, 5, 6, 7,
		{
			"name": "group",
			"origin": [8, 14.5, 8],
			"children": [8, 9, 10]
		},
		{
			"name": "group",
			"origin": [8, 14.5, 8],
			"children": [11, 12, 13]
		},
		{
			"name": "group",
			"origin": [8, 14.5, 8],
			"children": [14, 15, 16]
		},
		{
			"name": "group",
			"origin": [8, 14.5, 8],
			"children": [17, 18, 19]
		}
	]
}