{ "parent": "item/generated", "textures": { "layer0": "item/crossbow_standby" }, "display": { "thirdperson_righthand": { "rotation": [ -90, 0, -60 ], "translation": [ 2, 0.1, -3 ], "scale": [ 0.9, 0.9, 0.9 ] }, "thirdperson_lefthand": { "rotation": [ -90, 0, 30 ], "translation": [ 2, 0.1, -3 ], "scale": [ 0.9, 0.9, 0.9 ] }, "firstperson_righthand": { "rotation": [ -90, 0, -55 ], "translation": [ 1.13, 3.2, 1.13 ], "scale": [ 0.68, 0.68, 0.68 ] }, "firstperson_lefthand": { "rotation": [ -90, 0, 35 ], "translation": [ 1.13, 3.2, 1.13 ], "scale": [ 0.68, 0.68, 0.68 ] } }, "overrides": [ { "predicate": { "pulling": 1 }, "model": "item/crossbow_pulling_0" }, { "predicate": { "pulling": 1, "pull": 0.58 }, "model": "item/crossbow_pulling_1" }, { "predicate": { "pulling": 1, "pull": 1.0 }, "model": "item/crossbow_pulling_2" }, { "predicate": { "charged": 1 }, "model": "item/crossbow_arrow" }, { "predicate": { "charged": 1, "firework": 1 }, "model": "item/crossbow_firework" }, { "predicate": { "custom_model_data": 1 }, "model": "ttp/i/g/weapon/akm" }, { "predicate": { "custom_model_data": 2 }, "model": "ttp/i/g/aiming/akm" }, { "predicate": { "custom_model_data": 3 }, "model": "ttp/i/g/weapon/barrett" }, { "predicate": { "custom_model_data": 4 }, "model": "ttp/i/g/weapon/barrett" }, { "predicate": { "custom_model_data": 5 }, "model": "ttp/i/g/weapon/deagle" }, { "predicate": { "custom_model_data": 6 }, "model": "ttp/i/g/weapon/deagle" }, { "predicate": { "custom_model_data": 7 }, "model": "ttp/i/g/weapon/dmr" }, { "predicate": { "custom_model_data": 8 }, "model": "ttp/i/g/weapon/dmr" }, { "predicate": { "custom_model_data": 9 }, "model": "ttp/i/g/weapon/doublebarrelshotgun" }, { "predicate": { "custom_model_data": 10 }, "model": "ttp/i/g/weapon/doublebarrelshotgun" }, { "predicate": { "custom_model_data": 11 }, "model": "ttp/i/g/weapon/dragunov" }, { "predicate": { "custom_model_data": 12 }, "model": "ttp/i/g/weapon/dragunov" }, { "predicate": { "custom_model_data": 13 }, "model": "ttp/i/g/weapon/famas" }, { "predicate": { "custom_model_data": 14 }, "model": "ttp/i/g/weapon/famas" }, { "predicate": { "custom_model_data": 15 }, "model": "ttp/i/g/weapon/fivesevenfive" }, { "predicate": { "custom_model_data": 16 }, "model": "ttp/i/g/weapon/fivesevenfive" }, { "predicate": { "custom_model_data": 17 }, "model": "ttp/i/g/weapon/kar98k" }, { "predicate": { "custom_model_data": 18 }, "model": "ttp/i/g/weapon/kar98k" }, { "predicate": { "custom_model_data": 19 }, "model": "ttp/i/g/weapon/m4a1" }, { "predicate": { "custom_model_data": 20 }, "model": "ttp/i/g/aiming/m4a1" }, { "predicate": { "custom_model_data": 21 }, "model": "ttp/i/g/weapon/m16a2" }, { "predicate": { "custom_model_data": 22 }, "model": "ttp/i/g/aiming/m16a2" }, { "predicate": { "custom_model_data": 23 }, "model": "ttp/i/g/weapon/m1014" }, { "predicate": { "custom_model_data": 24 }, "model": "ttp/i/g/weapon/m1014" }, { "predicate": { "custom_model_data": 25 }, "model": "ttp/i/g/weapon/m1911" }, { "predicate": { "custom_model_data": 26 }, "model": "ttp/i/g/weapon/m1911" }, { "predicate": { "custom_model_data": 27 }, "model": "ttp/i/g/weapon/mp5a5" }, { "predicate": { "custom_model_data": 28 }, "model": "ttp/i/g/weapon/mp5a5" }, { "predicate": { "custom_model_data": 29 }, "model": "ttp/i/g/weapon/p90" }, { "predicate": { "custom_model_data": 30 }, "model": "ttp/i/g/weapon/p90" }, { "predicate": { "custom_model_data": 31 }, "model": "ttp/i/g/weapon/qbz-95" }, { "predicate": { "custom_model_data": 32 }, "model": "ttp/i/g/weapon/qbz-95" }, { "predicate": { "custom_model_data": 33 }, "model": "ttp/i/g/weapon/remington" }, { "predicate": { "custom_model_data": 34 }, "model": "ttp/i/g/weapon/remington" }, { "predicate": { "custom_model_data": 35 }, "model": "ttp/i/g/weapon/revolver" }, { "predicate": { "custom_model_data": 36 }, "model": "ttp/i/g/weapon/revolver" }, { "predicate": { "custom_model_data": 37 }, "model": "ttp/i/g/weapon/ump45" }, { "predicate": { "custom_model_data": 38 }, "model": "ttp/i/g/weapon/ump45" }, { "predicate": { "custom_model_data": 39 }, "model": "ttp/i/g/weapon/uzi" }, { "predicate": { "custom_model_data": 40 }, "model": "ttp/i/g/weapon/uzi" } ] }