{
    "parent": "item/generated",
    "textures": {
        "layer0": "item/diamond_horse_armor"
    },
    "overrides": [
        {
            "predicate": {
                "custom_model_data": 1
            },
            "model": "ttp/i/c/a/cuff"
        },
        {
            "predicate": {
                "custom_model_data": 2
            },
            "model": "ttp/i/c/a/sh2"
        },
        {
            "predicate": {
                "custom_model_data": 4
            },
            "model": "ttp/i/c/a/sh4"
        },
        {
            "predicate": {
                "custom_model_data": 7
            },
            "model": "ttp/i/c/a/sh7"
        },
        {
            "predicate": {
                "custom_model_data": 9
            },
            "model": "ttp/i/c/a/sh9"
        },
        {
            "predicate": {
                "custom_model_data": 10
            },
            "model": "ttp/i/c/a/sh10"
        },
        {
            "predicate": {
                "custom_model_data": 12
            },
            "model": "ttp/i/c/a/sh12"
        },
        {
            "predicate": {
                "custom_model_data": 13
            },
            "model": "ttp/i/c/a/sh13"
        },
        {
            "predicate": {
                "custom_model_data": 14
            },
            "model": "ttp/i/c/a/sh14"
        },
        {
            "predicate": {
                "custom_model_data": 16
            },
            "model": "ttp/i/c/a/sh16"
        },
        {
            "predicate": {
                "custom_model_data": 17
            },
            "model": "ttp/i/c/a/sh17"
        },
        {
            "predicate": {
                "custom_model_data": 18
            },
            "model": "ttp/i/c/a/sh18"
        },
        {
            "predicate": {
                "custom_model_data": 21
            },
            "model": "ttp/i/c/a/sh21"
        },
        {
            "predicate": {
                "custom_model_data": 22
            },
            "model": "ttp/i/c/a/sh22"
        },
        {
            "predicate": {
                "custom_model_data": 23
            },
            "model": "ttp/i/c/a/sh23"
        },
        {
            "predicate": {
                "custom_model_data": 24
            },
            "model": "ttp/i/c/a/sh24"
        },
        {
            "predicate": {
                "custom_model_data": 25
            },
            "model": "ttp/i/c/a/sh25"
        },
        {
            "predicate": {
                "custom_model_data": 26
            },
            "model": "ttp/i/c/a/sh26"
        },
        {
            "predicate": {
                "custom_model_data": 28
            },
            "model": "ttp/i/c/a/sh28"
        },
        {
            "predicate": {
                "custom_model_data": 29
            },
            "model": "ttp/i/c/a/sh29"
        },
        {
            "predicate": {
                "custom_model_data": 31
            },
            "model": "ttp/i/c/a/sh31"
        },
        {
            "predicate": {
                "custom_model_data": 32
            },
            "model": "ttp/i/c/a/sh32"
        },
        {
            "predicate": {
                "custom_model_data": 35
            },
            "model": "ttp/i/c/a/sh35"
        },
        {
            "predicate": {
                "custom_model_data": 36
            },
            "model": "ttp/i/c/a/sh36"
        },
        {
            "predicate": {
                "custom_model_data": 37
            },
            "model": "ttp/i/c/a/sh37"
        },
        {
            "predicate": {
                "custom_model_data": 38
            },
            "model": "ttp/i/c/a/sh38"
        },
        {
            "predicate": {
                "custom_model_data": 39
            },
            "model": "ttp/i/c/a/sh39"
        },
        {
            "predicate": {
                "custom_model_data": 40
            },
            "model": "ttp/i/c/a/sh40"
        },
        {
            "predicate": {
                "custom_model_data": 42
            },
            "model": "ttp/i/c/a/sh42"
        },
        {
            "predicate": {
                "custom_model_data": 43
            },
            "model": "ttp/i/c/a/sh43"
        },
        {
            "predicate": {
                "custom_model_data": 44
            },
            "model": "ttp/i/c/a/sh44"
        },
        {
            "predicate": {
                "custom_model_data": 48
            },
            "model": "ttp/i/c/a/sh48"
        },
        {
            "predicate": {
                "custom_model_data": 49
            },
            "model": "ttp/i/c/a/sh49"
        },
        {
            "predicate": {
                "custom_model_data": 50
            },
            "model": "ttp/i/c/a/sh50"
        },
        {
            "predicate": {
                "custom_model_data": 52
            },
            "model": "ttp/i/c/a/sh52"
        },
        {
            "predicate": {
                "custom_model_data": 53
            },
            "model": "ttp/i/c/a/sh53"
        },
        {
            "predicate": {
                "custom_model_data": 54
            },
            "model": "ttp/i/c/a/sh54"
        },
        {
            "predicate": {
                "custom_model_data": 55
            },
            "model": "ttp/i/c/a/sh55"
        },
        {
            "predicate": {
                "custom_model_data": 57
            },
            "model": "ttp/i/c/a/sh57"
        },
        {
            "predicate": {
                "custom_model_data": 58
            },
            "model": "ttp/i/c/a/sh58"
        },
        {
            "predicate": {
                "custom_model_data": 59
            },
            "model": "ttp/i/c/a/sh59"
        },
        {
            "predicate": {
                "custom_model_data": 61
            },
            "model": "ttp/i/c/a/sh61"
        },
        {
            "predicate": {
                "custom_model_data": 62
            },
            "model": "ttp/i/c/a/sh62"
        },
        {
            "predicate": {
                "custom_model_data": 63
            },
            "model": "ttp/i/c/a/sh63"
        },
        {
            "predicate": {
                "custom_model_data": 64
            },
            "model": "ttp/i/c/a/sh64"
        },
        {
            "predicate": {
                "custom_model_data": 65
            },
            "model": "ttp/i/c/a/sh65"
        },
        {
            "predicate": {
                "custom_model_data": 69
            },
            "model": "ttp/i/c/a/sh69"
        },
        {
            "predicate": {
                "custom_model_data": 70
            },
            "model": "ttp/i/c/a/sh70"
        },
        {
            "predicate": {
                "custom_model_data": 71
            },
            "model": "ttp/i/c/a/sh71"
        },
        {
            "predicate": {
                "custom_model_data": 75
            },
            "model": "ttp/i/c/a/sh75"
        },
        {
            "predicate": {
                "custom_model_data": 76
            },
            "model": "ttp/i/c/a/sh76"
        },
        {
            "predicate": {
                "custom_model_data": 77
            },
            "model": "ttp/i/c/a/sh77"
        },
        {
            "predicate": {
                "custom_model_data": 80
            },
            "model": "ttp/i/c/a/sh80"
        },
        {
            "predicate": {
                "custom_model_data": 81
            },
            "model": "ttp/i/c/a/sh81"
        },
        {
            "predicate": {
                "custom_model_data": 82
            },
            "model": "ttp/i/c/a/sh82"
        },
        {
            "predicate": {
                "custom_model_data": 83
            },
            "model": "ttp/i/c/a/sh83"
        },
        {
            "predicate": {
                "custom_model_data": 84
            },
            "model": "ttp/i/c/a/sh84"
        },
        {
            "predicate": {
                "custom_model_data": 85
            },
            "model": "ttp/i/c/a/sh85"
        },
        {
            "predicate": {
                "custom_model_data": 88
            },
            "model": "ttp/i/c/a/sh88"
        },
        {
            "predicate": {
                "custom_model_data": 89
            },
            "model": "ttp/i/c/a/sh89"
        },
        {
            "predicate": {
                "custom_model_data": 90
            },
            "model": "ttp/i/c/a/sh90"
        },
        {
            "predicate": {
                "custom_model_data": 91
            },
            "model": "ttp/i/c/a/sh91"
        },
        {
            "predicate": {
                "custom_model_data": 92
            },
            "model": "ttp/i/c/a/sh92"
        },
        {
            "predicate": {
                "custom_model_data": 93
            },
            "model": "ttp/i/c/a/sh93"
        },
        {
            "predicate": {
                "custom_model_data": 94
            },
            "model": "ttp/i/c/a/sh94"
        },
        {
            "predicate": {
                "custom_model_data": 95
            },
            "model": "ttp/i/c/a/sh95"
        },
        {
            "predicate": {
                "custom_model_data": 96
            },
            "model": "ttp/i/c/a/sh96"
        },
        {
            "predicate": {
                "custom_model_data": 98
            },
            "model": "ttp/i/c/a/sh98"
        },
        {
            "predicate": {
                "custom_model_data": 101
            },
            "model": "ttp/i/c/a/sh101"
        },
        {
            "predicate": {
                "custom_model_data": 102
            },
            "model": "ttp/i/c/a/sh102"
        },
        {
            "predicate": {
                "custom_model_data": 103
            },
            "model": "ttp/i/c/a/sh103"
        },
        {
            "predicate": {
                "custom_model_data": 104
            },
            "model": "ttp/i/c/a/sh104"
        },
        {
            "predicate": {
                "custom_model_data": 105
            },
            "model": "ttp/i/c/a/sh105"
        },
        {
            "predicate": {
                "custom_model_data": 106
            },
            "model": "ttp/i/c/a/sh106"
        },
        {
            "predicate": {
                "custom_model_data": 107
            },
            "model": "ttp/i/c/a/sh107"
        },
        {
            "predicate": {
                "custom_model_data": 108
            },
            "model": "ttp/i/c/a/sh108"
        },
        {
            "predicate": {
                "custom_model_data": 109
            },
            "model": "ttp/i/c/a/sh109"
        },
        {
            "predicate": {
                "custom_model_data": 110
            },
            "model": "ttp/i/c/a/sh110"
        },
        {
            "predicate": {
                "custom_model_data": 119
            },
            "model": "ttp/i/c/a/sh119"
        },
        {
            "predicate": {
                "custom_model_data": 127
            },
            "model": "ttp/i/c/a/sh127"
        },
        {
            "predicate": {
                "custom_model_data": 130
            },
            "model": "ttp/i/c/a/sh130"
        },
        {
            "predicate": {
                "custom_model_data": 132
            },
            "model": "ttp/i/c/a/sh132"
        },
        {
            "predicate": {
                "custom_model_data": 133
            },
            "model": "ttp/i/c/a/sh133"
        },
        {
            "predicate": {
                "custom_model_data": 134
            },
            "model": "ttp/i/c/a/sh134"
        },
        {
            "predicate": {
                "custom_model_data": 138
            },
            "model": "ttp/i/c/a/sh138"
        },
        {
            "predicate": {
                "custom_model_data": 139
            },
            "model": "ttp/i/c/a/sh139"
        },
        {
            "predicate": {
                "custom_model_data": 141
            },
            "model": "ttp/i/c/a/sh141"
        },
        {
            "predicate": {
                "custom_model_data": 142
            },
            "model": "ttp/i/c/a/sh142"
        },
        {
            "predicate": {
                "custom_model_data": 143
            },
            "model": "ttp/i/c/a/sh143"
        },
        {
            "predicate": {
                "custom_model_data": 147
            },
            "model": "ttp/i/c/a/sh147"
        },
        {
            "predicate": {
                "custom_model_data": 149
            },
            "model": "ttp/i/c/a/sh149"
        },
        {
            "predicate": {
                "custom_model_data": 155
            },
            "model": "ttp/i/c/a/sh155"
        },
        {
            "predicate": {
                "custom_model_data": 156
            },
            "model": "ttp/i/c/a/sh156"
        },
        {
            "predicate": {
                "custom_model_data": 157
            },
            "model": "ttp/i/c/a/sh157"
        },
        {
            "predicate": {
                "custom_model_data": 158
            },
            "model": "ttp/i/c/a/sh158"
        },
        {
            "predicate": {
                "custom_model_data": 159
            },
            "model": "ttp/i/c/a/sh159"
        },
        {
            "predicate": {
                "custom_model_data": 161
            },
            "model": "ttp/i/c/a/sh161"
        },
        {
            "predicate": {
                "custom_model_data": 163
            },
            "model": "ttp/i/c/a/sh163"
        },
        {
            "predicate": {
                "custom_model_data": 166
            },
            "model": "ttp/i/c/a/sh166"
        },
        {
            "predicate": {
                "custom_model_data": 168
            },
            "model": "ttp/i/c/a/sh168"
        },
        {
            "predicate": {
                "custom_model_data": 169
            },
            "model": "ttp/i/c/a/sh169"
        },
        {
            "predicate": {
                "custom_model_data": 178
            },
            "model": "ttp/i/c/a/sh178"
        },
        {
            "predicate": {
                "custom_model_data": 180
            },
            "model": "ttp/i/c/a/sh180"
        },
        {
            "predicate": {
                "custom_model_data": 186
            },
            "model": "ttp/i/c/a/sh186"
        },
        {
            "predicate": {
                "custom_model_data": 188
            },
            "model": "ttp/i/c/a/sh188"
        },
        {
            "predicate": {
                "custom_model_data": 192
            },
            "model": "ttp/i/c/a/sh192"
        },
        {
            "predicate": {
                "custom_model_data": 197
            },
            "model": "ttp/i/c/a/sh197"
        },
        {
            "predicate": {
                "custom_model_data": 204
            },
            "model": "ttp/i/c/a/sh204"
        },
        {
            "predicate": {
                "custom_model_data": 205
            },
            "model": "ttp/i/c/a/sh205"
        },
        {
            "predicate": {
                "custom_model_data": 207
            },
            "model": "ttp/i/c/a/sh207"
        },
        {
            "predicate": {
                "custom_model_data": 209
            },
            "model": "ttp/i/c/a/sh209"
        },
        {
            "predicate": {
                "custom_model_data": 212
            },
            "model": "ttp/i/c/a/sh212"
        },
        {
            "predicate": {
                "custom_model_data": 213
            },
            "model": "ttp/i/c/a/sh213"
        },
        {
            "predicate": {
                "custom_model_data": 214
            },
            "model": "ttp/i/c/a/sh214"
        },
        {
            "predicate": {
                "custom_model_data": 216
            },
            "model": "ttp/i/c/a/sh216"
        },
        {
            "predicate": {
                "custom_model_data": 217
            },
            "model": "ttp/i/c/a/sh217"
        },
        {
            "predicate": {
                "custom_model_data": 218
            },
            "model": "ttp/i/c/a/sh218"
        },
        {
            "predicate": {
                "custom_model_data": 228
            },
            "model": "ttp/i/c/a/sh228"
        },
        {
            "predicate": {
                "custom_model_data": 230
            },
            "model": "ttp/i/c/a/sh230"
        },
        {
            "predicate": {
                "custom_model_data": 232
            },
            "model": "ttp/i/c/a/sh232"
        },
        {
            "predicate": {
                "custom_model_data": 235
            },
            "model": "ttp/i/c/a/sh235"
        },
        {
            "predicate": {
                "custom_model_data": 236
            },
            "model": "ttp/i/c/a/sh236"
        },
        {
            "predicate": {
                "custom_model_data": 239
            },
            "model": "ttp/i/c/a/sh239"
        },
        {
            "predicate": {
                "custom_model_data": 241
            },
            "model": "ttp/i/c/a/sh241"
        },
        {
            "predicate": {
                "custom_model_data": 243
            },
            "model": "ttp/i/c/a/sh243"
        },
        {
            "predicate": {
                "custom_model_data": 245
            },
            "model": "ttp/i/c/a/sh245"
        },
        {
            "predicate": {
                "custom_model_data": 249
            },
            "model": "ttp/i/c/a/sh249"
        },
        {
            "predicate": {
                "custom_model_data": 251
            },
            "model": "ttp/i/c/a/sh251"
        },
        {
            "predicate": {
                "custom_model_data": 253
            },
            "model": "ttp/i/c/a/sh253"
        },
        {
            "predicate": {
                "custom_model_data": 258
            },
            "model": "ttp/i/c/a/sh258"
        },
        {
            "predicate": {
                "custom_model_data": 260
            },
            "model": "ttp/i/c/a/sh260"
        },
        {
            "predicate": {
                "custom_model_data": 261
            },
            "model": "ttp/i/c/a/sh261"
        },
        {
            "predicate": {
                "custom_model_data": 262
            },
            "model": "ttp/i/c/a/sh262"
        },
        {
            "predicate": {
                "custom_model_data": 264
            },
            "model": "ttp/i/c/a/sh264"
        },
        {
            "predicate": {
                "custom_model_data": 268
            },
            "model": "ttp/i/c/a/sh268"
        },
        {
            "predicate": {
                "custom_model_data": 269
            },
            "model": "ttp/i/c/a/sh269"
        },
        {
            "predicate": {
                "custom_model_data": 270
            },
            "model": "ttp/i/c/a/sh270"
        },
        {
            "predicate": {
                "custom_model_data": 272
            },
            "model": "ttp/i/c/a/sh272"
        },
        {
            "predicate": {
                "custom_model_data": 273
            },
            "model": "ttp/i/c/a/sh273"
        },
        {
            "predicate": {
                "custom_model_data": 274
            },
            "model": "ttp/i/c/a/sh274"
        },
        {
            "predicate": {
                "custom_model_data": 275
            },
            "model": "ttp/i/c/a/sh275"
        },
        {
            "predicate": {
                "custom_model_data": 278
            },
            "model": "ttp/i/c/a/sh278"
        },
        {
            "predicate": {
                "custom_model_data": 279
            },
            "model": "ttp/i/c/a/sh279"
        },
        {
            "predicate": {
                "custom_model_data": 281
            },
            "model": "ttp/i/c/a/sh281"
        },
        {
            "predicate": {
                "custom_model_data": 282
            },
            "model": "ttp/i/c/a/sh282"
        },
        {
            "predicate": {
                "custom_model_data": 284
            },
            "model": "ttp/i/c/a/sh284"
        },
        {
            "predicate": {
                "custom_model_data": 285
            },
            "model": "ttp/i/c/a/sh285"
        },
        {
            "predicate": {
                "custom_model_data": 286
            },
            "model": "ttp/i/c/a/sh286"
        },
        {
            "predicate": {
                "custom_model_data": 287
            },
            "model": "ttp/i/c/a/sh287"
        },
        {
            "predicate": {
                "custom_model_data": 288
            },
            "model": "ttp/i/c/a/sh288"
        },
        {
            "predicate": {
                "custom_model_data": 289
            },
            "model": "ttp/i/c/a/sh289"
        },
        {
            "predicate": {
                "custom_model_data": 290
            },
            "model": "ttp/i/c/a/sh290"
        },
        {
            "predicate": {
                "custom_model_data": 291
            },
            "model": "ttp/i/c/a/sh291"
        },
        {
            "predicate": {
                "custom_model_data": 293
            },
            "model": "ttp/i/c/a/sh293"
        },
        {
            "predicate": {
                "custom_model_data": 295
            },
            "model": "ttp/i/c/a/sh295"
        },
        {
            "predicate": {
                "custom_model_data": 297
            },
            "model": "ttp/i/c/a/sh297"
        },
        {
            "predicate": {
                "custom_model_data": 300
            },
            "model": "ttp/i/c/a/sh300"
        },
        {
            "predicate": {
                "custom_model_data": 301
            },
            "model": "ttp/i/c/a/sh301"
        },
        {
            "predicate": {
                "custom_model_data": 302
            },
            "model": "ttp/i/c/a/sh302"
        },
        {
            "predicate": {
                "custom_model_data": 303
            },
            "model": "ttp/i/c/a/sh303"
        },
        {
            "predicate": {
                "custom_model_data": 304
            },
            "model": "ttp/i/c/a/sh304"
        },
        {
            "predicate": {
                "custom_model_data": 305
            },
            "model": "ttp/i/c/a/sh305"
        },
        {
            "predicate": {
                "custom_model_data": 306
            },
            "model": "ttp/i/c/a/sh306"
        },
        {
            "predicate": {
                "custom_model_data": 311
            },
            "model": "ttp/i/c/a/sh311"
        },
        {
            "predicate": {
                "custom_model_data": 312
            },
            "model": "ttp/i/c/a/sh312"
        },
        {
            "predicate": {
                "custom_model_data": 313
            },
            "model": "ttp/i/c/a/sh313"
        },
        {
            "predicate": {
                "custom_model_data": 314
            },
            "model": "ttp/i/c/a/sh314"
        },
        {
            "predicate": {
                "custom_model_data": 315
            },
            "model": "ttp/i/c/a/sh315"
        },
        {
            "predicate": {
                "custom_model_data": 316
            },
            "model": "ttp/i/c/a/sh316"
        },
        {
            "predicate": {
                "custom_model_data": 317
            },
            "model": "ttp/i/c/a/sh317"
        },
        {
            "predicate": {
                "custom_model_data": 318
            },
            "model": "ttp/i/c/a/sh318"
        },
        {
            "predicate": {
                "custom_model_data": 319
            },
            "model": "ttp/i/c/a/sh319"
        },
        {
            "predicate": {
                "custom_model_data": 321
            },
            "model": "ttp/i/c/a/sh321"
        },
        {
            "predicate": {
                "custom_model_data": 323
            },
            "model": "ttp/i/c/a/sh323"
        },
        {
            "predicate": {
                "custom_model_data": 324
            },
            "model": "ttp/i/c/a/sh324"
        },
        {
            "predicate": {
                "custom_model_data": 325
            },
            "model": "ttp/i/c/a/sh325"
        },
        {
            "predicate": {
                "custom_model_data": 326
            },
            "model": "ttp/i/c/a/sh326"
        },
        {
            "predicate": {
                "custom_model_data": 327
            },
            "model": "ttp/i/c/a/sh327"
        },
        {
            "predicate": {
                "custom_model_data": 329
            },
            "model": "ttp/i/c/a/sh329"
        },
        {
            "predicate": {
                "custom_model_data": 330
            },
            "model": "ttp/i/c/a/sh330"
        },
        {
            "predicate": {
                "custom_model_data": 331
            },
            "model": "ttp/i/c/a/sh331"
        },
        {
            "predicate": {
                "custom_model_data": 332
            },
            "model": "ttp/i/c/a/sh332"
        },
        {
            "predicate": {
                "custom_model_data": 334
            },
            "model": "ttp/i/c/a/sh334"
        },
        {
            "predicate": {
                "custom_model_data": 335
            },
            "model": "ttp/i/c/a/sh335"
        },
        {
            "predicate": {
                "custom_model_data": 338
            },
            "model": "ttp/i/c/a/sh338"
        },
        {
            "predicate": {
                "custom_model_data": 341
            },
            "model": "ttp/i/c/a/sh341"
        },
        {
            "predicate": {
                "custom_model_data": 342
            },
            "model": "ttp/i/c/a/sh342"
        },
        {
            "predicate": {
                "custom_model_data": 343
            },
            "model": "ttp/i/c/a/sh343"
        },
        {
            "predicate": {
                "custom_model_data": 344
            },
            "model": "ttp/i/c/a/sh344"
        },
        {
            "predicate": {
                "custom_model_data": 347
            },
            "model": "ttp/i/c/a/sh347"
        },
        {
            "predicate": {
                "custom_model_data": 348
            },
            "model": "ttp/i/c/a/sh348"
        },
        {
            "predicate": {
                "custom_model_data": 349
            },
            "model": "ttp/i/c/a/sh349"
        },
        {
            "predicate": {
                "custom_model_data": 350
            },
            "model": "ttp/i/c/a/sh350"
        },
        {
            "predicate": {
                "custom_model_data": 351
            },
            "model": "ttp/i/c/a/sh351"
        },
        {
            "predicate": {
                "custom_model_data": 352
            },
            "model": "ttp/i/c/a/sh352"
        },
        {
            "predicate": {
                "custom_model_data": 353
            },
            "model": "ttp/i/c/a/sh353"
        },
        {
            "predicate": {
                "custom_model_data": 354
            },
            "model": "ttp/i/c/a/sh354"
        },
        {
            "predicate": {
                "custom_model_data": 355
            },
            "model": "ttp/i/c/a/don/sd1"
        },
        {
            "predicate": {
                "custom_model_data": 356
            },
            "model": "ttp/i/c/a/don/sd2"
        },
        {
            "predicate": {
                "custom_model_data": 357
            },
            "model": "ttp/i/c/a/don/sd3"
        },
        {
            "predicate": {
                "custom_model_data": 358
            },
            "model": "ttp/i/c/a/don/sd4"
        },
        {
            "predicate": {
                "custom_model_data": 359
            },
            "model": "ttp/i/c/a/don/sd5"
        },
        {
            "predicate": {
                "custom_model_data": 360
            },
            "model": "ttp/i/c/a/don/sd6"
        },
        {
            "predicate": {
                "custom_model_data": 361
            },
            "model": "ttp/i/c/a/don/sd7"
        }


    ]
}