{ "parent": "item/generated", "textures": { "layer0": "item/golden_horse_armor" }, "overrides": [ { "predicate": { "custom_model_data": 2 }, "model": "ttp/i/c/b/rp2" }, { "predicate": { "custom_model_data": 3 }, "model": "ttp/i/c/b/rp3" }, { "predicate": { "custom_model_data": 4 }, "model": "ttp/i/c/b/rp4" }, { "predicate": { "custom_model_data": 5 }, "model": "ttp/i/c/b/rp5" }, { "predicate": { "custom_model_data": 6 }, "model": "ttp/i/c/b/rp6" }, { "predicate": { "custom_model_data": 8 }, "model": "ttp/i/c/b/rp12" }, { "predicate": { "custom_model_data": 9 }, "model": "ttp/i/c/b/rp9" }, { "predicate": { "custom_model_data": 10 }, "model": "ttp/i/c/b/rp10" }, { "predicate": { "custom_model_data": 11 }, "model": "ttp/i/c/b/rp11" }, { "predicate": { "custom_model_data": 12 }, "model": "ttp/i/c/b/rp12" }, { "predicate": { "custom_model_data": 14 }, "model": "ttp/i/c/b/rp14" }, { "predicate": { "custom_model_data": 16 }, "model": "ttp/i/c/b/rp16" }, { "predicate": { "custom_model_data": 17 }, "model": "ttp/i/c/b/rp17" }, { "predicate": { "custom_model_data": 19 }, "model": "ttp/i/c/b/rp19" }, { "predicate": { "custom_model_data": 20 }, "model": "ttp/i/c/b/rp20" }, { "predicate": { "custom_model_data": 21 }, "model": "ttp/i/c/b/rp21" }, { "predicate": { "custom_model_data": 23 }, "model": "ttp/i/c/b/rp23" }, { "predicate": { "custom_model_data": 26 }, "model": "ttp/i/c/b/rp26" }, { "predicate": { "custom_model_data": 27 }, "model": "ttp/i/c/b/rp27" }, { "predicate": { "custom_model_data": 28 }, "model": "ttp/i/c/b/rp28" }, { "predicate": { "custom_model_data": 30 }, "model": "ttp/i/c/b/rp30" }, { "predicate": { "custom_model_data": 31 }, "model": "ttp/i/c/b/rp31" }, { "predicate": { "custom_model_data": 32 }, "model": "ttp/i/c/b/rp32" }, { "predicate": { "custom_model_data": 33 }, "model": "ttp/i/c/b/rp33" }, { "predicate": { "custom_model_data": 37 }, "model": "ttp/i/c/b/rp37" }, { "predicate": { "custom_model_data": 38 }, "model": "ttp/i/c/b/rp38" }, { "predicate": { "custom_model_data": 39 }, "model": "ttp/i/c/b/rp39" }, { "predicate": { "custom_model_data": 40 }, "model": "ttp/i/c/b/rp40" }, { "predicate": { "custom_model_data": 41 }, "model": "ttp/i/c/b/rp41" }, { "predicate": { "custom_model_data": 43 }, "model": "ttp/i/c/b/rp43" }, { "predicate": { "custom_model_data": 45 }, "model": "ttp/i/c/b/rp45" }, { "predicate": { "custom_model_data": 46 }, "model": "ttp/i/c/b/rp46" }, { "predicate": { "custom_model_data": 48 }, "model": "ttp/i/c/b/rp48" }, { "predicate": { "custom_model_data": 52 }, "model": "ttp/i/c/b/rp52" }, { "predicate": { "custom_model_data": 53 }, "model": "ttp/i/c/b/rp53" }, { "predicate": { "custom_model_data": 55 }, "model": "ttp/i/c/b/rp55" }, { "predicate": { "custom_model_data": 56 }, "model": "ttp/i/c/b/rp56" }, { "predicate": { "custom_model_data": 57 }, "model": "ttp/i/c/b/rp57" }, { "predicate": { "custom_model_data": 61 }, "model": "ttp/i/c/b/rp61" }, { "predicate": { "custom_model_data": 62 }, "model": "ttp/i/c/b/rp62" }, { "predicate": { "custom_model_data": 63 }, "model": "ttp/i/c/b/rp63" }, { "predicate": { "custom_model_data": 65 }, "model": "ttp/i/c/b/rp65" }, { "predicate": { "custom_model_data": 66 }, "model": "ttp/i/c/b/rp66" }, { "predicate": { "custom_model_data": 67 }, "model": "ttp/i/c/b/rp67" }, { "predicate": { "custom_model_data": 68 }, "model": "ttp/i/c/b/rp68" }, { "predicate": { "custom_model_data": 69 }, "model": "ttp/i/c/b/rp69" }, { "predicate": { "custom_model_data": 70 }, "model": "ttp/i/c/b/rp70" }, { "predicate": { "custom_model_data": 71 }, "model": "ttp/i/c/b/rp71" }, { "predicate": { "custom_model_data": 73 }, "model": "ttp/i/c/b/rp73" }, { "predicate": { "custom_model_data": 75 }, "model": "ttp/i/c/b/rp75" }, { "predicate": { "custom_model_data": 76 }, "model": "ttp/i/c/b/rp76" }, { "predicate": { "custom_model_data": 78 }, "model": "ttp/i/c/b/rp78" }, { "predicate": { "custom_model_data": 79 }, "model": "ttp/i/c/b/rp79" }, { "predicate": { "custom_model_data": 80 }, "model": "ttp/i/c/b/rp80" }, { "predicate": { "custom_model_data": 81 }, "model": "ttp/i/c/b/rp81" }, { "predicate": { "custom_model_data": 83 }, "model": "ttp/i/c/b/rp83" }, { "predicate": { "custom_model_data": 84 }, "model": "ttp/i/c/b/rp84" }, { "predicate": { "custom_model_data": 85 }, "model": "ttp/i/c/b/rp85" }, { "predicate": { "custom_model_data": 86 }, "model": "ttp/i/c/b/rp86" }, { "predicate": { "custom_model_data": 87 }, "model": "ttp/i/c/b/rp87" }, { "predicate": { "custom_model_data": 89 }, "model": "ttp/i/c/b/rp89" }, { "predicate": { "custom_model_data": 90 }, "model": "ttp/i/c/b/rp90" }, { "predicate": { "custom_model_data": 91 }, "model": "ttp/i/c/b/rp91" }, { "predicate": { "custom_model_data": 92 }, "model": "ttp/i/c/b/rp92" }, { "predicate": { "custom_model_data": 93 }, "model": "ttp/i/c/b/rp93" }, { "predicate": { "custom_model_data": 94 }, "model": "ttp/i/c/b/rp94" }, { "predicate": { "custom_model_data": 95 }, "model": "ttp/i/c/b/rp95" }, { "predicate": { "custom_model_data": 96 }, "model": "ttp/i/c/b/rp96" }, { "predicate": { "custom_model_data": 97 }, "model": "ttp/i/c/b/rp97" }, { "predicate": { "custom_model_data": 98 }, "model": "ttp/i/c/b/rp98" }, { "predicate": { "custom_model_data": 99 }, "model": "ttp/i/c/b/rp99" }, { "predicate": { "custom_model_data": 100 }, "model": "ttp/i/c/b/rp100" }, { "predicate": { "custom_model_data": 101 }, "model": "ttp/i/c/b/rp101" }, { "predicate": { "custom_model_data": 104 }, "model": "ttp/i/c/b/rp104" }, { "predicate": { "custom_model_data": 108 }, "model": "ttp/i/c/b/rp108" }, { "predicate": { "custom_model_data": 111 }, "model": "ttp/i/c/b/rp111" }, { "predicate": { "custom_model_data": 114 }, "model": "ttp/i/c/b/rp114" }, { "predicate": { "custom_model_data": 117 }, "model": "ttp/i/c/b/rp117" }, { "predicate": { "custom_model_data": 118 }, "model": "ttp/i/c/b/rp118" }, { "predicate": { "custom_model_data": 119 }, "model": "ttp/i/c/b/rp119" }, { "predicate": { "custom_model_data": 120 }, "model": "ttp/i/c/b/rp120" }, { "predicate": { "custom_model_data": 122 }, "model": "ttp/i/c/b/rp122" }, { "predicate": { "custom_model_data": 124 }, "model": "ttp/i/c/b/rp124" }, { "predicate": { "custom_model_data": 125 }, "model": "ttp/i/c/b/rp125" }, { "predicate": { "custom_model_data": 127 }, "model": "ttp/i/c/b/rp127" }, { "predicate": { "custom_model_data": 128 }, "model": "ttp/i/c/b/rp128" }, { "predicate": { "custom_model_data": 129 }, "model": "ttp/i/c/b/rp129" }, { "predicate": { "custom_model_data": 130 }, "model": "ttp/i/c/b/rp130" }, { "predicate": { "custom_model_data": 131 }, "model": "ttp/i/c/b/rp131" }, { "predicate": { "custom_model_data": 133 }, "model": "ttp/i/c/b/rp133" }, { "predicate": { "custom_model_data": 135 }, "model": "ttp/i/c/b/rp135" }, { "predicate": { "custom_model_data": 136 }, "model": "ttp/i/c/b/rp136" }, { "predicate": { "custom_model_data": 137 }, "model": "ttp/i/c/b/rp137" }, { "predicate": { "custom_model_data": 138 }, "model": "ttp/i/c/b/rp138" }, { "predicate": { "custom_model_data": 140 }, "model": "ttp/i/c/b/rp140" }, { "predicate": { "custom_model_data": 143 }, "model": "ttp/i/c/b/rp143" }, { "predicate": { "custom_model_data": 144 }, "model": "ttp/i/c/b/rp144" }, { "predicate": { "custom_model_data": 146 }, "model": "ttp/i/c/b/rp146" }, { "predicate": { "custom_model_data": 147 }, "model": "ttp/i/c/b/rp147" }, { "predicate": { "custom_model_data": 148 }, "model": "ttp/i/c/b/rp148" }, { "predicate": { "custom_model_data": 153 }, "model": "ttp/i/c/b/rp153" }, { "predicate": { "custom_model_data": 155 }, "model": "ttp/i/c/b/rp155" }, { "predicate": { "custom_model_data": 156 }, "model": "ttp/i/c/b/rp156" }, { "predicate": { "custom_model_data": 157 }, "model": "ttp/i/c/b/rp157" }, { "predicate": { "custom_model_data": 158 }, "model": "ttp/i/c/b/rp158" }, { "predicate": { "custom_model_data": 159 }, "model": "ttp/i/c/b/rp159" }, { "predicate": { "custom_model_data": 160 }, "model": "ttp/i/c/b/rp160" }, { "predicate": { "custom_model_data": 161 }, "model": "ttp/i/c/b/rp161" }, { "predicate": { "custom_model_data": 162 }, "model": "ttp/i/c/b/rp162" }, { "predicate": { "custom_model_data": 163 }, "model": "ttp/i/c/b/rp163" }, { "predicate": { "custom_model_data": 164 }, "model": "ttp/i/c/b/rp164" }, { "predicate": { "custom_model_data": 165 }, "model": "ttp/i/c/b/rp165" }, { "predicate": { "custom_model_data": 166 }, "model": "ttp/i/c/b/rp166" }, { "predicate": { "custom_model_data": 170 }, "model": "ttp/i/c/b/rp170" }, { "predicate": { "custom_model_data": 175 }, "model": "ttp/i/c/b/rp175" }, { "predicate": { "custom_model_data": 176 }, "model": "ttp/i/c/b/rp176" }, { "predicate": { "custom_model_data": 177 }, "model": "ttp/i/c/b/rp177" }, { "predicate": { "custom_model_data": 178 }, "model": "ttp/i/c/b/rp178" }, { "predicate": { "custom_model_data": 179 }, "model": "ttp/i/c/b/rp179" }, { "predicate": { "custom_model_data": 180 }, "model": "ttp/i/c/b/rp180" }, { "predicate": { "custom_model_data": 181 }, "model": "ttp/i/c/b/rp181" }, { "predicate": { "custom_model_data": 182 }, "model": "ttp/i/c/b/rp182" }, { "predicate": { "custom_model_data": 183 }, "model": "ttp/i/c/b/rp183" }, { "predicate": { "custom_model_data": 184 }, "model": "ttp/i/c/b/rp184" }, { "predicate": { "custom_model_data": 185 }, "model": "ttp/i/c/b/rp185" }, { "predicate": { "custom_model_data": 186 }, "model": "ttp/i/c/b/rp186" }, { "predicate": { "custom_model_data": 187 }, "model": "ttp/i/c/b/rp187" }, { "predicate": { "custom_model_data": 188 }, "model": "ttp/i/c/b/rp188" }, { "predicate": { "custom_model_data": 189 }, "model": "ttp/i/c/b/rp189" }, { "predicate": { "custom_model_data": 190 }, "model": "ttp/i/c/b/rp190" }, { "predicate": { "custom_model_data": 192 }, "model": "ttp/i/c/b/rp192" }, { "predicate": { "custom_model_data": 193 }, "model": "ttp/i/c/b/rp193" }, { "predicate": { "custom_model_data": 195 }, "model": "ttp/i/c/b/rp195" }, { "predicate": { "custom_model_data": 196 }, "model": "ttp/i/c/b/rp196" }, { "predicate": { "custom_model_data": 198 }, "model": "ttp/i/c/b/rp198" }, { "predicate": { "custom_model_data": 202 }, "model": "ttp/i/c/b/rp202" }, { "predicate": { "custom_model_data": 203 }, "model": "ttp/i/c/b/rp203" }, { "predicate": { "custom_model_data": 205 }, "model": "ttp/i/c/b/rp205" }, { "predicate": { "custom_model_data": 206 }, "model": "ttp/i/c/b/rp206" }, { "predicate": { "custom_model_data": 208 }, "model": "ttp/i/c/b/rp208" }, { "predicate": { "custom_model_data": 209 }, "model": "ttp/i/c/b/rp209" }, { "predicate": { "custom_model_data": 211 }, "model": "ttp/i/c/b/rp211" }, { "predicate": { "custom_model_data": 212 }, "model": "ttp/i/c/b/rp212" }, { "predicate": { "custom_model_data": 217 }, "model": "ttp/i/c/b/rp217" }, { "predicate": { "custom_model_data": 218 }, "model": "ttp/i/c/b/rp218" }, { "predicate": { "custom_model_data": 219 }, "model": "ttp/i/c/b/rp219" }, { "predicate": { "custom_model_data": 220 }, "model": "ttp/i/c/b/rp220" }, { "predicate": { "custom_model_data": 221 }, "model": "ttp/i/c/b/rp221" }, { "predicate": { "custom_model_data": 224 }, "model": "ttp/i/c/b/rp224" }, { "predicate": { "custom_model_data": 227 }, "model": "ttp/i/c/b/rp227" }, { "predicate": { "custom_model_data": 228 }, "model": "ttp/i/c/b/rp228" }, { "predicate": { "custom_model_data": 229 }, "model": "ttp/i/c/b/rp229" }, { "predicate": { "custom_model_data": 232 }, "model": "ttp/i/c/b/rp232" }, { "predicate": { "custom_model_data": 236 }, "model": "ttp/i/c/b/rp236" }, { "predicate": { "custom_model_data": 237 }, "model": "ttp/i/c/b/rp237" }, { "predicate": { "custom_model_data": 238 }, "model": "ttp/i/c/b/rp238" }, { "predicate": { "custom_model_data": 241 }, "model": "ttp/i/c/b/rp241" }, { "predicate": { "custom_model_data": 242 }, "model": "ttp/i/c/b/rp242" }, { "predicate": { "custom_model_data": 243 }, "model": "ttp/i/c/b/rp243" }, { "predicate": { "custom_model_data": 244 }, "model": "ttp/i/c/b/rp244" }, { "predicate": { "custom_model_data": 246 }, "model": "ttp/i/c/b/rp246" }, { "predicate": { "custom_model_data": 247 }, "model": "ttp/i/c/b/rp247" }, { "predicate": { "custom_model_data": 248 }, "model": "ttp/i/c/b/rp248" }, { "predicate": { "custom_model_data": 251 }, "model": "ttp/i/c/b/rp251" }, { "predicate": { "custom_model_data": 252 }, "model": "ttp/i/c/b/rp252" }, { "predicate": { "custom_model_data": 253 }, "model": "ttp/i/c/b/rp253" }, { "predicate": { "custom_model_data": 255 }, "model": "ttp/i/c/b/rp255" } ] }