{ "parent": "item/generated", "textures": { "layer0": "item/leather_boots", "layer1": "item/leather_boots_overlay" }, "overrides": [ { "predicate": { "custom_model_data": 1 }, "model": "ttp/i/l/bike-1" }, { "predicate": { "custom_model_data": 2 }, "model": "ttp/i/l/bmw_1" }, { "predicate": { "custom_model_data": 3 }, "model": "ttp/i/l/motorcycle_5" }, { "predicate": { "custom_model_data": 5 }, "model": "ttp/i/l/nissan_skyline_r34" }, { "predicate": { "custom_model_data": 6 }, "model": "ttp/i/l/police_car" }, { "predicate": { "custom_model_data": 7 }, "model": "ttp/i/l/taxi" }, { "predicate": { "custom_model_data": 8 }, "model": "ttp/i/l/sebxter_tesla_cybertruck" }, { "predicate": { "custom_model_data": 10 }, "model": "ttp/i/l/dodge_challenger" }, { "predicate": { "custom_model_data": 11 }, "model": "ttp/i/l/honda_s2000_suki" }, { "predicate": { "custom_model_data": 12 }, "model": "ttp/i/l/honda_s2000" }, { "predicate": { "custom_model_data": 13 }, "model": "ttp/i/l/motorcycle_4" }, { "predicate": { "custom_model_data": 14 }, "model": "ttp/i/l/opel_astra" }, { "predicate": { "custom_model_data": 15 }, "model": "ttp/i/l/lamboo" }, { "predicate": { "custom_model_data": 16 }, "model": "ttp/i/l/arb" }, { "predicate": { "custom_model_data": 17 }, "model": "ttp/i/l/bmw_e92" }, { "predicate": { "custom_model_data": 18 }, "model": "ttp/i/l/policebike" }, { "predicate": { "custom_model_data": 19 }, "model": "ttp/i/l/welik" }, { "predicate": { "custom_model_data": 20 }, "model": "ttp/i/l/ambulance" }, { "predicate": { "custom_model_data": 21 }, "model": "ttp/i/l/buggati_super_sport" }, { "predicate": { "custom_model_data": 22 }, "model": "ttp/i/l/eikplast_ii" }, { "predicate": { "custom_model_data": 23 }, "model": "ttp/i/l/lamborghini_aventador_sv" }, { "predicate": { "custom_model_data": 24 }, "model": "ttp/i/l/police_riot" }, { "predicate": { "custom_model_data": 25 }, "model": "ttp/i/l/police_transporter" }, { "predicate": { "custom_model_data": 26 }, "model": "ttp/i/l/rec_lite_spark" }, { "predicate": { "custom_model_data": 27 }, "model": "ttp/i/l/zodiac_mark" }, { "predicate": { "custom_model_data": 28 }, "model": "ttp/i/l/volvo_c30" }, { "predicate": { "custom_model_data": 29 }, "model": "ttp/i/l/chevrolet_camaro_5" }, { "predicate": { "custom_model_data": 30 }, "model": "ttp/i/l/jaguar_f_type" }, { "predicate": { "custom_model_data": 31 }, "model": "ttp/i/l/subaru_impreza" }, { "predicate": { "custom_model_data": 32 }, "model": "ttp/i/l/bmw_m4" }, { "predicate": { "custom_model_data": 33 }, "model": "ttp/i/l/ferrari_f430" }, { "predicate": { "custom_model_data": 34 }, "model": "ttp/i/l/ford_raptor" }, { "predicate": { "custom_model_data": 35 }, "model": "ttp/i/l/police_helicopter" }, { "predicate": { "custom_model_data": 37 }, "model": "ttp/i/l/marek_marucha" }, { "predicate": { "custom_model_data": 38 }, "model": "ttp/i/l/mcqueen" }, { "predicate": { "custom_model_data": 39 }, "model": "ttp/i/l/bmw_m3_e90" }, { "predicate": { "custom_model_data": 40 }, "model": "ttp/i/l/praga_baby" }, { "predicate": { "custom_model_data": 42 }, "model": "ttp/i/l/speed_boat" }, { "predicate": { "custom_model_data": 43 }, "model": "ttp/i/l/alfa_romeo_giulia" }, { "predicate": { "custom_model_data": 44 }, "model": "ttp/i/l/rolls_royce_phantom" }, { "predicate": { "custom_model_data": 45 }, "model": "ttp/i/l/rolls_royce_cullinan" }, { "predicate": { "custom_model_data": 46 }, "model": "ttp/i/l/nissan_skyline_hello_kitty" }, { "predicate": { "custom_model_data": 47 }, "model": "ttp/i/l/zentorno" }, { "predicate": { "custom_model_data": 48 }, "model": "ttp/i/l/lamborghini_lanzador" }, { "predicate": { "custom_model_data": 49 }, "model": "item/leather_boots" } ] }