{ "parent": "item/generated", "textures": { "layer0": "item/wooden_hoe" }, "overrides": [ { "predicate": { "custom_model_data": 100 }, "model": "ttp/i/i/piano" }, { "predicate": { "custom_model_data": 101 }, "model": "ttp/i/i/bassdrum" }, { "predicate": { "custom_model_data": 102 }, "model": "ttp/i/i/snare" }, { "predicate": { "custom_model_data": 103 }, "model": "ttp/i/i/sticks" }, { "predicate": { "custom_model_data": 104 }, "model": "ttp/i/i/bass" }, { "predicate": { "custom_model_data": 105 }, "model": "ttp/i/i/flute" }, { "predicate": { "custom_model_data": 106 }, "model": "ttp/i/i/bell" }, { "predicate": { "custom_model_data": 107 }, "model": "ttp/i/i/guitar" }, { "predicate": { "custom_model_data": 108 }, "model": "ttp/i/i/chimes" }, { "predicate": { "custom_model_data": 109 }, "model": "ttp/i/i/xylophone" }, { "predicate": { "custom_model_data": 110 }, "model": "ttp/i/i/vibraphone" }, { "predicate": { "custom_model_data": 111 }, "model": "ttp/i/i/cowbell" }, { "predicate": { "custom_model_data": 112 }, "model": "ttp/i/i/dg" }, { "predicate": { "custom_model_data": 113 }, "model": "ttp/i/i/bits" }, { "predicate": { "custom_model_data": 114 }, "model": "ttp/i/i/banjo" }, { "predicate": { "custom_model_data": 115 }, "model": "ttp/i/i/pling" }, { "predicate": { "custom_model_data": 116 }, "model": "ttp/i/i/rp250" }, { "predicate": { "custom_model_data": 117 }, "model": "ttp/i/i/rp235" }, { "predicate": { "custom_model_data": 118 }, "model": "ttp/i/i/rp234" }, { "predicate": { "custom_model_data": 119 }, "model": "ttp/i/i/rp240" }, { "predicate": { "custom_model_data": 120 }, "model": "ttp/i/i/rp210" }, { "predicate": { "custom_model_data": 121 }, "model": "ttp/i/i/rp200" }, { "predicate": { "custom_model_data": 122 }, "model": "ttp/i/i/rp152" }, { "predicate": { "custom_model_data": 123 }, "model": "ttp/i/i/rp226" }, { "predicate": { "custom_model_data": 124 }, "model": "ttp/i/i/rp15" }, { "predicate": { "custom_model_data": 125 }, "model": "ttp/i/i/rp207" }, { "predicate": { "custom_model_data": 126 }, "model": "ttp/i/i/rp216" }, { "predicate": { "custom_model_data": 127 }, "model": "ttp/i/i/rp145" }, { "predicate": { "custom_model_data": 128 }, "model": "ttp/i/i/rp239" }, { "predicate": { "custom_model_data": 129 }, "model": "ttp/i/i/rp222" }, { "predicate": { "custom_model_data": 130 }, "model": "ttp/i/i/rp142" }, { "predicate": { "custom_model_data": 131 }, "model": "ttp/i/i/rp29" }, { "predicate": { "custom_model_data": 132 }, "model": "ttp/i/i/rp13" }, { "predicate": { "custom_model_data": 133 }, "model": "ttp/i/i/rp121" }, { "predicate": { "custom_model_data": 134 }, "model": "ttp/i/i/rp123" }, { "predicate": { "custom_model_data": 135 }, "model": "ttp/i/i/rp126" }, { "predicate": { "custom_model_data": 136 }, "model": "ttp/i/i/rp113" }, { "predicate": { "custom_model_data": 137 }, "model": "ttp/i/i/rp134" }, { "predicate": { "custom_model_data": 138 }, "model": "ttp/i/i/rp132" }, { "predicate": { "custom_model_data": 139 }, "model": "ttp/i/i/rp44" }, { "predicate": { "custom_model_data": 140 }, "model": "ttp/i/i/rp106" }, { "predicate": { "custom_model_data": 141 }, "model": "ttp/i/i/rp42" }, { "predicate": { "custom_model_data": 142 }, "model": "ttp/i/i/rp12" } ] }