{
	"credit": "Made with Blockbench, a free, modern block model editor by JannisX11",
	"textures": {
		"0": "ttp/qualityarmory/rgbsheet1",
		"particle": "ttp/qualityarmory/rgbsheet1"
	},
	"elements": [
		{
			"from": [7, 1, 7],
			"to": [9, 10, 9],
			"faces": {
				"north": {"uv": [4, 2, 5, 3], "texture": "#0"},
				"east": {"uv": [4, 2, 5, 3], "texture": "#0"},
				"south": {"uv": [4, 2, 5, 3], "texture": "#0"},
				"west": {"uv": [4, 2, 5, 3], "texture": "#0"},
				"up": {"uv": [4, 2, 5, 3], "texture": "#0"},
				"down": {"uv": [4, 2, 5, 3], "texture": "#0"}
			}
		},
		{
			"from": [7, 11, 7.25],
			"to": [9, 12, 8.75],
			"rotation": {"angle": 45, "axis": "y", "origin": [8, 11.5, 8]},
			"faces": {
				"north": {"uv": [7, 15, 8, 16], "texture": "#0"},
				"east": {"uv": [7, 15, 8, 16], "texture": "#0"},
				"south": {"uv": [7, 15, 8, 16], "texture": "#0"},
				"west": {"uv": [7, 15, 8, 16], "texture": "#0"},
				"up": {"uv": [7, 15, 8, 16], "texture": "#0", "rotation": 270},
				"down": {"uv": [7, 15, 8, 16], "texture": "#0", "rotation": 90}
			}
		},
		{
			"from": [6, 10, 7],
			"to": [10, 11, 9],
			"faces": {
				"north": {"uv": [7, 15, 8, 16], "texture": "#0"},
				"east": {"uv": [7, 15, 8, 16], "texture": "#0"},
				"south": {"uv": [7, 15, 8, 16], "texture": "#0"},
				"west": {"uv": [7, 15, 8, 16], "texture": "#0"},
				"up": {"uv": [7, 15, 8, 16], "texture": "#0"},
				"down": {"uv": [7, 15, 8, 16], "texture": "#0"}
			}
		},
		{
			"from": [7, 10, 6],
			"to": [9, 11, 10],
			"rotation": {"angle": 0, "axis": "y", "origin": [8, 10.5, 8]},
			"faces": {
				"north": {"uv": [7, 15, 8, 16], "texture": "#0"},
				"east": {"uv": [7, 15, 8, 16], "texture": "#0"},
				"south": {"uv": [7, 15, 8, 16], "texture": "#0"},
				"west": {"uv": [7, 15, 8, 16], "texture": "#0"},
				"up": {"uv": [7, 15, 8, 16], "texture": "#0", "rotation": 270},
				"down": {"uv": [7, 15, 8, 16], "texture": "#0", "rotation": 90}
			}
		},
		{
			"from": [7, 10, 6],
			"to": [9, 11, 10],
			"rotation": {"angle": 45, "axis": "y", "origin": [8, 10.5, 8]},
			"faces": {
				"north": {"uv": [7, 15, 8, 16], "texture": "#0"},
				"east": {"uv": [7, 15, 8, 16], "texture": "#0"},
				"south": {"uv": [7, 15, 8, 16], "texture": "#0"},
				"west": {"uv": [7, 15, 8, 16], "texture": "#0"},
				"up": {"uv": [7, 15, 8, 16], "texture": "#0", "rotation": 270},
				"down": {"uv": [7, 15, 8, 16], "texture": "#0", "rotation": 90}
			}
		},
		{
			"from": [7, 10, 6],
			"to": [9, 11, 10],
			"rotation": {"angle": -45, "axis": "y", "origin": [8, 10.5, 8]},
			"faces": {
				"north": {"uv": [7, 15, 8, 16], "texture": "#0"},
				"east": {"uv": [7, 15, 8, 16], "texture": "#0"},
				"south": {"uv": [7, 15, 8, 16], "texture": "#0"},
				"west": {"uv": [7, 15, 8, 16], "texture": "#0"},
				"up": {"uv": [7, 15, 8, 16], "texture": "#0", "rotation": 270},
				"down": {"uv": [7, 15, 8, 16], "texture": "#0", "rotation": 90}
			}
		},
		{
			"from": [6, 0, 7],
			"to": [10, 1, 9],
			"faces": {
				"north": {"uv": [7, 15, 8, 16], "texture": "#0"},
				"east": {"uv": [7, 15, 8, 16], "texture": "#0"},
				"south": {"uv": [7, 15, 8, 16], "texture": "#0"},
				"west": {"uv": [7, 15, 8, 16], "texture": "#0"},
				"up": {"uv": [7, 15, 8, 16], "texture": "#0"},
				"down": {"uv": [7, 15, 8, 16], "texture": "#0"}
			}
		},
		{
			"from": [7, 0, 6],
			"to": [9, 1, 10],
			"rotation": {"angle": 0, "axis": "y", "origin": [8, 0.5, 8]},
			"faces": {
				"north": {"uv": [7, 15, 8, 16], "texture": "#0"},
				"east": {"uv": [7, 15, 8, 16], "texture": "#0"},
				"south": {"uv": [7, 15, 8, 16], "texture": "#0"},
				"west": {"uv": [7, 15, 8, 16], "texture": "#0"},
				"up": {"uv": [7, 15, 8, 16], "texture": "#0", "rotation": 270},
				"down": {"uv": [7, 15, 8, 16], "texture": "#0", "rotation": 90}
			}
		},
		{
			"from": [7, 0, 6],
			"to": [9, 1, 10],
			"rotation": {"angle": 45, "axis": "y", "origin": [8, 0.5, 8]},
			"faces": {
				"north": {"uv": [7, 15, 8, 16], "texture": "#0"},
				"east": {"uv": [7, 15, 8, 16], "texture": "#0"},
				"south": {"uv": [7, 15, 8, 16], "texture": "#0"},
				"west": {"uv": [7, 15, 8, 16], "texture": "#0"},
				"up": {"uv": [7, 15, 8, 16], "texture": "#0", "rotation": 270},
				"down": {"uv": [7, 15, 8, 16], "texture": "#0", "rotation": 90}
			}
		},
		{
			"from": [7, 0, 6],
			"to": [9, 1, 10],
			"rotation": {"angle": -45, "axis": "y", "origin": [8, 0.5, 8]},
			"faces": {
				"north": {"uv": [7, 15, 8, 16], "texture": "#0"},
				"east": {"uv": [7, 15, 8, 16], "texture": "#0"},
				"south": {"uv": [7, 15, 8, 16], "texture": "#0"},
				"west": {"uv": [7, 15, 8, 16], "texture": "#0"},
				"up": {"uv": [7, 15, 8, 16], "texture": "#0", "rotation": 270},
				"down": {"uv": [7, 15, 8, 16], "texture": "#0", "rotation": 90}
			}
		},
		{
			"from": [6.5, 1, 6.75],
			"to": [7, 10, 7],
			"rotation": {"angle": 0, "axis": "y", "origin": [6.75, 5.5, 6.875]},
			"faces": {
				"north": {"uv": [3, 5, 4, 6], "texture": "#0"},
				"east": {"uv": [3, 5, 4, 6], "texture": "#0"},
				"south": {"uv": [3, 5, 4, 6], "texture": "#0"},
				"west": {"uv": [3, 5, 4, 6], "texture": "#0"},
				"up": {"uv": [3, 5, 4, 6], "texture": "#0", "rotation": 90},
				"down": {"uv": [3, 5, 4, 6], "texture": "#0", "rotation": 270}
			}
		},
		{
			"from": [6.5, 1, 7],
			"to": [7, 2.75, 9],
			"rotation": {"angle": 0, "axis": "y", "origin": [6.75, 1.875, 8]},
			"faces": {
				"north": {"uv": [3, 5, 4, 6], "texture": "#0"},
				"east": {"uv": [3, 5, 4, 6], "texture": "#0"},
				"south": {"uv": [3, 5, 4, 6], "texture": "#0"},
				"west": {"uv": [3, 5, 4, 6], "texture": "#0"},
				"up": {"uv": [3, 5, 4, 6], "texture": "#0", "rotation": 90},
				"down": {"uv": [3, 5, 4, 6], "texture": "#0", "rotation": 270}
			}
		},
		{
			"from": [7, 1, 6.5],
			"to": [9, 2.75, 7],
			"rotation": {"angle": 0, "axis": "y", "origin": [8, 1.875, 6.75]},
			"faces": {
				"north": {"uv": [3, 5, 4, 6], "texture": "#0"},
				"east": {"uv": [3, 5, 4, 6], "texture": "#0"},
				"south": {"uv": [3, 5, 4, 6], "texture": "#0"},
				"west": {"uv": [3, 5, 4, 6], "texture": "#0"},
				"up": {"uv": [3, 5, 4, 6], "texture": "#0", "rotation": 180},
				"down": {"uv": [3, 5, 4, 6], "texture": "#0", "rotation": 180}
			}
		},
		{
			"from": [7, 3.25, 6.5],
			"to": [9, 5, 7],
			"rotation": {"angle": 0, "axis": "y", "origin": [8, 4.125, 6.75]},
			"faces": {
				"north": {"uv": [3, 5, 4, 6], "texture": "#0"},
				"east": {"uv": [3, 5, 4, 6], "texture": "#0"},
				"south": {"uv": [3, 5, 4, 6], "texture": "#0"},
				"west": {"uv": [3, 5, 4, 6], "texture": "#0"},
				"up": {"uv": [3, 5, 4, 6], "texture": "#0", "rotation": 180},
				"down": {"uv": [3, 5, 4, 6], "texture": "#0", "rotation": 180}
			}
		},
		{
			"from": [6.5, 3.25, 7],
			"to": [7, 5, 9],
			"rotation": {"angle": 0, "axis": "y", "origin": [6.75, 4.125, 8]},
			"faces": {
				"north": {"uv": [3, 5, 4, 6], "texture": "#0"},
				"east": {"uv": [3, 5, 4, 6], "texture": "#0"},
				"south": {"uv": [3, 5, 4, 6], "texture": "#0"},
				"west": {"uv": [3, 5, 4, 6], "texture": "#0"},
				"up": {"uv": [3, 5, 4, 6], "texture": "#0", "rotation": 90},
				"down": {"uv": [3, 5, 4, 6], "texture": "#0", "rotation": 270}
			}
		},
		{
			"from": [6.5, 5.75, 7],
			"to": [7, 7.5, 9],
			"rotation": {"angle": 0, "axis": "y", "origin": [6.75, 6.625, 8]},
			"faces": {
				"north": {"uv": [3, 5, 4, 6], "texture": "#0"},
				"east": {"uv": [3, 5, 4, 6], "texture": "#0"},
				"south": {"uv": [3, 5, 4, 6], "texture": "#0"},
				"west": {"uv": [3, 5, 4, 6], "texture": "#0"},
				"up": {"uv": [3, 5, 4, 6], "texture": "#0", "rotation": 90},
				"down": {"uv": [3, 5, 4, 6], "texture": "#0", "rotation": 270}
			}
		},
		{
			"from": [7, 5.75, 6.5],
			"to": [9, 7.5, 7],
			"rotation": {"angle": 0, "axis": "y", "origin": [8, 6.625, 6.75]},
			"faces": {
				"north": {"uv": [3, 5, 4, 6], "texture": "#0"},
				"east": {"uv": [3, 5, 4, 6], "texture": "#0"},
				"south": {"uv": [3, 5, 4, 6], "texture": "#0"},
				"west": {"uv": [3, 5, 4, 6], "texture": "#0"},
				"up": {"uv": [3, 5, 4, 6], "texture": "#0", "rotation": 180},
				"down": {"uv": [3, 5, 4, 6], "texture": "#0", "rotation": 180}
			}
		},
		{
			"from": [7, 8.25, 6.5],
			"to": [9, 10, 7],
			"rotation": {"angle": 0, "axis": "y", "origin": [8, 9.125, 6.75]},
			"faces": {
				"north": {"uv": [3, 5, 4, 6], "texture": "#0"},
				"east": {"uv": [3, 5, 4, 6], "texture": "#0"},
				"south": {"uv": [3, 5, 4, 6], "texture": "#0"},
				"west": {"uv": [3, 5, 4, 6], "texture": "#0"},
				"up": {"uv": [3, 5, 4, 6], "texture": "#0", "rotation": 180},
				"down": {"uv": [3, 5, 4, 6], "texture": "#0", "rotation": 180}
			}
		},
		{
			"from": [6.5, 8.25, 7],
			"to": [7, 10, 9],
			"rotation": {"angle": 0, "axis": "y", "origin": [6.75, 9.125, 8]},
			"faces": {
				"north": {"uv": [3, 5, 4, 6], "texture": "#0"},
				"east": {"uv": [3, 5, 4, 6], "texture": "#0"},
				"south": {"uv": [3, 5, 4, 6], "texture": "#0"},
				"west": {"uv": [3, 5, 4, 6], "texture": "#0"},
				"up": {"uv": [3, 5, 4, 6], "texture": "#0", "rotation": 90},
				"down": {"uv": [3, 5, 4, 6], "texture": "#0", "rotation": 270}
			}
		},
		{
			"from": [6.75, 1, 9],
			"to": [7, 10, 9.5],
			"faces": {
				"north": {"uv": [3, 5, 4, 6], "texture": "#0"},
				"east": {"uv": [3, 5, 4, 6], "texture": "#0"},
				"south": {"uv": [3, 5, 4, 6], "texture": "#0"},
				"west": {"uv": [3, 5, 4, 6], "texture": "#0"},
				"up": {"uv": [3, 5, 4, 6], "texture": "#0"},
				"down": {"uv": [3, 5, 4, 6], "texture": "#0"}
			}
		},
		{
			"from": [7, 5.75, 9],
			"to": [9, 7.5, 9.5],
			"faces": {
				"north": {"uv": [3, 5, 4, 6], "texture": "#0"},
				"east": {"uv": [3, 5, 4, 6], "texture": "#0"},
				"south": {"uv": [3, 5, 4, 6], "texture": "#0"},
				"west": {"uv": [3, 5, 4, 6], "texture": "#0"},
				"up": {"uv": [3, 5, 4, 6], "texture": "#0"},
				"down": {"uv": [3, 5, 4, 6], "texture": "#0"}
			}
		},
		{
			"from": [7, 8.25, 9],
			"to": [9, 10, 9.5],
			"faces": {
				"north": {"uv": [3, 5, 4, 6], "texture": "#0"},
				"east": {"uv": [3, 5, 4, 6], "texture": "#0"},
				"south": {"uv": [3, 5, 4, 6], "texture": "#0"},
				"west": {"uv": [3, 5, 4, 6], "texture": "#0"},
				"up": {"uv": [3, 5, 4, 6], "texture": "#0"},
				"down": {"uv": [3, 5, 4, 6], "texture": "#0"}
			}
		},
		{
			"from": [9, 1, 9],
			"to": [9.5, 10, 9.25],
			"rotation": {"angle": 0, "axis": "y", "origin": [9.25, 5.5, 9.125]},
			"faces": {
				"north": {"uv": [3, 5, 4, 6], "texture": "#0"},
				"east": {"uv": [3, 5, 4, 6], "texture": "#0"},
				"south": {"uv": [3, 5, 4, 6], "texture": "#0"},
				"west": {"uv": [3, 5, 4, 6], "texture": "#0"},
				"up": {"uv": [3, 5, 4, 6], "texture": "#0", "rotation": 270},
				"down": {"uv": [3, 5, 4, 6], "texture": "#0", "rotation": 90}
			}
		},
		{
			"from": [7, 1, 9],
			"to": [9, 2.75, 9.5],
			"faces": {
				"north": {"uv": [3, 5, 4, 6], "texture": "#0"},
				"east": {"uv": [3, 5, 4, 6], "texture": "#0"},
				"south": {"uv": [3, 5, 4, 6], "texture": "#0"},
				"west": {"uv": [3, 5, 4, 6], "texture": "#0"},
				"up": {"uv": [3, 5, 4, 6], "texture": "#0"},
				"down": {"uv": [3, 5, 4, 6], "texture": "#0"}
			}
		},
		{
			"from": [7, 3.25, 9],
			"to": [9, 5, 9.5],
			"faces": {
				"north": {"uv": [3, 5, 4, 6], "texture": "#0"},
				"east": {"uv": [3, 5, 4, 6], "texture": "#0"},
				"south": {"uv": [3, 5, 4, 6], "texture": "#0"},
				"west": {"uv": [3, 5, 4, 6], "texture": "#0"},
				"up": {"uv": [3, 5, 4, 6], "texture": "#0"},
				"down": {"uv": [3, 5, 4, 6], "texture": "#0"}
			}
		},
		{
			"from": [9, 1, 7],
			"to": [9.5, 2.75, 9],
			"rotation": {"angle": 0, "axis": "y", "origin": [9.25, 1.875, 8]},
			"faces": {
				"north": {"uv": [3, 5, 4, 6], "texture": "#0"},
				"east": {"uv": [3, 5, 4, 6], "texture": "#0"},
				"south": {"uv": [3, 5, 4, 6], "texture": "#0"},
				"west": {"uv": [3, 5, 4, 6], "texture": "#0"},
				"up": {"uv": [3, 5, 4, 6], "texture": "#0", "rotation": 270},
				"down": {"uv": [3, 5, 4, 6], "texture": "#0", "rotation": 90}
			}
		},
		{
			"from": [9, 3.25, 7],
			"to": [9.5, 5, 9],
			"rotation": {"angle": 0, "axis": "y", "origin": [9.25, 4.125, 8]},
			"faces": {
				"north": {"uv": [3, 5, 4, 6], "texture": "#0"},
				"east": {"uv": [3, 5, 4, 6], "texture": "#0"},
				"south": {"uv": [3, 5, 4, 6], "texture": "#0"},
				"west": {"uv": [3, 5, 4, 6], "texture": "#0"},
				"up": {"uv": [3, 5, 4, 6], "texture": "#0", "rotation": 270},
				"down": {"uv": [3, 5, 4, 6], "texture": "#0", "rotation": 90}
			}
		},
		{
			"from": [9, 5.75, 7],
			"to": [9.5, 7.5, 9],
			"rotation": {"angle": 0, "axis": "y", "origin": [9.25, 6.625, 8]},
			"faces": {
				"north": {"uv": [3, 5, 4, 6], "texture": "#0"},
				"east": {"uv": [3, 5, 4, 6], "texture": "#0"},
				"south": {"uv": [3, 5, 4, 6], "texture": "#0"},
				"west": {"uv": [3, 5, 4, 6], "texture": "#0"},
				"up": {"uv": [3, 5, 4, 6], "texture": "#0", "rotation": 270},
				"down": {"uv": [3, 5, 4, 6], "texture": "#0", "rotation": 90}
			}
		},
		{
			"from": [9, 8.25, 7],
			"to": [9.5, 10, 9],
			"rotation": {"angle": 0, "axis": "y", "origin": [9.25, 9.125, 8]},
			"faces": {
				"north": {"uv": [3, 5, 4, 6], "texture": "#0"},
				"east": {"uv": [3, 5, 4, 6], "texture": "#0"},
				"south": {"uv": [3, 5, 4, 6], "texture": "#0"},
				"west": {"uv": [3, 5, 4, 6], "texture": "#0"},
				"up": {"uv": [3, 5, 4, 6], "texture": "#0", "rotation": 270},
				"down": {"uv": [3, 5, 4, 6], "texture": "#0", "rotation": 90}
			}
		},
		{
			"from": [9, 1, 6.5],
			"to": [9.25, 10, 7],
			"rotation": {"angle": 0, "axis": "y", "origin": [9.125, 5.5, 6.75]},
			"faces": {
				"north": {"uv": [3, 5, 4, 6], "texture": "#0"},
				"east": {"uv": [3, 5, 4, 6], "texture": "#0"},
				"south": {"uv": [3, 5, 4, 6], "texture": "#0"},
				"west": {"uv": [3, 5, 4, 6], "texture": "#0"},
				"up": {"uv": [3, 5, 4, 6], "texture": "#0", "rotation": 180},
				"down": {"uv": [3, 5, 4, 6], "texture": "#0", "rotation": 180}
			}
		}
	],
	"display": {
		"thirdperson_righthand": {
			"scale": [0.4, 0.4, 0.4]
		},
		"ground": {
			"scale": [0.5, 0.5, 0.5]
		}
	},
	"groups": [0, 1, 2, 3, 4, 5, 6, 7, 8, 9,
		{
			"name": "group",
			"isOpen": true,
			"shade": true,
			"display": {
				"visibility": true,
				"autouv": true
			},
			"children": [10, 11, 12, 13, 14, 15, 16, 17, 18, 19, 20, 21, 22, 23, 24, 25, 26, 27, 28, 29]
		}
	]
}