{
	"credit": "Made with Blockbench",
	"texture_size": [32, 32],
	"textures": {
		"1": "ttp/i/c/subnamask"
	},
	"elements": [
		{
			"from": [3, 0.002, 1.5],
			"to": [13, 1.004, 3.5],
			"rotation": {"angle": 0, "axis": "y", "origin": [13, 0, 1.5]},
			"faces": {
				"north": {"uv": [2, 3.75, 7, 4.25], "texture": "#1"},
				"south": {"uv": [2, 3.75, 7, 4.25], "texture": "#1"},
				"up": {"uv": [11.75, 1, 6.75, 0], "texture": "#1"},
				"down": {"uv": [11.75, 1, 6.75, 0], "texture": "#1"}
			}
		},
		{
			"from": [13, 0, 1.5],
			"to": [16, 1, 3.5],
			"rotation": {"angle": -22.5, "axis": "y", "origin": [13, 0, 1.5]},
			"faces": {
				"north": {"uv": [5.75, 8, 7.25, 8.5], "texture": "#1"},
				"south": {"uv": [5.75, 8, 7.25, 8.5], "texture": "#1"},
				"up": {"uv": [13.625, 1.75, 12.125, 0.75], "texture": "#1"},
				"down": {"uv": [13.625, 1.75, 12.125, 0.75], "texture": "#1"}
			}
		},
		{
			"from": [14.77164, 0, 3.14805],
			"to": [15.77164, 4, 4.14805],
			"rotation": {"angle": 22.5, "axis": "x", "origin": [14.77164, 0, 4.14805]},
			"faces": {
				"north": {"uv": [2.5, 7.5, 3, 9.5], "texture": "#1"},
				"east": {"uv": [2.5, 7.5, 3, 9.5], "texture": "#1"},
				"south": {"uv": [2.5, 7.5, 3, 9.5], "texture": "#1"},
				"west": {"uv": [2.5, 7.5, 3, 9.5], "texture": "#1"},
				"up": {"uv": [7, 0.5, 6.75, 0.25], "texture": "#1"},
				"down": {"uv": [7, 0.5, 6.75, 0.25], "texture": "#1"}
			}
		},
		{
			"from": [14.773, 3.69552, 4.67878],
			"to": [15.777, 12.44552, 6.67878],
			"rotation": {"angle": 0, "axis": "y", "origin": [14.77164, 3.69552, 5.67878]},
			"faces": {
				"north": {"uv": [13.625, 6.25, 14.125, 10.625], "texture": "#1"},
				"east": {"uv": [13.125, 1.875, 14.125, 6.25], "texture": "#1"},
				"south": {"uv": [13.625, 6.25, 14.125, 10.625], "texture": "#1"},
				"west": {"uv": [13.125, 1.875, 14.125, 6.25], "texture": "#1"},
				"up": {"uv": [7, 0.5, 6.75, 0.25], "texture": "#1"},
				"down": {"uv": [7, 0.5, 6.75, 0.25], "texture": "#1"}
			}
		},
		{
			"from": [14.77164, 3.69552, 3.67878],
			"to": [15.27164, 12.44552, 4.67878],
			"rotation": {"angle": 0, "axis": "y", "origin": [14.77164, 3.69552, 5.67878]},
			"faces": {
				"north": {"uv": [10.875, 6.5, 11.125, 10.875], "texture": "#1"},
				"east": {"uv": [11.625, 6.875, 12.125, 11.25], "texture": "#1"},
				"south": {"uv": [10.875, 6.5, 11.125, 10.875], "texture": "#1"},
				"west": {"uv": [11.625, 6.875, 12.125, 11.25], "texture": "#1"}
			}
		},
		{
			"from": [3, 15, 1.5],
			"to": [13, 16, 3.5],
			"rotation": {"angle": 0, "axis": "y", "origin": [13, 16, 1.5]},
			"faces": {
				"north": {"uv": [2, 4.25, 7, 4.75], "texture": "#1"},
				"east": {"uv": [7, 0.5, 6.75, 0.25], "texture": "#1"},
				"south": {"uv": [2, 4.25, 7, 4.75], "texture": "#1"},
				"west": {"uv": [7, 0.5, 6.75, 0.25], "texture": "#1"},
				"up": {"uv": [7, 0.5, 6.75, 0.25], "texture": "#1"},
				"down": {"uv": [7, 0.5, 6.75, 0.25], "texture": "#1"}
			}
		},
		{
			"from": [13, 13.998, 0.75],
			"to": [16, 15.002, 2.75],
			"rotation": {"angle": -22.5, "axis": "y", "origin": [13, 15, 0.75]},
			"faces": {
				"north": {"uv": [4.25, 7, 5.75, 7.5], "texture": "#1"},
				"east": {"uv": [7, 0.5, 6.75, 0.25], "texture": "#1"},
				"south": {"uv": [4.25, 7, 5.75, 7.5], "texture": "#1"},
				"west": {"uv": [7, 0.5, 6.75, 0.25], "texture": "#1"},
				"up": {"uv": [7, 0.5, 6.75, 0.25], "texture": "#1"},
				"down": {"uv": [7, 0.5, 6.75, 0.25], "texture": "#1"}
			}
		},
		{
			"from": [3, 14, 0.75],
			"to": [13, 15, 2.75],
			"rotation": {"angle": 0, "axis": "y", "origin": [13, 15, 0.75]},
			"faces": {
				"north": {"uv": [2, 3.25, 7, 3.75], "texture": "#1"},
				"east": {"uv": [7, 0.5, 6.75, 0.25], "texture": "#1"},
				"south": {"uv": [2, 3.25, 7, 3.75], "texture": "#1"},
				"west": {"uv": [7, 0.5, 6.75, 0.25], "texture": "#1"},
				"up": {"uv": [7, 0.5, 6.75, 0.25], "texture": "#1"},
				"down": {"uv": [7, 0.5, 6.75, 0.25], "texture": "#1"}
			}
		},
		{
			"from": [4, 7, 0.75],
			"to": [5, 14, 0.75],
			"rotation": {"angle": 0, "axis": "y", "origin": [13, 15, 0.75]},
			"faces": {
				"north": {"uv": [11.125, 6.5, 11.625, 10], "texture": "#1"},
				"east": {"uv": [0, 0, 0, 3.5], "texture": "#1"},
				"south": {"uv": [11.125, 6.5, 11.625, 10], "texture": "#1"},
				"west": {"uv": [0, 0, 0, 3.5], "texture": "#1"},
				"up": {"uv": [0.5, 0, 0, 0], "texture": "#1"},
				"down": {"uv": [0.5, 0, 0, 0], "texture": "#1"}
			}
		},
		{
			"from": [13, 15.002, 1.5],
			"to": [16, 16.006, 3.5],
			"rotation": {"angle": -22.5, "axis": "y", "origin": [13, 16, 1.5]},
			"faces": {
				"north": {"uv": [6.625, 4.75, 5.125, 5.25], "texture": "#1"},
				"east": {"uv": [6.984, 0.484, 6.75, 0.25], "texture": "#1"},
				"south": {"uv": [6.625, 4.75, 5.125, 5.25], "texture": "#1"},
				"west": {"uv": [6.984, 0.484, 6.75, 0.25], "texture": "#1"},
				"up": {"uv": [3.016, 7.516, 4.484, 8.484], "texture": "#1", "cullface": "up"},
				"down": {"uv": [3.016, 7.516, 4.484, 8.484], "texture": "#1"}
			}
		},
		{
			"from": [0, 13.998, 0.75],
			"to": [3, 15.002, 2.75],
			"rotation": {"angle": 22.5, "axis": "y", "origin": [3, 15, 0.75]},
			"faces": {
				"north": {"uv": [5.75, 7, 4.25, 7.5], "texture": "#1"},
				"east": {"uv": [7, 0.5, 6.75, 0.25], "texture": "#1"},
				"south": {"uv": [4.25, 7, 5.75, 7.5], "texture": "#1"},
				"west": {"uv": [7, 0.5, 6.75, 0.25], "texture": "#1"},
				"up": {"uv": [7, 0.5, 6.75, 0.25], "texture": "#1"},
				"down": {"uv": [7, 0.5, 6.75, 0.25], "texture": "#1"}
			}
		},
		{
			"from": [0, 15.002, 1.5],
			"to": [3, 16.006, 3.5],
			"rotation": {"angle": 22.5, "axis": "y", "origin": [3, 16, 1.5]},
			"faces": {
				"north": {"uv": [6.625, 4.75, 5.125, 5.25], "texture": "#1"},
				"east": {"uv": [7, 0.5, 6.75, 0.25], "texture": "#1"},
				"south": {"uv": [5.125, 4.75, 6.625, 5.25], "texture": "#1"},
				"west": {"uv": [7, 0.5, 6.75, 0.25], "texture": "#1"},
				"up": {"uv": [3, 7.5, 4.5, 8.5], "texture": "#1"},
				"down": {"uv": [3, 7.5, 4.5, 8.5], "texture": "#1"}
			}
		},
		{
			"from": [14.77164, 15, 2.64805],
			"to": [15.77164, 16, 4.14805],
			"rotation": {"angle": 0, "axis": "y", "origin": [14.77164, 16, 1.14805]},
			"faces": {
				"north": {"uv": [7, 0.5, 6.75, 0.25], "texture": "#1"},
				"east": {"uv": [7.25, 8, 8, 8.5], "texture": "#1"},
				"south": {"uv": [7, 0.5, 6.75, 0.25], "texture": "#1"},
				"west": {"uv": [7.25, 8, 8, 8.5], "texture": "#1"},
				"up": {"uv": [7, 0.5, 6.75, 0.25], "texture": "#1"},
				"down": {"uv": [7, 0.5, 6.75, 0.25], "texture": "#1"}
			}
		},
		{
			"from": [14.77164, 14, 1.89805],
			"to": [15.77164, 15, 3.89805],
			"rotation": {"angle": 0, "axis": "y", "origin": [14.77164, 15, 0.39805]},
			"faces": {
				"north": {"uv": [7, 0.5, 6.75, 0.25], "texture": "#1"},
				"east": {"uv": [12.125, 6.5, 13.125, 7], "texture": "#1"},
				"south": {"uv": [7, 0.5, 6.75, 0.25], "texture": "#1"},
				"west": {"uv": [12.125, 7, 13.125, 7.5], "texture": "#1"},
				"up": {"uv": [7, 0.5, 6.75, 0.25], "texture": "#1"},
				"down": {"uv": [12.625, 7.5, 12.125, 8.5], "texture": "#1"}
			}
		},
		{
			"from": [14.77164, 12, 3.14805],
			"to": [15.77364, 16, 4.14805],
			"rotation": {"angle": -22.5, "axis": "x", "origin": [14.77164, 16, 4.14805]},
			"faces": {
				"north": {"uv": [13.125, 8.25, 13.625, 10.25], "texture": "#1"},
				"east": {"uv": [13.125, 6.25, 13.625, 8.25], "texture": "#1"},
				"south": {"uv": [13.125, 8.25, 13.625, 10.25], "texture": "#1"},
				"west": {"uv": [13.125, 6.25, 13.625, 8.25], "texture": "#1"}
			}
		},
		{
			"from": [14.77, 12.56178, 2.26327],
			"to": [15.268, 14.81178, 3.26327],
			"rotation": {"angle": -22.5, "axis": "x", "origin": [14.77164, 16.06178, 4.26327]},
			"faces": {
				"north": {"uv": [7, 0.5, 6.75, 0.25], "texture": "#1"},
				"east": {"uv": [12.125, 9.875, 12.625, 11], "texture": "#1"},
				"south": {"uv": [7, 0.5, 6.75, 0.25], "texture": "#1"},
				"west": {"uv": [13.625, 0.75, 14.125, 1.875], "texture": "#1"},
				"up": {"uv": [7, 0.5, 6.75, 0.25], "texture": "#1"},
				"down": {"uv": [7, 0.5, 6.75, 0.25], "texture": "#1"}
			}
		},
		{
			"from": [14.773, 0.17174, 2.26327],
			"to": [15.273, 3.57926, 3.26327],
			"rotation": {"angle": 22.5, "axis": "x", "origin": [14.77164, 0.07926, 4.26327]},
			"faces": {
				"north": {"uv": [10.875, 6.5, 10.625, 8.25], "texture": "#1"},
				"east": {"uv": [2, 3.25, 1.5, 5], "texture": "#1"},
				"south": {"uv": [10.875, 6.5, 10.625, 8.25], "texture": "#1"},
				"west": {"uv": [2, 3.25, 1.5, 5], "texture": "#1"}
			}
		},
		{
			"from": [14.77164, 0.002, 2.64805],
			"to": [15.77364, 1.004, 4.55556],
			"rotation": {"angle": 0, "axis": "y", "origin": [14.77164, 0, 1.14805]},
			"faces": {
				"east": {"uv": [3.5, 8.5, 4.5, 9], "texture": "#1"},
				"south": {"uv": [3.5, 9, 3, 8.5], "texture": "#1"},
				"west": {"uv": [4.125, 4.75, 5.125, 5.25], "texture": "#1"},
				"up": {"uv": [13.625, 11.25, 13.125, 10.25], "texture": "#1"},
				"down": {"uv": [13.625, 11.25, 13.125, 10.25], "texture": "#1"}
			}
		},
		{
			"from": [14.77, 11.27395, 2.85036],
			"to": [15.77, 13.93146, 3.85036],
			"rotation": {"angle": -45, "axis": "x", "origin": [14.77164, 15.27395, 3.85036]},
			"faces": {
				"north": {"uv": [7, 0.5, 6.75, 0.25], "texture": "#1"},
				"east": {"uv": [12.625, 7.5, 13.125, 8.875], "texture": "#1"},
				"south": {"uv": [7, 0.5, 6.75, 0.25], "texture": "#1"},
				"west": {"uv": [12.125, 8.5, 12.625, 9.875], "texture": "#1"},
				"up": {"uv": [7, 0.5, 6.75, 0.25], "texture": "#1"},
				"down": {"uv": [7, 0.5, 6.75, 0.25], "texture": "#1"}
			}
		},
		{
			"from": [14.77, 2.20958, 2.85036],
			"to": [15.77, 4.86709, 3.85036],
			"rotation": {"angle": 45, "axis": "x", "origin": [14.77164, 0.86709, 3.85036]},
			"faces": {
				"north": {"uv": [2, 7.5, 2.5, 8.875], "texture": "#1"},
				"east": {"uv": [2, 8.875, 2.5, 10.25], "texture": "#1"},
				"south": {"uv": [2, 7.5, 2.5, 8.875], "texture": "#1"},
				"west": {"uv": [1.5, 5, 2, 6.375], "texture": "#1"},
				"up": {"uv": [3.5, 9, 3, 8.5], "texture": "#1"},
				"down": {"uv": [3.5, 9, 3, 8.5], "texture": "#1"}
			}
		},
		{
			"from": [0.23, 11.27395, 2.85036],
			"to": [1.23, 13.93146, 3.85036],
			"rotation": {"angle": -45, "axis": "x", "origin": [1.22836, 15.27395, 3.85036]},
			"faces": {
				"east": {"uv": [12.625, 8.5, 12.125, 9.875], "texture": "#1"},
				"south": {"uv": [7, 0.5, 6.75, 0.25], "texture": "#1"},
				"west": {"uv": [13.125, 7.5, 12.625, 8.875], "texture": "#1"},
				"up": {"uv": [7, 0.5, 6.75, 0.25], "texture": "#1"},
				"down": {"uv": [7, 0.5, 6.75, 0.25], "texture": "#1"}
			}
		},
		{
			"from": [0.22636, 12, 3.14805],
			"to": [1.22836, 16, 4.14805],
			"rotation": {"angle": -22.5, "axis": "x", "origin": [1.22836, 16, 4.14805]},
			"faces": {
				"north": {"uv": [13.625, 8.25, 13.125, 10.25], "texture": "#1"},
				"east": {"uv": [13.125, 8.875, 12.625, 10.875], "texture": "#1"},
				"south": {"uv": [13.625, 8.25, 13.125, 10.25], "texture": "#1"},
				"west": {"uv": [13.125, 6.25, 13.625, 8.25], "texture": "#1"},
				"up": {"uv": [7, 0.5, 6.75, 0.25], "texture": "#1"},
				"down": {"uv": [7, 0.5, 6.75, 0.25], "texture": "#1"}
			}
		},
		{
			"from": [0.7306, 12.56178, 2.26327],
			"to": [1.2286, 14.81178, 3.26327],
			"rotation": {"angle": -22.5, "axis": "x", "origin": [1.22836, 16.06178, 4.26327]},
			"faces": {
				"north": {"uv": [7, 0.5, 6.75, 0.25], "texture": "#1"},
				"east": {"uv": [14.125, 0.75, 13.625, 1.875], "texture": "#1"},
				"south": {"uv": [7, 0.5, 6.75, 0.25], "texture": "#1"},
				"west": {"uv": [12.625, 9.875, 12.125, 11], "texture": "#1"},
				"up": {"uv": [7, 0.5, 6.75, 0.25], "texture": "#1"},
				"down": {"uv": [7, 0.5, 6.75, 0.25], "texture": "#1"}
			}
		},
		{
			"from": [0.226, 3.69552, 4.67878],
			"to": [1.23, 12.44552, 6.67878],
			"rotation": {"angle": 0, "axis": "y", "origin": [1.22836, 3.69552, 5.67878]},
			"faces": {
				"north": {"uv": [11.625, 6.875, 12.125, 11.25], "texture": "#1"},
				"east": {"uv": [13.125, 1.875, 14.125, 6.25], "texture": "#1"},
				"south": {"uv": [11.625, 6.875, 12.125, 11.25], "texture": "#1"},
				"west": {"uv": [13.125, 1.875, 14.125, 6.25], "texture": "#1"}
			}
		},
		{
			"from": [0.72836, 3.69552, 3.67878],
			"to": [1.22836, 12.44552, 4.67878],
			"rotation": {"angle": 0, "axis": "y", "origin": [1.22836, 3.69552, 5.67878]},
			"faces": {
				"north": {"uv": [10.875, 6.5, 11.125, 10.875], "texture": "#1"},
				"east": {"uv": [11.625, 6.875, 12.125, 11.25], "texture": "#1"},
				"south": {"uv": [10.875, 6.5, 11.125, 10.875], "texture": "#1"},
				"west": {"uv": [11.625, 6.875, 12.125, 11.25], "texture": "#1"},
				"up": {"uv": [7, 0.5, 6.75, 0.25], "texture": "#1"},
				"down": {"uv": [7, 0.5, 6.75, 0.25], "texture": "#1"}
			}
		},
		{
			"from": [0, 0, 1.5],
			"to": [3, 1, 3.5],
			"rotation": {"angle": 22.5, "axis": "y", "origin": [3, 0, 1.5]},
			"faces": {
				"north": {"uv": [7.25, 8, 5.75, 8.5], "texture": "#1"},
				"south": {"uv": [7.25, 8, 5.75, 8.5], "texture": "#1"},
				"up": {"uv": [12.125, 1.75, 13.625, 0.75], "texture": "#1"},
				"down": {"uv": [0.5, 15, 2, 16], "texture": "#1"}
			}
		},
		{
			"from": [0.726, 0.17174, 2.26327],
			"to": [1.226, 3.57926, 3.26327],
			"rotation": {"angle": 22.5, "axis": "x", "origin": [1.22836, 0.07926, 4.26327]},
			"faces": {
				"north": {"uv": [10.875, 6.5, 10.625, 8.25], "texture": "#1"},
				"east": {"uv": [2, 3.25, 1.5, 5], "texture": "#1"},
				"south": {"uv": [10.875, 6.5, 10.625, 8.25], "texture": "#1"},
				"west": {"uv": [2, 3.25, 1.5, 5], "texture": "#1"}
			}
		},
		{
			"from": [0.22636, 0.002, 2.64805],
			"to": [1.22836, 1.004, 4.55556],
			"rotation": {"angle": 0, "axis": "y", "origin": [1.22836, 0, 1.14805]},
			"faces": {
				"east": {"uv": [5.125, 4.75, 4.125, 5.25], "texture": "#1"},
				"south": {"uv": [3.5, 9, 3, 8.5], "texture": "#1"},
				"west": {"uv": [4.5, 8.5, 3.5, 9], "texture": "#1"},
				"up": {"uv": [13.125, 11.25, 13.625, 10.25], "texture": "#1"},
				"down": {"uv": [2.5, 9.5, 3, 10.5], "texture": "#1"}
			}
		},
		{
			"from": [0.22836, 0, 3.14805],
			"to": [1.22836, 4, 4.14805],
			"rotation": {"angle": 22.5, "axis": "x", "origin": [1.22836, 0, 4.14805]},
			"faces": {
				"north": {"uv": [2.5, 7.5, 3, 9.5], "texture": "#1"},
				"east": {"uv": [2.5, 7.5, 3, 9.5], "texture": "#1"},
				"south": {"uv": [2.5, 7.5, 3, 9.5], "texture": "#1"},
				"west": {"uv": [2.5, 7.5, 3, 9.5], "texture": "#1"}
			}
		},
		{
			"from": [0.23, 2.20958, 2.85036],
			"to": [1.23, 4.86709, 3.85036],
			"rotation": {"angle": 45, "axis": "x", "origin": [1.22836, 0.86709, 3.85036]},
			"faces": {
				"north": {"uv": [2.5, 7.5, 2, 8.875], "texture": "#1"},
				"east": {"uv": [2, 5, 1.5, 6.375], "texture": "#1"},
				"south": {"uv": [2.5, 7.5, 2, 8.875], "texture": "#1"},
				"west": {"uv": [2.5, 8.875, 2, 10.25], "texture": "#1"}
			}
		},
		{
			"from": [1.22836, 7.44552, 16.67878],
			"to": [14.72836, 9.94552, 16.67878],
			"rotation": {"angle": 0, "axis": "y", "origin": [1.22836, 4.69552, 5.67878]},
			"faces": {
				"north": {"uv": [0, 0, 6.75, 1.25], "texture": "#1"},
				"east": {"uv": [0, 0, 0, 1.25], "texture": "#1"},
				"south": {"uv": [0, 0, 6.75, 1.25], "texture": "#1"},
				"west": {"uv": [0, 0, 0, 1.25], "texture": "#1"},
				"up": {"uv": [6.75, 0, 0, 0], "texture": "#1"},
				"down": {"uv": [6.75, 0, 0, 0], "texture": "#1"}
			}
		},
		{
			"from": [5.22836, 9.94552, 16.67878],
			"to": [10.72836, 13.05534, 16.67878],
			"rotation": {"angle": 0, "axis": "y", "origin": [1.22836, 4.69552, 5.67878]},
			"faces": {
				"north": {"uv": [9.375, 2.25, 12.125, 3.75], "texture": "#1"},
				"east": {"uv": [0, 0, 0, 1.5], "texture": "#1"},
				"south": {"uv": [9.375, 2.25, 12.125, 3.75], "texture": "#1"},
				"west": {"uv": [0, 0, 0, 1.5], "texture": "#1"},
				"up": {"uv": [2.75, 0, 0, 0], "texture": "#1"},
				"down": {"uv": [2.75, 0, 0, 0], "texture": "#1"}
			}
		},
		{
			"from": [5.22836, 4.94552, 16.67878],
			"to": [10.72836, 7.44552, 16.67878],
			"rotation": {"angle": 0, "axis": "y", "origin": [1.22836, 4.69552, 5.67878]},
			"faces": {
				"north": {"uv": [9.375, 1, 12.125, 2.25], "texture": "#1"},
				"east": {"uv": [0, 0, 0, 1.25], "texture": "#1"},
				"south": {"uv": [9.375, 1, 12.125, 2.25], "texture": "#1"},
				"west": {"uv": [0, 0, 0, 1.25], "texture": "#1"},
				"up": {"uv": [2.75, 0, 0, 0], "texture": "#1"},
				"down": {"uv": [2.75, 0, 0, 0], "texture": "#1"}
			}
		},
		{
			"from": [1.22836, 3.44552, 16.67878],
			"to": [14.72836, 4.94552, 16.67878],
			"rotation": {"angle": 0, "axis": "y", "origin": [1.22836, 0.69552, 5.67878]},
			"faces": {
				"north": {"uv": [0, 1.25, 6.75, 2], "texture": "#1"},
				"east": {"uv": [0, 0, 0, 0.75], "texture": "#1"},
				"south": {"uv": [0, 1.25, 6.75, 2], "texture": "#1"},
				"west": {"uv": [0, 0, 0, 0.75], "texture": "#1"},
				"up": {"uv": [6.75, 0, 0, 0], "texture": "#1"},
				"down": {"uv": [6.75, 0, 0, 0], "texture": "#1"}
			}
		},
		{
			"from": [14.72736, 3.44552, 5.42978],
			"to": [14.72736, 5.94552, 11.67978],
			"rotation": {"angle": 0, "axis": "y", "origin": [14.72736, 0.69552, 5.67978]},
			"faces": {
				"north": {"uv": [0, 0, 0, 1.25], "texture": "#1"},
				"east": {"uv": [9.375, 3.75, 12.5, 5], "texture": "#1"},
				"south": {"uv": [0, 0, 0, 1.25], "texture": "#1"},
				"west": {"uv": [9.375, 3.75, 12.5, 5], "texture": "#1"},
				"up": {"uv": [0, 3.125, 0, 0], "texture": "#1"},
				"down": {"uv": [0, 0, 0, 3.125], "texture": "#1"}
			}
		},
		{
			"from": [14.72736, 7.44552, 5.42978],
			"to": [14.72736, 9.94552, 16.67978],
			"rotation": {"angle": 0, "axis": "y", "origin": [14.72736, 4.69552, 5.67978]},
			"faces": {
				"north": {"uv": [0, 0, 0, 1.25], "texture": "#1"},
				"east": {"uv": [7, 2, 1.375, 3.25], "texture": "#1"},
				"south": {"uv": [0, 0, 0, 1.25], "texture": "#1"},
				"west": {"uv": [7, 2, 1.375, 3.25], "texture": "#1"},
				"up": {"uv": [0, 5.625, 0, 0], "texture": "#1"},
				"down": {"uv": [0, 0, 0, 5.625], "texture": "#1"}
			}
		},
		{
			"from": [4.72836, 13.05534, 16.67878],
			"to": [7.22836, 15.05534, 16.67878],
			"rotation": {"angle": 0, "axis": "y", "origin": [0.72836, 3.69552, 5.67878]},
			"faces": {
				"north": {"uv": [4.5, 7.5, 5.75, 8.5], "texture": "#1"},
				"east": {"uv": [0, 0, 0, 1], "texture": "#1"},
				"south": {"uv": [4.5, 7.5, 5.75, 8.5], "texture": "#1"},
				"west": {"uv": [0, 0, 0, 1], "texture": "#1"},
				"up": {"uv": [0, 0, 1.25, 0], "texture": "#1"},
				"down": {"uv": [0, 0, 1.25, 0], "texture": "#1"}
			}
		},
		{
			"from": [3.72836, 15.05534, 3.42878],
			"to": [6.22836, 15.05534, 16.67878],
			"rotation": {"angle": 0, "axis": "y", "origin": [-0.27164, 3.69552, 5.67878]},
			"faces": {
				"north": {"uv": [1.25, 0, 0, 0], "texture": "#1"},
				"east": {"uv": [6.625, 0, 0, 0], "texture": "#1"},
				"south": {"uv": [1.25, 0, 0, 0], "texture": "#1"},
				"west": {"uv": [6.625, 0, 0, 0], "texture": "#1"},
				"up": {"uv": [0, 8.625, 1.25, 2], "texture": "#1"},
				"down": {"uv": [0, 2, 1.25, 8.625], "texture": "#1"}
			}
		},
		{
			"from": [1.27264, 3.44552, 5.42978],
			"to": [1.27264, 5.94552, 11.67978],
			"rotation": {"angle": 0, "axis": "y", "origin": [1.27264, 0.69552, 5.67978]},
			"faces": {
				"north": {"uv": [0, 0, 0, 1.25], "texture": "#1"},
				"east": {"uv": [9.375, 3.75, 12.5, 5], "texture": "#1"},
				"south": {"uv": [0, 0, 0, 1.25], "texture": "#1"},
				"west": {"uv": [9.375, 3.75, 12.5, 5], "texture": "#1"},
				"up": {"uv": [0, 3.125, 0, 0], "texture": "#1"},
				"down": {"uv": [0, 0, 0, 3.125], "texture": "#1"}
			}
		},
		{
			"from": [1.27264, 3.44552, 11.67978],
			"to": [1.27264, 4.94552, 16.67978],
			"rotation": {"angle": 0, "axis": "y", "origin": [1.27264, 0.69552, 5.67978]},
			"faces": {
				"north": {"uv": [0, 0, 0, 0.75], "texture": "#1"},
				"east": {"uv": [11.75, 0, 14.25, 0.75], "texture": "#1"},
				"south": {"uv": [0, 0, 0, 0.75], "texture": "#1"},
				"west": {"uv": [11.75, 0, 14.25, 0.75], "texture": "#1"},
				"up": {"uv": [0, 2.5, 0, 0], "texture": "#1"},
				"down": {"uv": [0, 0, 0, 2.5], "texture": "#1"}
			}
		},
		{
			"from": [1.27264, 7.44552, 5.42978],
			"to": [1.27264, 9.94552, 16.67978],
			"rotation": {"angle": 0, "axis": "y", "origin": [1.27264, 4.69552, 5.67978]},
			"faces": {
				"north": {"uv": [0, 0, 0, 1.25], "texture": "#1"},
				"east": {"uv": [7, 2, 1.375, 3.25], "texture": "#1"},
				"south": {"uv": [0, 0, 0, 1.25], "texture": "#1"},
				"west": {"uv": [7, 2, 1.375, 3.25], "texture": "#1"},
				"up": {"uv": [0, 5.625, 0, 0], "texture": "#1"},
				"down": {"uv": [0, 0, 0, 5.625], "texture": "#1"}
			}
		},
		{
			"from": [14.72736, 3.44552, 11.67978],
			"to": [14.72736, 4.94552, 16.67978],
			"rotation": {"angle": 0, "axis": "y", "origin": [14.72736, 0.69552, 5.67978]},
			"faces": {
				"north": {"uv": [0, 0, 0, 0.75], "texture": "#1"},
				"east": {"uv": [11.75, 0, 14.25, 0.75], "texture": "#1"},
				"south": {"uv": [0, 0, 0, 0.75], "texture": "#1"},
				"west": {"uv": [11.75, 0, 14.25, 0.75], "texture": "#1"},
				"up": {"uv": [0, 2.5, 0, 0], "texture": "#1"},
				"down": {"uv": [0, 0, 0, 2.5], "texture": "#1"}
			}
		},
		{
			"from": [8.77164, 13.05534, 16.67878],
			"to": [11.27164, 15.05534, 16.67878],
			"rotation": {"angle": 0, "axis": "y", "origin": [15.27164, 3.69552, 5.67878]},
			"faces": {
				"north": {"uv": [4.5, 7.5, 5.75, 8.5], "texture": "#1"},
				"east": {"uv": [0, 0, 0, 1], "texture": "#1"},
				"south": {"uv": [4.5, 7.5, 5.75, 8.5], "texture": "#1"},
				"west": {"uv": [0, 0, 0, 1], "texture": "#1"},
				"up": {"uv": [1.25, 0, 0, 0], "texture": "#1"},
				"down": {"uv": [1.25, 0, 0, 0], "texture": "#1"}
			}
		},
		{
			"from": [9.77164, 15.05534, 3.42878],
			"to": [12.27164, 15.05534, 16.67878],
			"rotation": {"angle": 0, "axis": "y", "origin": [16.27164, 3.69552, 5.67878]},
			"faces": {
				"north": {"uv": [0, 0, 1.25, 0], "texture": "#1"},
				"east": {"uv": [0, 0, 6.625, 0], "texture": "#1"},
				"south": {"uv": [0, 0, 1.25, 0], "texture": "#1"},
				"west": {"uv": [0, 0, 6.625, 0], "texture": "#1"},
				"up": {"uv": [1.25, 8.625, 0, 2], "texture": "#1"},
				"down": {"uv": [1.25, 2, 0, 8.625], "texture": "#1"}
			}
		},
		{
			"from": [14.77164, 7.94552, 5.67878],
			"to": [16.02164, 9.69552, 7.17878],
			"rotation": {"angle": 0, "axis": "y", "origin": [13.77164, 7.94552, 5.67878]},
			"faces": {
				"south": {"uv": [11.625, 5, 12.25, 5.875], "texture": "#1"},
				"up": {"uv": [12.75, 2.5, 12.125, 1.75], "texture": "#1"},
				"down": {"uv": [12.75, 1.75, 12.125, 2.5], "texture": "#1"}
			}
		},
		{
			"from": [14.94291, 7.948, 6.53982],
			"to": [16.19291, 9.698, 8.03982],
			"rotation": {"angle": 22.5, "axis": "y", "origin": [13.94291, 7.94552, 6.53982]},
			"faces": {
				"north": {"uv": [2, 4.75, 2.625, 5.625], "texture": "#1"},
				"east": {"uv": [8.625, 4, 9.375, 4.875], "texture": "#1"},
				"south": {"uv": [2, 4.75, 2.625, 5.625], "texture": "#1"},
				"west": {"uv": [9.375, 4, 8.625, 4.875], "texture": "#1"},
				"up": {"uv": [12.75, 3.25, 12.125, 2.5], "texture": "#1"},
				"down": {"uv": [12.75, 2.5, 12.125, 3.25], "texture": "#1"}
			}
		},
		{
			"from": [14.77164, 3.94552, 5.67878],
			"to": [16.02164, 5.69552, 7.17878],
			"rotation": {"angle": 0, "axis": "y", "origin": [13.77164, 3.94552, 5.67878]},
			"faces": {
				"south": {"uv": [11.625, 5, 12.25, 5.875], "texture": "#1"},
				"up": {"uv": [12.75, 2.5, 12.125, 1.75], "texture": "#1"},
				"down": {"uv": [12.75, 1.75, 12.125, 2.5], "texture": "#1"}
			}
		},
		{
			"from": [14.94291, 3.948, 6.53982],
			"to": [16.19291, 5.698, 8.03982],
			"rotation": {"angle": 22.5, "axis": "y", "origin": [13.94291, 3.94552, 6.53982]},
			"faces": {
				"north": {"uv": [2, 4.75, 2.625, 5.625], "texture": "#1"},
				"east": {"uv": [8.625, 4, 9.375, 4.875], "texture": "#1"},
				"south": {"uv": [2, 4.75, 2.625, 5.625], "texture": "#1"},
				"west": {"uv": [9.375, 4, 8.625, 4.875], "texture": "#1"},
				"up": {"uv": [12.75, 3.25, 12.125, 2.5], "texture": "#1"},
				"down": {"uv": [12.75, 2.5, 12.125, 3.25], "texture": "#1"}
			}
		},
		{
			"from": [-0.02164, 7.94552, 5.67878],
			"to": [1.22836, 9.69552, 7.17878],
			"rotation": {"angle": 0, "axis": "y", "origin": [2.22836, 7.94552, 5.67878]},
			"faces": {
				"south": {"uv": [12.25, 5, 11.625, 5.875], "texture": "#1"},
				"up": {"uv": [12.125, 2.5, 12.75, 1.75], "texture": "#1"},
				"down": {"uv": [12.125, 1.75, 12.75, 2.5], "texture": "#1"}
			}
		},
		{
			"from": [-0.19291, 7.948, 6.53982],
			"to": [1.05709, 9.698, 8.03982],
			"rotation": {"angle": -22.5, "axis": "y", "origin": [2.05709, 7.94552, 6.53982]},
			"faces": {
				"north": {"uv": [2.625, 4.75, 2, 5.625], "texture": "#1"},
				"east": {"uv": [8.625, 4, 9.375, 4.875], "texture": "#1"},
				"south": {"uv": [2.625, 4.75, 2, 5.625], "texture": "#1"},
				"west": {"uv": [9.375, 4, 8.625, 4.875], "texture": "#1"},
				"up": {"uv": [12.125, 3.25, 12.75, 2.5], "texture": "#1"},
				"down": {"uv": [12.125, 2.5, 12.75, 3.25], "texture": "#1"}
			}
		},
		{
			"from": [-0.02164, 3.94552, 5.67878],
			"to": [1.22836, 5.69552, 7.17878],
			"rotation": {"angle": 0, "axis": "y", "origin": [2.22836, 3.94552, 5.67878]},
			"faces": {
				"south": {"uv": [12.25, 5, 11.625, 5.875], "texture": "#1"},
				"up": {"uv": [12.125, 2.5, 12.75, 1.75], "texture": "#1"},
				"down": {"uv": [12.125, 1.75, 12.75, 2.5], "texture": "#1"}
			}
		},
		{
			"from": [-0.19291, 3.948, 6.53982],
			"to": [1.05709, 5.698, 8.03982],
			"rotation": {"angle": -22.5, "axis": "y", "origin": [2.05709, 3.94552, 6.53982]},
			"faces": {
				"north": {"uv": [2.625, 4.75, 2, 5.625], "texture": "#1"},
				"east": {"uv": [8.625, 4, 9.375, 4.875], "texture": "#1"},
				"south": {"uv": [2.625, 4.75, 2, 5.625], "texture": "#1"},
				"west": {"uv": [9.375, 4, 8.625, 4.875], "texture": "#1"},
				"up": {"uv": [12.125, 3.25, 12.75, 2.5], "texture": "#1"},
				"down": {"uv": [12.125, 2.5, 12.75, 3.25], "texture": "#1"}
			}
		},
		{
			"from": [5.75, 1.1, 0],
			"to": [10.5, 4.1, 2],
			"rotation": {"angle": 0, "axis": "y", "origin": [11, 2.1, 0]},
			"faces": {
				"north": {"uv": [3.375, 5.5, 5.75, 7], "texture": "#1"}
			}
		},
		{
			"from": [10.41342, 1.1, -0.3806],
			"to": [12.41342, 4.1, 3.6194],
			"rotation": {"angle": 22.5, "axis": "y", "origin": [12.41342, 2.1, 4.6194]},
			"faces": {
				"north": {"uv": [12.125, 5, 13.125, 6.5], "texture": "#1"},
				"east": {"uv": [7.375, 2.5, 9.375, 4], "texture": "#1"},
				"south": {"uv": [12.125, 5, 13.125, 6.5], "texture": "#1"},
				"west": {"uv": [7.375, 2.5, 9.375, 4], "texture": "#1"},
				"up": {"uv": [8.125, 8, 7.125, 6], "texture": "#1"},
				"down": {"uv": [7.125, 1.25, 7.375, 1.5], "texture": "#1"}
			}
		},
		{
			"from": [3.58658, 1.1, -0.3806],
			"to": [5.58658, 4.1, 3.6194],
			"rotation": {"angle": -22.5, "axis": "y", "origin": [3.58658, 2.1, 4.6194]},
			"faces": {
				"north": {"uv": [12.125, 5, 13.125, 6.5], "texture": "#1"},
				"east": {"uv": [9.375, 2.5, 7.375, 4], "texture": "#1"},
				"south": {"uv": [12.125, 5, 13.125, 6.5], "texture": "#1"},
				"west": {"uv": [9.375, 2.5, 7.375, 4], "texture": "#1"},
				"up": {"uv": [7.125, 8, 8.125, 6], "texture": "#1"},
				"down": {"uv": [7.125, 1.25, 7.375, 1.5], "texture": "#1"}
			}
		},
		{
			"from": [9.5, 3.80711, 0.70711],
			"to": [10.5, 6.80711, 3.70711],
			"rotation": {"angle": 45, "axis": "x", "origin": [11, 4.80711, 0.70711]},
			"faces": {
				"north": {"uv": [12.625, 3.25, 13.125, 4.75], "texture": "#1"},
				"east": {"uv": [9.125, 6.5, 10.625, 8], "texture": "#1"},
				"south": {"uv": [1.5, 13, 2, 14.5], "texture": "#1"},
				"west": {"uv": [9.125, 6.5, 10.625, 8], "texture": "#1"},
				"up": {"uv": [5.75, 6.125, 6.25, 7.625], "texture": "#1"}
			}
		},
		{
			"from": [5.75, 3.80711, 0.70711],
			"to": [6.75, 6.80711, 3.70711],
			"rotation": {"angle": 45, "axis": "x", "origin": [5.25, 4.80711, 0.70711]},
			"faces": {
				"north": {"uv": [13.125, 3.25, 12.625, 4.75], "texture": "#1"},
				"south": {"uv": [1.5, 13, 2, 14.5], "texture": "#1"},
				"west": {"uv": [9.125, 6.5, 10.625, 8], "texture": "#1"},
				"up": {"uv": [5.75, 6.125, 6.25, 7.625], "texture": "#1"}
			}
		},
		{
			"from": [5.75, 0.71732, -0.07612],
			"to": [10.5, 3.71732, 2.92388],
			"rotation": {"angle": 22.5, "axis": "x", "origin": [11, 0.71732, 0.92388]},
			"faces": {
				"north": {"uv": [8.875, 5, 11.25, 6.5], "texture": "#1"},
				"east": {"uv": [7.5, 1.25, 7.875, 1.625], "texture": "#1"},
				"south": {"uv": [8.875, 5, 11.25, 6.5], "texture": "#1"},
				"west": {"uv": [7.5, 1.25, 7.875, 1.625], "texture": "#1"},
				"up": {"uv": [9.375, 1, 7, 2.5], "texture": "#1"},
				"down": {"uv": [9.375, 1, 7, 2.5], "texture": "#1"}
			}
		},
		{
			"from": [6.75, 3.80711, 0.20711],
			"to": [9.5, 7.55711, 3.70711],
			"rotation": {"angle": 45, "axis": "x", "origin": [6, 4.80711, 0.70711]},
			"faces": {
				"north": {"uv": [2, 5.625, 3.375, 7.5], "texture": "#1"},
				"east": {"uv": [0, 8.625, 1.75, 10.5], "texture": "#1"},
				"south": {"uv": [2, 5.625, 3.375, 7.5], "texture": "#1"},
				"west": {"uv": [1.75, 8.625, 0, 10.5], "texture": "#1"},
				"up": {"uv": [5.75, 6.125, 7.125, 7.875], "texture": "#1"},
				"down": {"uv": [7.125, 6.125, 5.75, 7.875], "texture": "#1"}
			}
		},
		{
			"from": [7.09249, 1.1, -1],
			"to": [9.09249, 4.1, 0],
			"rotation": {"angle": 0, "axis": "y", "origin": [10.59249, 2.1, 0]},
			"faces": {
				"north": {"uv": [8.125, 6.5, 9.125, 8], "texture": "#1"},
				"up": {"uv": [5.5, 9, 4.5, 8.5], "texture": "#1"},
				"down": {"uv": [6.5, 8.5, 5.5, 9], "texture": "#1"}
			}
		},
		{
			"from": [8.84249, 1.6, -1],
			"to": [9.59249, 3.6, 0],
			"rotation": {"angle": 0, "axis": "y", "origin": [5.59249, 2.1, 0]},
			"faces": {
				"north": {"uv": [10.5, 8.25, 10.875, 9.25], "texture": "#1"},
				"east": {"uv": [3, 9, 3.5, 10], "texture": "#1"}
			}
		},
		{
			"from": [7.1686, 1.6, -2.11252],
			"to": [7.9186, 3.6, -1.86252],
			"rotation": {"angle": 22.5, "axis": "y", "origin": [9.9186, 2.1, -0.86252]},
			"faces": {
				"north": {"uv": [11.625, 5, 11.25, 6], "texture": "#1"},
				"up": {"uv": [12.625, 11, 13, 10.875], "texture": "#1"},
				"down": {"uv": [3.375, 7, 3.75, 7.125], "texture": "#1"}
			}
		},
		{
			"from": [5.85271, 3.69307, -0.998],
			"to": [6.35271, 4.39307, 0.002],
			"rotation": {"angle": 45, "axis": "z", "origin": [9.60271, 3.89307, -0.002]},
			"faces": {
				"north": {"uv": [7.25, 2.5, 7, 2.875], "texture": "#1"},
				"west": {"uv": [8.625, 5.75, 8.125, 6.125], "texture": "#1"}
			}
		},
		{
			"from": [5.85271, 0.80693, -0.998],
			"to": [6.35271, 1.50693, 0.002],
			"rotation": {"angle": -45, "axis": "z", "origin": [9.60271, 1.30693, -0.002]},
			"faces": {
				"north": {"uv": [7.25, 2.875, 7, 2.5], "texture": "#1"},
				"west": {"uv": [8.625, 6.125, 8.125, 5.75], "texture": "#1"}
			}
		},
		{
			"from": [6.59249, 1.6, -1.002],
			"to": [7.34249, 3.6, -0.002],
			"rotation": {"angle": 0, "axis": "y", "origin": [10.59249, 2.1, -0.002]},
			"faces": {
				"north": {"uv": [10.875, 8.25, 10.5, 9.25], "texture": "#1"},
				"west": {"uv": [3.5, 9, 3, 10], "texture": "#1"}
			}
		},
		{
			"from": [9.83226, 3.69307, -0.998],
			"to": [10.33226, 4.39307, 0.002],
			"rotation": {"angle": -45, "axis": "z", "origin": [6.58226, 3.89307, 0]},
			"faces": {
				"north": {"uv": [7, 2.5, 7.25, 2.875], "texture": "#1"},
				"east": {"uv": [8.125, 5.75, 8.625, 6.125], "texture": "#1"}
			}
		},
		{
			"from": [7.59249, 2.56967, -1.26256],
			"to": [8.59249, 3.06967, -1.01256],
			"rotation": {"angle": 45, "axis": "x", "origin": [10.59249, 3.06967, -0.01256]},
			"faces": {
				"north": {"uv": [12.125, 3.5, 12.625, 3.25], "texture": "#1"},
				"east": {"uv": [6.875, 1.25, 7, 1], "texture": "#1"},
				"west": {"uv": [5.625, 5.5, 5.75, 5.25], "texture": "#1"}
			}
		},
		{
			"from": [7.59249, 2.13033, -1.26256],
			"to": [8.59249, 2.63033, -1.01256],
			"rotation": {"angle": -45, "axis": "x", "origin": [10.59249, 2.13033, -0.01256]},
			"faces": {
				"north": {"uv": [12.125, 3.25, 12.625, 3.5], "texture": "#1"},
				"east": {"uv": [6.875, 1, 7, 1.25], "texture": "#1"},
				"west": {"uv": [5.625, 5.25, 5.75, 5.5], "texture": "#1"}
			}
		},
		{
			"from": [9.83226, 0.80693, -0.998],
			"to": [10.33226, 1.50693, 0.002],
			"rotation": {"angle": 45, "axis": "z", "origin": [6.58226, 1.30693, 0]},
			"faces": {
				"north": {"uv": [7, 2.875, 7.25, 2.5], "texture": "#1"},
				"east": {"uv": [8.125, 6.125, 8.625, 5.75], "texture": "#1"}
			}
		},
		{
			"from": [7.59249, 1.6, -1.25],
			"to": [8.59249, 3.6, -1],
			"rotation": {"angle": 0, "axis": "y", "origin": [10.59249, 2.1, 0]},
			"faces": {
				"north": {"uv": [8.125, 4.75, 8.625, 5.75], "texture": "#1"}
			}
		},
		{
			"from": [8.26637, 1.6, -2.11052],
			"to": [9.01637, 3.6, -1.86052],
			"rotation": {"angle": -22.5, "axis": "y", "origin": [6.26637, 2.1, -0.86052]},
			"faces": {
				"north": {"uv": [11.25, 5, 11.625, 6], "texture": "#1"},
				"up": {"uv": [13, 11, 12.625, 10.875], "texture": "#1"},
				"down": {"uv": [3.75, 7, 3.375, 7.125], "texture": "#1"}
			}
		},
		{
			"from": [12.41342, 1.35, 0.8694],
			"to": [15.41342, 3.85, 2.3694],
			"rotation": {"angle": 22.5, "axis": "y", "origin": [12.41342, 2.6, 4.6194]},
			"faces": {
				"north": {"uv": [6.625, 4.75, 8.125, 6], "texture": "#1"},
				"east": {"uv": [7.125, 1.25, 7.375, 1.5], "texture": "#1"},
				"south": {"uv": [8.125, 4.75, 6.625, 6], "texture": "#1"},
				"west": {"uv": [7.125, 1.25, 7.375, 1.5], "texture": "#1"},
				"up": {"uv": [4.125, 5.5, 2.625, 4.75], "texture": "#1"},
				"down": {"uv": [4.125, 5.5, 2.625, 4.75], "texture": "#1"}
			}
		},
		{
			"from": [12.41342, 1.85, 2.3694],
			"to": [15.41342, 3.35, 2.8694],
			"rotation": {"angle": 22.5, "axis": "y", "origin": [12.41342, 2.6, 4.6194]},
			"faces": {
				"north": {"uv": [8.625, 4, 7.125, 4.75], "texture": "#1"},
				"east": {"uv": [6, 5.25, 6.25, 6], "texture": "#1"},
				"south": {"uv": [8.625, 4, 7.125, 4.75], "texture": "#1"},
				"west": {"uv": [6, 5.25, 6.25, 6], "texture": "#1"},
				"up": {"uv": [5.625, 5.25, 4.125, 5.5], "texture": "#1"},
				"down": {"uv": [5.625, 5.25, 4.125, 5.5], "texture": "#1"}
			}
		},
		{
			"from": [15.41342, 1.85, 2.1194],
			"to": [15.66342, 3.35, 2.6194],
			"rotation": {"angle": 22.5, "axis": "y", "origin": [12.41342, 2.6, 4.6194]},
			"faces": {
				"east": {"uv": [5.75, 5.25, 6, 6], "texture": "#1"},
				"south": {"uv": [12.75, 1.75, 12.875, 2.5], "texture": "#1"},
				"up": {"uv": [9.625, 8.875, 9.5, 8.625], "texture": "#1"},
				"down": {"uv": [6.875, 1, 6.75, 1.25], "texture": "#1"}
			}
		},
		{
			"from": [11.64805, 1.85, 0.52164],
			"to": [14.64805, 3.35, 1.02164],
			"rotation": {"angle": 22.5, "axis": "y", "origin": [11.64805, 2.6, 2.77164]},
			"faces": {
				"north": {"uv": [7.125, 4, 8.625, 4.75], "texture": "#1"},
				"east": {"uv": [6, 5.25, 6.25, 6], "texture": "#1"},
				"south": {"uv": [7.125, 4, 8.625, 4.75], "texture": "#1"},
				"west": {"uv": [6, 5.25, 6.25, 6], "texture": "#1"},
				"up": {"uv": [5.625, 5.25, 4.125, 5.5], "texture": "#1"},
				"down": {"uv": [5.625, 5.25, 4.125, 5.5], "texture": "#1"}
			}
		},
		{
			"from": [0.58658, 1.85, 2.3694],
			"to": [3.58658, 3.35, 2.8694],
			"rotation": {"angle": -22.5, "axis": "y", "origin": [3.58658, 2.6, 4.6194]},
			"faces": {
				"north": {"uv": [7.125, 4, 8.625, 4.75], "texture": "#1"},
				"east": {"uv": [6.25, 5.25, 6, 6], "texture": "#1"},
				"south": {"uv": [7.125, 4, 8.625, 4.75], "texture": "#1"},
				"west": {"uv": [6.25, 5.25, 6, 6], "texture": "#1"},
				"up": {"uv": [5.625, 5.25, 4.125, 5.5], "texture": "#1"},
				"down": {"uv": [4.125, 5.25, 5.625, 5.5], "texture": "#1"}
			}
		},
		{
			"from": [0.33658, 1.85, 2.1194],
			"to": [0.58658, 3.35, 2.6194],
			"rotation": {"angle": -22.5, "axis": "y", "origin": [3.58658, 2.6, 4.6194]},
			"faces": {
				"south": {"uv": [12.875, 1.75, 12.75, 2.5], "texture": "#1"},
				"west": {"uv": [6, 5.25, 5.75, 6], "texture": "#1"},
				"up": {"uv": [9.5, 8.875, 9.625, 8.625], "texture": "#1"},
				"down": {"uv": [6.75, 1, 6.875, 1.25], "texture": "#1"}
			}
		},
		{
			"from": [0.33658, 1.6, 1.1194],
			"to": [0.58658, 3.6, 2.1194],
			"rotation": {"angle": -22.5, "axis": "y", "origin": [3.58658, 2.6, 4.6194]},
			"faces": {
				"north": {"uv": [13.125, 1.75, 13, 2.75], "texture": "#1"},
				"east": {"uv": [14.125, 10.625, 13.625, 11.625], "texture": "#1"},
				"south": {"uv": [13, 1.75, 12.875, 2.75], "texture": "#1"},
				"west": {"uv": [12.125, 5.875, 11.625, 6.875], "texture": "#1"},
				"up": {"uv": [12.75, 3, 12.875, 2.5], "texture": "#1"},
				"down": {"uv": [12.875, 3, 12.75, 2.5], "texture": "#1"}
			}
		},
		{
			"from": [0.91061, 1.85, 0.73358],
			"to": [1.16061, 3.35, 1.23358],
			"rotation": {"angle": -22.5, "axis": "y", "origin": [4.16061, 2.6, 3.23358]},
			"faces": {
				"north": {"uv": [7.375, 2.5, 7.25, 3.25], "texture": "#1"},
				"west": {"uv": [5.75, 5.25, 6, 6], "texture": "#1"},
				"up": {"uv": [9.5, 8.875, 9.625, 8.625], "texture": "#1"},
				"down": {"uv": [6.75, 1, 6.875, 1.25], "texture": "#1"}
			}
		},
		{
			"from": [0.58658, 1.35, 0.8694],
			"to": [3.58658, 3.85, 2.3694],
			"rotation": {"angle": -22.5, "axis": "y", "origin": [3.58658, 2.6, 4.6194]},
			"faces": {
				"north": {"uv": [8.125, 4.75, 6.625, 6], "texture": "#1"},
				"east": {"uv": [7.375, 1.25, 7.125, 1.5], "texture": "#1"},
				"south": {"uv": [6.625, 4.75, 8.125, 6], "texture": "#1"},
				"west": {"uv": [7.125, 1.25, 7.375, 1.5], "texture": "#1"},
				"up": {"uv": [2.625, 5.5, 4.125, 4.75], "texture": "#1"},
				"down": {"uv": [2.625, 5.5, 4.125, 4.75], "texture": "#1"}
			}
		},
		{
			"from": [1.35195, 1.85, 0.52164],
			"to": [4.35195, 3.35, 1.02164],
			"rotation": {"angle": -22.5, "axis": "y", "origin": [4.35195, 2.6, 2.77164]},
			"faces": {
				"north": {"uv": [8.625, 4, 7.125, 4.75], "texture": "#1"},
				"east": {"uv": [6.25, 5.25, 6, 6], "texture": "#1"},
				"south": {"uv": [8.625, 4, 7.125, 4.75], "texture": "#1"},
				"west": {"uv": [6.25, 5.25, 6, 6], "texture": "#1"},
				"up": {"uv": [4.125, 5.25, 5.625, 5.5], "texture": "#1"},
				"down": {"uv": [4.125, 5.25, 5.625, 5.5], "texture": "#1"}
			}
		},
		{
			"from": [14.83939, 1.85, 0.73358],
			"to": [15.08939, 3.35, 1.23358],
			"rotation": {"angle": 22.5, "axis": "y", "origin": [11.83939, 2.6, 3.23358]},
			"faces": {
				"north": {"uv": [7.25, 2.5, 7.375, 3.25], "texture": "#1"},
				"east": {"uv": [6, 5.25, 5.75, 6], "texture": "#1"},
				"up": {"uv": [9.625, 8.875, 9.5, 8.625], "texture": "#1"},
				"down": {"uv": [6.875, 1, 6.75, 1.25], "texture": "#1"}
			}
		},
		{
			"from": [15.41342, 1.6, 1.1194],
			"to": [15.66342, 3.6, 2.1194],
			"rotation": {"angle": 22.5, "axis": "y", "origin": [12.41342, 2.6, 4.6194]},
			"faces": {
				"north": {"uv": [13, 1.75, 13.125, 2.75], "texture": "#1"},
				"east": {"uv": [11.625, 5.875, 12.125, 6.875], "texture": "#1"},
				"south": {"uv": [12.875, 1.75, 13, 2.75], "texture": "#1"},
				"west": {"uv": [13.625, 10.625, 14.125, 11.625], "texture": "#1"},
				"up": {"uv": [12.875, 3, 12.75, 2.5], "texture": "#1"},
				"down": {"uv": [12.875, 3, 12.75, 2.5], "texture": "#1"}
			}
		}
	],
	"display": {
		"thirdperson_righthand": {
			"rotation": [90, 0, 0],
			"translation": [0, -0.25, 0.75],
			"scale": [0.19, 0.19, 0.24]
		},
		"thirdperson_lefthand": {
			"rotation": [90, 0, 0],
			"translation": [0, -0.25, 0.75],
			"scale": [0.19, 0.19, 0.24]
		},
		"firstperson_righthand": {
			"rotation": [0, 143, 0],
			"translation": [-0.75, 3.75, 0],
			"scale": [0.35, 0.35, 0.35]
		},
		"firstperson_lefthand": {
			"rotation": [0, 143, 0],
			"translation": [-0.75, 3.75, 0],
			"scale": [0.35, 0.35, 0.35]
		},
		"ground": {
			"rotation": [30, 0, 0],
			"scale": [0.34, 0.34, 0.34]
		},
		"gui": {
			"rotation": [-27, 165, 29],
			"translation": [0.25, -1.25, 0],
			"scale": [0.57, 0.57, 0.57]
		},
		"head": {
			"translation": [0, -1.25, -1.25],
			"scale": [0.9682, 0.9682, 0.9682]
		},
		"fixed": {
			"translation": [0, 0, 1.75]
		}
	},
	"groups": [
		{
			"name": "group",
			"origin": [2.05709, 7.94552, 6.53982],
			"color": 0,
			"children": [
				0,
				1,
				2,
				3,
				4,
				5,
				6,
				7,
				8,
				9,
				10,
				11,
				12,
				13,
				14,
				15,
				16,
				17,
				18,
				19,
				20,
				21,
				22,
				23,
				24,
				25,
				26,
				27,
				28,
				29,
				30,
				31,
				32,
				33,
				34,
				35,
				36,
				37,
				38,
				39,
				40,
				41,
				42,
				43,
				44,
				45,
				46,
				47,
				48,
				49,
				50,
				51
			]
		},
		{
			"name": "group",
			"origin": [11.91342, 4, 4.6194],
			"color": 0,
			"children": [52, 53, 54, 55, 56, 57, 58, 59, 60, 61, 62, 63, 64, 65, 66, 67, 68, 69, 70, 71, 72, 73, 74, 75, 76, 77, 78, 79, 80, 81, 82]
		}
	]
}