{
    "bulletbig": {
        "replace": false,
        "sounds": [
            "bulletbig"
        ]
    },
    "bulletmedium": {
        "replace": false,
        "sounds": [
            "bulletmedium"
        ]
    },
    "bulletsmall": {
        "replace": false,
        "sounds": [
            "bulletsmall"
        ]
    },
    "bulletauto": {
        "replace": false,
        "sounds": [
            "bulletauto"
        ]
    },
    "reloadbolt": {
        "replace": false,
        "sounds": [
            "reloadbolt"
        ]
    },
    "reloadbullet": {
        "replace": false,
        "sounds": [
            "reloadbullet"
        ]
    },
    "reloadmagin": {
        "replace": false,
        "sounds": [
            "reloadmagin"
        ]
    },
    "reloadmagout": {
        "replace": false,
        "sounds": [
            "reloadmagout"
        ]
    },
    "warheadexplode": {
        "replace": false,
        "sounds": [
            "warheadexplode"
        ]
    },
    "religion": {
      "category": "master",
      "replace": false,
      "sounds": [
        "custom/religion"
      ]
    },
    "built": {
      "category": "master",
      "replace": false,
      "sounds": [
        "custom/built"
      ]
    },
    "himeji": {
      "category": "master",
      "replace": false,
      "sounds": [
        "custom/himeji"
      ]
    },
    "ticket": {
      "category": "master",
      "replace": false,
      "sounds": [
        "custom/ticket"
      ]
    },
    "war_started": {
      "category": "master",
      "replace": false,
      "sounds": [
        "custom/war_started"
      ]
    },
    "warning": {
      "category": "master",
      "replace": false,
      "sounds": [
        "custom/warning"
      ]
    },
    "tournament_started": {
      "category": "master",
      "replace": false,
      "sounds": [
        "custom/tournament_started"
      ]
    },
    "town_info": {
      "category": "master",
      "replace": false,
      "sounds": [
        "custom/town_info"
      ]
    },
    "warheadlaunch": {
        "replace": false,
        "sounds": [
            "warheadlaunch"
        ]
    },
    "flashbang": {
        "replace": false,
        "sounds": [
            "flashbang"
        ]
    },
    "bulletdeagle": {
        "replace": false,
        "sounds": [
            "bulletdeagle"
        ]
    },
    "bulletsmallauto": {
        "replace": false,
        "sounds": [
            "bulletsmallauto"
        ]
    },
    "reloadclick": {
        "replace": false,
        "sounds": [
            "reloadclick"
        ]
    },
    "reloadmagclick": {
        "replace": false,
        "sounds": [
            "reloadmagclick"
        ]
    },
    "outofammoclick": {
        "replace": false,
        "sounds": [
            "outofammoclick"
        ]
    },
    "reloadak47": {
        "replace": false,
        "sounds": [
            "reloadak47"
        ]
    },
    "reloadslide": {
        "replace": false,
        "sounds": [
            "reloadslide"
        ]
    },
    "bulletmauser": {
        "replace": false,
        "sounds": [
            "bulletmauser"
        ]
    },
    "bulletak47": {
        "replace": false,
        "sounds": [
            "bulletak47"
        ]
    },
    "reloadfn": {
        "replace": false,
        "sounds": [
            "reloadfn"
        ]
    },
    "reloadm16": {
        "replace": false,
        "sounds": [
            "reloadm16"
        ]
    },
    "reloadshotgun": {
        "replace": false,
        "sounds": [
            "reloadshotgun"
        ]
    },
    "bulletshotgun": {
        "replace": false,
        "sounds": [
            "bulletshotgun"
        ]
    },
    "reloadshell": {
        "replace": false,
        "sounds": [
            "reloadshell"
        ]
    },
    "bolt": {
        "category": "master",
        "sounds": [
            "misc/bolt"
        ]
    },
    "pre": {
        "category": "master",
        "sounds": [
            "misc/pre"
        ]
    },
    "deploy": {
        "category": "master",
        "sounds": [
            "misc/deploy"
        ]
    },
    "rifle-reload-start": {
        "category": "master",
        "sounds": [
            "reload/rifle-reload-start"
        ]
    },
    "rifle-reload-end": {
        "category": "master",
        "sounds": [
            "reload/rifle-reload-end"
        ]
    },
    "pistol-reload": {
        "category": "master",
        "sounds": [
            "reload/pistol-reload"
        ]
    },
    "scope.in": {
        "category": "master",
        "sounds": [
            "scope/start_scope"
        ]
    },
    "scope.out": {
        "category": "master",
        "sounds": [
            "scope/end_scope"
        ]
    },
    "shoot.stg44.quiet": {
      "category": "master",
      "sounds": ["shoot/quiet/stg44"]
    },
    "shoot.mg42.quiet": {
      "category": "master",
      "sounds": ["shoot/quiet/mg42"]
    },
    "shoot.springfield.quiet": {
      "category": "master",
      "sounds": ["shoot/quiet/springfield"]
    },
    "shoot.lee_enfield.quiet": {
      "category": "master",
      "sounds": ["shoot/quiet/lee_enfield"]
    },
    "shoot.lebel_1886.quiet": {
      "category": "master",
      "sounds": ["shoot/quiet/lebel_1886"]
    },
    "shoot.gewehr_1888.quiet": {
      "category": "master",
      "sounds": ["shoot/quiet/gewehr_1888"]
    },
    "shoot.type38.quiet": {
      "category": "master",
      "sounds": ["shoot/quiet/type38"]
    },
    "shoot.mannlicher_1895.quiet": {
      "category": "master",
      "sounds": ["shoot/quiet/mannlicher_1895"]
    },
    "shoot.mosin-nagant.quiet": {
      "category": "master",
      "sounds": ["shoot/quiet/mosin-nagant"]
    },
    "shoot.fusil.quiet": {
      "category": "master",
      "sounds": ["shoot/quiet/fusil"]
    },
    "shoot.m1_carbine.quiet": {
      "category": "master",
      "sounds": ["shoot/quiet/m1_carbine"]
    },
    "shoot.thompson.quiet": {
      "category": "master",
      "sounds": ["shoot/quiet/thompson"]
    },
    "shoot.mauserc96.quiet": {
      "category": "master",
      "sounds": ["shoot/quiet/mauserc96"]
    },
    "shoot.springfield.ambient": {
      "category": "master",
      "sounds": ["shoot/ambient/springfield"]
    },
    "shoot.lee_enfield.ambient": {
      "category": "master",
      "sounds": ["shoot/ambient/lee_enfield"]
    },
    "shoot.lebel_1886.ambient": {
      "category": "master",
      "sounds": ["shoot/ambient/lebel_1886"]
    },
    "shoot.type38.ambient": {
      "category": "master",
      "sounds": ["shoot/ambient/type38"]
    },
    "shoot.mannlicher_1895.ambient": {
      "category": "master",
      "sounds": ["shoot/ambient/mannlicher_1895"]
    },
    "shoot.gewehr_1888.ambient": {
      "category": "master",
      "sounds": ["shoot/ambient/gewehr_1888"]
    },
    "shoot.mosin-nagant.ambient": {
      "category": "master",
      "sounds": ["shoot/ambient/mosin-nagant"]
    },
    "shoot.fusil.ambient": {
      "category": "master",
      "sounds": ["shoot/ambient/fusil"]
    },
    "shoot.m1_carbine.ambient": {
      "category": "master",
      "sounds": ["shoot/ambient/m1_carbine"]
    },
    "shoot.thompson.ambient": {
      "category": "master",
      "sounds": ["shoot/ambient/thompson"]
    },
    "shoot.mg42.ambient": {
      "category": "master",
      "sounds": ["shoot/ambient/mg42"]
    },
    "shoot.stg44.ambient": {
      "category": "master",
      "sounds": ["shoot/ambient/stg44"]
    },
    "shoot.mauserc96.ambient": {
      "category": "master",
      "sounds": ["shoot/ambient/mauserc96"]
    },
    "shoot.springfield.loud": {
      "category": "master",
      "sounds": ["shoot/loud/springfield"]
    },
    "shoot.mg42.loud": {
      "category": "master",
      "sounds": ["shoot/loud/mg42"]
    },
    "shoot.lee_enfield.loud": {
      "category": "master",
      "sounds": ["shoot/loud/lee_enfield"]
    },
    "shoot.lebel_1886.loud": {
      "category": "master",
      "sounds": ["shoot/loud/lebel_1886"]
    },
    "shoot.gewehr_1888.loud": {
      "category": "master",
      "sounds": ["shoot/loud/gewehr_1888"]
    },
    "shoot.type38.loud": {
      "category": "master",
      "sounds": ["shoot/loud/type38"]
    },
    "shoot.mannlicher_1895.loud": {
      "category": "master",
      "sounds": ["shoot/loud/mannlicher_1895"]
    },
    "shoot.mosin-nagant.loud": {
      "category": "master",
      "sounds": ["shoot/loud/mosin-nagant"]
    },
    "shoot.fusil.loud": {
      "category": "master",
      "sounds": ["shoot/loud/fusil"]
    },
    "shoot.m1_carbine.loud": {
      "category": "master",
      "sounds": ["shoot/loud/m1_carbine"]
    },
    "shoot.thompson.loud": {
      "category": "master",
      "sounds": ["shoot/loud/thompson"]
    },
    "shoot.stg44.loud": {
      "category": "master",
      "sounds": ["shoot/loud/stg44"]
    },
    "shoot.mauserc96.loud": {
      "category": "master",
      "sounds": ["shoot/loud/mauserc96"]
    }
}