{
    "bulletbig": {
        "replace": false,
        "sounds": [
            "bulletbig"
        ]
    },
    "bulletmedium": {
        "replace": false,
        "sounds": [
            "bulletmedium"
        ]
    },
    "bulletsmall": {
        "replace": false,
        "sounds": [
            "bulletsmall"
        ]
    },
    "bulletauto": {
        "replace": false,
        "sounds": [
            "bulletauto"
        ]
    },
    "reloadbolt": {
        "replace": false,
        "sounds": [
            "reloadbolt"
        ]
    },
    "reloadbullet": {
        "replace": false,
        "sounds": [
            "reloadbullet"
        ]
    },
    "reloadmagin": {
        "replace": false,
        "sounds": [
            "reloadmagin"
        ]
    },
    "reloadmagout": {
        "replace": false,
        "sounds": [
            "reloadmagout"
        ]
    },
    "warheadexplode": {
        "replace": false,
        "sounds": [
            "warheadexplode"
        ]
    },
    "religion": {
      "category": "master",
      "replace": false,
      "sounds": [
        "custom/religion"
      ]
    },
    "built": {
      "category": "master",
      "replace": false,
      "sounds": [
        "custom/built"
      ]
    },
    "himeji": {
      "category": "master",
      "replace": false,
      "sounds": [
        "custom/himeji"
      ]
    },
    "ticket": {
      "category": "master",
      "replace": false,
      "sounds": [
        "custom/ticket"
      ]
    },
    "war_started": {
      "category": "master",
      "replace": false,
      "sounds": [
        "custom/war_started"
      ]
    },
    "warning": {
      "category": "master",
      "replace": false,
      "sounds": [
        "custom/warning"
      ]
    },
    "tournament_started": {
      "category": "master",
      "replace": false,
      "sounds": [
        "custom/tournament_started"
      ]
    },
    "town_info": {
      "category": "master",
      "replace": false,
      "sounds": [
        "custom/town_info"
      ]
    },
    "warheadlaunch": {
        "replace": false,
        "sounds": [
            "warheadlaunch"
        ]
    },
    "flashbang": {
        "replace": false,
        "sounds": [
            "flashbang"
        ]
    },
    "bulletdeagle": {
        "replace": false,
        "sounds": [
            "bulletdeagle"
        ]
    },
    "bulletsmallauto": {
        "replace": false,
        "sounds": [
            "bulletsmallauto"
        ]
    },
    "reloadclick": {
        "replace": false,
        "sounds": [
            "reloadclick"
        ]
    },
    "reloadmagclick": {
        "replace": false,
        "sounds": [
            "reloadmagclick"
        ]
    },
    "outofammoclick": {
        "replace": false,
        "sounds": [
            "outofammoclick"
        ]
    },
    "reloadak47": {
        "replace": false,
        "sounds": [
            "reloadak47"
        ]
    },
    "reloadslide": {
        "replace": false,
        "sounds": [
            "reloadslide"
        ]
    },
    "bulletmauser": {
        "replace": false,
        "sounds": [
            "bulletmauser"
        ]
    },
    "bulletak47": {
        "replace": false,
        "sounds": [
            "bulletak47"
        ]
    },
    "reloadfn": {
        "replace": false,
        "sounds": [
            "reloadfn"
        ]
    },
    "reloadm16": {
        "replace": false,
        "sounds": [
            "reloadm16"
        ]
    },
    "reloadshotgun": {
        "replace": false,
        "sounds": [
            "reloadshotgun"
        ]
    },
    "bulletshotgun": {
        "replace": false,
        "sounds": [
            "bulletshotgun"
        ]
    },
    "reloadshell": {
        "replace": false,
        "sounds": [
            "reloadshell"
        ]
    },
    "bolt": {
        "category": "master",
        "sounds": [
            "misc/bolt"
        ]
    },
    "pre": {
        "category": "master",
        "sounds": [
            "misc/pre"
        ]
    },
    "deploy": {
        "category": "master",
        "sounds": [
            "misc/deploy"
        ]
    },
    "rifle-reload-start": {
        "category": "master",
        "sounds": [
            "reload/rifle-reload-start"
        ]
    },
    "rifle-reload-end": {
        "category": "master",
        "sounds": [
            "reload/rifle-reload-end"
        ]
    },
    "pistol-reload": {
        "category": "master",
        "sounds": [
            "reload/pistol-reload"
        ]
    },
    "scope.in": {
        "category": "master",
        "sounds": [
            "scope/start_scope"
        ]
    },
    "scope.out": {
        "category": "master",
        "sounds": [
            "scope/end_scope"
        ]
    },
    "shoot.stg44.quiet": {
      "category": "master",
      "sounds": ["shoot/quiet/stg44"]
    },
    "shoot.mg42.quiet": {
      "category": "master",
      "sounds": ["shoot/quiet/mg42"]
    },
    "shoot.springfield.quiet": {
      "category": "master",
      "sounds": ["shoot/quiet/springfield"]
    },
    "shoot.lee_enfield.quiet": {
      "category": "master",
      "sounds": ["shoot/quiet/lee_enfield"]
    },
    "shoot.lebel_1886.quiet": {
      "category": "master",
      "sounds": ["shoot/quiet/lebel_1886"]
    },
    "shoot.gewehr_1888.quiet": {
      "category": "master",
      "sounds": ["shoot/quiet/gewehr_1888"]
    },
    "shoot.type38.quiet": {
      "category": "master",
      "sounds": ["shoot/quiet/type38"]
    },
    "shoot.mannlicher_1895.quiet": {
      "category": "master",
      "sounds": ["shoot/quiet/mannlicher_1895"]
    },
    "shoot.mosin-nagant.quiet": {
      "category": "master",
      "sounds": ["shoot/quiet/mosin-nagant"]
    },
    "shoot.fusil.quiet": {
      "category": "master",
      "sounds": ["shoot/quiet/fusil"]
    },
    "shoot.m1_carbine.quiet": {
      "category": "master",
      "sounds": ["shoot/quiet/m1_carbine"]
    },
    "shoot.thompson.quiet": {
      "category": "master",
      "sounds": ["shoot/quiet/thompson"]
    },
    "shoot.mauserc96.quiet": {
      "category": "master",
      "sounds": ["shoot/quiet/mauserc96"]
    },
    "shoot.springfield.ambient": {
      "category": "master",
      "sounds": ["shoot/ambient/springfield"]
    },
    "shoot.lee_enfield.ambient": {
      "category": "master",
      "sounds": ["shoot/ambient/lee_enfield"]
    },
    "shoot.lebel_1886.ambient": {
      "category": "master",
      "sounds": ["shoot/ambient/lebel_1886"]
    },
    "shoot.type38.ambient": {
      "category": "master",
      "sounds": ["shoot/ambient/type38"]
    },
    "shoot.mannlicher_1895.ambient": {
      "category": "master",
      "sounds": ["shoot/ambient/mannlicher_1895"]
    },
    "shoot.gewehr_1888.ambient": {
      "category": "master",
      "sounds": ["shoot/ambient/gewehr_1888"]
    },
    "shoot.mosin-nagant.ambient": {
      "category": "master",
      "sounds": ["shoot/ambient/mosin-nagant"]
    },
    "shoot.fusil.ambient": {
      "category": "master",
      "sounds": ["shoot/ambient/fusil"]
    },
    "shoot.m1_carbine.ambient": {
      "category": "master",
      "sounds": ["shoot/ambient/m1_carbine"]
    },
    "shoot.thompson.ambient": {
      "category": "master",
      "sounds": ["shoot/ambient/thompson"]
    },
    "shoot.mg42.ambient": {
      "category": "master",
      "sounds": ["shoot/ambient/mg42"]
    },
    "shoot.stg44.ambient": {
      "category": "master",
      "sounds": ["shoot/ambient/stg44"]
    },
    "shoot.mauserc96.ambient": {
      "category": "master",
      "sounds": ["shoot/ambient/mauserc96"]
    },
    "shoot.springfield.loud": {
      "category": "master",
      "sounds": ["shoot/loud/springfield"]
    },
    "shoot.mg42.loud": {
      "category": "master",
      "sounds": ["shoot/loud/mg42"]
    },
    "shoot.lee_enfield.loud": {
      "category": "master",
      "sounds": ["shoot/loud/lee_enfield"]
    },
    "shoot.lebel_1886.loud": {
      "category": "master",
      "sounds": ["shoot/loud/lebel_1886"]
    },
    "shoot.gewehr_1888.loud": {
      "category": "master",
      "sounds": ["shoot/loud/gewehr_1888"]
    },
    "shoot.type38.loud": {
      "category": "master",
      "sounds": ["shoot/loud/type38"]
    },
    "shoot.mannlicher_1895.loud": {
      "category": "master",
      "sounds": ["shoot/loud/mannlicher_1895"]
    },
    "shoot.mosin-nagant.loud": {
      "category": "master",
      "sounds": ["shoot/loud/mosin-nagant"]
    },
    "shoot.fusil.loud": {
      "category": "master",
      "sounds": ["shoot/loud/fusil"]
    },
    "shoot.m1_carbine.loud": {
      "category": "master",
      "sounds": ["shoot/loud/m1_carbine"]
    },
    "shoot.thompson.loud": {
      "category": "master",
      "sounds": ["shoot/loud/thompson"]
    },
    "shoot.stg44.loud": {
      "category": "master",
      "sounds": ["shoot/loud/stg44"]
    },
    "shoot.mauserc96.loud": {
      "category": "master",
      "sounds": ["shoot/loud/mauserc96"]
    },
    "shoot.dp28.ambient": {
      "category": "master",
      "sounds": ["shoot/ambient/dp28"]
    },
    "shoot.dp28.loud": {
      "category": "master",
      "sounds": ["shoot/loud/dp28"]
    },
    "some.weapon.ak47.fire": {"sounds": ["some/weapons/ak47/fire01",
                                        "some/weapons/ak47/fire02",
                                        "some/weapons/ak47/fire03",
                                        "some/weapons/ak47/fire04",
                                        "some/weapons/ak47/fire05",
                                        "some/weapons/ak47/fire06"]},
    "some.weapon.ak47.ads_up": {"sounds": ["some/weapons/ak47/ads_up"]},
    "some.weapon.ak47.ads_down": {"sounds": ["some/weapons/ak47/ads_down"]},
    "some.weapon.ak47.raise": {"sounds": ["some/weapons/ak47/raise"]},
    "some.weapon.ak47.reload1": {"sounds": ["some/weapons/ak47/reload1"]},
    "some.weapon.ak47.reload2": {"sounds": ["some/weapons/ak47/reload2"]},
    "some.weapon.ak47.reload3": {"sounds": ["some/weapons/ak47/reload3"]},



    "some.weapon.m4a1.fire": {"sounds": ["some/weapons/m4a1/fire01",
                                        "some/weapons/m4a1/fire02",
                                        "some/weapons/m4a1/fire03",
                                        "some/weapons/m4a1/fire04",
                                        "some/weapons/m4a1/fire05",
                                        "some/weapons/m4a1/fire06"]},
    "some.weapon.m4a1.ads_up": {"sounds": ["some/weapons/m4a1/ads_up"]},
    "some.weapon.m4a1.ads_down": {"sounds": ["some/weapons/m4a1/ads_down"]},
    "some.weapon.m4a1.raise": {"sounds": ["some/weapons/m4a1/raise"]},
    "some.weapon.m4a1.reload1": {"sounds": ["some/weapons/m4a1/reload1"]},
    "some.weapon.m4a1.reload2": {"sounds": ["some/weapons/m4a1/reload2"]},
    "some.weapon.m4a1.reload3": {"sounds": ["some/weapons/m4a1/reload3"]},



    "some.weapon.glock.fire": {"sounds": ["some/weapons/glock/fire01",
                                        "some/weapons/glock/fire02",
                                        "some/weapons/glock/fire03",
                                        "some/weapons/glock/fire04",
                                        "some/weapons/glock/fire05",
                                        "some/weapons/glock/fire06"]},
    "some.weapon.glock.ads_up": {"sounds": ["some/weapons/glock/ads_up"]},
    "some.weapon.glock.ads_down": {"sounds": ["some/weapons/glock/ads_down"]},
    "some.weapon.glock.raise": {"sounds": ["some/weapons/glock/raise"]},
    "some.weapon.glock.reload1": {"sounds": ["some/weapons/glock/reload1"]},
    "some.weapon.glock.reload2": {"sounds": ["some/weapons/glock/reload2"]},
    "some.weapon.glock.reload3": {"sounds": ["some/weapons/glock/reload3"]},



    "some.weapon.common.kill":    {"sounds": ["some/weapons/common/kill"]},
    "some.weapon.common.hit":    {"sounds": ["some/weapons/common/hit"]},

    "some.weapon.common.large_crack_0":    {"sounds": ["some/weapons/common/large_crack_0_mono"]},
    "some.weapon.common.large_crack_1":    {"sounds": ["some/weapons/common/large_crack_1_mono"]},
    "some.weapon.common.large_crack_2":    {"sounds": ["some/weapons/common/large_crack_2_mono"]},
    "some.weapon.common.large_crack_3":    {"sounds": ["some/weapons/common/large_crack_3_mono"]},
    "some.weapon.common.large_crack_4":    {"sounds": ["some/weapons/common/large_crack_4_mono"]},
    "some.weapon.common.large_crack_w":    {"sounds": ["some/weapons/common/large_crack_w_mono"]},
    "some.weapon.common.medlarge_crack_0": {"sounds": ["some/weapons/common/medlarge_crack_0_mono"]},
    "some.weapon.common.medlarge_crack_1": {"sounds": ["some/weapons/common/medlarge_crack_1_mono"]},
    "some.weapon.common.medlarge_crack_2": {"sounds": ["some/weapons/common/medlarge_crack_2_mono"]},
    "some.weapon.common.medlarge_crack_3": {"sounds": ["some/weapons/common/medlarge_crack_3_mono"]},
    "some.weapon.common.medlarge_crack_4": {"sounds": ["some/weapons/common/medlarge_crack_4_mono"]},
    "some.weapon.common.medlarge_crack_w": {"sounds": ["some/weapons/common/medlarge_crack_w_mono"]},
    "some.weapon.common.med_crack_0":      {"sounds": ["some/weapons/common/med_crack_0_mono"]},
    "some.weapon.common.med_crack_1":      {"sounds": ["some/weapons/common/med_crack_1_mono"]},
    "some.weapon.common.med_crack_2":      {"sounds": ["some/weapons/common/med_crack_2_mono"]},
    "some.weapon.common.med_crack_3":      {"sounds": ["some/weapons/common/med_crack_3_mono"]},
    "some.weapon.common.med_crack_4":      {"sounds": ["some/weapons/common/med_crack_4_mono"]},
    "some.weapon.common.med_crack_w":      {"sounds": ["some/weapons/common/med_crack_w_mono"]},
    "some.weapon.common.smallmed_crack_0": {"sounds": ["some/weapons/common/smallmed_crack_0_mono"]},
    "some.weapon.common.smallmed_crack_1": {"sounds": ["some/weapons/common/smallmed_crack_1_mono"]},
    "some.weapon.common.smallmed_crack_2": {"sounds": ["some/weapons/common/smallmed_crack_2_mono"]},
    "some.weapon.common.smallmed_crack_3": {"sounds": ["some/weapons/common/smallmed_crack_3_mono"]},
    "some.weapon.common.smallmed_crack_4": {"sounds": ["some/weapons/common/smallmed_crack_4_mono"]},
    "some.weapon.common.smallmed_crack_w": {"sounds": ["some/weapons/common/smallmed_crack_w_mono"]},
    "some.weapon.common.small_crack_0":    {"sounds": ["some/weapons/common/small_crack_0_mono"]},
    "some.weapon.common.small_crack_1":    {"sounds": ["some/weapons/common/small_crack_1_mono"]},
    "some.weapon.common.small_crack_2":    {"sounds": ["some/weapons/common/small_crack_2_mono"]},
    "some.weapon.common.small_crack_3":    {"sounds": ["some/weapons/common/small_crack_3_mono"]},
    "some.weapon.common.small_crack_4":    {"sounds": ["some/weapons/common/small_crack_4_mono"]},
    "some.weapon.common.small_crack_w":    {"sounds": ["some/weapons/common/small_crack_w_mono"]},
    "some.weapon.common.rechamber":    {"sounds": ["some/weapons/common/rechamber"]},
    "some.weapon.common.shotgunshell_in01":    {"sounds": ["some/weapons/common/shotgunshell_in01"]},
    "some.weapon.common.fx_whiz":    {"sounds": ["some/weapons/common/bulletltor01", "some/weapons/common/bulletltor06", "some/weapons/common/bulletltor07", "some/weapons/common/bulletltor08",
    "some/weapons/common/bulletltor09", "some/weapons/common/bulletltor10", "some/weapons/common/bulletltor11", "some/weapons/common/bulletltor12", "some/weapons/common/bulletltor13", "some/weapons/common/bulletltor14"]}
}