{ "credit": "Made with Blockbench", "textures": { "0": "ttp/i/c/b/studiocam" }, "elements": [ { "from": [6.3, 0.7, 3], "to": [9.1, 3.2, 8.1], "faces": { "north": {"uv": [4, 0, 6.599, 1], "texture": "#0"}, "east": {"uv": [4, 0, 6.599, 1], "texture": "#0"}, "south": {"uv": [4, 0, 6.599, 1], "texture": "#0"}, "west": {"uv": [4, 0, 6.599, 1], "texture": "#0"}, "up": {"uv": [4, 0, 6.599, 1], "texture": "#0"}, "down": {"uv": [4, 0, 6.599, 1], "texture": "#0"} } }, { "from": [6.4, 0.6, 3.4], "to": [8.9, 3.4, 7.9], "faces": { "north": {"uv": [4, 0, 6.599, 1], "texture": "#0"}, "east": {"uv": [4, 0, 6.599, 1], "texture": "#0"}, "south": {"uv": [4, 0, 6.599, 1], "texture": "#0"}, "west": {"uv": [4, 0, 6.599, 1], "texture": "#0"}, "up": {"uv": [4, 0, 6.599, 1], "texture": "#0"}, "down": {"uv": [4, 0, 6.599, 1], "texture": "#0"} } }, { "from": [8.7, 1.8, 7.7], "to": [9.4, 2.3, 7.9], "faces": { "south": {"uv": [0, 3.5, 3.099, 7], "texture": "#0"}, "up": {"uv": [8.5, 0.5, 10.599, 2], "texture": "#0"}, "down": {"uv": [8.5, 0.5, 10.599, 2], "texture": "#0"} } }, { "from": [8.7, 1, 7.6], "to": [9.3, 3, 8], "faces": { "north": {"uv": [11.5, 0.5, 14.099, 1.5], "texture": "#0"}, "east": {"uv": [11.5, 0.5, 14.099, 1.5], "texture": "#0"}, "south": {"uv": [11.5, 0.5, 14.099, 1.5], "texture": "#0"}, "up": {"uv": [11.5, 0.5, 14.099, 1.5], "texture": "#0"}, "down": {"uv": [11.5, 0.5, 14.099, 1.5], "texture": "#0"} } }, { "from": [9.1, 2, 7.7], "to": [9.2, 2.2, 8.1], "faces": { "east": {"uv": [8.5, 0.5, 10.599, 3], "texture": "#0"}, "south": {"uv": [8.5, 0.5, 10.599, 3], "texture": "#0"}, "up": {"uv": [8.5, 0.5, 10.599, 3], "texture": "#0"}, "down": {"uv": [8.5, 0.5, 10.599, 3], "texture": "#0"} } }, { "from": [7.3, 1.5, 7.75], "to": [7.5, 1.6, 8.15], "faces": { "east": {"uv": [8.5, 0.5, 10.599, 3], "texture": "#0"}, "south": {"uv": [8.5, 0.5, 10.599, 3], "texture": "#0"}, "west": {"uv": [8.5, 0.5, 10.599, 3], "texture": "#0"}, "up": {"uv": [8.5, 0.5, 10.599, 3], "texture": "#0"}, "down": {"uv": [8.5, 0.5, 10.599, 3], "texture": "#0"} } }, { "from": [7.7, 1.5, 7.75], "to": [7.9, 1.6, 8.15], "faces": { "east": {"uv": [8.5, 0.5, 10.599, 3], "texture": "#0"}, "south": {"uv": [8.5, 0.5, 10.599, 3], "texture": "#0"}, "west": {"uv": [8.5, 0.5, 10.599, 3], "texture": "#0"}, "up": {"uv": [8.5, 0.5, 10.599, 3], "texture": "#0"}, "down": {"uv": [8.5, 0.5, 10.599, 3], "texture": "#0"} } }, { "from": [8.1, 1.5, 7.75], "to": [8.3, 1.6, 8.15], "faces": { "east": {"uv": [8.5, 0.5, 10.599, 3], "texture": "#0"}, "south": {"uv": [8.5, 0.5, 10.599, 3], "texture": "#0"}, "west": {"uv": [8.5, 0.5, 10.599, 3], "texture": "#0"}, "up": {"uv": [8.5, 0.5, 10.599, 3], "texture": "#0"}, "down": {"uv": [8.5, 0.5, 10.599, 3], "texture": "#0"} } }, { "from": [7.2, 1.3, 7.75], "to": [8.4, 1.4, 8.15], "faces": { "east": {"uv": [8.5, 0.5, 10.599, 3], "texture": "#0"}, "south": {"uv": [8.5, 0.5, 10.599, 3], "texture": "#0"}, "west": {"uv": [8.5, 0.5, 10.599, 3], "texture": "#0"}, "up": {"uv": [8.5, 0.5, 10.599, 3], "texture": "#0"}, "down": {"uv": [8.5, 0.5, 10.599, 3], "texture": "#0"} } }, { "from": [9.10355, 1.8, 4.10147], "to": [9.40355, 2.3, 4.80147], "rotation": {"angle": 45, "axis": "y", "origin": [9.05, 2.05, 3.96005]}, "faces": { "east": {"uv": [0, 3.5, 3.099, 7], "texture": "#0"}, "west": {"uv": [8.5, 0.5, 10.599, 2], "texture": "#0"}, "up": {"uv": [8.5, 0.5, 10.599, 2], "texture": "#0"}, "down": {"uv": [8.5, 0.5, 10.599, 2], "texture": "#0"} } }, { "from": [9.19142, 1.8, 7.39645], "to": [9.89142, 2.3, 7.69645], "rotation": {"angle": 45, "axis": "y", "origin": [9.54142, 2.05, 7.54645]}, "faces": { "north": {"uv": [8.5, 0.5, 10.599, 2], "texture": "#0"}, "south": {"uv": [0, 3.5, 3.099, 7], "texture": "#0"}, "up": {"uv": [8.5, 0.5, 10.599, 2], "texture": "#0"}, "down": {"uv": [8.5, 0.5, 10.599, 2], "texture": "#0"} } }, { "from": [8.7, 1.8, 3.81005], "to": [9.4, 2.3, 4.11005], "faces": { "north": {"uv": [0, 3.5, 3.099, 7], "texture": "#0"}, "south": {"uv": [8.5, 0.5, 10.599, 2], "texture": "#0"}, "up": {"uv": [8.5, 0.5, 10.599, 2], "texture": "#0"}, "down": {"uv": [8.5, 0.5, 10.599, 2], "texture": "#0"} } }, { "from": [9.59497, 1.8, 4.30503], "to": [9.89497, 2.3, 7.40503], "faces": { "east": {"uv": [0, 3.5, 3.099, 7], "texture": "#0"}, "west": {"uv": [8.5, 0.5, 10.599, 2], "texture": "#0"}, "up": {"uv": [8.5, 0.5, 10.599, 2], "texture": "#0"}, "down": {"uv": [8.5, 0.5, 10.599, 2], "texture": "#0"} } }, { "from": [7.4, 3.4, 4.1], "to": [7.9, 4.4, 4.7], "faces": { "north": {"uv": [11.5, 0.5, 13.599, 3], "texture": "#0"}, "east": {"uv": [11.5, 0.5, 13.599, 3], "texture": "#0"}, "south": {"uv": [11.5, 0.5, 13.599, 3], "texture": "#0"}, "west": {"uv": [11.5, 0.5, 13.599, 3], "texture": "#0"} } }, { "from": [7.4, 3.4, 6.5], "to": [7.9, 4.4, 7.1], "faces": { "north": {"uv": [11.5, 0.5, 13.599, 3], "texture": "#0"}, "east": {"uv": [11.5, 0.5, 13.599, 3], "texture": "#0"}, "south": {"uv": [11.5, 0.5, 13.599, 3], "texture": "#0"}, "west": {"uv": [11.5, 0.5, 13.599, 3], "texture": "#0"}, "up": {"uv": [11.5, 0.5, 13.599, 3], "texture": "#0"} } }, { "from": [7.4, 4.3, 3.6], "to": [7.9, 4.7, 6.7], "faces": { "east": {"uv": [11.5, 0.5, 13.599, 3], "texture": "#0"}, "west": {"uv": [11.5, 0.5, 13.599, 3], "texture": "#0"}, "up": {"uv": [11.5, 0.5, 13.599, 3], "texture": "#0"}, "down": {"uv": [11.5, 0.5, 13.599, 3], "texture": "#0"} } }, { "from": [6.9, 4.3, 3.4], "to": [8.3, 5.2, 3.6], "faces": { "east": {"uv": [4, 0, 6.599, 1], "texture": "#0"}, "south": {"uv": [4, 0, 6.599, 1], "texture": "#0"}, "west": {"uv": [4, 0, 6.599, 1], "texture": "#0"}, "up": {"uv": [4, 0, 6.599, 1], "texture": "#0"}, "down": {"uv": [4, 0, 6.599, 1], "texture": "#0"} } }, { "from": [7, 4.4, 3.3], "to": [8.2, 5.1, 3.4], "faces": { "north": {"uv": [0, 0.5, 2.7, 2.9], "texture": "#0"} } }, { "from": [6.9, 5.1, 3.2], "to": [8.3, 5.2, 3.4], "faces": { "north": {"uv": [4, 0, 6.599, 1], "texture": "#0"}, "up": {"uv": [4, 0, 6.599, 1], "texture": "#0"}, "down": {"uv": [4, 0, 6.599, 1], "texture": "#0"} } }, { "from": [6.9, 4.3, 3.2], "to": [8.3, 4.4, 3.4], "faces": { "north": {"uv": [4, 0, 6.599, 3], "texture": "#0"}, "east": {"uv": [4, 0, 6.599, 3], "texture": "#0"}, "west": {"uv": [4, 0, 6.599, 3], "texture": "#0"}, "up": {"uv": [4, 0, 6.599, 3], "texture": "#0"}, "down": {"uv": [4, 0, 6.599, 3], "texture": "#0"} } }, { "from": [8.2, 4.4, 3.2], "to": [8.3, 5.2, 3.4], "faces": { "north": {"uv": [4, 0, 6.599, 3], "rotation": 270, "texture": "#0"}, "east": {"uv": [4, 0, 6.599, 3], "rotation": 270, "texture": "#0"}, "west": {"uv": [4, 0, 6.599, 3], "rotation": 270, "texture": "#0"} } }, { "from": [6.9, 4.4, 3.2], "to": [7, 5.2, 3.4], "faces": { "north": {"uv": [4, 0, 6.599, 3], "rotation": 270, "texture": "#0"}, "east": {"uv": [4, 0, 6.599, 3], "rotation": 270, "texture": "#0"}, "west": {"uv": [4, 0, 6.599, 1], "texture": "#0"} } }, { "from": [8.02744, 4.67172, 4.80998], "to": [8.32744, 4.97172, 5.20998], "faces": { "north": {"uv": [11.5, 0.5, 13.599, 3], "texture": "#0"}, "east": {"uv": [11.5, 0.5, 13.599, 3], "texture": "#0"}, "south": {"uv": [11.5, 0.5, 13.599, 3], "texture": "#0"}, "west": {"uv": [11.5, 0.5, 13.599, 3], "texture": "#0"}, "up": {"uv": [11.5, 0.5, 13.599, 3], "texture": "#0"}, "down": {"uv": [11.5, 0.5, 13.599, 3], "texture": "#0"} } }, { "from": [8.12744, 4.77172, 5.10998], "to": [8.22744, 4.87172, 5.30998], "faces": { "east": {"uv": [4, 0, 6.599, 1], "texture": "#0"}, "west": {"uv": [4, 0, 6.599, 1], "texture": "#0"}, "up": {"uv": [4, 0, 6.599, 1], "texture": "#0"}, "down": {"uv": [4, 0, 6.599, 1], "texture": "#0"} } }, { "from": [8.12744, 4.71566, 5.24533], "to": [8.22744, 4.81566, 5.44533], "rotation": {"angle": 45, "axis": "x", "origin": [8.17744, 4.76566, 5.34533]}, "faces": { "east": {"uv": [4, 0, 6.599, 1], "texture": "#0"}, "south": {"uv": [4, 0, 6.599, 1], "texture": "#0"}, "west": {"uv": [4, 0, 6.599, 1], "texture": "#0"}, "up": {"uv": [4, 0, 6.599, 1], "texture": "#0"}, "down": {"uv": [4, 0, 6.599, 1], "texture": "#0"} } }, { "from": [8.12744, 4.51878, 5.39348], "to": [8.22744, 4.71878, 5.49348], "rotation": {"angle": -22.5, "axis": "x", "origin": [8.17744, 4.61878, 5.44348]}, "faces": { "north": {"uv": [4, 0, 6.599, 1], "texture": "#0"}, "east": {"uv": [4, 0, 6.599, 1], "texture": "#0"}, "south": {"uv": [4, 0, 6.599, 1], "texture": "#0"}, "west": {"uv": [4, 0, 6.599, 1], "texture": "#0"}, "up": {"uv": [4, 0, 6.599, 1], "texture": "#0"} } }, { "from": [8.12744, 3.24553, 5.42794], "to": [8.22744, 4.54553, 5.52794], "faces": { "north": {"uv": [4, 0, 6.599, 1], "texture": "#0"}, "east": {"uv": [4, 0, 6.599, 1], "texture": "#0"}, "south": {"uv": [4, 0, 6.599, 1], "texture": "#0"}, "west": {"uv": [4, 0, 6.599, 1], "texture": "#0"} } }, { "from": [7.4, 4.7, 5.8], "to": [7.9, 4.8, 6.7], "faces": { "east": {"uv": [11.5, 0.5, 13.599, 3], "texture": "#0"}, "south": {"uv": [11.5, 0.5, 13.599, 3], "texture": "#0"}, "west": {"uv": [11.5, 0.5, 13.599, 3], "texture": "#0"}, "up": {"uv": [11.5, 0.5, 13.599, 3], "texture": "#0"} } }, { "from": [7.4, 4.7, 3.6], "to": [7.9, 4.8, 4.5], "faces": { "east": {"uv": [12, 0.5, 13.099, 3], "texture": "#0"}, "west": {"uv": [12, 0.5, 13.099, 3], "texture": "#0"}, "up": {"uv": [12, 0.5, 13.099, 3], "texture": "#0"} } }, { "from": [7.4, 4.67929, 4.45], "to": [7.9, 4.77929, 4.65], "rotation": {"angle": 45, "axis": "x", "origin": [7.65, 4.72929, 4.5]}, "faces": { "east": {"uv": [12, 0.5, 13.099, 3], "texture": "#0"}, "west": {"uv": [12, 0.5, 13.099, 3], "texture": "#0"}, "up": {"uv": [12, 0.5, 13.099, 3], "texture": "#0"} } }, { "from": [7.8, 4.77929, 3.85], "to": [8, 4.87929, 4.35], "rotation": {"angle": 45, "axis": "z", "origin": [7.95, 4.82929, 4.1]}, "faces": { "north": {"uv": [12, 0, 14.099, 3], "texture": "#0"}, "south": {"uv": [12, 0, 14.099, 3], "texture": "#0"}, "up": {"uv": [12, 0, 14.099, 3], "texture": "#0"}, "down": {"uv": [12, 0, 14.099, 3], "texture": "#0"} } }, { "from": [7.95, 4.8, 3.85], "to": [8.15, 4.9, 4.35], "faces": { "north": {"uv": [12, 0, 14.099, 3], "texture": "#0"}, "south": {"uv": [12, 0, 14.099, 3], "texture": "#0"}, "up": {"uv": [12, 0, 14.099, 3], "texture": "#0"}, "down": {"uv": [12, 0, 14.099, 3], "texture": "#0"} } }, { "from": [7.4, 4.60858, 5.67929], "to": [7.9, 4.70858, 5.87929], "rotation": {"angle": -45, "axis": "x", "origin": [7.65, 4.65858, 5.72929]}, "faces": { "east": {"uv": [11.5, 0.5, 13.599, 3], "rotation": 180, "texture": "#0"}, "west": {"uv": [11.5, 0.5, 13.599, 3], "rotation": 180, "texture": "#0"}, "up": {"uv": [11.5, 0.5, 13.599, 3], "rotation": 180, "texture": "#0"} } }, { "from": [7.4, 4.31205, 6.65782], "to": [7.9, 4.61205, 7.05782], "rotation": {"angle": -22.5, "axis": "x", "origin": [7.65, 4.46205, 6.85782]}, "faces": { "east": {"uv": [11.5, 0.5, 13.599, 3], "rotation": 90, "texture": "#0"}, "south": {"uv": [11.5, 0.5, 13.599, 3], "rotation": 90, "texture": "#0"}, "west": {"uv": [11.5, 0.5, 13.599, 3], "rotation": 90, "texture": "#0"}, "down": {"uv": [11.5, 0.5, 13.599, 3], "rotation": 90, "texture": "#0"} } }, { "from": [7.4, 4.34979, 6.62008], "to": [7.9, 4.74979, 6.92008], "rotation": {"angle": 22.5, "axis": "x", "origin": [7.65, 4.54979, 6.77008]}, "faces": { "north": {"uv": [11.5, 0.5, 13.599, 3], "texture": "#0"}, "east": {"uv": [11.5, 0.5, 13.599, 3], "texture": "#0"}, "west": {"uv": [11.5, 0.5, 13.599, 3], "texture": "#0"}, "up": {"uv": [11.5, 0.5, 13.599, 3], "texture": "#0"} } }, { "from": [7.4, 3.4, 4.6], "to": [7.9, 3.8, 4.8], "rotation": {"angle": -22.5, "axis": "x", "origin": [7.65, 3.5, 4.75]}, "faces": { "east": {"uv": [11.5, 0.5, 13.599, 3], "texture": "#0"}, "south": {"uv": [11.5, 0.5, 13.599, 3], "texture": "#0"}, "west": {"uv": [11.5, 0.5, 13.599, 3], "texture": "#0"}, "down": {"uv": [11.5, 0.5, 13.599, 3], "texture": "#0"} } }, { "from": [7.4, 3.4, 6.4], "to": [7.9, 3.8, 6.6], "rotation": {"angle": 22.5, "axis": "x", "origin": [7.65, 3.5, 6.45]}, "faces": { "north": {"uv": [11.5, 0.5, 13.599, 3], "texture": "#0"}, "east": {"uv": [11.5, 0.5, 13.599, 3], "texture": "#0"}, "west": {"uv": [11.5, 0.5, 13.599, 3], "texture": "#0"}, "down": {"uv": [11.5, 0.5, 13.599, 3], "texture": "#0"} } }, { "from": [6.44253, 2.89293, 2.62927], "to": [8.88693, 2.98493, 3.04127], "faces": { "north": {"uv": [11.5, 0.5, 13.599, 3], "rotation": 180, "texture": "#0"}, "east": {"uv": [11.5, 0.5, 13.599, 3], "texture": "#0"}, "up": {"uv": [11.5, 2.5, 13.099, 5], "texture": "#0"}, "down": {"uv": [11.5, 0.5, 13.599, 3], "texture": "#0"} } }, { "from": [6.40111, 2.87008, 2.62918], "to": [6.49311, 2.97008, 3.04118], "rotation": {"angle": -45, "axis": "z", "origin": [6.43984, 2.92755, 2.82492]}, "faces": { "north": {"uv": [11.5, 3, 13.599, 0.5], "rotation": 90, "texture": "#0"}, "east": {"uv": [11.5, 3, 13.599, 0.5], "rotation": 90, "texture": "#0"}, "south": {"uv": [11.5, 3, 13.599, 0.5], "rotation": 90, "texture": "#0"}, "west": {"uv": [11.5, 2.5, 13.099, 5], "rotation": 270, "texture": "#0"}, "up": {"uv": [11.5, 3, 13.599, 0.5], "rotation": 90, "texture": "#0"} } }, { "from": [6.37182, 0.91439, 2.62909], "to": [6.46382, 2.91439, 3.04109], "faces": { "north": {"uv": [11.5, 0.5, 13.599, 3], "rotation": 90, "texture": "#0"}, "east": {"uv": [11, 1, 13.099, 3.5], "rotation": 90, "texture": "#0"}, "west": {"uv": [11.5, 2.5, 13.099, 5], "rotation": 270, "texture": "#0"}, "up": {"uv": [11.5, 0.5, 13.599, 3], "rotation": 90, "texture": "#0"}, "down": {"uv": [11.5, 0.5, 13.599, 3], "rotation": 90, "texture": "#0"} } }, { "from": [6.40148, 0.86912, 2.62559], "to": [6.53148, 0.96912, 3.03759], "rotation": {"angle": -45, "axis": "z", "origin": [6.44305, 0.92335, 2.82562]}, "faces": { "north": {"uv": [11.5, 3, 13.599, 0.5], "rotation": 90, "texture": "#0"}, "east": {"uv": [11.5, 3, 13.599, 0.5], "rotation": 90, "texture": "#0"}, "south": {"uv": [11.5, 3, 13.599, 0.5], "rotation": 90, "texture": "#0"}, "west": {"uv": [11, 3.5, 13.099, 1], "rotation": 90, "texture": "#0"}, "up": {"uv": [11.5, 3, 13.599, 0.5], "rotation": 90, "texture": "#0"}, "down": {"uv": [11.5, 2.5, 13.099, 5], "rotation": 180, "texture": "#0"} } }, { "from": [6.46364, 0.8144, 2.62925], "to": [8.86364, 0.9064, 3.04125], "faces": { "north": {"uv": [11.5, 0.5, 13.599, 3], "rotation": 180, "texture": "#0"}, "west": {"uv": [11.5, 0.5, 13.599, 3], "texture": "#0"}, "up": {"uv": [11, 1, 13.099, 3.5], "texture": "#0"}, "down": {"uv": [11.5, 2.5, 13.099, 5], "rotation": 180, "texture": "#0"} } }, { "from": [8.79344, 0.84509, 2.62925], "to": [8.92344, 0.98509, 3.04125], "rotation": {"angle": -45, "axis": "z", "origin": [8.85646, 0.90183, 2.82572]}, "faces": { "north": {"uv": [11.5, 3, 13.599, 0.5], "rotation": 90, "texture": "#0"}, "east": {"uv": [11.5, 2.5, 13.099, 5], "rotation": 90, "texture": "#0"}, "south": {"uv": [11.5, 3, 13.599, 0.5], "rotation": 90, "texture": "#0"}, "west": {"uv": [11, 3.5, 13.099, 1], "rotation": 90, "texture": "#0"}, "up": {"uv": [11.5, 3, 13.599, 0.5], "rotation": 90, "texture": "#0"}, "down": {"uv": [11.5, 3, 13.599, 0.5], "rotation": 90, "texture": "#0"} } }, { "from": [8.87164, 0.9144, 2.62925], "to": [8.96364, 2.9144, 3.04125], "faces": { "north": {"uv": [11.5, 0.5, 13.599, 3], "rotation": 90, "texture": "#0"}, "east": {"uv": [11.5, 2.5, 13.099, 5], "rotation": 90, "texture": "#0"}, "west": {"uv": [11.5, 0.5, 13.599, 3], "rotation": 90, "texture": "#0"}, "down": {"uv": [11.5, 0.5, 13.599, 3], "rotation": 90, "texture": "#0"} } }, { "from": [8.84183, 2.86708, 2.62922], "to": [8.93383, 2.96708, 3.04122], "rotation": {"angle": 45, "axis": "z", "origin": [8.89165, 2.92678, 2.825]}, "faces": { "north": {"uv": [11.5, 0.5, 13.599, 3], "rotation": 90, "texture": "#0"}, "east": {"uv": [11.5, 2.5, 13.099, 5], "rotation": 90, "texture": "#0"}, "south": {"uv": [11.5, 0.5, 13.599, 3], "rotation": 90, "texture": "#0"}, "west": {"uv": [11.5, 0.5, 13.599, 3], "rotation": 90, "texture": "#0"}, "up": {"uv": [11.5, 0.5, 13.599, 3], "rotation": 90, "texture": "#0"}, "down": {"uv": [11.5, 0.5, 13.599, 3], "rotation": 90, "texture": "#0"} } }, { "from": [6.10125, 0.91439, 1.34891], "to": [6.19325, 2.91439, 3.06091], "rotation": {"angle": 22.5, "axis": "y", "origin": [6.14725, 1.76439, 1.95491]}, "faces": { "north": {"uv": [11.5, 0.5, 13.599, 3], "rotation": 270, "texture": "#0"}, "east": {"uv": [11.5, 0.5, 13.599, 3], "rotation": 270, "texture": "#0"}, "south": {"uv": [11.5, 0.5, 13.599, 3], "rotation": 270, "texture": "#0"}, "west": {"uv": [11, 1, 13.099, 3.5], "rotation": 270, "texture": "#0"}, "up": {"uv": [11.5, 0.5, 13.599, 3], "rotation": 270, "texture": "#0"}, "down": {"uv": [11.5, 0.5, 13.599, 3], "rotation": 270, "texture": "#0"} } }, { "from": [6.528, 0.56186, 1.28412], "to": [8.828, 0.65386, 3.09612], "rotation": {"angle": -22.5, "axis": "x", "origin": [7.678, 0.60786, 1.99012]}, "faces": { "north": {"uv": [11.5, 0.5, 13.599, 3], "rotation": 180, "texture": "#0"}, "east": {"uv": [11.5, 0.5, 13.599, 3], "rotation": 180, "texture": "#0"}, "south": {"uv": [11.5, 0.5, 13.599, 3], "rotation": 180, "texture": "#0"}, "west": {"uv": [11.5, 0.5, 13.599, 3], "rotation": 180, "texture": "#0"}, "up": {"uv": [11.5, 0.5, 13.599, 3], "rotation": 180, "texture": "#0"}, "down": {"uv": [13.099, 1, 11, 3.5], "rotation": 180, "texture": "#0"} } }, { "from": [9.29776, 0.91527, 1.2836], "to": [9.38976, 2.91527, 2.6956], "rotation": {"angle": -22.5, "axis": "y", "origin": [9.34376, 1.76527, 1.5896]}, "faces": { "north": {"uv": [11.5, 0.5, 13.599, 3], "rotation": 90, "texture": "#0"}, "east": {"uv": [11, 1, 13.099, 3.5], "rotation": 90, "texture": "#0"}, "south": {"uv": [11.5, 0.5, 13.599, 3], "rotation": 90, "texture": "#0"}, "west": {"uv": [11.5, 0.5, 13.599, 3], "rotation": 90, "texture": "#0"}, "up": {"uv": [11.5, 0.5, 13.599, 3], "rotation": 90, "texture": "#0"}, "down": {"uv": [11.5, 0.5, 13.599, 3], "rotation": 90, "texture": "#0"} } }, { "from": [6.428, 3.14914, 1.34891], "to": [8.928, 3.24114, 3.06091], "rotation": {"angle": 22.5, "axis": "x", "origin": [7.678, 3.29514, 1.95491]}, "faces": { "north": {"uv": [11.5, 0.5, 13.599, 3], "texture": "#0"}, "east": {"uv": [11.5, 0.5, 13.599, 3], "texture": "#0"}, "south": {"uv": [11.5, 0.5, 13.599, 3], "texture": "#0"}, "west": {"uv": [11.5, 0.5, 13.599, 3], "texture": "#0"}, "up": {"uv": [13.099, 3.5, 11, 1], "rotation": 180, "texture": "#0"}, "down": {"uv": [11.5, 0.5, 13.599, 3], "texture": "#0"} } }, { "from": [3.34425, 0.944, 3.17596], "to": [6.55625, 2.944, 3.26796], "rotation": {"angle": -22.5, "axis": "y", "origin": [4.92525, 1.944, 4.05396]}, "faces": { "north": {"uv": [8.5, 0.5, 10.599, 2], "rotation": 90, "texture": "#0"}, "south": {"uv": [8.5, 0.5, 10.599, 2], "rotation": 90, "texture": "#0"}, "west": {"uv": [8.5, 0.5, 10.599, 2], "rotation": 90, "texture": "#0"}, "up": {"uv": [8.5, 0.5, 10.599, 2], "rotation": 90, "texture": "#0"}, "down": {"uv": [8.5, 0.5, 10.599, 2], "rotation": 90, "texture": "#0"} } }, { "from": [3.44425, 1.144, 3.27596], "to": [5.95625, 2.744, 3.29596], "rotation": {"angle": -22.5, "axis": "y", "origin": [4.92525, 1.944, 4.05396]}, "faces": { "north": {"uv": [0.5, 7, 2.599, 8], "rotation": 90, "texture": "#0"}, "east": {"uv": [0.5, 7, 2.599, 8], "rotation": 90, "texture": "#0"}, "south": {"uv": [0.5, 7, 2.599, 8], "rotation": 90, "texture": "#0"}, "west": {"uv": [0.5, 7, 2.599, 8], "rotation": 90, "texture": "#0"}, "up": {"uv": [0.5, 7, 2.599, 8], "rotation": 90, "texture": "#0"}, "down": {"uv": [0.5, 7, 2.599, 8], "rotation": 90, "texture": "#0"} } }, { "from": [6.28325, 1.144, 4.17296], "to": [6.30325, 2.744, 7.08496], "faces": { "north": {"uv": [0.5, 7, 2.599, 8], "rotation": 90, "texture": "#0"}, "south": {"uv": [0.5, 7, 2.599, 8], "rotation": 90, "texture": "#0"}, "west": {"uv": [0.5, 7, 2.599, 8], "rotation": 90, "texture": "#0"}, "up": {"uv": [0.5, 7, 2.599, 8], "rotation": 90, "texture": "#0"}, "down": {"uv": [0.5, 7, 2.599, 8], "rotation": 90, "texture": "#0"} } }, { "name": "octagon", "from": [6.90327, 1.60229, 2.61291], "to": [7.9806, 2.24288, 2.97649], "faces": { "north": {"uv": [8.5, 0.5, 10.599, 3], "texture": "#0"}, "south": {"uv": [8.5, 0.5, 10.599, 3], "texture": "#0"}, "west": {"uv": [8.5, 0.5, 10.599, 3], "texture": "#0"}, "up": {"uv": [8.5, 0.5, 10.599, 3], "texture": "#0"} } }, { "name": "octagon", "from": [7.45625, 1.1495, 2.61274], "to": [8.09683, 2.62683, 2.97632], "rotation": {"angle": 45, "axis": "z", "origin": [7.77654, 1.92276, 2.58969]}, "faces": { "north": {"uv": [8.5, 0.5, 10.599, 3], "texture": "#0"}, "east": {"uv": [8.5, 0.5, 10.599, 3], "texture": "#0"}, "south": {"uv": [8.5, 0.5, 10.599, 3], "texture": "#0"}, "west": {"uv": [8.5, 0.5, 10.599, 3], "texture": "#0"}, "up": {"uv": [8.5, 0.5, 10.599, 3], "texture": "#0"}, "down": {"uv": [8.5, 0.5, 10.599, 3], "texture": "#0"} } }, { "name": "octagon", "from": [7.35624, 1.21851, 2.61291], "to": [8.09682, 2.69584, 2.97649], "faces": { "north": {"uv": [8.5, 0.5, 10.599, 3], "texture": "#0"}, "east": {"uv": [8.5, 0.5, 10.599, 3], "texture": "#0"}, "south": {"uv": [8.5, 0.5, 10.599, 3], "texture": "#0"}, "west": {"uv": [8.5, 0.5, 10.599, 3], "texture": "#0"} } }, { "name": "octagon", "from": [7.87248, 1.60247, 2.61274], "to": [8.54979, 2.24306, 2.97632], "faces": { "north": {"uv": [8.5, 0.5, 10.599, 3], "texture": "#0"}, "east": {"uv": [8.5, 0.5, 10.599, 3], "texture": "#0"}, "south": {"uv": [8.5, 0.5, 10.599, 3], "texture": "#0"} } }, { "name": "octagon", "from": [7.35624, 2.41851, 2.61291], "to": [7.99682, 2.69584, 2.97649], "rotation": {"angle": 45, "axis": "z", "origin": [7.67653, 1.92258, 2.58986]}, "faces": { "north": {"uv": [8.5, 0.5, 10.599, 3], "texture": "#0"}, "south": {"uv": [8.5, 0.5, 10.599, 3], "texture": "#0"}, "up": {"uv": [8.5, 0.5, 10.599, 3], "texture": "#0"}, "down": {"uv": [8.5, 0.5, 10.599, 3], "texture": "#0"} } }, { "name": "octagon", "from": [7.87248, 1.60247, 2.61274], "to": [8.54979, 2.24306, 2.97632], "rotation": {"angle": 45, "axis": "z", "origin": [7.77654, 1.92276, 2.58969]}, "faces": { "north": {"uv": [8.5, 0.5, 10.599, 3], "texture": "#0"}, "south": {"uv": [8.5, 0.5, 10.599, 3], "texture": "#0"}, "up": {"uv": [8.5, 0.5, 10.599, 3], "texture": "#0"} } }, { "name": "octagon", "from": [6.90327, 1.60229, 2.61291], "to": [7.9806, 2.24288, 2.97649], "rotation": {"angle": 45, "axis": "z", "origin": [7.67653, 1.92258, 2.58986]}, "faces": { "north": {"uv": [8.5, 0.5, 10.599, 3], "texture": "#0"}, "east": {"uv": [8.5, 0.5, 10.599, 3], "texture": "#0"}, "south": {"uv": [8.5, 0.5, 10.599, 3], "texture": "#0"}, "west": {"uv": [8.5, 0.5, 10.599, 3], "texture": "#0"}, "down": {"uv": [8.5, 0.5, 10.599, 3], "texture": "#0"} } }, { "name": "octagon", "from": [7.35624, 1.14932, 2.61291], "to": [8.09682, 1.22665, 2.97649], "faces": { "north": {"uv": [8.5, 0.5, 10.599, 3], "texture": "#0"}, "east": {"uv": [8.5, 0.5, 10.599, 3], "texture": "#0"}, "south": {"uv": [8.5, 0.5, 10.599, 3], "texture": "#0"} } }, { "name": "octagon", "from": [6.66757, 1.48273, 2.29332], "to": [6.87496, 2.33273, 3.29826], "faces": { "north": {"uv": [8.5, 0.5, 10.599, 3], "texture": "#0"}, "east": {"uv": [8.5, 0.5, 10.599, 3], "texture": "#0"}, "west": {"uv": [8.5, 0.5, 10.599, 3], "texture": "#0"}, "down": {"uv": [8.5, 0.5, 10.599, 3], "texture": "#0"} } }, { "name": "octagon", "from": [6.58978, 1.58529, 2.29332], "to": [6.79717, 2.36495, 3.29826], "rotation": {"angle": 45, "axis": "z", "origin": [7.6637, 2.03012, 2.26131]}, "faces": { "north": {"uv": [8.5, 0.5, 10.599, 3], "texture": "#0"}, "east": {"uv": [8.5, 0.5, 10.599, 3], "texture": "#0"}, "south": {"uv": [8.5, 0.5, 10.599, 3], "texture": "#0"}, "west": {"uv": [8.5, 0.5, 10.599, 3], "texture": "#0"} } }, { "name": "octagon", "from": [7.21887, 0.9562, 2.29332], "to": [8.20852, 1.16359, 3.29826], "faces": { "north": {"uv": [8.5, 0.5, 10.599, 3], "texture": "#0"}, "east": {"uv": [8.5, 0.5, 10.599, 3], "texture": "#0"}, "up": {"uv": [8.5, 0.5, 10.599, 3], "texture": "#0"}, "down": {"uv": [8.5, 0.5, 10.599, 3], "texture": "#0"} } }, { "name": "octagon", "from": [7.31886, 0.95637, 2.29314], "to": [8.09852, 1.16376, 3.29809], "rotation": {"angle": 45, "axis": "z", "origin": [7.76369, 2.03029, 2.26113]}, "faces": { "north": {"uv": [8.5, 0.5, 10.599, 3], "texture": "#0"}, "south": {"uv": [8.5, 0.5, 10.599, 3], "texture": "#0"}, "west": {"uv": [8.5, 0.5, 10.599, 3], "texture": "#0"}, "up": {"uv": [8.5, 0.5, 10.599, 3], "texture": "#0"}, "down": {"uv": [8.5, 0.5, 10.599, 3], "texture": "#0"} } }, { "name": "octagon", "from": [8.55244, 1.4829, 2.29314], "to": [8.75982, 2.3329, 3.29809], "faces": { "north": {"uv": [8.5, 0.5, 10.599, 3], "texture": "#0"}, "east": {"uv": [8.5, 0.5, 10.599, 3], "texture": "#0"}, "west": {"uv": [8.5, 0.5, 10.599, 3], "texture": "#0"}, "down": {"uv": [8.5, 0.5, 10.599, 3], "texture": "#0"} } }, { "name": "octagon", "from": [8.53022, 1.47546, 2.29314], "to": [8.8376, 2.25512, 3.29809], "rotation": {"angle": 45, "axis": "z", "origin": [7.76369, 1.81029, 2.26113]}, "faces": { "north": {"uv": [8.5, 0.5, 10.599, 3], "texture": "#0"}, "east": {"uv": [8.5, 0.5, 10.599, 3], "texture": "#0"}, "south": {"uv": [8.5, 0.5, 10.599, 3], "texture": "#0"}, "west": {"uv": [8.5, 0.5, 10.599, 3], "texture": "#0"}, "up": {"uv": [8.5, 0.5, 10.599, 3], "texture": "#0"}, "down": {"uv": [8.5, 0.5, 10.599, 3], "texture": "#0"} } }, { "name": "octagon", "from": [7.21887, 2.67663, 2.29332], "to": [8.20852, 2.88403, 3.29826], "faces": { "north": {"uv": [8.5, 0.5, 10.599, 3], "texture": "#0"}, "up": {"uv": [8.5, 0.5, 10.599, 3], "texture": "#0"}, "down": {"uv": [8.5, 0.5, 10.599, 3], "texture": "#0"} } }, { "name": "octagon", "from": [7.32887, 2.67663, 2.29332], "to": [8.10852, 2.88403, 3.29826], "rotation": {"angle": 45, "axis": "z", "origin": [7.6637, 1.81012, 2.26131]}, "faces": { "north": {"uv": [8.5, 0.5, 10.599, 3], "texture": "#0"}, "south": {"uv": [8.5, 0.5, 10.599, 3], "texture": "#0"}, "up": {"uv": [8.5, 0.5, 10.599, 3], "texture": "#0"}, "down": {"uv": [8.5, 0.5, 10.599, 3], "texture": "#0"} } }, { "name": "octagon", "from": [8.17326, 4.79493, 3.80132], "to": [8.28486, 4.89101, 4.43901], "rotation": {"angle": 45, "axis": "z", "origin": [8.16888, 4.84297, 3.88102]}, "faces": { "north": {"uv": [11.5, 0.5, 13.599, 3], "texture": "#0"}, "east": {"uv": [11.5, 0.5, 13.599, 3], "texture": "#0"}, "south": {"uv": [11.5, 0.5, 13.599, 3], "texture": "#0"} } }, { "name": "octagon", "from": [8.07326, 4.79493, 3.80132], "to": [8.28486, 4.89101, 4.43901], "faces": { "north": {"uv": [11.5, 0.5, 13.599, 3], "texture": "#0"}, "east": {"uv": [11.5, 0.5, 13.599, 3], "texture": "#0"}, "south": {"uv": [11.5, 0.5, 13.599, 3], "texture": "#0"} } }, { "name": "octagon", "from": [8.0529, 4.79493, 3.80132], "to": [8.26449, 4.89101, 4.43901], "rotation": {"angle": 45, "axis": "z", "origin": [8.16888, 4.84297, 3.88102]}, "faces": { "north": {"uv": [11.5, 0.5, 13.599, 3], "texture": "#0"}, "south": {"uv": [11.5, 0.5, 13.599, 3], "texture": "#0"}, "west": {"uv": [11.5, 0.5, 13.599, 3], "texture": "#0"} } }, { "name": "octagon", "from": [8.0529, 4.79493, 3.80132], "to": [8.16449, 4.89101, 4.43901], "faces": { "north": {"uv": [11.5, 0.5, 13.599, 3], "texture": "#0"}, "south": {"uv": [11.5, 0.5, 13.599, 3], "texture": "#0"}, "west": {"uv": [11.5, 0.5, 13.599, 3], "texture": "#0"} } }, { "name": "octagon", "from": [8.12084, 4.72699, 3.80132], "to": [8.21692, 4.83859, 4.43901], "rotation": {"angle": 45, "axis": "z", "origin": [8.16888, 4.84297, 3.88102]}, "faces": { "north": {"uv": [11.5, 0.5, 13.599, 3], "texture": "#0"}, "south": {"uv": [11.5, 0.5, 13.599, 3], "texture": "#0"}, "down": {"uv": [11.5, 0.5, 13.599, 3], "texture": "#0"} } }, { "name": "octagon", "from": [8.12084, 4.72699, 3.80132], "to": [8.21692, 4.83859, 4.43901], "faces": { "north": {"uv": [11.5, 0.5, 13.599, 3], "texture": "#0"}, "south": {"uv": [11.5, 0.5, 13.599, 3], "texture": "#0"}, "down": {"uv": [11.5, 0.5, 13.599, 3], "texture": "#0"} } }, { "name": "octagon", "from": [8.12084, 4.74736, 3.80132], "to": [8.21692, 4.95895, 4.43901], "rotation": {"angle": 45, "axis": "z", "origin": [8.16888, 4.84297, 3.88102]}, "faces": { "north": {"uv": [11.5, 0.5, 13.599, 3], "texture": "#0"}, "south": {"uv": [11.5, 0.5, 13.599, 3], "texture": "#0"}, "up": {"uv": [11.5, 0.5, 13.599, 3], "texture": "#0"} } }, { "name": "octagon", "from": [8.12084, 4.74736, 3.80132], "to": [8.21692, 4.95895, 4.43901], "faces": { "north": {"uv": [11.5, 0.5, 13.599, 3], "texture": "#0"}, "south": {"uv": [11.5, 0.5, 13.599, 3], "texture": "#0"}, "up": {"uv": [11.5, 0.5, 13.599, 3], "texture": "#0"} } }, { "name": "octagon", "from": [8.19736, 4.75873, 4.41512], "to": [8.27424, 4.82492, 4.80998], "rotation": {"angle": 45, "axis": "z", "origin": [8.19434, 4.79182, 4.05669]}, "faces": { "north": {"uv": [4, 0, 6.599, 3], "texture": "#0"}, "east": {"uv": [4, 0, 6.599, 3], "texture": "#0"}, "south": {"uv": [4, 0, 6.599, 3], "texture": "#0"} } }, { "name": "octagon", "from": [8.12847, 4.75873, 4.41512], "to": [8.27424, 4.82492, 4.80998], "faces": { "north": {"uv": [4, 0, 6.599, 3], "texture": "#0"}, "east": {"uv": [4, 0, 6.599, 3], "texture": "#0"} } }, { "name": "octagon", "from": [8.11444, 4.75873, 4.41512], "to": [8.26021, 4.82492, 4.80998], "rotation": {"angle": 45, "axis": "z", "origin": [8.19434, 4.79182, 4.05669]}, "faces": { "north": {"uv": [4, 0, 6.599, 3], "texture": "#0"}, "south": {"uv": [4, 0, 6.599, 3], "texture": "#0"}, "west": {"uv": [4, 0, 6.599, 3], "texture": "#0"} } }, { "name": "octagon", "from": [8.11444, 4.75873, 4.41512], "to": [8.19132, 4.82492, 4.80998], "faces": { "north": {"uv": [4, 0, 6.599, 3], "texture": "#0"}, "west": {"uv": [4, 0, 6.599, 3], "texture": "#0"} } }, { "name": "octagon", "from": [8.16124, 4.71192, 4.41512], "to": [8.22744, 4.7888, 4.80998], "rotation": {"angle": 45, "axis": "z", "origin": [8.19434, 4.79182, 4.05669]}, "faces": { "north": {"uv": [4, 0, 6.599, 3], "texture": "#0"}, "south": {"uv": [4, 0, 6.599, 3], "texture": "#0"}, "down": {"uv": [4, 0, 6.599, 3], "texture": "#0"} } }, { "name": "octagon", "from": [8.16124, 4.71192, 4.41512], "to": [8.22744, 4.7888, 4.80998], "faces": { "north": {"uv": [4, 0, 6.599, 3], "texture": "#0"}, "down": {"uv": [4, 0, 6.599, 3], "texture": "#0"} } }, { "name": "octagon", "from": [8.16124, 4.72596, 4.41512], "to": [8.22744, 4.87172, 4.80998], "rotation": {"angle": 45, "axis": "z", "origin": [8.19434, 4.79182, 4.05669]}, "faces": { "south": {"uv": [4, 0, 6.599, 3], "texture": "#0"}, "up": {"uv": [4, 0, 6.599, 3], "texture": "#0"} } }, { "name": "octagon", "from": [8.16124, 4.72596, 4.41512], "to": [8.22744, 4.87172, 4.80998], "faces": { "up": {"uv": [4, 0, 6.599, 3], "texture": "#0"} } } ], "display": { "thirdperson_righthand": { "translation": [0.75, 10.25, 4], "scale": [1.5, 1.5, 1.5] }, "thirdperson_lefthand": { "translation": [0, 10.25, 4], "scale": [1.5, 1.5, 1.5] }, "firstperson_righthand": { "translation": [-2.5, 11, 10] }, "firstperson_lefthand": { "translation": [-3.5, 11, 10] }, "ground": { "translation": [0, 4.25, 3.25] }, "gui": { "rotation": [9, -159, 4], "translation": [-3.25, 12.5, 0], "scale": [1.98, 1.98, 1.98] }, "head": { "translation": [-8.5, 9.5, 4.25], "scale": [2.1, 2.1, 2.1] }, "fixed": { "translation": [0, 16, -0.5], "scale": [2.46, 2.46, 2.46] } }, "groups": [ 0, 1, 2, 3, 4, 5, 6, 7, 8, 9, 10, 11, 12, 13, 14, 15, 16, 17, 18, 19, 20, 21, 22, 23, 24, 25, 26, 27, 28, 29, 30, 31, 32, 33, 34, 35, 36, { "name": "group", "origin": [7.578, 3.29514, 1.95491], "color": 0, "children": [37, 38, 39, 40, 41, 42, 43, 44, 45, 46, 47, 48] }, 49, 50, 51, { "name": "octagon", "origin": [8, 8, 8], "color": 0, "children": [] }, { "name": "octagon", "origin": [8, 8, 8], "color": 0, "children": [ { "name": "group", "origin": [7.6637, 1.81012, 2.26131], "color": 0, "children": [52, 53, 54, 55, 56, 57, 58, 59, 60, 61, 62, 63, 64, 65, 66, 67] } ] }, { "name": "octagon", "origin": [8, 8, 8], "color": 0, "children": [68, 69, 70, 71, 72, 73, 74, 75] }, { "name": "octagon", "origin": [8, 8, 8], "color": 0, "children": [76, 77, 78, 79, 80, 81, 82, 83] } ] }