{ "credit": "Made with Blockbench", "texture_size": [32, 32], "textures": { "0": "ttp/i/c/b/wateringcan", "particle": "ttp/i/c/b/wateringcan" }, "elements": [ { "from": [4, 0, 1], "to": [12, 7, 9], "rotation": {"angle": 0, "axis": "y", "origin": [8, 3.5, 5]}, "faces": { "north": {"uv": [7.984, 7.016, 4.016, 10.484], "texture": "#0"}, "east": {"uv": [4.016, 3.516, 7.984, 6.984], "texture": "#0"}, "south": {"uv": [4.016, 7.016, 7.984, 10.484], "texture": "#0"}, "west": {"uv": [0.016, 8.016, 3.984, 11.484], "texture": "#0"}, "up": {"uv": [3.984, 3.984, 0.016, 0.016], "texture": "#0"}, "down": {"uv": [3.984, 4.016, 0.016, 7.984], "texture": "#0"} } }, { "from": [4, 7, 4], "to": [5, 10, 6], "faces": { "north": {"uv": [11.016, 3.016, 11.484, 4.484], "texture": "#0"}, "east": {"uv": [9.016, 10.016, 9.984, 11.484], "texture": "#0"}, "south": {"uv": [11.016, 3.016, 11.484, 4.484], "texture": "#0"}, "west": {"uv": [10.016, 10.016, 10.984, 11.484], "texture": "#0"}, "up": {"uv": [11.484, 7.984, 11.016, 7.016], "texture": "#0"} } }, { "from": [5, 9, 4], "to": [15, 10, 6], "faces": { "north": {"uv": [10.016, 4.516, 14.484, 4.984], "texture": "#0"}, "east": {"uv": [10.016, 5.516, 10.984, 5.984], "texture": "#0"}, "south": {"uv": [14.484, 4.516, 10.016, 4.984], "texture": "#0"}, "up": {"uv": [12.484, 0.984, 8.016, 0.016], "texture": "#0"}, "down": {"uv": [12.484, 0.984, 8.016, 0.016], "texture": "#0"} } }, { "from": [13.08135, 1.38164, 4], "to": [14.08135, 9.38164, 6], "rotation": {"angle": -22.5, "axis": "z", "origin": [13.58135, 6.88164, 5]}, "faces": { "north": {"uv": [4.016, 10.516, 4.484, 14.484], "texture": "#0"}, "east": {"uv": [0.016, 12.016, 0.984, 15.984], "texture": "#0"}, "south": {"uv": [4.016, 10.516, 4.484, 14.484], "texture": "#0"}, "west": {"uv": [0.984, 12.016, 0.016, 15.984], "texture": "#0"} } }, { "from": [-1.61732, -0.07612, 4], "to": [4.38268, 1.92388, 6], "rotation": {"angle": -22.5, "axis": "z", "origin": [4.38268, 0.92388, 2]}, "faces": { "north": {"uv": [10.984, 7.016, 8.016, 7.984], "texture": "#0"}, "south": {"uv": [8.016, 7.016, 10.984, 7.984], "texture": "#0"}, "up": {"uv": [10.984, 8.984, 8.016, 8.016], "texture": "#0"}, "down": {"uv": [10.984, 8.016, 8.016, 8.984], "texture": "#0"} } }, { "from": [-2.61732, -1.07612, 3], "to": [-1.61732, 2.92388, 7], "rotation": {"angle": -22.5, "axis": "z", "origin": [4.38268, 0.92388, 2]}, "faces": { "north": {"uv": [5.516, 10.516, 5.984, 12.484], "texture": "#0"}, "east": {"uv": [8.016, 2.016, 9.984, 3.984], "texture": "#0"}, "south": {"uv": [5.516, 10.516, 5.984, 12.484], "texture": "#0"}, "west": {"uv": [8.016, 4.016, 9.984, 5.984], "texture": "#0"}, "up": {"uv": [5.516, 10.516, 5.984, 12.484], "texture": "#0"}, "down": {"uv": [5.516, 10.516, 5.984, 12.484], "texture": "#0"} } } ], "display": { "thirdperson_righthand": { "rotation": [58, -90, 0], "translation": [-2, 1, -1.25], "scale": [0.6, 0.6, 0.6] }, "thirdperson_lefthand": { "rotation": [58, 90, 0], "translation": [1.25, 1, -1.25], "scale": [0.6, 0.6, 0.6] }, "firstperson_righthand": { "rotation": [6, -77, 0], "translation": [0, 1.75, -1.5] }, "firstperson_lefthand": { "rotation": [6, 98, 0], "translation": [5, 1.75, -1.5] }, "ground": { "rotation": [58, -90, 0], "translation": [-2, 1, -1.25], "scale": [0.6, 0.6, 0.6] }, "gui": { "rotation": [25, 47, 0], "translation": [3.75, 2.25, 0] }, "head": { "rotation": [0, -90, 0], "translation": [-2.75, 14.5, 0] }, "fixed": { "rotation": [-90, -90, 0], "translation": [-12, 0, -11.25], "scale": [1.6, 1.6, 1.6] } } }