{ "credit": "Made with Blockbench", "textures": { "0": "ttp/i/c/b/crab_claw", "1": "ttp/i/c/b/down_crab", "2": "ttp/i/c/b/top_crab" }, "elements": [ { "name": "body1", "from": [5, 2, 6], "to": [11, 3, 10], "faces": { "north": {"uv": [0, 3, 6, 4], "texture": "#0"}, "east": {"uv": [0, 5, 4, 6], "texture": "#0"}, "south": {"uv": [0, 0, 6, 1], "texture": "#0"}, "west": {"uv": [0, 0, 4, 1], "texture": "#0"}, "up": {"uv": [0, 3, 6, 7], "texture": "#0"}, "down": {"uv": [1, 2, 15, 16], "rotation": 270, "texture": "#1"} } }, { "name": "body2", "from": [4, 3, 3], "to": [12, 4.5, 13], "faces": { "north": {"uv": [0, 0, 8, 1.5], "texture": "#2"}, "east": {"uv": [0, 0, 10, 1.5], "texture": "#2"}, "south": {"uv": [3, 0, 11, 1.5], "texture": "#2"}, "west": {"uv": [0, 0, 10, 1.5], "texture": "#2"}, "up": {"uv": [0, 0, 16, 16], "rotation": 270, "texture": "#2"}, "down": {"uv": [0, 2, 4, 12], "rotation": 180, "texture": "#0"} } }, { "name": "head", "from": [11, 4, 5], "to": [13, 5, 11], "faces": { "north": {"uv": [7, 4, 9, 5], "texture": "#2"}, "east": {"uv": [4, 3, 10, 4], "texture": "#2"}, "south": {"uv": [7, 4, 9, 5], "texture": "#2"}, "west": {"uv": [5, 3, 11, 4], "texture": "#2"}, "up": {"uv": [6, 2, 8, 8], "texture": "#2"}, "down": {"uv": [4, 0, 11, 3], "rotation": 270, "texture": "#2"} } }, { "name": "eye1a", "from": [12, 5, 10.7], "to": [12.2, 7, 10.9], "rotation": {"angle": 22.5, "axis": "x", "origin": [8, 8, 8]}, "faces": { "north": {"uv": [15, 4, 15.2, 6], "texture": "#0"}, "east": {"uv": [15, 4, 15.2, 6], "texture": "#0"}, "south": {"uv": [15, 6, 15.2, 8], "texture": "#0"}, "west": {"uv": [15, 5, 15.2, 7], "texture": "#0"}, "up": {"uv": [15, 6, 15.2, 6.2], "texture": "#0"}, "down": {"uv": [15, 4, 15.2, 4.2], "texture": "#0"} } }, { "name": "eye2a", "from": [12, 5, 5], "to": [12.2, 7, 5.2], "rotation": {"angle": -22.5, "axis": "x", "origin": [8, 8, 8]}, "faces": { "north": {"uv": [15, 4, 15.2, 6], "texture": "#0"}, "east": {"uv": [15, 4, 15.2, 6], "texture": "#0"}, "south": {"uv": [15, 6, 15.2, 8], "texture": "#0"}, "west": {"uv": [15, 5, 15.2, 7], "texture": "#0"}, "up": {"uv": [15, 6, 15.2, 6.2], "texture": "#0"}, "down": {"uv": [15, 4, 15.2, 4.2], "texture": "#0"} } }, { "name": "eye1b", "from": [12, 5.7, 9.9], "to": [12.5, 6.2, 10.4], "faces": { "north": {"uv": [15, 4, 15.5, 4.5], "texture": "#0"}, "east": {"uv": [15, 4, 15.5, 4.5], "texture": "#0"}, "south": {"uv": [15, 6, 15.5, 6.5], "texture": "#0"}, "west": {"uv": [15, 5, 15.5, 5.5], "texture": "#0"}, "up": {"uv": [15, 6, 15.5, 6.5], "texture": "#0"}, "down": {"uv": [15, 4, 15.5, 4.5], "texture": "#0"} } }, { "name": "eye2b", "from": [12, 5.7, 5.5], "to": [12.5, 6.2, 6], "faces": { "north": {"uv": [15, 4, 15.5, 4.5], "texture": "#0"}, "east": {"uv": [15, 4, 15.5, 4.5], "texture": "#0"}, "south": {"uv": [15, 6, 15.5, 6.5], "texture": "#0"}, "west": {"uv": [15, 5, 15.5, 5.5], "texture": "#0"}, "up": {"uv": [15, 6, 15.5, 6.5], "texture": "#0"}, "down": {"uv": [15, 4, 15.5, 4.5], "texture": "#0"} } }, { "name": "claw1a", "from": [10, 1.9, 8], "to": [16, 3, 10], "rotation": {"angle": -45, "axis": "y", "origin": [8, 8, 8]}, "faces": { "north": {"uv": [0, 7, 6, 8.1], "texture": "#0"}, "east": {"uv": [0, 6, 2, 7.1], "texture": "#0"}, "south": {"uv": [0, 5, 6, 6.1], "texture": "#0"}, "west": {"uv": [0, 9, 2, 10.1], "texture": "#0"}, "up": {"uv": [0, 2, 6, 4], "texture": "#0"}, "down": {"uv": [0, 14, 6, 16], "rotation": 180, "texture": "#1"} } }, { "name": "claw2a", "from": [10, 1.9, 6], "to": [16, 3, 8], "rotation": {"angle": 45, "axis": "y", "origin": [8, 8, 8]}, "faces": { "north": {"uv": [0, 7, 6, 8.1], "texture": "#0"}, "east": {"uv": [0, 6, 2, 7.1], "texture": "#0"}, "south": {"uv": [0, 5, 6, 6.1], "texture": "#0"}, "west": {"uv": [0, 9, 2, 10.1], "texture": "#0"}, "up": {"uv": [0, 2, 6, 4], "texture": "#0"}, "down": {"uv": [12, 14, 18, 16], "texture": "#1"} } }, { "name": "claw2b", "from": [14, 1.8, 4], "to": [16, 2.8, 8], "rotation": {"angle": 22.5, "axis": "y", "origin": [8, 8, 8]}, "faces": { "north": {"uv": [0, 0, 5, 8], "rotation": 90, "texture": "#0"}, "east": {"uv": [0, 1, 16, 5], "rotation": 180, "texture": "#0"}, "south": {"uv": [13, 1, 16, 9], "texture": "#0"}, "west": {"uv": [0, 0, 16, 4], "texture": "#0"}, "up": {"uv": [0, 2, 16, 6], "rotation": 90, "texture": "#0"}, "down": {"uv": [0, 0, 16, 4], "rotation": 270, "texture": "#0"} } }, { "name": "claw1b", "from": [14, 1.8, 8], "to": [16, 2.8, 12], "rotation": {"angle": -22.5, "axis": "y", "origin": [8, 8, 8]}, "faces": { "north": {"uv": [14, 4, 16, 8], "texture": "#0"}, "east": {"uv": [0, 1, 16, 5], "texture": "#0"}, "south": {"uv": [2, 3, 5, 11], "texture": "#0"}, "west": {"uv": [0, 0, 16, 4], "rotation": 180, "texture": "#0"}, "up": {"uv": [0, 3, 16, 7], "rotation": 270, "texture": "#0"}, "down": {"uv": [0, 3, 16, 7], "rotation": 90, "texture": "#0"} } }, { "name": "claw2c", "from": [13.5, 1.9, 5], "to": [14.2, 2.6, 7], "faces": { "north": {"uv": [14, 4, 14.7, 4.7], "texture": "#0"}, "east": {"uv": [14, 8, 16, 8.7], "texture": "#0"}, "south": {"uv": [14, 6, 14.7, 6.7], "texture": "#0"}, "west": {"uv": [14, 5, 16, 5.7], "texture": "#0"}, "up": {"uv": [15, 5, 15.7, 7], "texture": "#0"}, "down": {"uv": [14, 4, 14.7, 6], "texture": "#0"} } }, { "name": "claw1c", "from": [13.5, 1.9, 9], "to": [14.2, 2.6, 11], "faces": { "north": {"uv": [14, 4, 14.7, 4.7], "texture": "#0"}, "east": {"uv": [14, 8, 16, 8.7], "texture": "#0"}, "south": {"uv": [14, 6, 14.7, 6.7], "texture": "#0"}, "west": {"uv": [14, 5, 16, 5.7], "texture": "#0"}, "up": {"uv": [15, 5, 15.7, 7], "texture": "#0"}, "down": {"uv": [14, 4, 14.7, 6], "texture": "#0"} } }, { "name": "claw1d", "from": [15.1, 1.9, 6.4], "to": [15.8, 2.6, 8.4], "rotation": {"angle": -22.5, "axis": "y", "origin": [8, 8, 8]}, "faces": { "north": {"uv": [14, 4, 14.7, 4.7], "texture": "#0"}, "east": {"uv": [14, 8, 16, 8.7], "texture": "#0"}, "south": {"uv": [14, 6, 14.7, 6.7], "texture": "#0"}, "west": {"uv": [14, 5, 16, 5.7], "texture": "#0"}, "up": {"uv": [15, 5, 15.7, 7], "texture": "#0"}, "down": {"uv": [14, 4, 14.7, 6], "texture": "#0"} } }, { "name": "clawn2d", "from": [15.2, 1.9, 7.4], "to": [15.9, 2.6, 9.4], "rotation": {"angle": 22.5, "axis": "y", "origin": [8, 8, 8]}, "faces": { "north": {"uv": [14, 4, 14.7, 4.7], "texture": "#0"}, "east": {"uv": [14, 8, 16, 8.7], "texture": "#0"}, "south": {"uv": [14, 6, 14.7, 6.7], "texture": "#0"}, "west": {"uv": [14, 5, 16, 5.7], "texture": "#0"}, "up": {"uv": [15, 5, 15.7, 7], "texture": "#0"}, "down": {"uv": [14, 4, 14.7, 6], "texture": "#0"} } }, { "name": "leg1", "from": [9, 2.1, 0], "to": [10, 3.1, 6], "faces": { "north": {"uv": [0, 0, 1, 1], "texture": "#2"}, "east": {"uv": [0, 0, 6, 1], "texture": "#2"}, "south": {"uv": [0, 0, 1, 1], "texture": "#2"}, "west": {"uv": [0, 0, 6, 1], "texture": "#2"}, "up": {"uv": [0, 10, 1, 16], "texture": "#2"}, "down": {"uv": [0, 0, 1, 6], "texture": "#1"} } }, { "name": "leg2", "from": [9, 2.1, 10], "to": [10, 3.1, 16], "faces": { "north": {"uv": [0, 0, 1, 1], "texture": "#2"}, "east": {"uv": [0, 0, 6, 1], "texture": "#2"}, "south": {"uv": [0, 0, 1, 1], "texture": "#2"}, "west": {"uv": [0, 0, 6, 1], "texture": "#2"}, "up": {"uv": [12, 2, 13, 8], "texture": "#2"}, "down": {"uv": [0, 0, 1, 6], "texture": "#1"} } }, { "name": "leg3", "from": [7, 2.1, 0], "to": [8, 3.1, 6], "faces": { "north": {"uv": [0, 0, 1, 1], "texture": "#2"}, "east": {"uv": [0, 0, 6, 1], "texture": "#2"}, "south": {"uv": [0, 0, 1, 1], "texture": "#2"}, "west": {"uv": [0, 0, 6, 1], "texture": "#2"}, "up": {"uv": [0, 10, 1, 16], "texture": "#2"}, "down": {"uv": [0, 0, 1, 6], "texture": "#1"} } }, { "name": "leg4", "from": [7, 2.1, 10], "to": [8, 3.1, 16], "faces": { "north": {"uv": [0, 0, 1, 1], "texture": "#2"}, "east": {"uv": [0, 0, 6, 1], "texture": "#2"}, "south": {"uv": [0, 0, 1, 1], "texture": "#2"}, "west": {"uv": [0, 0, 6, 1], "texture": "#2"}, "up": {"uv": [12, 2, 13, 8], "texture": "#2"}, "down": {"uv": [0, 0, 1, 6], "texture": "#1"} } }, { "name": "leg5", "from": [7, 1.9, 0], "to": [8, 3.1, 6], "rotation": {"angle": 22.5, "axis": "y", "origin": [8, 8, 8]}, "faces": { "north": {"uv": [0, 0, 1, 1.2], "texture": "#2"}, "east": {"uv": [0, 0, 6, 1.2], "texture": "#2"}, "south": {"uv": [0, 0, 1, 1.2], "texture": "#2"}, "west": {"uv": [0, 0, 6, 1.2], "texture": "#2"}, "up": {"uv": [0, 10, 1, 16], "texture": "#2"}, "down": {"uv": [0, 0, 1, 6], "texture": "#1"} } }, { "name": "leg6", "from": [7, 1.9, 10], "to": [8, 3.1, 16], "rotation": {"angle": -22.5, "axis": "y", "origin": [8, 8, 8]}, "faces": { "north": {"uv": [0, 0, 1, 1.2], "texture": "#2"}, "east": {"uv": [0, 0, 6, 1.2], "texture": "#2"}, "south": {"uv": [0, 0, 1, 1.2], "texture": "#2"}, "west": {"uv": [0, 0, 6, 1.2], "texture": "#2"}, "up": {"uv": [12, 2, 13, 8], "texture": "#2"}, "down": {"uv": [0, 0, 1, 6], "texture": "#1"} } }, { "name": "leg7", "from": [7, 1.9, 0], "to": [8, 3.1, 6], "rotation": {"angle": 45, "axis": "y", "origin": [8, 8, 8]}, "faces": { "north": {"uv": [0, 0, 1, 1.2], "texture": "#2"}, "east": {"uv": [0, 0, 6, 1.2], "texture": "#2"}, "south": {"uv": [0, 0, 1, 1.2], "texture": "#2"}, "west": {"uv": [0, 0, 6, 1.2], "texture": "#2"}, "up": {"uv": [0, 10, 1, 16], "texture": "#2"}, "down": {"uv": [0, 0, 1, 6], "texture": "#1"} } }, { "name": "leg8", "from": [7, 1.9, 10], "to": [8, 3.1, 16], "rotation": {"angle": -45, "axis": "y", "origin": [8, 8, 8]}, "faces": { "north": {"uv": [0, 0, 1, 1.2], "texture": "#2"}, "east": {"uv": [0, 0, 6, 1.2], "texture": "#2"}, "south": {"uv": [0, 0, 1, 1.2], "texture": "#2"}, "west": {"uv": [0, 0, 6, 1.2], "texture": "#2"}, "up": {"uv": [12, 2, 13, 8], "texture": "#2"}, "down": {"uv": [0, 0, 1, 6], "texture": "#1"} } }, { "name": "a2", "from": [9.1, -3.6, 12.5], "to": [9.9, 0.4, 13.5], "rotation": {"angle": -22.5, "axis": "x", "origin": [8, 8, 8]}, "faces": { "north": {"uv": [0, 0, 0.8, 4], "texture": "#2"}, "east": {"uv": [0, 0, 1, 4], "texture": "#2"}, "south": {"uv": [2, 4, 2.8, 8], "texture": "#2"}, "west": {"uv": [0, 0, 1, 4], "texture": "#2"}, "up": {"uv": [0, 0, 0.8, 1], "texture": "#2"}, "down": {"uv": [0, 0, 0.8, 1], "texture": "#2"} } }, { "name": "a2", "from": [4.1, -3.4, 11.9], "to": [4.9, 0.6, 12.9], "rotation": {"angle": -22.5, "axis": "x", "origin": [8, 8, 8]}, "faces": { "north": {"uv": [0, 0, 0.8, 4], "texture": "#2"}, "east": {"uv": [0, 0, 1, 4], "texture": "#2"}, "south": {"uv": [2, 4, 2.8, 8], "texture": "#2"}, "west": {"uv": [0, 0, 1, 4], "texture": "#2"}, "up": {"uv": [0, 0, 0.8, 1], "texture": "#2"}, "down": {"uv": [0, 0, 0.8, 1], "texture": "#2"} } }, { "name": "a2", "from": [1.8, -2.6, 5], "to": [2.6, 1.4, 6], "rotation": {"angle": 22.5, "axis": "x", "origin": [8, 8, 8]}, "faces": { "north": {"uv": [2, 4, 2.8, 8], "texture": "#2"}, "east": {"uv": [0, 0, 1, 4], "texture": "#2"}, "south": {"uv": [0, 0, 0.8, 4], "texture": "#2"}, "west": {"uv": [0, 0, 1, 4], "texture": "#2"}, "up": {"uv": [0, 0, 0.8, 1], "texture": "#2"}, "down": {"uv": [0, 0, 0.8, 1], "texture": "#2"} } }, { "name": "a2", "from": [7.1, -3.6, 2.5], "to": [7.9, 0.4, 3.5], "rotation": {"angle": 22.5, "axis": "x", "origin": [8, 8, 8]}, "faces": { "north": {"uv": [2, 4, 2.8, 8], "texture": "#2"}, "east": {"uv": [0, 0, 1, 4], "texture": "#2"}, "south": {"uv": [0, 0, 0.8, 4], "texture": "#2"}, "west": {"uv": [0, 0, 1, 4], "texture": "#2"}, "up": {"uv": [0, 0, 0.8, 1], "texture": "#2"}, "down": {"uv": [0, 0, 0.8, 1], "texture": "#2"} } }, { "name": "b2", "from": [9.1, -3.6, 2.5], "to": [9.9, 0.4, 3.5], "rotation": {"angle": 22.5, "axis": "x", "origin": [8, 8, 8]}, "faces": { "north": {"uv": [2, 4, 2.8, 8], "texture": "#2"}, "east": {"uv": [0, 0, 1, 4], "texture": "#2"}, "south": {"uv": [0, 0, 0.8, 4], "texture": "#2"}, "west": {"uv": [0, 0, 1, 4], "texture": "#2"}, "up": {"uv": [0, 0, 0.8, 1], "texture": "#2"}, "down": {"uv": [0, 0, 0.8, 1], "texture": "#2"} } }, { "name": "b2", "from": [4.1, -3.3, 3], "to": [4.9, 0.7, 4], "rotation": {"angle": 22.5, "axis": "x", "origin": [8, 8, 8]}, "faces": { "north": {"uv": [2, 4, 2.8, 8], "texture": "#2"}, "east": {"uv": [0, 0, 1, 4], "texture": "#2"}, "south": {"uv": [0, 0, 0.8, 4], "texture": "#2"}, "west": {"uv": [0, 0, 1, 4], "texture": "#2"}, "up": {"uv": [0, 0, 0.8, 1], "texture": "#2"}, "down": {"uv": [0, 0, 0.8, 1], "texture": "#2"} } }, { "name": "b2", "from": [7.1, -3.6, 12.5], "to": [7.9, 0.4, 13.5], "rotation": {"angle": -22.5, "axis": "x", "origin": [8, 8, 8]}, "faces": { "north": {"uv": [0, 0, 0.8, 4], "texture": "#2"}, "east": {"uv": [0, 0, 1, 4], "texture": "#2"}, "south": {"uv": [2, 4, 2.8, 8], "texture": "#2"}, "west": {"uv": [0, 0, 1, 4], "texture": "#2"}, "up": {"uv": [0, 0, 0.8, 1], "texture": "#2"}, "down": {"uv": [0, 0, 0.8, 1], "texture": "#2"} } }, { "name": "b2", "from": [1.8, -2.6, 10], "to": [2.6, 1.4, 11], "rotation": {"angle": -22.5, "axis": "x", "origin": [8, 8, 8]}, "faces": { "north": {"uv": [0, 0, 0.8, 4], "texture": "#2"}, "east": {"uv": [0, 0, 1, 4], "texture": "#2"}, "south": {"uv": [2, 4, 2.8, 8], "texture": "#2"}, "west": {"uv": [0, 0, 1, 4], "texture": "#2"}, "up": {"uv": [0, 0, 0.8, 1], "texture": "#2"}, "down": {"uv": [0, 0, 0.8, 1], "texture": "#2"} } } ], "display": { "thirdperson_righthand": { "rotation": [45, 45, 0], "translation": [1, 0, 1], "scale": [0.5, 0.5, 0.5] }, "firstperson_righthand": { "translation": [0, 2, 0], "scale": [0.5, 0.5, 0.5] }, "firstperson_lefthand": { "translation": [0, 2, 0], "scale": [0.5, 0.5, 0.5] }, "ground": { "translation": [0, 5, 1], "scale": [0.3, 0.3, 0.3] }, "gui": { "rotation": [23, 142, 0], "translation": [0, 2, 0], "scale": [0.7, 0.7, 0.7] }, "head": { "translation": [0, -37, 0] }, "fixed": { "rotation": [90, 270, 90], "translation": [0, 4, 0] } } }