{ "credit": "Made with Blockbench", "textures": { "0": "ttp/i/c/b/godwatch", "particle": "ttp/i/c/b/godwatch" }, "elements": [ { "from": [4.49975, 7.51389, 6.49975], "to": [5.49975, 8.51389, 9.49975], "rotation": {"angle": 0, "axis": "y", "origin": [5.49975, 7.51389, 4.49975]}, "faces": { "east": {"uv": [0, 6.5, 0.5, 7], "texture": "#0"}, "west": {"uv": [0, 6.5, 0.5, 7], "texture": "#0"}, "up": {"uv": [1, 6, 0, 11], "texture": "#0"}, "down": {"uv": [1, 6, 0, 11], "texture": "#0"} } }, { "from": [6.49975, 7.51389, 10.50025], "to": [9.49975, 8.51389, 11.50025], "rotation": {"angle": 0, "axis": "y", "origin": [7.99975, 8.01389, 11.00025]}, "faces": { "north": {"uv": [0, 6.5, 0.5, 7], "texture": "#0"}, "east": {"uv": [0, 6, 1, 11], "texture": "#0"}, "south": {"uv": [0, 6.5, 0.5, 7], "texture": "#0"}, "up": {"uv": [1, 6, 0, 11], "rotation": 270, "texture": "#0"} } }, { "from": [6.49975, 7.51389, 4.49975], "to": [9.49975, 8.51389, 5.49975], "rotation": {"angle": 0, "axis": "y", "origin": [7.99975, 8.01389, 4.99975]}, "faces": { "north": {"uv": [0.5, 6.5, 0, 7], "texture": "#0"}, "east": {"uv": [1, 6, 0, 11], "texture": "#0"}, "south": {"uv": [0.5, 6.5, 0, 7], "texture": "#0"}, "up": {"uv": [0, 6, 1, 11], "rotation": 270, "texture": "#0"} } }, { "from": [2.24239, 7.51389, 9.77793], "to": [3.24239, 8.51389, 12.60793], "rotation": {"angle": -45, "axis": "y", "origin": [10.74239, 8.01389, 12.27793]}, "faces": { "east": {"uv": [0, 7, 0.5, 7.5], "texture": "#0"}, "south": {"uv": [1, 6, 0, 10.5], "texture": "#0"}, "west": {"uv": [0, 7, 0.5, 7.5], "texture": "#0"}, "up": {"uv": [1, 6, 0, 11], "texture": "#0"}, "down": {"uv": [1, 6, 0, 11], "texture": "#0"} } }, { "from": [2.24239, 7.51389, 3.39207], "to": [3.24239, 8.51389, 6.22207], "rotation": {"angle": 45, "axis": "y", "origin": [10.74239, 8.01389, 3.72207]}, "faces": { "north": {"uv": [0, 6, 1, 10.5], "texture": "#0"}, "east": {"uv": [0.5, 7, 0, 7.5], "texture": "#0"}, "west": {"uv": [0.5, 7, 0, 7.5], "texture": "#0"}, "up": {"uv": [1, 11, 0, 6], "texture": "#0"}, "down": {"uv": [1, 11, 0, 6], "texture": "#0"} } }, { "from": [12.75761, 7.51389, 9.77793], "to": [13.75761, 8.51389, 12.60793], "rotation": {"angle": 45, "axis": "y", "origin": [5.25761, 8.01389, 12.27793]}, "faces": { "north": {"uv": [0, 6, 1, 10.5], "texture": "#0"}, "east": {"uv": [0.5, 7, 0, 7.5], "texture": "#0"}, "south": {"uv": [0, 6, 1, 10.5], "texture": "#0"}, "west": {"uv": [0.5, 7, 0, 7.5], "texture": "#0"}, "up": {"uv": [0, 6, 1, 11], "texture": "#0"}, "down": {"uv": [0, 6, 1, 11], "texture": "#0"} } }, { "from": [10.50025, 7.51389, 6.49975], "to": [11.50025, 8.51389, 9.49975], "rotation": {"angle": 0, "axis": "y", "origin": [10.50025, 7.51389, 4.49975]}, "faces": { "east": {"uv": [0.5, 6.5, 0, 7], "texture": "#0"}, "west": {"uv": [0.5, 6.5, 0, 7], "texture": "#0"}, "up": {"uv": [0, 6, 1, 11], "texture": "#0"}, "down": {"uv": [0, 6, 1, 11], "texture": "#0"} } }, { "from": [12.75761, 7.51389, 3.39207], "to": [13.75761, 8.51389, 6.22207], "rotation": {"angle": -45, "axis": "y", "origin": [5.25761, 8.01389, 3.72207]}, "faces": { "north": {"uv": [1, 6, 0, 10.5], "texture": "#0"}, "east": {"uv": [0, 7, 0.5, 7.5], "texture": "#0"}, "south": {"uv": [1, 6, 0, 10.5], "texture": "#0"}, "west": {"uv": [0, 7, 0.5, 7.5], "texture": "#0"}, "up": {"uv": [0, 11, 1, 6], "texture": "#0"}, "down": {"uv": [0, 11, 1, 6], "texture": "#0"} } }, { "from": [1.99239, 7.76389, 10.77793], "to": [2.24239, 8.26389, 11.85793], "rotation": {"angle": -45, "axis": "y", "origin": [10.74239, 8.01389, 12.27793]}, "faces": { "north": {"uv": [2, 15, 2.5, 15.5], "texture": "#0"}, "south": {"uv": [2, 15, 2.5, 15.5], "texture": "#0"}, "west": {"uv": [2, 15, 2.5, 15.5], "texture": "#0"}, "up": {"uv": [2, 15, 2.5, 15.5], "texture": "#0"}, "down": {"uv": [2, 15, 2.5, 15.5], "texture": "#0"} } }, { "from": [1.99239, 7.76389, 4.14207], "to": [2.24239, 8.26389, 5.22207], "rotation": {"angle": 45, "axis": "y", "origin": [10.74239, 8.01389, 3.72207]}, "faces": { "north": {"uv": [2, 15, 2.5, 15.5], "texture": "#0"}, "south": {"uv": [2, 15, 2.5, 15.5], "texture": "#0"}, "west": {"uv": [2, 15, 2.5, 15.5], "texture": "#0"}, "up": {"uv": [2, 15, 2.5, 15.5], "texture": "#0"}, "down": {"uv": [2, 15, 2.5, 15.5], "texture": "#0"} } }, { "from": [5.49975, 7.61389, 5.49975], "to": [10.49975, 8.26389, 10.49975], "rotation": {"angle": 0, "axis": "y", "origin": [5.49975, 7.51389, 4.49975]}, "faces": { "east": {"uv": [15.5, 0, 16, 0.5], "texture": "#0"}, "south": {"uv": [15.5, 0, 16, 0.5], "texture": "#0"}, "up": {"uv": [0, 0, 5, 5], "texture": "#0"}, "down": {"uv": [0, 6.5, 0.5, 7], "texture": "#0"} } }, { "from": [6.49975, -0.48611, 2], "to": [9.49975, 7.01389, 3], "rotation": {"angle": 0, "axis": "y", "origin": [5.49975, 7.51389, 5]}, "faces": { "north": {"uv": [13, 2, 16, 10], "texture": "#0"}, "east": {"uv": [15, 15.5, 16, 16], "texture": "#0"}, "south": {"uv": [13, 2, 16, 10], "texture": "#0"}, "west": {"uv": [4, 15.5, 5, 16], "texture": "#0"} } }, { "from": [6.49975, 7.01389, 2], "to": [9.49975, 8.01389, 14], "rotation": {"angle": 0, "axis": "y", "origin": [5.49975, 7.51389, 5]}, "faces": { "north": {"uv": [13, 0.5, 16, 1.5], "texture": "#0"}, "east": {"uv": [4, 15.5, 16, 16], "texture": "#0"}, "south": {"uv": [13, 0.5, 16, 1.5], "texture": "#0"}, "west": {"uv": [4, 15.5, 16, 16], "texture": "#0"}, "up": {"uv": [13, 0, 16, 12], "texture": "#0"}, "down": {"uv": [13, 0, 16, 12], "texture": "#0"} } }, { "from": [6.49975, -0.48611, 13], "to": [9.49975, 7.01389, 14], "rotation": {"angle": 0, "axis": "y", "origin": [5.49975, 7.51389, 5]}, "faces": { "north": {"uv": [13, 2, 16, 10], "texture": "#0"}, "east": {"uv": [4, 15.5, 5, 16], "texture": "#0"}, "south": {"uv": [13, 2, 16, 10], "texture": "#0"}, "west": {"uv": [15, 15.5, 16, 16], "texture": "#0"} } }, { "from": [6.49975, -1.48611, 2], "to": [9.49975, -0.48611, 14], "rotation": {"angle": 0, "axis": "y", "origin": [5.49975, 7.51389, 5]}, "faces": { "north": {"uv": [13, 10.5, 16, 11.5], "texture": "#0"}, "east": {"uv": [4, 15.5, 16, 16], "texture": "#0"}, "south": {"uv": [13, 10.5, 16, 11.5], "texture": "#0"}, "west": {"uv": [4, 15.5, 16, 16], "texture": "#0"}, "up": {"uv": [13, 0, 16, 12], "texture": "#0"}, "down": {"uv": [13, 0, 16, 12], "texture": "#0"} } }, { "from": [4.24975, 7.76389, 6.99975], "to": [4.49975, 8.26389, 8.99975], "rotation": {"angle": 0, "axis": "y", "origin": [5.49975, 7.51389, 4.49975]}, "faces": { "north": {"uv": [2, 15, 2.5, 15.5], "texture": "#0"}, "south": {"uv": [2, 15, 2.5, 15.5], "texture": "#0"}, "west": {"uv": [2, 15, 2.5, 15.5], "texture": "#0"}, "up": {"uv": [2, 15, 2.5, 15.5], "texture": "#0"}, "down": {"uv": [2, 15, 2.5, 15.5], "texture": "#0"} } }, { "from": [3.99975, 7.76389, 7.49975], "to": [4.24975, 8.26389, 8.49975], "rotation": {"angle": 0, "axis": "y", "origin": [5.49975, 7.51389, 4.49975]}, "faces": { "north": {"uv": [2, 15, 2.5, 15.5], "texture": "#0"}, "south": {"uv": [2, 15, 2.5, 15.5], "texture": "#0"}, "west": {"uv": [2, 15, 2.5, 15.5], "texture": "#0"}, "up": {"uv": [2, 15, 2.5, 15.5], "texture": "#0"}, "down": {"uv": [2, 15, 2.5, 15.5], "texture": "#0"} } }, { "from": [7.875, 8.26389, 7.99975], "to": [8.125, 8.46389, 9.74975], "rotation": {"angle": 0, "axis": "y", "origin": [5.625, 7.51389, 4.49975]}, "faces": { "east": {"uv": [0.5, 15, 1, 15.5], "texture": "#0"}, "south": {"uv": [0.5, 15, 1, 15.5], "texture": "#0"}, "west": {"uv": [0.5, 15, 1, 15.5], "texture": "#0"}, "up": {"uv": [0.5, 15, 1, 15.5], "texture": "#0"} } }, { "from": [6.90329, 8.26389, 7.60755], "to": [8.15329, 8.46389, 7.85755], "rotation": {"angle": -22.5, "axis": "y", "origin": [7.15329, 8.36389, 7.73255]}, "faces": { "north": {"uv": [0.5, 15, 1, 15.5], "texture": "#0"}, "east": {"uv": [0.5, 15, 1, 15.5], "texture": "#0"}, "south": {"uv": [0.5, 15, 1, 15.5], "texture": "#0"}, "west": {"uv": [0.5, 15, 1, 15.5], "texture": "#0"}, "up": {"uv": [0.5, 15, 1, 15.5], "texture": "#0"}, "down": {"uv": [0.5, 15, 1, 15.5], "texture": "#0"} } } ], "display": { "thirdperson_righthand": { "rotation": [90, 0, -90], "translation": [2.4, -2, 1.75], "scale": [0.35, 0.48672, 0.35] }, "thirdperson_lefthand": { "rotation": [-90, 0, -90], "translation": [1.65, -2, 1.75], "scale": [0.35, 0.35, 0.35] }, "firstperson_righthand": { "rotation": [0, -136, -53], "translation": [0, 1.75, 0] }, "firstperson_lefthand": { "rotation": [-180, 143, -117], "translation": [1.25, 2.5, 0] }, "ground": { "rotation": [0, 0, 54], "scale": [0.4, 0.4, 0.4] }, "gui": { "rotation": [57, -48, -53], "translation": [2.5, -0.25, 0] }, "head": { "rotation": [90, 90, -180], "translation": [0, 3.25, -7], "scale": [1.24, 1.5, 1.24] }, "fixed": { "rotation": [-12, 90, 0], "translation": [0.75, 3.25, -2] } }, "groups": [ { "name": "group", "origin": [3.87868, 0.5, 7.41421], "color": 0, "children": [0, 1, 2, 3, 4, 5, 6, 7, 8, 9, 10] }, { "name": "group", "origin": [5.49975, 7.51389, 5], "color": 1, "children": [11, 12, 13, 14] }, 15, 16, 17, 18 ] }