{ "credit": "Made with Blockbench", "texture_size": [32, 32], "textures": { "0": "ttp/i/c/b/catplushie", "particle": "ttp/i/c/b/catplushie" }, "elements": [ { "from": [6.5, -4.9375, 6.26539], "to": [9.5, 3.0625, 9.26539], "rotation": {"angle": -45, "axis": "x", "origin": [-0.5, 1.5625, -1.48461]}, "faces": { "north": {"uv": [0, 0, 1.5, 4], "texture": "#0"}, "east": {"uv": [1.5, 4, 0, 8], "texture": "#0"}, "south": {"uv": [3, 0, 4.5, 4], "texture": "#0"}, "west": {"uv": [0, 4, 1.5, 8], "texture": "#0"}, "up": {"uv": [3, 7, 1.5, 5.5], "texture": "#0"}, "down": {"uv": [4.5, 5.5, 3, 7], "texture": "#0"} } }, { "from": [6.5, 9.5625, 2.51539], "to": [9.5, 12.5625, 5.51539], "rotation": {"angle": 0, "axis": "y", "origin": [-0.5, 1.5625, -1.48461]}, "faces": { "north": {"uv": [1.5, 4, 3, 5.5], "texture": "#0"}, "east": {"uv": [6, 1.5, 4.5, 3], "texture": "#0"}, "south": {"uv": [4.5, 0, 6, 1.5], "texture": "#0"}, "west": {"uv": [4.5, 1.5, 6, 3], "texture": "#0"}, "up": {"uv": [6, 4.5, 4.5, 3], "texture": "#0"}, "down": {"uv": [6, 4.5, 4.5, 6], "texture": "#0"} } }, { "from": [7.25, 9.5625, 1.76539], "to": [8.75, 10.5625, 2.51539], "rotation": {"angle": 0, "axis": "y", "origin": [-0.5, 1.5625, -1.48461]}, "faces": { "north": {"uv": [5.5, 8, 6.25, 8.5], "texture": "#0"}, "east": {"uv": [6, 8.5, 6.5, 9], "texture": "#0"}, "west": {"uv": [6.5, 8.5, 7, 9], "texture": "#0"}, "up": {"uv": [8.25, 8.5, 7.5, 8], "texture": "#0"}, "down": {"uv": [9.25, 0, 8.5, 0.5], "texture": "#0"} } }, { "from": [8.75, 12.5625, 3.76539], "to": [9.25, 13.3125, 5.26539], "rotation": {"angle": 0, "axis": "y", "origin": [-0.5, 1.5625, -1.48461]}, "faces": { "north": {"uv": [9, 5, 9.25, 5.5], "texture": "#0"}, "east": {"uv": [9.25, 2, 8.5, 2.5], "texture": "#0"}, "south": {"uv": [9, 5.5, 9.25, 6], "texture": "#0"}, "west": {"uv": [8.5, 2, 9.25, 2.5], "texture": "#0"}, "up": {"uv": [9.25, 3.75, 9, 3], "texture": "#0"} } }, { "from": [6.75, 12.5625, 3.76539], "to": [7.25, 13.3125, 5.26539], "rotation": {"angle": 0, "axis": "y", "origin": [-0.5, 1.5625, -1.48461]}, "faces": { "north": {"uv": [9, 5, 9.25, 5.5], "texture": "#0"}, "east": {"uv": [9.25, 2, 8.5, 2.5], "texture": "#0"}, "south": {"uv": [9, 5.5, 9.25, 6], "texture": "#0"}, "west": {"uv": [8.5, 2, 9.25, 2.5], "texture": "#0"}, "up": {"uv": [9.25, 3.75, 9, 3], "texture": "#0"} } }, { "from": [8.75, 2.5625, 3.51539], "to": [9.5, 8.5625, 4.26539], "rotation": {"angle": 0, "axis": "y", "origin": [-0.5, 1.5625, -1.48461]}, "faces": { "north": {"uv": [6, 4.5, 6.5, 7.5], "texture": "#0"}, "east": {"uv": [6.5, 4.5, 6, 7.5], "texture": "#0"}, "south": {"uv": [6, 4.5, 6.5, 7.5], "texture": "#0"}, "west": {"uv": [6.5, 4.5, 6, 7.5], "texture": "#0"}, "down": {"uv": [7.5, 8.5, 7, 9], "texture": "#0"} } }, { "from": [6.5, 2.5625, 3.51539], "to": [7.25, 8.5625, 4.26539], "rotation": {"angle": 0, "axis": "y", "origin": [-0.5, 1.5625, -1.48461]}, "faces": { "north": {"uv": [6.5, 4.5, 6, 7.5], "texture": "#0"}, "east": {"uv": [6, 4.5, 6.5, 7.5], "texture": "#0"}, "south": {"uv": [6.5, 4.5, 6, 7.5], "texture": "#0"}, "west": {"uv": [6, 4.5, 6.5, 7.5], "texture": "#0"}, "down": {"uv": [8, 8.5, 7.5, 9], "texture": "#0"} } }, { "from": [9.5, 2.5625, 7.26539], "to": [10.5, 5.5625, 10.26539], "rotation": {"angle": 0, "axis": "y", "origin": [-0.5, 1.5625, -1.48461]}, "faces": { "north": {"uv": [7, 4.5, 7.5, 6], "texture": "#0"}, "east": {"uv": [6, 6, 4.5, 7.5], "texture": "#0"}, "south": {"uv": [5, 7.5, 4.5, 9], "texture": "#0"}, "west": {"uv": [4.5, 6, 6, 7.5], "texture": "#0"}, "up": {"uv": [8, 1.5, 7.5, 0], "texture": "#0"}, "down": {"uv": [5, 7.5, 5.5, 9], "texture": "#0"} } }, { "from": [5.5, 2.5625, 7.26539], "to": [6.5, 5.5625, 10.26539], "rotation": {"angle": 0, "axis": "y", "origin": [-0.5, 1.5625, -1.48461]}, "faces": { "north": {"uv": [7.5, 4.5, 7, 6], "texture": "#0"}, "east": {"uv": [6, 6, 4.5, 7.5], "texture": "#0"}, "south": {"uv": [4.5, 7.5, 5, 9], "texture": "#0"}, "west": {"uv": [4.5, 6, 6, 7.5], "texture": "#0"}, "up": {"uv": [7.5, 1.5, 8, 0], "texture": "#0"}, "down": {"uv": [5.5, 7.5, 5, 9], "texture": "#0"} } }, { "from": [9.5, 2.5625, 5.26539], "to": [10.25, 3.5625, 7.26539], "rotation": {"angle": 0, "axis": "y", "origin": [-0.5, 1.5625, -1.48461]}, "faces": { "north": {"uv": [8.5, 8, 9, 8.5], "texture": "#0"}, "east": {"uv": [12.5, 3.25, 11.5, 3.75], "texture": "#0"}, "west": {"uv": [8, 3.5, 9, 4], "texture": "#0"}, "up": {"uv": [8, 5, 8.5, 4], "texture": "#0"}, "down": {"uv": [1.5, 8, 1, 9], "texture": "#0"} } }, { "from": [5.75, 2.5625, 5.26539], "to": [6.5, 3.5625, 7.26539], "rotation": {"angle": 0, "axis": "y", "origin": [-0.5, 1.5625, -1.48461]}, "faces": { "north": {"uv": [8.5, 8, 9, 8.5], "texture": "#0"}, "east": {"uv": [9, 3.5, 8, 4], "texture": "#0"}, "west": {"uv": [11.5, 3.25, 12.5, 3.75], "texture": "#0"}, "up": {"uv": [8.5, 5, 8, 4], "texture": "#0"}, "down": {"uv": [1.5, 8, 1, 9], "texture": "#0"} } }, { "from": [7.75, 8.3125, 8.26539], "to": [8.25, 8.8125, 10.51539], "rotation": {"angle": 22.5, "axis": "x", "origin": [-0.5, 1.5625, -1.48461]}, "faces": { "east": {"uv": [8.5, 2.5, 9.75, 2.75], "texture": "#0"}, "south": {"uv": [6.5, 9, 6.75, 9.25], "texture": "#0"}, "west": {"uv": [9.75, 2.5, 8.5, 2.75], "texture": "#0"}, "up": {"uv": [8.75, 5.75, 8.5, 4.5], "texture": "#0"}, "down": {"uv": [8.5, 4.5, 8.75, 5.75], "texture": "#0"} } }, { "from": [7.75, -6.9375, 9.34039], "to": [8.25, -6.4375, 14.59039], "rotation": {"angle": -45, "axis": "x", "origin": [-0.5, 1.5625, -1.48461]}, "faces": { "north": {"uv": [9, 6.5, 9.25, 6.75], "texture": "#0"}, "east": {"uv": [5.5, 7.5, 8.25, 7.75], "texture": "#0"}, "south": {"uv": [7, 9, 7.25, 9.25], "texture": "#0"}, "west": {"uv": [8.25, 7.5, 5.5, 7.75], "texture": "#0"}, "up": {"uv": [0.25, 10.75, 0, 8], "texture": "#0"}, "down": {"uv": [0.25, 8, 0, 10.75], "texture": "#0"} } } ], "display": { "thirdperson_righthand": { "rotation": [67, 29, 0], "translation": [-1, -1, 0.75] }, "thirdperson_lefthand": { "rotation": [67, -5, 0], "translation": [0, -1.25, 16.25] }, "firstperson_righthand": { "translation": [1.25, 2.75, 0] }, "firstperson_lefthand": { "translation": [1.25, 2.75, 0] }, "gui": { "rotation": [0, 151, 0] }, "head": { "translation": [0, 13.25, 0], "scale": [1.28, 1.28, 1.28] } } }