{ "credit": "Made with Blockbench", "textures": { "0": "ttp/i/c/b/oldcamera", "particle": "ttp/i/c/b/oldcamera" }, "elements": [ { "from": [4, 12, 6], "to": [11, 15, 9], "faces": { "north": {"uv": [1.032, 3.5, 7.968, 6.5], "texture": "#0"}, "east": {"uv": [8.5, 3.5, 11.5, 6.5], "texture": "#0"}, "south": {"uv": [1.032, 3.5, 7.968, 6.5], "texture": "#0"}, "west": {"uv": [8.5, 3.5, 11.5, 6.5], "texture": "#0"}, "up": {"uv": [1.032, 3.5, 7.968, 6.5], "texture": "#0"}, "down": {"uv": [1.032, 3.5, 7.968, 6.5], "texture": "#0"} } }, { "from": [1, 11.6, 6.7], "to": [4.5, 11.7, 6.8], "faces": { "north": {"uv": [0, 12, 13, 12.5], "texture": "#0"}, "south": {"uv": [0, 12, 13, 12.5], "rotation": 180, "texture": "#0"}, "west": {"uv": [9, 12, 9.5, 12.5], "texture": "#0"}, "up": {"uv": [0, 12, 13, 12.5], "rotation": 180, "texture": "#0"}, "down": {"uv": [0, 12, 13, 12.5], "rotation": 180, "texture": "#0"} } }, { "from": [1, 11.6, 8.3], "to": [4.5, 11.7, 8.4], "faces": { "north": {"uv": [0, 12, 13, 12.5], "texture": "#0"}, "south": {"uv": [0, 12, 13, 12.5], "rotation": 180, "texture": "#0"}, "west": {"uv": [9, 12, 9.5, 12.5], "texture": "#0"}, "up": {"uv": [0, 12, 13, 12.5], "rotation": 180, "texture": "#0"}, "down": {"uv": [0, 12, 13, 12.5], "rotation": 180, "texture": "#0"} } }, { "from": [1, 11.6, 7.5], "to": [4.5, 11.7, 7.6], "faces": { "north": {"uv": [0, 12, 13, 12.5], "texture": "#0"}, "south": {"uv": [0, 12, 13, 12.5], "rotation": 180, "texture": "#0"}, "west": {"uv": [9, 12, 9.5, 12.5], "texture": "#0"}, "up": {"uv": [0, 12, 13, 12.5], "rotation": 180, "texture": "#0"}, "down": {"uv": [0, 12, 13, 12.5], "rotation": 180, "texture": "#0"} } }, { "from": [5, 13, 5], "to": [10, 14, 6], "faces": { "north": {"uv": [0, 10.5, 5, 11.5], "texture": "#0"}, "east": {"uv": [8.5, 3.5, 11.5, 6.5], "texture": "#0"}, "west": {"uv": [8.5, 3.5, 11.5, 6.5], "texture": "#0"}, "up": {"uv": [0, 10.5, 5, 11.5], "texture": "#0"}, "down": {"uv": [0, 10.5, 5, 11.5], "texture": "#0"} } }, { "from": [4.2, 13.1, 5.1], "to": [5, 13.9, 5.9], "faces": { "north": {"uv": [0, 10.5, 5, 11.5], "texture": "#0"}, "south": {"uv": [0, 10.5, 5, 11.5], "texture": "#0"}, "up": {"uv": [0, 10.5, 5, 11.5], "texture": "#0"}, "down": {"uv": [0, 10.5, 5, 11.5], "texture": "#0"} } }, { "from": [10, 13.1, 5.1], "to": [11.8, 13.9, 5.9], "faces": { "north": {"uv": [0, 10.5, 5, 11.5], "texture": "#0"}, "east": {"uv": [8.5, 3.5, 11.5, 6.5], "texture": "#0"}, "south": {"uv": [0, 10.5, 5, 11.5], "texture": "#0"}, "up": {"uv": [0, 10.5, 5, 11.5], "texture": "#0"}, "down": {"uv": [0, 10.5, 5, 11.5], "texture": "#0"} } }, { "from": [4.5, 11, 6.5], "to": [10.5, 12, 8.5], "faces": { "north": {"uv": [0.5, 8.032, 5.968, 8.968], "texture": "#0"}, "east": {"uv": [5.5, 2.032, 7.5, 2.968], "texture": "#0"}, "south": {"uv": [0.5, 8.032, 5.968, 8.968], "texture": "#0"}, "west": {"uv": [5.5, 2.032, 7.5, 2.968], "texture": "#0"}, "down": {"uv": [0.5, 8.032, 5.968, 9.968], "texture": "#0"} } }, { "from": [6.6, 11.1, 6.1], "to": [7.1, 11.6, 6.5], "rotation": {"angle": -45, "axis": "z", "origin": [7.15, 11.25, 6.45]}, "faces": { "north": {"uv": [1, 1, 2.5, 2.5], "texture": "#0"}, "east": {"uv": [2.5, 4, 4.5, 6], "rotation": 90, "texture": "#0"}, "south": {"uv": [0.5, 8.032, 5.968, 8.968], "texture": "#0"}, "west": {"uv": [2.5, 4, 4.5, 6], "rotation": 90, "texture": "#0"}, "up": {"uv": [2.5, 4, 4.5, 6], "texture": "#0"}, "down": {"uv": [2.5, 4, 4.5, 6], "texture": "#0"} } }, { "from": [6.6, 13.9, 4.7], "to": [7.1, 14.4, 5.1], "rotation": {"angle": -45, "axis": "z", "origin": [7.15, 11.25, 6.45]}, "faces": { "north": {"uv": [1, 1, 2.5, 2.5], "texture": "#0"}, "east": {"uv": [2.5, 4, 4.5, 6], "rotation": 90, "texture": "#0"}, "south": {"uv": [0.5, 8.032, 5.968, 8.968], "texture": "#0"}, "west": {"uv": [2.5, 4, 4.5, 6], "rotation": 90, "texture": "#0"}, "up": {"uv": [2.5, 4, 4.5, 6], "texture": "#0"}, "down": {"uv": [2.5, 4, 4.5, 6], "texture": "#0"} } }, { "from": [5.3, 12.7, 4.7], "to": [5.8, 13.2, 5.1], "rotation": {"angle": -45, "axis": "z", "origin": [7.15, 11.25, 6.45]}, "faces": { "north": {"uv": [0.5, 14, 2, 15.5], "texture": "#0"}, "east": {"uv": [9.5, 11.5, 10.5, 12.5], "texture": "#0"}, "south": {"uv": [0.5, 8.032, 5.968, 8.968], "texture": "#0"}, "west": {"uv": [9.5, 11.5, 10.5, 12.5], "rotation": 180, "texture": "#0"}, "up": {"uv": [9.5, 11.5, 10.5, 12.5], "rotation": 270, "texture": "#0"}, "down": {"uv": [9.5, 11.5, 10.5, 12.5], "rotation": 90, "texture": "#0"} } }, { "from": [4.5, 11.9, 4.7], "to": [5, 12.4, 5.1], "rotation": {"angle": -45, "axis": "z", "origin": [7.15, 11.25, 6.45]}, "faces": { "north": {"uv": [1, 1, 2.5, 2.5], "texture": "#0"}, "east": {"uv": [2.5, 4, 4.5, 6], "rotation": 90, "texture": "#0"}, "south": {"uv": [0.5, 8.032, 5.968, 8.968], "texture": "#0"}, "west": {"uv": [2.5, 4, 4.5, 6], "rotation": 90, "texture": "#0"}, "up": {"uv": [2.5, 4, 4.5, 6], "texture": "#0"}, "down": {"uv": [2.5, 4, 4.5, 6], "texture": "#0"} } }, { "from": [6.9, 11.3, 6.2], "to": [10.6, 11.5, 6.4], "rotation": {"angle": -45, "axis": "z", "origin": [7.15, 11.25, 6.45]}, "faces": { "north": {"uv": [15, 5, 15.5, 13], "rotation": 90, "texture": "#0"}, "south": {"uv": [15, 5, 15.5, 13], "rotation": 270, "texture": "#0"}, "up": {"uv": [15, 5, 15.5, 13], "rotation": 270, "texture": "#0"}, "down": {"uv": [15, 5, 15.5, 13], "rotation": 270, "texture": "#0"} } }, { "from": [9.9, 11.2, 6.1], "to": [10.7, 11.6, 6.5], "rotation": {"angle": -45, "axis": "z", "origin": [7.15, 11.25, 6.45]}, "faces": { "north": {"uv": [13, 13.5, 16, 15], "texture": "#0"}, "east": {"uv": [11.5, 13.5, 13, 15], "texture": "#0"}, "south": {"uv": [13, 13.5, 16, 15], "texture": "#0"}, "west": {"uv": [2.5, 4, 4.5, 6], "rotation": 90, "texture": "#0"}, "up": {"uv": [13, 13.5, 16, 15], "texture": "#0"}, "down": {"uv": [13, 13.5, 16, 15], "texture": "#0"} } }, { "from": [6.5, 10, 6.5], "to": [8.5, 11, 8.5], "faces": { "north": {"uv": [3.5, 4.032, 5.5, 4.968], "texture": "#0"}, "east": {"uv": [3.5, 4.032, 5.5, 4.968], "texture": "#0"}, "south": {"uv": [3.5, 4.032, 5.5, 4.968], "texture": "#0"}, "west": {"uv": [3.5, 4.032, 5.5, 4.968], "texture": "#0"}, "down": {"uv": [0.5, 0.5, 2.968, 2.968], "texture": "#0"} } }, { "from": [7.3, -1, 6.6], "to": [7.8, 11, 7.1], "rotation": {"angle": 22.5, "axis": "x", "origin": [7.55, 10, 6.75]}, "faces": { "north": {"uv": [15.032, 1.5, 15.5, 13.5], "texture": "#0"}, "east": {"uv": [15.032, 1.5, 15.5, 13.5], "texture": "#0"}, "south": {"uv": [15.032, 1.5, 15.5, 13.5], "texture": "#0"}, "west": {"uv": [15.032, 1.5, 15.5, 13.5], "texture": "#0"}, "down": {"uv": [0.5, 0.5, 2.968, 2.968], "texture": "#0"} } }, { "from": [7.3, -0.6, 8], "to": [7.8, 11.4, 8.5], "rotation": {"angle": -22.5, "axis": "x", "origin": [7.55, 10, 9.25]}, "faces": { "north": {"uv": [15.5, 1.5, 15.032, 13.5], "texture": "#0"}, "east": {"uv": [15.5, 1.5, 15.032, 13.5], "texture": "#0"}, "south": {"uv": [15.5, 1.5, 15.032, 13.5], "texture": "#0"}, "west": {"uv": [15.5, 1.5, 15.032, 13.5], "texture": "#0"}, "down": {"uv": [0.5, 2.968, 2.968, 0.5], "texture": "#0"} } }, { "from": [6.7, -1.6, 7.2], "to": [7.2, 10.4, 7.7], "rotation": {"angle": -22.5, "axis": "z", "origin": [7.75, 10, 9.45]}, "faces": { "north": {"uv": [15.5, 1.5, 15.032, 13.5], "texture": "#0"}, "east": {"uv": [15.5, 1.5, 15.032, 13.5], "texture": "#0"}, "south": {"uv": [15.5, 1.5, 15.032, 13.5], "texture": "#0"}, "west": {"uv": [15.5, 1.5, 15.032, 13.5], "texture": "#0"}, "down": {"uv": [0.5, 2.968, 2.968, 0.5], "rotation": 270, "texture": "#0"} } }, { "from": [7.9, -1.2, 7.2], "to": [8.4, 10.8, 7.7], "rotation": {"angle": 22.5, "axis": "z", "origin": [8.25, 10, 9.45]}, "faces": { "north": {"uv": [15.032, 1.5, 15.5, 13.5], "texture": "#0"}, "east": {"uv": [15.032, 1.5, 15.5, 13.5], "texture": "#0"}, "south": {"uv": [15.032, 1.5, 15.5, 13.5], "texture": "#0"}, "west": {"uv": [15.032, 1.5, 15.5, 13.5], "texture": "#0"}, "down": {"uv": [0.5, 0.5, 2.968, 2.968], "rotation": 270, "texture": "#0"} } }, { "from": [3, 12.6, 6.6], "to": [4, 14.4, 8.4], "faces": { "north": {"uv": [4.5, 0.032, 5.968, 1.968], "texture": "#0"}, "south": {"uv": [4.5, 0.032, 6.968, 1.968], "texture": "#0"}, "up": {"uv": [4.5, 0.032, 6.968, 1.968], "texture": "#0"}, "down": {"uv": [4.5, 0.032, 6.968, 1.968], "texture": "#0"} } }, { "from": [2.3, 12.3, 6.3], "to": [3, 14.7, 8.7], "faces": { "north": {"uv": [6.5, 3.5, 7.5, 6.5], "rotation": 180, "texture": "#0"}, "east": {"uv": [0.5, 0.5, 3, 3], "texture": "#0"}, "south": {"uv": [6.5, 3.5, 7.5, 6.5], "texture": "#0"}, "up": {"uv": [6.5, 3.5, 7.5, 6.5], "texture": "#0"}, "down": {"uv": [6.5, 3.5, 7.5, 6.5], "texture": "#0"} } }, { "from": [1.6, 12.1, 6.1], "to": [2.3, 14.9, 8.9], "rotation": {"angle": 0, "axis": "y", "origin": [0.3, 0, 0]}, "faces": { "north": {"uv": [6.5, 3.5, 7.5, 6.5], "texture": "#0"}, "east": {"uv": [0.5, 0.5, 3, 3], "texture": "#0"}, "south": {"uv": [6.5, 3.5, 7.5, 6.5], "rotation": 180, "texture": "#0"}, "west": {"uv": [8.5, 0.032, 10.9, 2.4], "texture": "#0"}, "up": {"uv": [6.5, 3.5, 7.5, 6.5], "rotation": 180, "texture": "#0"}, "down": {"uv": [6.5, 3.5, 7.5, 6.5], "rotation": 180, "texture": "#0"} } }, { "from": [3.6, 13, 5], "to": [4.2, 14, 6], "rotation": {"angle": 0, "axis": "y", "origin": [0.3, 0, 0]}, "faces": { "north": {"uv": [6.5, 3.5, 7.5, 6.5], "texture": "#0"}, "east": {"uv": [0.5, 0.5, 3, 3], "texture": "#0"}, "south": {"uv": [6.5, 3.5, 7.5, 6.5], "rotation": 180, "texture": "#0"}, "west": {"uv": [8.5, 0.032, 10.9, 2.4], "texture": "#0"}, "up": {"uv": [6.5, 3.5, 7.5, 6.5], "rotation": 180, "texture": "#0"}, "down": {"uv": [6.5, 3.5, 7.5, 6.5], "rotation": 180, "texture": "#0"} } }, { "from": [4, 15, 7], "to": [7, 18, 8], "faces": { "north": {"uv": [0.032, 0.032, 3.5, 3.5], "texture": "#0"}, "east": {"uv": [0.032, 3.5, 0.968, 6.5], "rotation": 180, "texture": "#0"}, "south": {"uv": [3.5, 0.032, 0.032, 3.5], "texture": "#0"}, "west": {"uv": [0.032, 3.5, 0.968, 6.5], "texture": "#0"}, "up": {"uv": [0.032, 3.5, 0.968, 6.5], "rotation": 90, "texture": "#0"} } }, { "from": [8, 15, 7], "to": [11, 18, 8], "faces": { "north": {"uv": [0.032, 0.032, 3.5, 3.5], "texture": "#0"}, "east": {"uv": [0.032, 3.5, 0.968, 6.5], "rotation": 180, "texture": "#0"}, "south": {"uv": [3.5, 0.032, 0.032, 3.5], "texture": "#0"}, "west": {"uv": [0.032, 3.5, 0.968, 6.5], "texture": "#0"}, "up": {"uv": [0.032, 3.5, 0.968, 6.5], "rotation": 90, "texture": "#0"} } } ], "display": { "thirdperson_righthand": { "rotation": [47, -76, 0] }, "thirdperson_lefthand": { "rotation": [47, 98, 0] }, "firstperson_righthand": { "rotation": [0, -72, 0] }, "firstperson_lefthand": { "rotation": [0, 91, 0], "translation": [2.5, 0, 0] }, "ground": { "rotation": [47, -76, 0] }, "gui": { "rotation": [0, 54, 0], "scale": [0.5, 0.5, 0.5] }, "head": { "rotation": [0, -82, 0] }, "fixed": { "rotation": [-90, -90, 0], "translation": [0, 0, -31.75], "scale": [4, 4, 4] } } }