{ "credit": "Made with Blockbench", "texture_size": [64, 64], "textures": { "0": "ttp/i/c/b/royalumbrella", "particle": "ttp/i/c/b/royalumbrella" }, "elements": [ { "from": [0.75, 20, 1.5], "to": [7.75, 20, 8.5], "rotation": {"angle": -22.5, "axis": "z", "origin": [4.25, 20, 5]}, "faces": { "up": {"uv": [1.742, 7.992, 0.008, 6.258], "texture": "#0"}, "down": {"uv": [1.742, 6.258, 0.008, 7.992], "texture": "#0"} } }, { "from": [0.498, 21.498, 0.498], "to": [15.502, 21.502, 15.502], "rotation": {"angle": 0, "axis": "y", "origin": [7.5, 7.5, 7.5]}, "faces": { "east": {"uv": [0.008, 0.008, 3.742, 0.008], "texture": "#0"}, "up": {"uv": [8.992, 3.742, 5.258, 0.008], "texture": "#0"}, "down": {"uv": [8.992, 0.008, 5.258, 3.742], "texture": "#0"} } }, { "from": [7.5, 18.56494, 1.03545], "to": [14.5, 18.56494, 8.03545], "rotation": {"angle": 22.5, "axis": "x", "origin": [8, 20, 8]}, "faces": { "up": {"uv": [1.742, 7.992, 0.008, 6.258], "rotation": 90, "texture": "#0"}, "down": {"uv": [1.742, 6.258, 0.008, 7.992], "rotation": 270, "texture": "#0"} } }, { "from": [7.96455, 18.56494, 7.5], "to": [14.96455, 18.56494, 14.5], "rotation": {"angle": 22.5, "axis": "z", "origin": [8, 20, 8]}, "faces": { "up": {"uv": [1.742, 7.992, 0.008, 6.258], "rotation": 180, "texture": "#0"}, "down": {"uv": [1.742, 6.258, 0.008, 7.992], "rotation": 180, "texture": "#0"} } }, { "from": [1.5, 18.56494, 7.96455], "to": [8.5, 18.56494, 14.96455], "rotation": {"angle": -22.5, "axis": "x", "origin": [8, 20, 8]}, "faces": { "up": {"uv": [1.742, 7.992, 0.008, 6.258], "rotation": 270, "texture": "#0"}, "down": {"uv": [1.742, 6.258, 0.008, 7.992], "rotation": 90, "texture": "#0"} } }, { "from": [7.5, -0.5, 7.5], "to": [8.5, 23.5, 8.5], "rotation": {"angle": 0, "axis": "y", "origin": [7.5, 7.5, 7.5]}, "faces": { "north": {"uv": [5.258, 9.008, 5.492, 14.992], "texture": "#0"}, "east": {"uv": [5.508, 9.008, 5.742, 14.992], "texture": "#0"}, "south": {"uv": [5.758, 9.008, 5.992, 14.992], "texture": "#0"}, "west": {"uv": [6.008, 9.008, 6.242, 14.992], "texture": "#0"}, "up": {"uv": [6.992, 9.242, 6.758, 9.008], "texture": "#0"} } }, { "from": [6.498, 21.498, 7.998], "to": [9.502, 25.502, 8.002], "rotation": {"angle": 0, "axis": "y", "origin": [7.5, 7.5, 7.5]}, "faces": { "north": {"uv": [9.008, 3.008, 9.742, 3.992], "texture": "#0"}, "east": {"uv": [0.008, 0.008, 0.008, 0.992], "texture": "#0"}, "south": {"uv": [9.008, 3.008, 9.742, 3.992], "texture": "#0"}, "west": {"uv": [0.008, 0.008, 0.008, 0.992], "texture": "#0"}, "up": {"uv": [0.742, 0.008, 0.008, 0.008], "texture": "#0"} } }, { "from": [7.998, 21.498, 6.498], "to": [8.002, 25.502, 9.502], "rotation": {"angle": 0, "axis": "y", "origin": [8, 23.5, 8]}, "faces": { "north": {"uv": [0.008, 0.008, 0.008, 0.992], "texture": "#0"}, "east": {"uv": [9.008, 3.008, 9.742, 3.992], "texture": "#0"}, "south": {"uv": [0.008, 0.008, 0.008, 0.992], "texture": "#0"}, "west": {"uv": [9.008, 3.008, 9.742, 3.992], "texture": "#0"}, "up": {"uv": [0.742, 0.008, 0.008, 0.008], "rotation": 270, "texture": "#0"} } }, { "from": [7.3, -5.7, 7.3], "to": [8.7, -0.3, 8.7], "rotation": {"angle": 0, "axis": "y", "origin": [7.5, 7.5, 7.5]}, "faces": { "north": {"uv": [9.008, 5.008, 9.242, 6.242], "texture": "#0"}, "east": {"uv": [6.258, 9.008, 6.492, 10.242], "texture": "#0"}, "south": {"uv": [9.008, 6.258, 9.242, 7.492], "texture": "#0"}, "west": {"uv": [6.508, 9.008, 6.742, 10.242], "texture": "#0"}, "up": {"uv": [7.492, 9.242, 7.258, 9.008], "texture": "#0"}, "down": {"uv": [7.742, 9.008, 7.508, 9.242], "texture": "#0"} } }, { "from": [0.498, 18.498, 0.498], "to": [15.502, 21.502, 0.502], "rotation": {"angle": 0, "axis": "y", "origin": [7.5, 7.5, 7.5]}, "faces": { "north": {"uv": [9.008, 1.508, 12.742, 2.242], "texture": "#0"}, "east": {"uv": [0.008, 0.008, 0.008, 0.742], "texture": "#0"}, "south": {"uv": [9.008, 1.508, 12.742, 2.242], "texture": "#0"} } }, { "from": [0.498, 18.498, 15.498], "to": [15.502, 21.502, 15.502], "rotation": {"angle": 0, "axis": "y", "origin": [7.5, 7.5, 8.5]}, "faces": { "north": {"uv": [12.742, 1.508, 9.008, 2.242], "texture": "#0"}, "east": {"uv": [0.008, 0.008, 0.008, 0.742], "texture": "#0"}, "south": {"uv": [12.742, 1.508, 9.008, 2.242], "texture": "#0"} } }, { "from": [0.498, 18.499, 0.498], "to": [0.502, 21.503, 15.502], "rotation": {"angle": 0, "axis": "y", "origin": [7.5, 7.501, 8.5]}, "faces": { "north": {"uv": [0.008, 0.008, 0.008, 0.742], "texture": "#0"}, "east": {"uv": [9.008, 1.508, 12.742, 2.242], "texture": "#0"}, "south": {"uv": [0.008, 0.008, 0.008, 0.742], "texture": "#0"}, "west": {"uv": [9.008, 1.508, 12.742, 2.242], "texture": "#0"}, "up": {"uv": [3.742, 0.008, 0.008, 0.008], "rotation": 270, "texture": "#0"} } }, { "from": [15.497, 18.499, 0.498], "to": [15.501, 21.503, 15.502], "rotation": {"angle": 0, "axis": "y", "origin": [8.499, 9.501, 8.5]}, "faces": { "north": {"uv": [0.008, 0.008, 0.008, 0.742], "texture": "#0"}, "east": {"uv": [12.742, 1.508, 9.008, 2.242], "texture": "#0"}, "south": {"uv": [0.008, 0.008, 0.008, 0.742], "texture": "#0"}, "west": {"uv": [12.742, 1.508, 9.008, 2.242], "texture": "#0"}, "up": {"uv": [3.742, 0.008, 0.008, 0.008], "rotation": 270, "texture": "#0"} } }, { "from": [-2.502, 18.498, -2.502], "to": [18.502, 18.502, 18.502], "rotation": {"angle": 0, "axis": "y", "origin": [7.5, 7.5, 7.5]}, "faces": { "east": {"uv": [0.008, 0.008, 5.242, 0.008], "texture": "#0"}, "west": {"uv": [0.008, 0.008, 5.242, 0.008], "texture": "#0"}, "up": {"uv": [5.242, 5.242, 0.008, 0.008], "texture": "#0"}, "down": {"uv": [5.242, 0.008, 0.008, 5.242], "texture": "#0"} } }, { "from": [-2.502, 12.498, -2.502], "to": [18.502, 18.502, -2.498], "rotation": {"angle": 0, "axis": "y", "origin": [7.5, 7.5, 7.5]}, "faces": { "north": {"uv": [5.258, 7.508, 10.492, 8.992], "texture": "#0"}, "east": {"uv": [0.008, 0.008, 0.008, 1.492], "texture": "#0"}, "south": {"uv": [5.258, 7.508, 10.492, 8.992], "texture": "#0"}, "west": {"uv": [0.008, 0.008, 0.008, 1.492], "texture": "#0"}, "down": {"uv": [5.242, 0.008, 0.008, 0.008], "texture": "#0"} } }, { "from": [18.497, 12.498, -2.502], "to": [18.501, 18.502, 18.502], "rotation": {"angle": 0, "axis": "y", "origin": [8.499, 7.5, 7.5]}, "faces": { "east": {"uv": [5.258, 7.508, 10.492, 8.992], "texture": "#0"}, "west": {"uv": [5.258, 7.508, 10.492, 8.992], "texture": "#0"}, "down": {"uv": [5.242, 0.008, 0.008, 0.008], "rotation": 270, "texture": "#0"} } }, { "from": [-2.501, 12.498, -2.502], "to": [-2.497, 18.502, 18.502], "rotation": {"angle": 0, "axis": "y", "origin": [7.501, 7.5, 7.5]}, "faces": { "east": {"uv": [10.492, 7.508, 5.258, 8.992], "texture": "#0"}, "west": {"uv": [10.492, 7.508, 5.258, 8.992], "texture": "#0"}, "down": {"uv": [5.242, 0.008, 0.008, 0.008], "rotation": 270, "texture": "#0"} } }, { "from": [-2.502, 12.498, 18.498], "to": [18.502, 18.502, 18.502], "rotation": {"angle": 0, "axis": "y", "origin": [7.5, 7.5, 8.5]}, "faces": { "north": {"uv": [10.492, 7.508, 5.258, 8.992], "texture": "#0"}, "east": {"uv": [0.008, 0.008, 0.008, 1.492], "texture": "#0"}, "south": {"uv": [10.492, 7.508, 5.258, 8.992], "texture": "#0"}, "west": {"uv": [0.008, 0.008, 0.008, 1.492], "texture": "#0"}, "down": {"uv": [5.242, 0.008, 0.008, 0.008], "texture": "#0"} } } ], "display": { "thirdperson_righthand": { "rotation": [77, 0, 0], "translation": [-0.75, 2.5, 12.5] }, "thirdperson_lefthand": { "rotation": [77, 0, 0], "translation": [-0.75, 2.5, 12.5] }, "firstperson_righthand": { "translation": [0.75, 8.75, 1.25] }, "firstperson_lefthand": { "translation": [0.75, 8.75, 1.25] }, "ground": { "rotation": [35, 35, 0], "translation": [0.25, 0, -1.25], "scale": [0.3, 0.3, 0.3] }, "gui": { "rotation": [19, 11, -29], "translation": [-0.5, -0.5, 0], "scale": [0.4, 0.4, 0.4] }, "fixed": { "rotation": [-29, 0, 0], "translation": [0, 0, -13.75], "scale": [2, 2, 2] } } }