{ "credit": "Made with Blockbench", "textures": { "0": "ttp/i/c/b/seaslug", "particle": "ttp/i/c/b/seaslug" }, "elements": [ { "from": [6.5, 0, 0], "to": [9.5, 3, 4], "rotation": {"angle": 0, "axis": "y", "origin": [6.5, 0, 0]}, "faces": { "north": {"uv": [0, 6, 3, 9], "texture": "#0"}, "east": {"uv": [0, 0, 4, 3], "texture": "#0"}, "south": {"uv": [7, 0, 10, 3], "texture": "#0"}, "west": {"uv": [0, 3, 4, 6], "texture": "#0"}, "up": {"uv": [7, 4, 4, 0], "texture": "#0"}, "down": {"uv": [7, 4, 4, 8], "texture": "#0"} } }, { "from": [6.75, 2, -1.5], "to": [9.25, 4.5, 1], "rotation": {"angle": 0, "axis": "y", "origin": [6.5, 0, 0]}, "faces": { "north": {"uv": [7, 3, 9.5, 5.5], "texture": "#0"}, "east": {"uv": [7, 6, 9.5, 8.5], "texture": "#0"}, "south": {"uv": [3, 8, 5.5, 10.5], "texture": "#0"}, "west": {"uv": [0, 9, 2.5, 11.5], "texture": "#0"}, "up": {"uv": [8.5, 11.5, 6, 9], "texture": "#0"}, "down": {"uv": [11.5, 9, 9, 11.5], "texture": "#0"} } }, { "from": [7.25, 2, 3.5], "to": [8.75, 3.5, 5], "rotation": {"angle": 0, "axis": "y", "origin": [6.5, 0, 0]}, "faces": { "north": {"uv": [12, 6, 13.5, 7.5], "texture": "#0"}, "east": {"uv": [7, 12, 8.5, 13.5], "texture": "#0"}, "south": {"uv": [12, 8, 13.5, 9.5], "texture": "#0"}, "west": {"uv": [9, 12, 10.5, 13.5], "texture": "#0"}, "up": {"uv": [13.5, 11.5, 12, 10], "texture": "#0"}, "down": {"uv": [12.5, 12, 11, 13.5], "texture": "#0"} } }, { "from": [6.75, 1.5, 4.25], "to": [9.25, 4, 4.3], "rotation": {"angle": 0, "axis": "y", "origin": [8, 2.75, 4.25]}, "faces": { "north": {"uv": [10, 0, 12.5, 2.5], "texture": "#0"}, "south": {"uv": [12.5, 0, 10, 2.5], "texture": "#0"} } }, { "from": [7.975, 1.5, 3.025], "to": [8.025, 4, 5.525], "rotation": {"angle": 0, "axis": "y", "origin": [8, 2.75, 4.275]}, "faces": { "east": {"uv": [10, 0, 12.5, 2.5], "texture": "#0"}, "west": {"uv": [12.5, 0, 10, 2.5], "texture": "#0"} } }, { "from": [6.75, 1.5, 4.25], "to": [9.25, 4, 4.3], "rotation": {"angle": 45, "axis": "y", "origin": [8, 2.75, 4.25]}, "faces": { "north": {"uv": [10, 0, 12.5, 2.5], "texture": "#0"}, "south": {"uv": [12.5, 0, 10, 2.5], "texture": "#0"} } }, { "from": [7.975, 1.5, 3.025], "to": [8.025, 4, 5.525], "rotation": {"angle": 45, "axis": "y", "origin": [8, 2.75, 4.275]}, "faces": { "east": {"uv": [10, 0, 12.5, 2.5], "texture": "#0"}, "west": {"uv": [12.5, 0, 10, 2.5], "texture": "#0"} } }, { "from": [7.95, 0, -1.5], "to": [8, 2, 0], "rotation": {"angle": 0, "axis": "y", "origin": [7.975, 1, 0]}, "faces": { "east": {"uv": [0, 12, 1.5, 14], "texture": "#0"}, "west": {"uv": [1.5, 12, 0, 14], "texture": "#0"} } }, { "from": [7.875, 0, -0.025], "to": [9.375, 2, 0.025], "rotation": {"angle": 22.5, "axis": "y", "origin": [7.875, 1, 0]}, "faces": { "north": {"uv": [1.5, 12, 0, 14], "texture": "#0"}, "south": {"uv": [0, 12, 1.5, 14], "texture": "#0"} } }, { "from": [6.625, 0, -0.025], "to": [8.125, 2, 0.025], "rotation": {"angle": -22.5, "axis": "y", "origin": [8.125, 1, 0]}, "faces": { "north": {"uv": [0, 12, 1.5, 14], "texture": "#0"}, "south": {"uv": [1.5, 12, 0, 14], "texture": "#0"} } }, { "from": [7.85, 0, -1.5], "to": [7.9, 2, 0], "rotation": {"angle": 22.5, "axis": "y", "origin": [7.875, 1, 0]}, "faces": { "east": {"uv": [0, 12, 1.5, 14], "texture": "#0"}, "west": {"uv": [1.5, 12, 0, 14], "texture": "#0"} } }, { "from": [8.05, 0, -1.5], "to": [8.1, 2, 0], "rotation": {"angle": -22.5, "axis": "y", "origin": [8.075, 1, 0]}, "faces": { "east": {"uv": [0, 12, 1.5, 14], "texture": "#0"}, "west": {"uv": [1.5, 12, 0, 14], "texture": "#0"} } }, { "from": [8.7, 0, -1.2], "to": [8.75, 2, 0.3], "rotation": {"angle": -45, "axis": "y", "origin": [8.725, 1, -0.45]}, "faces": { "east": {"uv": [0, 12, 1.5, 14], "texture": "#0"}, "west": {"uv": [1.5, 12, 0, 14], "texture": "#0"} } }, { "from": [7.25, 0, -1.2], "to": [7.3, 2, 0.3], "rotation": {"angle": 45, "axis": "y", "origin": [7.275, 1, -0.45]}, "faces": { "east": {"uv": [0, 12, 1.5, 14], "texture": "#0"}, "west": {"uv": [1.5, 12, 0, 14], "texture": "#0"} } }, { "from": [8.75, 4.25, -0.05], "to": [10.25, 7.25, 0], "rotation": {"angle": -22.5, "axis": "z", "origin": [8.75, 6, 0]}, "faces": { "north": {"uv": [10, 6, 11.5, 9], "texture": "#0"}, "south": {"uv": [11.5, 6, 10, 9], "texture": "#0"} } }, { "from": [5.75, 4.25, -0.05], "to": [7.25, 7.25, 0], "rotation": {"angle": 22.5, "axis": "z", "origin": [7.25, 6, 0]}, "faces": { "north": {"uv": [11.5, 6, 10, 9], "texture": "#0"}, "south": {"uv": [10, 6, 11.5, 9], "texture": "#0"} } } ], "display": { "thirdperson_righthand": { "rotation": [4, -180, 90], "translation": [7.75, -1.5, 0.25], "scale": [0.8, 0.8, 0.8] }, "thirdperson_lefthand": { "rotation": [4, -180, 90], "translation": [7.75, -1.5, 0.25], "scale": [0.8, 0.8, 0.8] }, "firstperson_righthand": { "rotation": [-47, -180, 0], "translation": [-1.5, 2.5, -6] }, "firstperson_lefthand": { "rotation": [-47, -180, 0], "translation": [-1.5, 2.5, -6] }, "ground": { "translation": [0, 3, 4.25], "scale": [0.65, 0.65, 0.65] }, "gui": { "rotation": [13, 140, 0], "translation": [9, 12.5, 0], "scale": [2.14, 2.14, 2.14] }, "head": { "translation": [0, 17, 5.25], "scale": [1.37, 1.37, 1.37] }, "fixed": { "rotation": [-90, 0, 0], "translation": [0, 14, -16.25], "scale": [2.42, 2.42, 2.42] } }, "groups": [ { "name": "group", "origin": [9, 6, 0], "color": 0, "children": [0, 1, 2, 3, 4, 5, 6, 7, 8, 9, 10, 11, 12, 13, 14, 15] } ] }