{
	"credit": "Made with Blockbench",
	"textures": {
		"0": "ttp/qualityarmory/rgbsheet1",
		"1": "ttp/qualityarmory/texturedmaterials1",
		"particle": "ttp/qualityarmory/rgbsheet1"
	},
	"elements": [
		{
			"name": "pipe",
			"from": [7.75, 6.2, -3],
			"to": [8.25, 6.7, 1.75],
			"faces": {
				"north": {"uv": [0, 9, 4.75, 10.5], "texture": "#1"},
				"east": {"uv": [0, 9, 4.75, 10.5], "texture": "#1"},
				"south": {"uv": [0, 9, 4.75, 10.5], "texture": "#1"},
				"west": {"uv": [0, 9, 4.75, 10.5], "texture": "#1"},
				"up": {"uv": [0, 9, 4.75, 10.5], "texture": "#1"},
				"down": {"uv": [0, 9, 4.75, 10.5], "texture": "#1"}
			}
		},
		{
			"name": "woodholder",
			"from": [7.25, 6.75, 10.5],
			"to": [8.75, 8, 11],
			"faces": {
				"north": {"uv": [0, 4, 8, 8], "texture": "#1"},
				"east": {"uv": [0, 4, 8, 8], "texture": "#1"},
				"south": {"uv": [0, 4, 8, 8], "texture": "#1"},
				"west": {"uv": [0, 4, 8, 8], "texture": "#1"},
				"up": {"uv": [0, 4, 8, 8], "texture": "#1"},
				"down": {"uv": [0, 4, 8, 8], "texture": "#1"}
			}
		},
		{
			"name": "woodholder",
			"from": [7.25, 6.75, 2],
			"to": [8.75, 8, 2.5],
			"faces": {
				"north": {"uv": [0, 4, 8, 8], "texture": "#1"},
				"east": {"uv": [0, 4, 8, 8], "texture": "#1"},
				"south": {"uv": [0, 4, 8, 8], "texture": "#1"},
				"west": {"uv": [0, 4, 8, 8], "texture": "#1"},
				"up": {"uv": [0, 4, 8, 8], "texture": "#1"},
				"down": {"uv": [0, 4, 8, 8], "texture": "#1"}
			}
		},
		{
			"name": "handlwe",
			"from": [7.25, 4.75, 11],
			"to": [8.75, 7.25, 18.25],
			"faces": {
				"north": {"uv": [0, 4, 8, 8], "texture": "#1"},
				"east": {"uv": [0, 4, 8, 8], "texture": "#1"},
				"south": {"uv": [0, 4, 8, 8], "texture": "#1"},
				"west": {"uv": [0, 4, 8, 8], "texture": "#1"},
				"up": {"uv": [0, 4, 8, 8], "texture": "#1"},
				"down": {"uv": [0, 4, 8, 8], "texture": "#1"}
			}
		},
		{
			"name": "handlwe",
			"from": [7.25, 5.75, 1.75],
			"to": [8.75, 6.75, 11],
			"faces": {
				"north": {"uv": [0, 4, 8, 8], "texture": "#1"},
				"east": {"uv": [0, 4, 8, 8], "texture": "#1"},
				"south": {"uv": [0, 4, 8, 8], "texture": "#1"},
				"west": {"uv": [0, 4, 8, 8], "texture": "#1"},
				"up": {"uv": [0, 4, 8, 8], "texture": "#1"},
				"down": {"uv": [0, 4, 8, 8], "texture": "#1"}
			}
		},
		{
			"name": "woodholder",
			"from": [7.5, 1.75, 13],
			"to": [8.5, 4.25, 14.75],
			"rotation": {"angle": 22.5, "axis": "x", "origin": [8, 3.375, 13.375]},
			"faces": {
				"north": {"uv": [0, 8, 1, 10.5], "texture": "#1"},
				"east": {"uv": [0, 8, 1.75, 10.5], "texture": "#1"},
				"south": {"uv": [0, 8, 1, 10.5], "texture": "#1"},
				"west": {"uv": [0, 8, 1.75, 10.5], "texture": "#1"},
				"up": {"uv": [0, 8, 1, 9.75], "texture": "#1"},
				"down": {"uv": [0, 8, 1, 9.75], "texture": "#1"}
			}
		},
		{
			"name": "woodholder",
			"from": [7.5, 3.5, 13.25],
			"to": [8.5, 5.5, 15],
			"faces": {
				"north": {"uv": [0, 8, 1, 10], "texture": "#1"},
				"east": {"uv": [0, 8, 1.75, 10], "texture": "#1"},
				"south": {"uv": [0, 8, 1, 10], "texture": "#1"},
				"west": {"uv": [0, 8, 1.75, 10], "texture": "#1"},
				"up": {"uv": [0, 8, 1, 9.75], "texture": "#1"},
				"down": {"uv": [0, 8, 1, 9.75], "texture": "#1"}
			}
		},
		{
			"name": "woodholder",
			"from": [7.75, 3.25, 6.5],
			"to": [8.25, 3.5, 7.25],
			"rotation": {"angle": -22.5, "axis": "x", "origin": [8, 5.375, 7.625]},
			"faces": {
				"north": {"uv": [0, 8, 0.5, 8.25], "texture": "#1"},
				"east": {"uv": [0, 8, 0.75, 8.25], "texture": "#1"},
				"south": {"uv": [0, 8, 0.5, 8.25], "texture": "#1"},
				"west": {"uv": [0, 8, 0.75, 8.25], "texture": "#1"},
				"up": {"uv": [0, 8, 0.5, 8.75], "texture": "#1"},
				"down": {"uv": [0, 8, 0.5, 8.75], "texture": "#1"}
			}
		},
		{
			"name": "woodholder",
			"from": [7.75, 3.5, 6.25],
			"to": [8.25, 6.5, 6.5],
			"rotation": {"angle": -22.5, "axis": "x", "origin": [8, 5.375, 7.625]},
			"faces": {
				"north": {"uv": [0, 8, 0.5, 11], "texture": "#1"},
				"east": {"uv": [0, 8, 0.25, 11], "texture": "#1"},
				"south": {"uv": [0, 8, 0.5, 11], "texture": "#1"},
				"west": {"uv": [0, 8, 0.25, 11], "texture": "#1"},
				"up": {"uv": [0, 8, 0.5, 8.25], "texture": "#1"},
				"down": {"uv": [0, 8, 0.5, 8.25], "texture": "#1"}
			}
		},
		{
			"name": "woodholder",
			"from": [7.5, 3.25, 7.25],
			"to": [8.5, 6.25, 8.5],
			"rotation": {"angle": -22.5, "axis": "x", "origin": [8, 5.375, 7.625]},
			"faces": {
				"north": {"uv": [0, 8, 1, 11], "texture": "#1"},
				"east": {"uv": [0, 8, 1.25, 11], "texture": "#1"},
				"south": {"uv": [0, 8, 1, 11], "texture": "#1"},
				"west": {"uv": [0, 8, 1.25, 11], "texture": "#1"},
				"up": {"uv": [0, 8, 1, 9.25], "texture": "#1"},
				"down": {"uv": [0, 8, 1, 9.25], "texture": "#1"}
			}
		},
		{
			"name": "woodholder",
			"from": [7.5, 7, 10],
			"to": [8.5, 7.25, 10.5],
			"faces": {
				"north": {"uv": [0, 8, 1, 8.25], "texture": "#1"},
				"east": {"uv": [0, 8, 0.5, 8.25], "texture": "#1"},
				"south": {"uv": [0, 8, 1, 8.25], "texture": "#1"},
				"west": {"uv": [0, 8, 0.5, 8.25], "texture": "#1"},
				"up": {"uv": [0, 8, 1, 8.5], "texture": "#1"},
				"down": {"uv": [0, 8, 1, 8.5], "texture": "#1"}
			}
		},
		{
			"name": "woodholder",
			"from": [7.5, 6.75, 4.25],
			"to": [8.5, 7, 10.5],
			"faces": {
				"north": {"uv": [0, 8, 1, 8.25], "texture": "#1"},
				"east": {"uv": [0, 8, 6.25, 8.25], "texture": "#1"},
				"south": {"uv": [0, 8, 1, 8.25], "texture": "#1"},
				"west": {"uv": [0, 8, 6.25, 8.25], "texture": "#1"},
				"up": {"uv": [0, 8, 6.25, 9], "rotation": 90, "texture": "#1"},
				"down": {"uv": [0, 8, 1, 14.25], "texture": "#1"}
			}
		},
		{
			"name": "woodholder",
			"from": [7.5, 5.5, 2.25],
			"to": [8.5, 5.75, 7.25],
			"faces": {
				"north": {"uv": [0, 4, 8, 8], "texture": "#1"},
				"east": {"uv": [0, 4, 8, 8], "texture": "#1"},
				"south": {"uv": [0, 4, 8, 8], "texture": "#1"},
				"west": {"uv": [0, 4, 8, 8], "texture": "#1"},
				"up": {"uv": [0, 4, 8, 8], "texture": "#1"},
				"down": {"uv": [0, 4, 8, 8], "texture": "#1"}
			}
		},
		{
			"name": "woodholder",
			"from": [7.5, 6.75, 1.75],
			"to": [8.5, 7, 4.25],
			"faces": {
				"north": {"uv": [0, 4, 8, 8], "texture": "#1"},
				"east": {"uv": [0, 4, 8, 8], "texture": "#1"},
				"south": {"uv": [0, 4, 8, 8], "texture": "#1"},
				"west": {"uv": [0, 4, 8, 8], "texture": "#1"},
				"up": {"uv": [0, 4, 8, 8], "texture": "#1"},
				"down": {"uv": [0, 4, 8, 8], "texture": "#1"}
			}
		},
		{
			"name": "lever",
			"from": [7.7, 7.6, 7.5],
			"to": [8.3, 8.55, 7.85],
			"rotation": {"angle": 22.5, "axis": "x", "origin": [7, 7, 5.25]},
			"faces": {
				"north": {"uv": [0, 8, 0.95, 8.6], "rotation": 270, "texture": "#1"},
				"east": {"uv": [0, 8, 0.95, 8.35], "rotation": 270, "texture": "#1"},
				"south": {"uv": [0, 8, 0.95, 8.6], "rotation": 270, "texture": "#1"},
				"west": {"uv": [0, 8, 0.95, 8.35], "rotation": 270, "texture": "#1"},
				"up": {"uv": [0, 8, 0.35, 8.6], "rotation": 270, "texture": "#1"},
				"down": {"uv": [0, 8, 0.35, 8.6], "rotation": 270, "texture": "#1"}
			}
		},
		{
			"name": "woodholder",
			"from": [7.25, 8, 2.25],
			"to": [8.75, 8.1, 11],
			"faces": {
				"north": {"uv": [6, 15, 7, 16], "texture": "#0"},
				"east": {"uv": [6, 15, 7, 16], "texture": "#0"},
				"south": {"uv": [6, 15, 7, 16], "texture": "#0"},
				"west": {"uv": [6, 15, 7, 16], "texture": "#0"},
				"up": {"uv": [6, 15, 7, 16], "texture": "#0"},
				"down": {"uv": [6, 15, 7, 16], "texture": "#0"}
			}
		},
		{
			"name": "woodholder",
			"from": [8.25, 8, 2.25],
			"to": [8.75, 8.5, 11],
			"faces": {
				"north": {"uv": [0, 4, 8, 8], "texture": "#1"},
				"east": {"uv": [0, 4, 8, 8], "texture": "#1"},
				"south": {"uv": [0, 4, 8, 8], "texture": "#1"},
				"west": {"uv": [0, 4, 8, 8], "texture": "#1"},
				"up": {"uv": [0, 4, 8, 8], "texture": "#1"},
				"down": {"uv": [0, 4, 8, 8], "texture": "#1"}
			}
		},
		{
			"name": "woodholder",
			"from": [7.25, 8, 2.25],
			"to": [7.75, 8.5, 11],
			"faces": {
				"north": {"uv": [0, 4, 8, 8], "texture": "#1"},
				"east": {"uv": [0, 4, 8, 8], "texture": "#1"},
				"south": {"uv": [0, 4, 8, 8], "texture": "#1"},
				"west": {"uv": [0, 4, 8, 8], "texture": "#1"},
				"up": {"uv": [0, 4, 8, 8], "texture": "#1"},
				"down": {"uv": [0, 4, 8, 8], "texture": "#1"}
			}
		},
		{
			"name": "woodholder",
			"from": [7.25, 5.5, 3],
			"to": [8.75, 5.75, 3.25],
			"faces": {
				"north": {"uv": [0, 4, 8, 8], "texture": "#1"},
				"east": {"uv": [0, 4, 8, 8], "texture": "#1"},
				"south": {"uv": [0, 4, 8, 8], "texture": "#1"},
				"west": {"uv": [0, 4, 8, 8], "texture": "#1"},
				"up": {"uv": [0, 4, 8, 8], "texture": "#1"},
				"down": {"uv": [0, 4, 8, 8], "texture": "#1"}
			}
		},
		{
			"name": "woodholder",
			"from": [7.25, 5.5, 2.5],
			"to": [8.75, 5.75, 2.75],
			"faces": {
				"north": {"uv": [0, 4, 8, 8], "texture": "#1"},
				"east": {"uv": [0, 4, 8, 8], "texture": "#1"},
				"south": {"uv": [0, 4, 8, 8], "texture": "#1"},
				"west": {"uv": [0, 4, 8, 8], "texture": "#1"},
				"up": {"uv": [0, 4, 8, 8], "texture": "#1"},
				"down": {"uv": [0, 4, 8, 8], "texture": "#1"}
			}
		},
		{
			"name": "woodholder",
			"from": [7.25, 5.5, 4],
			"to": [8.75, 5.75, 4.25],
			"faces": {
				"north": {"uv": [0, 4, 8, 8], "texture": "#1"},
				"east": {"uv": [0, 4, 8, 8], "texture": "#1"},
				"south": {"uv": [0, 4, 8, 8], "texture": "#1"},
				"west": {"uv": [0, 4, 8, 8], "texture": "#1"},
				"up": {"uv": [0, 4, 8, 8], "texture": "#1"},
				"down": {"uv": [0, 4, 8, 8], "texture": "#1"}
			}
		},
		{
			"name": "woodholder",
			"from": [7.25, 5.5, 3.5],
			"to": [8.75, 5.75, 3.75],
			"faces": {
				"north": {"uv": [0, 4, 8, 8], "texture": "#1"},
				"east": {"uv": [0, 4, 8, 8], "texture": "#1"},
				"south": {"uv": [0, 4, 8, 8], "texture": "#1"},
				"west": {"uv": [0, 4, 8, 8], "texture": "#1"},
				"up": {"uv": [0, 4, 8, 8], "texture": "#1"},
				"down": {"uv": [0, 4, 8, 8], "texture": "#1"}
			}
		},
		{
			"name": "woodholder",
			"from": [7.25, 5.5, 5.5],
			"to": [8.75, 5.75, 5.75],
			"faces": {
				"north": {"uv": [0, 4, 8, 8], "texture": "#1"},
				"east": {"uv": [0, 4, 8, 8], "texture": "#1"},
				"south": {"uv": [0, 4, 8, 8], "texture": "#1"},
				"west": {"uv": [0, 4, 8, 8], "texture": "#1"},
				"up": {"uv": [0, 4, 8, 8], "texture": "#1"},
				"down": {"uv": [0, 4, 8, 8], "texture": "#1"}
			}
		},
		{
			"name": "woodholder",
			"from": [7.25, 5.5, 5],
			"to": [8.75, 5.75, 5.25],
			"faces": {
				"north": {"uv": [0, 4, 8, 8], "texture": "#1"},
				"east": {"uv": [0, 4, 8, 8], "texture": "#1"},
				"south": {"uv": [0, 4, 8, 8], "texture": "#1"},
				"west": {"uv": [0, 4, 8, 8], "texture": "#1"},
				"up": {"uv": [0, 4, 8, 8], "texture": "#1"},
				"down": {"uv": [0, 4, 8, 8], "texture": "#1"}
			}
		},
		{
			"name": "woodholder",
			"from": [7.25, 5.5, 4.5],
			"to": [8.75, 5.75, 4.75],
			"faces": {
				"north": {"uv": [0, 4, 8, 8], "texture": "#1"},
				"east": {"uv": [0, 4, 8, 8], "texture": "#1"},
				"south": {"uv": [0, 4, 8, 8], "texture": "#1"},
				"west": {"uv": [0, 4, 8, 8], "texture": "#1"},
				"up": {"uv": [0, 4, 8, 8], "texture": "#1"},
				"down": {"uv": [0, 4, 8, 8], "texture": "#1"}
			}
		}
	],
	"display": {
		"thirdperson_righthand": {
			"rotation": [-7, -2, -10],
			"translation": [0, 3, 0.5]
		},
		"thirdperson_lefthand": {
			"translation": [-12, 2, 0.5]
		},
		"firstperson_righthand": {
			"rotation": [0, -2, 0],
			"translation": [0, 5, 0],
			"scale": [1.6, 1.6, 1.6]
		},
		"firstperson_lefthand": {
			"translation": [-9, 6.5, 5],
			"scale": [3, 3, 0.7]
		},
		"ground": {
			"rotation": [0, 0, -23],
			"translation": [3.59, -0.94, 6.05]
		},
		"gui": {
			"rotation": [-76, -130, -92],
			"translation": [-1.5, 2, 0],
			"scale": [1, 1, 0.9]
		},
		"fixed": {
			"rotation": [-97, 132, 99],
			"translation": [3.5, 3.25, -0.75]
		}
	},
	"groups": [0, 1, 2, 3, 4, 5, 6, 7, 8, 9, 10, 11, 12, 13, 14,
		{
			"name": "group",
			"origin": [8, 8, 8],
			"children": [15, 16, 17]
		},
		{
			"name": "group",
			"origin": [8, 8, 8],
			"children": [18, 19, 20, 21, 22, 23, 24]
		}
	]
}