{
	"credit": "Made with Blockbench",
	"textures": {
		"1": "ttp/qualityarmory/texturedmaterials1",
		"particle": "ttp/qualityarmory/rgbsheet1"
	},
	"elements": [
		{
			"name": "handle",
			"from": [7, 1, 10.75],
			"to": [9, 1.75, 14.75],
			"rotation": {"angle": -22.5, "axis": "x", "origin": [8, 4.375, 12.875]},
			"faces": {
				"north": {"uv": [9, 13, 13, 13.75], "texture": "#1"},
				"east": {"uv": [9, 13, 13, 13.75], "texture": "#1"},
				"south": {"uv": [9, 13, 13, 13.75], "texture": "#1"},
				"west": {"uv": [9, 13, 13, 13.75], "texture": "#1"},
				"up": {"uv": [9, 13, 13, 13.75], "texture": "#1"},
				"down": {"uv": [9, 13, 13, 13.75], "texture": "#1"}
			}
		},
		{
			"name": "handle",
			"from": [7.02, 1.75, 10.75],
			"to": [8.96, 7, 14.75],
			"rotation": {"angle": -22.5, "axis": "x", "origin": [8, 4.375, 12.875]},
			"faces": {
				"north": {"uv": [4, 0, 9.25, 4], "rotation": 90, "texture": "#1"},
				"east": {"uv": [4, 0, 9.25, 4], "rotation": 90, "texture": "#1"},
				"south": {"uv": [4, 0, 9.25, 4], "rotation": 90, "texture": "#1"},
				"west": {"uv": [4, 0, 9.25, 4], "rotation": 90, "texture": "#1"},
				"up": {"uv": [4, 0, 9.25, 4], "rotation": 90, "texture": "#1"},
				"down": {"uv": [4, 0, 9.25, 4], "rotation": 90, "texture": "#1"}
			}
		},
		{
			"name": "handle",
			"from": [7, 5, 9.75],
			"to": [9, 7, 14],
			"faces": {
				"north": {"uv": [9, 13, 13.25, 15], "texture": "#1"},
				"east": {"uv": [9, 13, 13.25, 15], "texture": "#1"},
				"south": {"uv": [9, 13, 13.25, 15], "texture": "#1"},
				"west": {"uv": [9, 13, 13.25, 15], "texture": "#1"},
				"up": {"uv": [9, 13, 13.25, 15], "texture": "#1"},
				"down": {"uv": [9, 13, 13.25, 15], "texture": "#1"}
			}
		},
		{
			"from": [6.99, 6.25, 12],
			"to": [7.74, 6.75, 12.5],
			"faces": {
				"north": {"uv": [9, 13, 9.5, 13.5], "texture": "#1"},
				"east": {"uv": [9, 13, 9.5, 13.5], "texture": "#1"},
				"south": {"uv": [9, 13, 9.5, 13.5], "texture": "#1"},
				"west": {"uv": [9, 13, 9.5, 13.5], "texture": "#1"},
				"up": {"uv": [9, 13, 9.5, 13.5], "texture": "#1"},
				"down": {"uv": [9, 13, 9.5, 13.5], "texture": "#1"}
			}
		},
		{
			"from": [7.5, 7.75, 14],
			"to": [8.5, 9.75, 14.25],
			"faces": {
				"north": {"uv": [9, 13, 9.25, 15], "texture": "#1"},
				"east": {"uv": [9, 13, 9.25, 15], "texture": "#1"},
				"south": {"uv": [9, 13, 9.25, 15], "texture": "#1"},
				"west": {"uv": [9, 13, 9.25, 15], "texture": "#1"},
				"up": {"uv": [9, 13, 9.25, 15], "texture": "#1"},
				"down": {"uv": [9, 13, 9.25, 15], "texture": "#1"}
			}
		},
		{
			"from": [7, 7, 9],
			"to": [9, 10, 14],
			"faces": {
				"north": {"uv": [9, 13, 14, 16], "texture": "#1"},
				"east": {"uv": [9, 13, 14, 16], "texture": "#1"},
				"south": {"uv": [9, 13, 14, 16], "texture": "#1"},
				"west": {"uv": [9, 13, 14, 16], "texture": "#1"},
				"up": {"uv": [9, 13, 14, 16], "texture": "#1"},
				"down": {"uv": [9, 13, 14, 16], "texture": "#1"}
			}
		},
		{
			"name": "Lever",
			"from": [6.75, 6, 4.5],
			"to": [7, 6.5, 6],
			"rotation": {"angle": -22.5, "axis": "x", "origin": [6.875, 6.25, 5.25]},
			"faces": {
				"north": {"uv": [9, 13, 10.5, 13.5], "texture": "#1"},
				"east": {"uv": [9, 13, 10.5, 13.5], "texture": "#1"},
				"south": {"uv": [9, 13, 10.5, 13.5], "texture": "#1"},
				"west": {"uv": [9, 13, 10.5, 13.5], "texture": "#1"},
				"up": {"uv": [9, 13, 10.5, 13.5], "texture": "#1"},
				"down": {"uv": [9, 13, 10.5, 13.5], "texture": "#1"}
			}
		},
		{
			"name": "Lever",
			"from": [6.5, 6.25, 7.25],
			"to": [6.75, 6.75, 8.75],
			"faces": {
				"north": {"uv": [9, 13, 10.5, 13.5], "texture": "#1"},
				"east": {"uv": [9, 13, 10.5, 13.5], "texture": "#1"},
				"south": {"uv": [9, 13, 10.5, 13.5], "texture": "#1"},
				"west": {"uv": [9, 13, 10.5, 13.5], "texture": "#1"},
				"up": {"uv": [9, 13, 10.5, 13.5], "texture": "#1"},
				"down": {"uv": [9, 13, 10.5, 13.5], "texture": "#1"}
			}
		},
		{
			"from": [7, 5, -0.5],
			"to": [9, 7, 8],
			"faces": {
				"north": {"uv": [9, 13, 17.5, 15], "texture": "#1"},
				"east": {"uv": [9, 13, 17.5, 15], "texture": "#1"},
				"south": {"uv": [9, 13, 17.5, 15], "texture": "#1"},
				"west": {"uv": [9, 13, 17.5, 15], "texture": "#1"},
				"up": {"uv": [9, 13, 17.5, 15], "texture": "#1"},
				"down": {"uv": [9, 13, 17.5, 15], "texture": "#1"}
			}
		},
		{
			"from": [7, 10, -0.75],
			"to": [9, 10.25, 10],
			"faces": {
				"north": {"uv": [9, 13, 19.75, 13.25], "texture": "#1"},
				"east": {"uv": [9, 13, 19.75, 13.25], "texture": "#1"},
				"south": {"uv": [9, 13, 19.75, 13.25], "texture": "#1"},
				"west": {"uv": [9, 13, 19.75, 13.25], "texture": "#1"},
				"up": {"uv": [9, 13, 19.75, 13.25], "texture": "#1"},
				"down": {"uv": [9, 13, 19.75, 13.25], "texture": "#1"}
			}
		},
		{
			"from": [6.75, 6, 0],
			"to": [9.25, 6.25, 4],
			"faces": {
				"north": {"uv": [9, 13, 13, 13.25], "texture": "#1"},
				"east": {"uv": [9, 13, 13, 13.25], "texture": "#1"},
				"south": {"uv": [9, 13, 13, 13.25], "texture": "#1"},
				"west": {"uv": [9, 13, 13, 13.25], "texture": "#1"},
				"up": {"uv": [9, 13, 13, 13.25], "texture": "#1"},
				"down": {"uv": [9, 13, 13, 13.25], "texture": "#1"}
			}
		},
		{
			"from": [6.75, 5.5, 0],
			"to": [9.25, 5.75, 4],
			"faces": {
				"north": {"uv": [9, 13, 13, 13.25], "texture": "#1"},
				"east": {"uv": [9, 13, 13, 13.25], "texture": "#1"},
				"south": {"uv": [9, 13, 13, 13.25], "texture": "#1"},
				"west": {"uv": [9, 13, 13, 13.25], "texture": "#1"},
				"up": {"uv": [9, 13, 13, 13.25], "texture": "#1"},
				"down": {"uv": [9, 13, 13, 13.25], "texture": "#1"}
			}
		},
		{
			"from": [6.75, 7, -1],
			"to": [9.25, 10, 9],
			"faces": {
				"north": {"uv": [9, 13, 14, 16], "texture": "#1"},
				"east": {"uv": [9, 13, 14, 16], "texture": "#1"},
				"south": {"uv": [9, 13, 14, 16], "texture": "#1"},
				"west": {"uv": [9, 13, 14, 16], "texture": "#1"},
				"up": {"uv": [9, 13, 14, 16], "texture": "#1"},
				"down": {"uv": [9, 13, 14, 16], "texture": "#1"}
			}
		},
		{
			"name": "Stuff",
			"from": [6.5, 6.75, -0.75],
			"to": [9.5, 9.75, 1.75],
			"faces": {
				"north": {"uv": [9, 13, 11.5, 16], "texture": "#1"},
				"east": {"uv": [9, 13, 11.5, 16], "texture": "#1"},
				"south": {"uv": [9, 13, 11.5, 16], "texture": "#1"},
				"west": {"uv": [9, 13, 11.5, 16], "texture": "#1"},
				"up": {"uv": [9, 13, 11.5, 16], "texture": "#1"},
				"down": {"uv": [9, 13, 11.5, 16], "texture": "#1"}
			}
		},
		{
			"name": "Stuff",
			"from": [7.5, 8, 14],
			"to": [8.5, 8.5, 15.25],
			"rotation": {"angle": 45, "axis": "x", "origin": [8, 7.625, 14.25]},
			"faces": {
				"north": {"uv": [9, 13, 10.25, 13.5], "texture": "#1"},
				"east": {"uv": [9, 13, 10.25, 13.5], "texture": "#1"},
				"south": {"uv": [9, 13, 10.25, 13.5], "texture": "#1"},
				"west": {"uv": [9, 13, 10.25, 13.5], "texture": "#1"},
				"up": {"uv": [9, 13, 10.25, 13.5], "texture": "#1"},
				"down": {"uv": [9, 13, 10.25, 13.5], "texture": "#1"}
			}
		},
		{
			"name": "Stuff",
			"from": [7.5, 7, 14],
			"to": [8.5, 8.25, 14.75],
			"rotation": {"angle": 45, "axis": "x", "origin": [8, 7.625, 14.25]},
			"faces": {
				"north": {"uv": [9, 13, 9.75, 14.25], "texture": "#1"},
				"east": {"uv": [9, 13, 9.75, 14.25], "texture": "#1"},
				"south": {"uv": [9, 13, 9.75, 14.25], "texture": "#1"},
				"west": {"uv": [9, 13, 9.75, 14.25], "texture": "#1"},
				"up": {"uv": [9, 13, 9.75, 14.25], "texture": "#1"},
				"down": {"uv": [9, 13, 9.75, 14.25], "texture": "#1"}
			}
		},
		{
			"name": "Stuff",
			"from": [6.75, 7, 9],
			"to": [9.25, 8, 13.75],
			"faces": {
				"north": {"uv": [9, 13, 13.75, 14], "texture": "#1"},
				"east": {"uv": [9, 13, 13.75, 14], "texture": "#1"},
				"south": {"uv": [9, 13, 13.75, 14], "texture": "#1"},
				"west": {"uv": [9, 13, 13.75, 14], "texture": "#1"},
				"up": {"uv": [9, 13, 13.75, 14], "texture": "#1"},
				"down": {"uv": [9, 13, 13.75, 14], "texture": "#1"}
			}
		},
		{
			"name": "Stuff",
			"from": [7, 5, 8],
			"to": [9, 5.25, 9.75],
			"faces": {
				"north": {"uv": [9, 13, 10.75, 13.25], "texture": "#1"},
				"east": {"uv": [9, 13, 10.75, 13.25], "texture": "#1"},
				"south": {"uv": [9, 13, 10.75, 13.25], "texture": "#1"},
				"west": {"uv": [9, 13, 10.75, 13.25], "texture": "#1"},
				"up": {"uv": [9, 13, 10.75, 13.25], "texture": "#1"},
				"down": {"uv": [9, 13, 10.75, 13.25], "texture": "#1"}
			}
		},
		{
			"name": "Stuff",
			"from": [6.75, 5.25, 7],
			"to": [9.25, 7, 8.25],
			"faces": {
				"north": {"uv": [9, 13, 10.25, 14.75], "texture": "#1"},
				"east": {"uv": [9, 13, 10.25, 14.75], "texture": "#1"},
				"south": {"uv": [9, 13, 10.25, 14.75], "texture": "#1"},
				"west": {"uv": [9, 13, 10.25, 14.75], "texture": "#1"},
				"up": {"uv": [9, 13, 10.25, 14.75], "texture": "#1"},
				"down": {"uv": [9, 13, 10.25, 14.75], "texture": "#1"}
			}
		},
		{
			"name": "Stuff",
			"from": [6.75, 7.25, 9],
			"to": [9.25, 9.75, 10.25],
			"faces": {
				"north": {"uv": [9, 13, 10.25, 15.5], "texture": "#1"},
				"east": {"uv": [9, 13, 10.25, 15.5], "texture": "#1"},
				"south": {"uv": [9, 13, 10.25, 15.5], "texture": "#1"},
				"west": {"uv": [9, 13, 10.25, 15.5], "texture": "#1"},
				"up": {"uv": [9, 13, 10.25, 15.5], "texture": "#1"},
				"down": {"uv": [9, 13, 10.25, 15.5], "texture": "#1"}
			}
		},
		{
			"name": "sightFront",
			"from": [7.85, 10, 0],
			"to": [8.1, 10.75, 0.5],
			"faces": {
				"north": {"uv": [9, 13, 9.5, 13.75], "texture": "#1"},
				"east": {"uv": [9, 13, 9.5, 13.75], "texture": "#1"},
				"south": {"uv": [9, 13, 9.5, 13.75], "texture": "#1"},
				"west": {"uv": [9, 13, 9.5, 13.75], "texture": "#1"},
				"up": {"uv": [9, 13, 9.5, 13.75], "texture": "#1"},
				"down": {"uv": [9, 13, 9.5, 13.75], "texture": "#1"}
			}
		},
		{
			"name": "sight",
			"from": [8.25, 10, 13],
			"to": [8.5, 10.75, 13.25],
			"faces": {
				"north": {"uv": [9, 13, 9.25, 13.75], "texture": "#1"},
				"east": {"uv": [9, 13, 9.25, 13.75], "texture": "#1"},
				"south": {"uv": [9, 13, 9.25, 13.75], "texture": "#1"},
				"west": {"uv": [9, 13, 9.25, 13.75], "texture": "#1"},
				"up": {"uv": [9, 13, 9.25, 13.75], "texture": "#1"},
				"down": {"uv": [9, 13, 9.25, 13.75], "texture": "#1"}
			}
		},
		{
			"name": "sight",
			"from": [7.5, 10, 13],
			"to": [7.75, 10.75, 13.25],
			"faces": {
				"north": {"uv": [9, 13, 9.25, 13.75], "texture": "#1"},
				"east": {"uv": [9, 13, 9.25, 13.75], "texture": "#1"},
				"south": {"uv": [9, 13, 9.25, 13.75], "texture": "#1"},
				"west": {"uv": [9, 13, 9.25, 13.75], "texture": "#1"},
				"up": {"uv": [9, 13, 9.25, 13.75], "texture": "#1"},
				"down": {"uv": [9, 13, 9.25, 13.75], "texture": "#1"}
			}
		},
		{
			"name": "sight",
			"from": [7.5, 10, 11],
			"to": [8.5, 10.25, 13.25],
			"faces": {
				"north": {"uv": [9, 13, 11.25, 13.25], "texture": "#1"},
				"east": {"uv": [9, 13, 11.25, 13.25], "texture": "#1"},
				"south": {"uv": [9, 13, 11.25, 13.25], "texture": "#1"},
				"west": {"uv": [9, 13, 11.25, 13.25], "texture": "#1"},
				"up": {"uv": [9, 13, 11.25, 13.25], "texture": "#1"},
				"down": {"uv": [9, 13, 11.25, 13.25], "texture": "#1"}
			}
		},
		{
			"name": "barrel",
			"from": [7.5, 8.75, -1.5],
			"to": [8.5, 9, 1.75],
			"rotation": {"angle": -22.5, "axis": "z", "origin": [8, 8.875, 0.125]},
			"faces": {
				"north": {"uv": [3, 13, 6.25, 14.25], "rotation": 180, "texture": "#1"},
				"east": {"uv": [3, 13, 6.25, 14.25], "rotation": 180, "texture": "#1"},
				"south": {"uv": [3, 13, 6.25, 14.25], "rotation": 180, "texture": "#1"},
				"west": {"uv": [3, 13, 6.25, 14.25], "rotation": 180, "texture": "#1"},
				"up": {"uv": [3, 13, 6.25, 14.25], "rotation": 180, "texture": "#1"},
				"down": {"uv": [3, 13, 6.25, 14.25], "rotation": 180, "texture": "#1"}
			}
		},
		{
			"name": "barrel",
			"from": [7.875, 8.375, -1.5],
			"to": [8.125, 9.375, 1.75],
			"rotation": {"angle": 45, "axis": "z", "origin": [8, 8.875, 0.125]},
			"faces": {
				"north": {"uv": [3, 13, 6.25, 14.25], "rotation": 90, "texture": "#1"},
				"east": {"uv": [3, 13, 6.25, 14.25], "rotation": 90, "texture": "#1"},
				"south": {"uv": [3, 13, 6.25, 14.25], "rotation": 90, "texture": "#1"},
				"west": {"uv": [3, 13, 6.25, 14.25], "rotation": 90, "texture": "#1"},
				"up": {"uv": [3, 13, 6.25, 14.25], "rotation": 90, "texture": "#1"},
				"down": {"uv": [3, 13, 6.25, 14.25], "rotation": 90, "texture": "#1"}
			}
		},
		{
			"name": "barrel",
			"from": [7.875, 8.375, -1.5],
			"to": [8.125, 9.375, 1.75],
			"rotation": {"angle": 22.5, "axis": "z", "origin": [8, 8.875, 0.125]},
			"faces": {
				"north": {"uv": [3, 13, 6.25, 14.25], "rotation": 90, "texture": "#1"},
				"east": {"uv": [3, 13, 6.25, 14.25], "rotation": 90, "texture": "#1"},
				"south": {"uv": [3, 13, 6.25, 14.25], "rotation": 90, "texture": "#1"},
				"west": {"uv": [3, 13, 6.25, 14.25], "rotation": 90, "texture": "#1"},
				"up": {"uv": [3, 13, 6.25, 14.25], "rotation": 90, "texture": "#1"},
				"down": {"uv": [3, 13, 6.25, 14.25], "rotation": 90, "texture": "#1"}
			}
		},
		{
			"name": "barrel",
			"from": [7.875, 8.375, -1.5],
			"to": [8.125, 9.375, 1.75],
			"faces": {
				"north": {"uv": [3, 13, 6.25, 14.25], "rotation": 90, "texture": "#1"},
				"east": {"uv": [3, 13, 6.25, 14.25], "rotation": 90, "texture": "#1"},
				"south": {"uv": [3, 13, 6.25, 14.25], "rotation": 90, "texture": "#1"},
				"west": {"uv": [3, 13, 6.25, 14.25], "rotation": 90, "texture": "#1"},
				"up": {"uv": [3, 13, 6.25, 14.25], "rotation": 90, "texture": "#1"},
				"down": {"uv": [3, 13, 6.25, 14.25], "rotation": 90, "texture": "#1"}
			}
		},
		{
			"name": "barrel",
			"from": [7.875, 8.375, -1.5],
			"to": [8.125, 9.375, 1.75],
			"rotation": {"angle": -22.5, "axis": "z", "origin": [8, 8.875, 0.125]},
			"faces": {
				"north": {"uv": [3, 13, 6.25, 14.25], "rotation": 90, "texture": "#1"},
				"east": {"uv": [3, 13, 6.25, 14.25], "rotation": 90, "texture": "#1"},
				"south": {"uv": [3, 13, 6.25, 14.25], "rotation": 90, "texture": "#1"},
				"west": {"uv": [3, 13, 6.25, 14.25], "rotation": 90, "texture": "#1"},
				"up": {"uv": [3, 13, 6.25, 14.25], "rotation": 90, "texture": "#1"},
				"down": {"uv": [3, 13, 6.25, 14.25], "rotation": 90, "texture": "#1"}
			}
		},
		{
			"name": "barrel",
			"from": [7.5, 8.75, -1.5],
			"to": [8.5, 9, 1.75],
			"rotation": {"angle": 45, "axis": "z", "origin": [8, 8.875, 0.125]},
			"faces": {
				"north": {"uv": [3, 13, 6.25, 14.25], "texture": "#1"},
				"east": {"uv": [3, 13, 6.25, 14.25], "texture": "#1"},
				"south": {"uv": [3, 13, 6.25, 14.25], "texture": "#1"},
				"west": {"uv": [3, 13, 6.25, 14.25], "texture": "#1"},
				"up": {"uv": [3, 13, 6.25, 14.25], "texture": "#1"},
				"down": {"uv": [3, 13, 6.25, 14.25], "texture": "#1"}
			}
		},
		{
			"name": "barrel",
			"from": [7.5, 8.75, -1.5],
			"to": [8.5, 9, 1.75],
			"rotation": {"angle": 22.5, "axis": "z", "origin": [8, 8.875, 0.125]},
			"faces": {
				"north": {"uv": [3, 13, 6.25, 14.25], "texture": "#1"},
				"east": {"uv": [3, 13, 6.25, 14.25], "texture": "#1"},
				"south": {"uv": [3, 13, 6.25, 14.25], "texture": "#1"},
				"west": {"uv": [3, 13, 6.25, 14.25], "texture": "#1"},
				"up": {"uv": [3, 13, 6.25, 14.25], "texture": "#1"},
				"down": {"uv": [3, 13, 6.25, 14.25], "texture": "#1"}
			}
		},
		{
			"name": "barrel",
			"from": [7.5, 8.75, -1.5],
			"to": [8.5, 9, 1.75],
			"faces": {
				"north": {"uv": [3, 13, 6.25, 14.25], "texture": "#1"},
				"east": {"uv": [3, 13, 6.25, 14.25], "texture": "#1"},
				"south": {"uv": [3, 13, 6.25, 14.25], "texture": "#1"},
				"west": {"uv": [3, 13, 6.25, 14.25], "texture": "#1"},
				"up": {"uv": [3, 13, 6.25, 14.25], "texture": "#1"},
				"down": {"uv": [3, 13, 6.25, 14.25], "texture": "#1"}
			}
		}
	],
	"display": {
		"thirdperson_righthand": {
			"translation": [-1, 1.5, -1],
			"scale": [0.5, 0.5, 0.5]
		},
		"thirdperson_lefthand": {
			"translation": [-12, 2, -3]
		},
		"firstperson_righthand": {
			"translation": [2.5, 2.5, -5.5]
		},
		"firstperson_lefthand": {
			"translation": [-9, 5.5, -0.5]
		},
		"gui": {
			"rotation": [29, -51, 28],
			"translation": [-1, 2, 0],
			"scale": [0.7, 0.7, 0.7]
		},
		"fixed": {
			"rotation": [-97, 132, 99],
			"translation": [3.5, 0.5, -0.75]
		}
	}
}