{
	"credit": "Made with Blockbench",
	"textures": {
		"0": "ttp/qualityarmory/rgbsheet1",
		"1": "ttp/qualityarmory/texturedmaterials2",
		"2": "ttp/qualityarmory/texturedmaterials1",
		"particle": "ttp/qualityarmory/rgbsheet1"
	},
	"elements": [
		{
			"from": [7, 8, 13],
			"to": [10, 11, 18.25],
			"faces": {
				"north": {"uv": [0, 4, 8, 8], "texture": "#1"},
				"east": {"uv": [0, 4, 8, 8], "texture": "#1"},
				"south": {"uv": [0, 4, 8, 8], "texture": "#1"},
				"west": {"uv": [0, 4, 8, 8], "texture": "#1"},
				"up": {"uv": [0, 4, 8, 8], "texture": "#1"},
				"down": {"uv": [0, 4, 8, 8], "texture": "#1"}
			}
		},
		{
			"from": [7.75, 3.75, 16.75],
			"to": [9.25, 10.25, 18.75],
			"rotation": {"angle": -45, "axis": "x", "origin": [8.5, 6.5, 17.75]},
			"faces": {
				"north": {"uv": [0, 12, 7, 16], "texture": "#2"},
				"east": {"uv": [0, 12, 7, 16], "texture": "#2"},
				"south": {"uv": [0, 12, 7, 16], "texture": "#2"},
				"west": {"uv": [0, 12, 7, 16], "texture": "#2"},
				"up": {"uv": [0, 12, 7, 16], "texture": "#2"},
				"down": {"uv": [0, 12, 7, 16], "texture": "#2"}
			}
		},
		{
			"from": [6.25, 9.25, 16.75],
			"to": [8, 11.5, 18.75],
			"faces": {
				"north": {"uv": [11, 14, 12, 15], "texture": "#0"},
				"east": {"uv": [11, 14, 12, 15], "texture": "#0"},
				"south": {"uv": [11, 14, 12, 15], "texture": "#0"},
				"west": {"uv": [11, 14, 12, 15], "texture": "#0"},
				"up": {"uv": [11, 14, 12, 15], "texture": "#0"},
				"down": {"uv": [11, 14, 12, 15], "texture": "#0"}
			}
		},
		{
			"from": [6.75, 7.75, 18],
			"to": [10.25, 11.25, 20],
			"faces": {
				"north": {"uv": [0, 12, 7, 16], "texture": "#2"},
				"east": {"uv": [0, 12, 7, 16], "texture": "#2"},
				"south": {"uv": [0, 12, 7, 16], "texture": "#2"},
				"west": {"uv": [0, 12, 7, 16], "texture": "#2"},
				"up": {"uv": [0, 12, 7, 16], "texture": "#2"},
				"down": {"uv": [0, 12, 7, 16], "texture": "#2"}
			}
		},
		{
			"from": [6.75, 7.75, 11],
			"to": [10.25, 11.25, 13],
			"faces": {
				"north": {"uv": [0, 12, 7, 16], "texture": "#2"},
				"east": {"uv": [0, 12, 7, 16], "texture": "#2"},
				"south": {"uv": [0, 12, 7, 16], "texture": "#2"},
				"west": {"uv": [0, 12, 7, 16], "texture": "#2"},
				"up": {"uv": [0, 12, 7, 16], "texture": "#2"},
				"down": {"uv": [0, 12, 7, 16], "texture": "#2"}
			}
		},
		{
			"from": [8, 5.5, 19.25],
			"to": [9, 6.5, 27.75],
			"faces": {
				"north": {"uv": [0, 12, 7, 16], "texture": "#2"},
				"east": {"uv": [0, 12, 7, 16], "texture": "#2"},
				"south": {"uv": [0, 12, 7, 16], "texture": "#2"},
				"west": {"uv": [0, 12, 7, 16], "texture": "#2"},
				"up": {"uv": [0, 12, 7, 16], "texture": "#2"},
				"down": {"uv": [0, 12, 7, 16], "texture": "#2"}
			}
		},
		{
			"from": [8, 3.5, 15.25],
			"to": [9, 7.75, 16.25],
			"faces": {
				"north": {"uv": [0, 12, 7, 16], "texture": "#2"},
				"east": {"uv": [0, 12, 7, 16], "texture": "#2"},
				"south": {"uv": [0, 12, 7, 16], "texture": "#2"},
				"west": {"uv": [0, 12, 7, 16], "texture": "#2"},
				"up": {"uv": [0, 12, 7, 16], "texture": "#2"},
				"down": {"uv": [0, 12, 7, 16], "texture": "#2"}
			}
		},
		{
			"from": [8, 3.5, -1.75],
			"to": [9, 7.75, -0.75],
			"faces": {
				"north": {"uv": [0, 12, 7, 16], "texture": "#2"},
				"east": {"uv": [0, 12, 7, 16], "texture": "#2"},
				"south": {"uv": [0, 12, 7, 16], "texture": "#2"},
				"west": {"uv": [0, 12, 7, 16], "texture": "#2"},
				"up": {"uv": [0, 12, 7, 16], "texture": "#2"},
				"down": {"uv": [0, 12, 7, 16], "texture": "#2"}
			}
		},
		{
			"from": [8, 3.5, 27.75],
			"to": [9, 7.75, 30.5],
			"faces": {
				"north": {"uv": [0, 12, 7, 16], "texture": "#2"},
				"east": {"uv": [0, 12, 7, 16], "texture": "#2"},
				"south": {"uv": [0, 12, 7, 16], "texture": "#2"},
				"west": {"uv": [0, 12, 7, 16], "texture": "#2"},
				"up": {"uv": [0, 12, 7, 16], "texture": "#2"},
				"down": {"uv": [0, 12, 7, 16], "texture": "#2"}
			}
		},
		{
			"from": [8, 3.5, -1],
			"to": [9, 4.5, 15.25],
			"faces": {
				"north": {"uv": [0, 12, 7, 16], "texture": "#2"},
				"east": {"uv": [0, 12, 7, 16], "texture": "#2"},
				"south": {"uv": [0, 12, 7, 16], "texture": "#2"},
				"west": {"uv": [0, 12, 7, 16], "texture": "#2"},
				"up": {"uv": [0, 12, 7, 16], "texture": "#2"},
				"down": {"uv": [0, 12, 7, 16], "texture": "#2"}
			}
		},
		{
			"from": [8, 3.5, 18.5],
			"to": [9, 4.5, 28],
			"faces": {
				"north": {"uv": [0, 12, 7, 16], "texture": "#2"},
				"east": {"uv": [0, 12, 7, 16], "texture": "#2"},
				"south": {"uv": [0, 12, 7, 16], "texture": "#2"},
				"west": {"uv": [0, 12, 7, 16], "texture": "#2"},
				"up": {"uv": [0, 12, 7, 16], "texture": "#2"},
				"down": {"uv": [0, 12, 7, 16], "texture": "#2"}
			}
		},
		{
			"from": [7.75, 8.5, -2.25],
			"to": [9.25, 10.75, -0.25],
			"faces": {
				"north": {"uv": [11, 14, 12, 15], "texture": "#0"},
				"east": {"uv": [11, 14, 12, 15], "texture": "#0"},
				"south": {"uv": [11, 14, 12, 15], "texture": "#0"},
				"west": {"uv": [11, 14, 12, 15], "texture": "#0"},
				"up": {"uv": [11, 14, 12, 15], "texture": "#0"},
				"down": {"uv": [11, 14, 12, 15], "texture": "#0"}
			}
		},
		{
			"from": [6.75, 7.75, -2],
			"to": [10.25, 11.25, 0],
			"faces": {
				"north": {"uv": [0, 12, 7, 16], "texture": "#2"},
				"east": {"uv": [0, 12, 7, 16], "texture": "#2"},
				"south": {"uv": [0, 12, 7, 16], "texture": "#2"},
				"west": {"uv": [0, 12, 7, 16], "texture": "#2"},
				"up": {"uv": [0, 12, 7, 16], "texture": "#2"},
				"down": {"uv": [0, 12, 7, 16], "texture": "#2"}
			}
		},
		{
			"from": [7, 8, 9],
			"to": [10, 11, 9.25],
			"faces": {
				"north": {"uv": [4, 5, 5, 6], "texture": "#0"},
				"east": {"uv": [4, 5, 5, 6], "texture": "#0"},
				"south": {"uv": [4, 5, 5, 6], "texture": "#0"},
				"west": {"uv": [4, 5, 5, 6], "texture": "#0"},
				"up": {"uv": [4, 5, 5, 6], "texture": "#0"},
				"down": {"uv": [4, 5, 5, 6], "texture": "#0"}
			}
		},
		{
			"from": [9, 11.25, 9.75],
			"to": [9.25, 11.5, 13.5],
			"faces": {
				"north": {"uv": [4, 5, 5, 6], "texture": "#0"},
				"east": {"uv": [4, 5, 5, 6], "texture": "#0"},
				"south": {"uv": [4, 5, 5, 6], "texture": "#0"},
				"west": {"uv": [4, 5, 5, 6], "texture": "#0"},
				"up": {"uv": [4, 5, 5, 6], "texture": "#0"},
				"down": {"uv": [4, 5, 5, 6], "texture": "#0"}
			}
		},
		{
			"from": [8.75, 11, 15.75],
			"to": [9.5, 11.5, 16.5],
			"faces": {
				"north": {"uv": [12, 14, 13, 15], "texture": "#0"},
				"east": {"uv": [12, 14, 13, 15], "texture": "#0"},
				"south": {"uv": [12, 14, 13, 15], "texture": "#0"},
				"west": {"uv": [12, 14, 13, 15], "texture": "#0"},
				"up": {"uv": [12, 14, 13, 15], "texture": "#0"},
				"down": {"uv": [12, 14, 13, 15], "texture": "#0"}
			}
		},
		{
			"from": [9, 11, 12.75],
			"to": [9.25, 11.25, 16],
			"faces": {
				"north": {"uv": [4, 5, 5, 6], "texture": "#0"},
				"east": {"uv": [4, 5, 5, 6], "texture": "#0"},
				"south": {"uv": [4, 5, 5, 6], "texture": "#0"},
				"west": {"uv": [4, 5, 5, 6], "texture": "#0"},
				"up": {"uv": [4, 5, 5, 6], "texture": "#0"},
				"down": {"uv": [4, 5, 5, 6], "texture": "#0"}
			}
		},
		{
			"from": [9, 11, 0],
			"to": [9.25, 11.25, 10],
			"faces": {
				"north": {"uv": [4, 5, 5, 6], "texture": "#0"},
				"east": {"uv": [4, 5, 5, 6], "texture": "#0"},
				"south": {"uv": [4, 5, 5, 6], "texture": "#0"},
				"west": {"uv": [4, 5, 5, 6], "texture": "#0"},
				"up": {"uv": [4, 5, 5, 6], "texture": "#0"},
				"down": {"uv": [4, 5, 5, 6], "texture": "#0"}
			}
		},
		{
			"from": [7, 8, 7],
			"to": [10, 11, 7.25],
			"faces": {
				"north": {"uv": [4, 5, 5, 6], "texture": "#0"},
				"east": {"uv": [4, 5, 5, 6], "texture": "#0"},
				"south": {"uv": [4, 5, 5, 6], "texture": "#0"},
				"west": {"uv": [4, 5, 5, 6], "texture": "#0"},
				"up": {"uv": [4, 5, 5, 6], "texture": "#0"},
				"down": {"uv": [4, 5, 5, 6], "texture": "#0"}
			}
		},
		{
			"from": [7, 8, 9.25],
			"to": [10, 11, 11],
			"faces": {
				"north": {"uv": [0, 4, 2, 8], "texture": "#1"},
				"east": {"uv": [0, 4, 2, 8], "texture": "#1"},
				"south": {"uv": [0, 4, 2, 8], "texture": "#1"},
				"west": {"uv": [0, 4, 2, 8], "texture": "#1"},
				"up": {"uv": [0, 4, 2, 8], "texture": "#1"},
				"down": {"uv": [0, 4, 2, 8], "texture": "#1"}
			}
		},
		{
			"from": [7, 8, 7.25],
			"to": [10, 11, 9],
			"faces": {
				"north": {"uv": [0, 4, 2, 8], "texture": "#1"},
				"east": {"uv": [0, 4, 2, 8], "texture": "#1"},
				"south": {"uv": [0, 4, 2, 8], "texture": "#1"},
				"west": {"uv": [0, 4, 2, 8], "texture": "#1"},
				"up": {"uv": [0, 4, 2, 8], "texture": "#1"},
				"down": {"uv": [0, 4, 2, 8], "texture": "#1"}
			}
		},
		{
			"from": [7.5, 7.25, 1],
			"to": [9.5, 8.25, 8],
			"faces": {
				"north": {"uv": [0, 12, 7, 16], "texture": "#2"},
				"east": {"uv": [0, 12, 7, 16], "texture": "#2"},
				"south": {"uv": [0, 12, 7, 16], "texture": "#2"},
				"west": {"uv": [0, 12, 7, 16], "texture": "#2"},
				"up": {"uv": [0, 12, 7, 16], "texture": "#2"},
				"down": {"uv": [0, 12, 7, 16], "texture": "#2"}
			}
		},
		{
			"from": [7, 8, 0],
			"to": [10, 11, 7],
			"faces": {
				"north": {"uv": [0, 4, 8, 8], "texture": "#1"},
				"east": {"uv": [0, 4, 8, 8], "texture": "#1"},
				"south": {"uv": [0, 4, 8, 8], "texture": "#1"},
				"west": {"uv": [0, 4, 8, 8], "texture": "#1"},
				"up": {"uv": [0, 4, 8, 8], "texture": "#1"},
				"down": {"uv": [0, 4, 8, 8], "texture": "#1"}
			}
		},
		{
			"from": [5.875, 10.125, 15.75],
			"to": [7.875, 10.875, 16.75],
			"rotation": {"angle": 45, "axis": "z", "origin": [6.875, 10.5, 16.875]},
			"faces": {
				"north": {"uv": [12, 14, 13, 15], "rotation": 270, "texture": "#0"},
				"east": {"uv": [12, 14, 13, 15], "rotation": 270, "texture": "#0"},
				"south": {"uv": [12, 14, 13, 15], "rotation": 270, "texture": "#0"},
				"west": {"uv": [12, 14, 13, 15], "rotation": 270, "texture": "#0"},
				"up": {"uv": [12, 14, 13, 15], "rotation": 270, "texture": "#0"},
				"down": {"uv": [12, 14, 13, 15], "rotation": 270, "texture": "#0"}
			}
		},
		{
			"from": [5.875, 10.125, 15.75],
			"to": [7.875, 10.875, 16.75],
			"faces": {
				"north": {"uv": [12, 14, 13, 15], "rotation": 270, "texture": "#0"},
				"east": {"uv": [12, 14, 13, 15], "rotation": 270, "texture": "#0"},
				"south": {"uv": [12, 14, 13, 15], "rotation": 270, "texture": "#0"},
				"west": {"uv": [12, 14, 13, 15], "rotation": 270, "texture": "#0"},
				"up": {"uv": [12, 14, 13, 15], "rotation": 270, "texture": "#0"},
				"down": {"uv": [12, 14, 13, 15], "rotation": 270, "texture": "#0"}
			}
		},
		{
			"from": [6.5, 9.5, 15.75],
			"to": [7.25, 11.5, 16.75],
			"rotation": {"angle": 45, "axis": "z", "origin": [6.875, 10.5, 16.875]},
			"faces": {
				"north": {"uv": [12, 14, 13, 15], "texture": "#0"},
				"east": {"uv": [12, 14, 13, 15], "texture": "#0"},
				"south": {"uv": [12, 14, 13, 15], "texture": "#0"},
				"west": {"uv": [12, 14, 13, 15], "texture": "#0"},
				"up": {"uv": [12, 14, 13, 15], "texture": "#0"},
				"down": {"uv": [12, 14, 13, 15], "texture": "#0"}
			}
		},
		{
			"from": [6.5, 9.5, 15.75],
			"to": [7.25, 11.5, 16.75],
			"faces": {
				"north": {"uv": [12, 14, 13, 15], "texture": "#0"},
				"east": {"uv": [12, 14, 13, 15], "texture": "#0"},
				"south": {"uv": [12, 14, 13, 15], "texture": "#0"},
				"west": {"uv": [12, 14, 13, 15], "texture": "#0"},
				"up": {"uv": [12, 14, 13, 15], "texture": "#0"},
				"down": {"uv": [12, 14, 13, 15], "texture": "#0"}
			}
		},
		{
			"from": [5.875, 10.125, 13.5],
			"to": [7.875, 10.875, 15.75],
			"rotation": {"angle": 45, "axis": "z", "origin": [6.875, 10.5, 14.625]},
			"faces": {
				"north": {"uv": [3, 4, 4, 5], "rotation": 270, "texture": "#0"},
				"east": {"uv": [3, 4, 4, 5], "rotation": 270, "texture": "#0"},
				"south": {"uv": [3, 4, 4, 5], "rotation": 270, "texture": "#0"},
				"west": {"uv": [3, 4, 4, 5], "rotation": 270, "texture": "#0"},
				"up": {"uv": [3, 4, 4, 5], "rotation": 270, "texture": "#0"},
				"down": {"uv": [3, 4, 4, 5], "rotation": 270, "texture": "#0"}
			}
		},
		{
			"from": [5.875, 10.125, 13.5],
			"to": [7.875, 10.875, 15.75],
			"faces": {
				"north": {"uv": [3, 4, 4, 5], "rotation": 270, "texture": "#0"},
				"east": {"uv": [3, 4, 4, 5], "rotation": 270, "texture": "#0"},
				"south": {"uv": [3, 4, 4, 5], "rotation": 270, "texture": "#0"},
				"west": {"uv": [3, 4, 4, 5], "rotation": 270, "texture": "#0"},
				"up": {"uv": [3, 4, 4, 5], "rotation": 270, "texture": "#0"},
				"down": {"uv": [3, 4, 4, 5], "rotation": 270, "texture": "#0"}
			}
		},
		{
			"from": [6.5, 9.5, 13.5],
			"to": [7.25, 11.5, 15.75],
			"rotation": {"angle": 45, "axis": "z", "origin": [6.875, 10.5, 14.625]},
			"faces": {
				"north": {"uv": [3, 4, 4, 5], "texture": "#0"},
				"east": {"uv": [3, 4, 4, 5], "texture": "#0"},
				"south": {"uv": [3, 4, 4, 5], "texture": "#0"},
				"west": {"uv": [3, 4, 4, 5], "texture": "#0"},
				"up": {"uv": [3, 4, 4, 5], "texture": "#0"},
				"down": {"uv": [3, 4, 4, 5], "texture": "#0"}
			}
		},
		{
			"from": [6.5, 9.5, 13.5],
			"to": [7.25, 11.5, 15.75],
			"faces": {
				"north": {"uv": [3, 4, 4, 5], "texture": "#0"},
				"east": {"uv": [3, 4, 4, 5], "texture": "#0"},
				"south": {"uv": [3, 4, 4, 5], "texture": "#0"},
				"west": {"uv": [3, 4, 4, 5], "texture": "#0"},
				"up": {"uv": [3, 4, 4, 5], "texture": "#0"},
				"down": {"uv": [3, 4, 4, 5], "texture": "#0"}
			}
		}
	],
	"display": {
		"thirdperson_righthand": {
			"rotation": [0, -1, 0],
			"translation": [-1.5, 1, -5.5],
			"scale": [0.75, 0.75, 0.75]
		},
		"gui": {
			"rotation": [54, -47, 0],
			"translation": [2.5, 2, 0],
			"scale": [0.7, 0.7, 0.525]
		},
		"fixed": {
			"rotation": [-97, 132, 99],
			"translation": [-4.25, 1.75, -0.75]
		}
	}
}