{
	"credit": "Made with Blockbench",
	"textures": {
		"0": "ttp/qualityarmory/rgbsheet1",
		"1": "ttp/qualityarmory/texturedmaterials1",
		"particle": "ttp/qualityarmory/rgbsheet1"
	},
	"elements": [
		{
			"name": "Metal",
			"from": [7.05, 3.5, 7.75],
			"to": [9.05, 5.5, 8],
			"faces": {
				"north": {"uv": [0, 4, 8, 8], "texture": "#1"},
				"east": {"uv": [0, 4, 8, 8], "texture": "#1"},
				"south": {"uv": [0, 4, 8, 8], "texture": "#1"},
				"west": {"uv": [0, 4, 8, 8], "texture": "#1"},
				"up": {"uv": [0, 4, 8, 8], "texture": "#1"},
				"down": {"uv": [0, 4, 8, 8], "texture": "#1"}
			}
		},
		{
			"name": "Metal",
			"from": [7.05, 1.25, 8.25],
			"to": [9.05, 5.5, 10.5],
			"faces": {
				"north": {"uv": [0, 4, 8, 8], "texture": "#1"},
				"east": {"uv": [0, 4, 8, 8], "texture": "#1"},
				"south": {"uv": [0, 4, 8, 8], "texture": "#1"},
				"west": {"uv": [0, 4, 8, 8], "texture": "#1"},
				"up": {"uv": [0, 4, 8, 8], "texture": "#1"},
				"down": {"uv": [0, 4, 8, 8], "texture": "#1"}
			}
		},
		{
			"name": "Metal",
			"from": [7.3, -4.25, 8.5],
			"to": [8.8, 1.5, 10.25],
			"faces": {
				"north": {"uv": [10, 13, 14, 16], "texture": "#1"},
				"east": {"uv": [10, 13, 14, 16], "texture": "#1"},
				"south": {"uv": [10, 13, 14, 16], "texture": "#1"},
				"west": {"uv": [10, 13, 14, 16], "texture": "#1"},
				"up": {"uv": [10, 13, 14, 16], "texture": "#1"},
				"down": {"uv": [10, 13, 14, 16], "texture": "#1"}
			}
		},
		{
			"name": "Metal",
			"from": [7.05, 3, 7.25],
			"to": [9.05, 3.25, 8.25],
			"faces": {
				"north": {"uv": [0, 4, 8, 8], "texture": "#1"},
				"east": {"uv": [0, 4, 8, 8], "texture": "#1"},
				"south": {"uv": [0, 4, 8, 8], "texture": "#1"},
				"west": {"uv": [0, 4, 8, 8], "texture": "#1"},
				"up": {"uv": [0, 4, 8, 8], "texture": "#1"},
				"down": {"uv": [0, 4, 8, 8], "texture": "#1"}
			}
		},
		{
			"name": "Metal",
			"from": [7.05, 3.25, 7],
			"to": [9.05, 5.5, 7.25],
			"faces": {
				"north": {"uv": [0, 4, 8, 8], "texture": "#1"},
				"east": {"uv": [0, 4, 8, 8], "texture": "#1"},
				"south": {"uv": [0, 4, 8, 8], "texture": "#1"},
				"west": {"uv": [0, 4, 8, 8], "texture": "#1"},
				"up": {"uv": [0, 4, 8, 8], "texture": "#1"},
				"down": {"uv": [0, 4, 8, 8], "texture": "#1"}
			}
		},
		{
			"name": "Metal",
			"from": [7.55, 5.5, 2.74],
			"to": [8.55, 6, 4.99],
			"faces": {
				"north": {"uv": [8, 15, 9, 16], "texture": "#0"},
				"east": {"uv": [8, 15, 9, 16], "texture": "#0"},
				"south": {"uv": [8, 15, 9, 16], "texture": "#0"},
				"west": {"uv": [8, 15, 9, 16], "texture": "#0"},
				"up": {"uv": [8, 15, 9, 16], "texture": "#0"},
				"down": {"uv": [8, 15, 9, 16], "texture": "#0"}
			}
		},
		{
			"name": "Metal",
			"from": [7.8, 5.25, 2.75],
			"to": [8.3, 6.25, 5],
			"faces": {
				"north": {"uv": [8, 15, 9, 16], "texture": "#0"},
				"east": {"uv": [8, 15, 9, 16], "texture": "#0"},
				"south": {"uv": [8, 15, 9, 16], "texture": "#0"},
				"west": {"uv": [8, 15, 9, 16], "texture": "#0"},
				"up": {"uv": [8, 15, 9, 16], "texture": "#0"},
				"down": {"uv": [8, 15, 9, 16], "texture": "#0"}
			}
		},
		{
			"name": "Metal",
			"from": [7.55, 5.75, 5],
			"to": [8.55, 7, 6.5],
			"faces": {
				"north": {"uv": [0, 4, 8, 8], "texture": "#1"},
				"east": {"uv": [0, 4, 8, 8], "texture": "#1"},
				"south": {"uv": [0, 4, 8, 8], "texture": "#1"},
				"west": {"uv": [0, 4, 1.5, 5.25], "texture": "#1"},
				"up": {"uv": [0, 4, 8, 8], "texture": "#1"},
				"down": {"uv": [0, 4, 8, 8], "texture": "#1"}
			}
		},
		{
			"name": "Metal",
			"from": [6.8, 6.25, 5.25],
			"to": [9.3, 6.5, 10],
			"faces": {
				"north": {"uv": [0, 4, 2.5, 4.25], "texture": "#1"},
				"east": {"uv": [0, 4, 4.75, 4.25], "texture": "#1"},
				"south": {"uv": [0, 4, 2.5, 4.25], "texture": "#1"},
				"west": {"uv": [0, 4, 4.75, 4.25], "texture": "#1"},
				"up": {"uv": [0, 4, 4.5, 6.75], "texture": "#1"},
				"down": {"uv": [0, 4, 2.5, 8.75], "texture": "#1"}
			}
		},
		{
			"name": "Metal",
			"from": [6.8, 5.75, 5.25],
			"to": [9.3, 6, 10],
			"faces": {
				"north": {"uv": [0, 4, 2.5, 4.25], "texture": "#1"},
				"east": {"uv": [0, 4, 4.75, 4.25], "texture": "#1"},
				"south": {"uv": [0, 4, 2.5, 4.25], "texture": "#1"},
				"west": {"uv": [0, 4, 4.75, 4.25], "texture": "#1"},
				"up": {"uv": [0, 4, 3.5, 6.75], "texture": "#1"},
				"down": {"uv": [0, 4, 2.5, 8.75], "texture": "#1"}
			}
		},
		{
			"name": "Metal",
			"from": [7.05, 5.5, 4.25],
			"to": [9.05, 6.75, 11],
			"faces": {
				"north": {"uv": [0, 4, 2, 5.25], "texture": "#1"},
				"east": {"uv": [0, 4, 6.75, 5.25], "texture": "#1"},
				"south": {"uv": [0, 4, 2, 5.25], "texture": "#1"},
				"west": {"uv": [0, 4, 6.75, 5.25], "texture": "#1"},
				"up": {"uv": [0, 4, 6.75, 6], "rotation": 90, "texture": "#1"},
				"down": {"uv": [0, 4, 2, 10.75], "texture": "#1"}
			}
		},
		{
			"name": "Metal",
			"from": [8.3, 7, 11],
			"to": [8.8, 7.25, 12.25],
			"faces": {
				"north": {"uv": [0, 4, 8, 8], "texture": "#1"},
				"east": {"uv": [0, 4, 8, 8], "texture": "#1"},
				"south": {"uv": [0, 4, 8, 8], "texture": "#1"},
				"west": {"uv": [0, 4, 8, 8], "texture": "#1"},
				"up": {"uv": [0, 4, 8, 8], "texture": "#1"},
				"down": {"uv": [0, 4, 8, 8], "texture": "#1"}
			}
		},
		{
			"name": "Metal",
			"from": [7.3, 6.75, 11],
			"to": [8.8, 7, 12.25],
			"faces": {
				"north": {"uv": [0, 4, 8, 8], "texture": "#1"},
				"east": {"uv": [0, 4, 8, 8], "texture": "#1"},
				"south": {"uv": [0, 4, 8, 8], "texture": "#1"},
				"west": {"uv": [0, 4, 8, 8], "texture": "#1"},
				"up": {"uv": [0, 4, 8, 8], "texture": "#1"},
				"down": {"uv": [0, 4, 8, 8], "texture": "#1"}
			}
		},
		{
			"name": "Metal",
			"from": [7.3, 7, 11],
			"to": [7.8, 7.25, 12.25],
			"faces": {
				"north": {"uv": [0, 4, 8, 8], "texture": "#1"},
				"east": {"uv": [0, 4, 8, 8], "texture": "#1"},
				"south": {"uv": [0, 4, 8, 8], "texture": "#1"},
				"west": {"uv": [0, 4, 8, 8], "texture": "#1"},
				"up": {"uv": [0, 4, 8, 8], "texture": "#1"},
				"down": {"uv": [0, 4, 8, 8], "texture": "#1"}
			}
		},
		{
			"name": "Metal",
			"from": [6.8, 5.5, 11],
			"to": [9.3, 6.75, 12.25],
			"faces": {
				"north": {"uv": [0, 4, 8, 8], "texture": "#1"},
				"east": {"uv": [0, 4, 8, 8], "texture": "#1"},
				"south": {"uv": [0, 4, 2.5, 5.25], "texture": "#1"},
				"west": {"uv": [0, 4, 8, 8], "texture": "#1"},
				"up": {"uv": [0, 4, 8, 8], "texture": "#1"},
				"down": {"uv": [0, 4, 8, 8], "texture": "#1"}
			}
		},
		{
			"name": "Metal",
			"from": [6.8, 4.25, 4.25],
			"to": [9.3, 5.5, 12.25],
			"faces": {
				"north": {"uv": [0, 4, 2.5, 5.25], "texture": "#1"},
				"east": {"uv": [0, 4, 8, 5.25], "texture": "#1"},
				"south": {"uv": [0, 4, 2.5, 5.25], "texture": "#1"},
				"west": {"uv": [0, 4, 8, 5.25], "texture": "#1"},
				"up": {"uv": [0, 4, 8, 6.5], "rotation": 90, "texture": "#1"},
				"down": {"uv": [0, 4, 2.5, 12], "texture": "#1"}
			}
		}
	],
	"display": {
		"thirdperson_righthand": {
			"rotation": [-7, -2, -3],
			"translation": [0, 1.5, -2],
			"scale": [0.7, 0.7, 0.7]
		},
		"thirdperson_lefthand": {
			"rotation": [-7, 1, 1],
			"translation": [-12, 2.5, -2],
			"scale": [0.7, 0.7, 0.7]
		},
		"firstperson_righthand": {
			"rotation": [0, -2, 0],
			"translation": [0, 5, 0]
		},
		"firstperson_lefthand": {
			"translation": [-9, 9, 7],
			"scale": [1, 1, 0.625]
		},
		"ground": {
			"rotation": [0, 0, -23],
			"translation": [3.59, -0.94, 6.05]
		},
		"gui": {
			"rotation": [0, -130, 0],
			"translation": [0, 5, 0]
		},
		"fixed": {
			"rotation": [-97, 132, 99],
			"translation": [3.5, 3.25, -0.75]
		}
	}
}