{
	"credit": "Made with Blockbench",
	"textures": {
		"0": "ttp/qualityarmory/rgbsheet1",
		"1": "ttp/qualityarmory/texturedmaterials1",
		"2": "ttp/qualityarmory/texturedmaterials2",
		"particle": "ttp/qualityarmory/rgbsheet1"
	},
	"elements": [
		{
			"name": "Silverstuff",
			"from": [1, 6.5, 3.5],
			"to": [7, 11.5, 5.5],
			"rotation": {"angle": 0, "axis": "x", "origin": [6, 9, 4.5]},
			"faces": {
				"north": {"uv": [0, 4, 6, 9], "rotation": 180, "texture": "#1"},
				"east": {"uv": [0, 4, 2, 9], "rotation": 180, "texture": "#1"},
				"south": {"uv": [0, 4, 6, 9], "rotation": 180, "texture": "#1"},
				"west": {"uv": [0, 4, 2, 9], "rotation": 180, "texture": "#1"},
				"up": {"uv": [0, 4, 6, 6], "rotation": 180, "texture": "#1"},
				"down": {"uv": [0, 4, 6, 6], "rotation": 180, "texture": "#1"}
			}
		},
		{
			"name": "Silverstuff",
			"from": [1, 8, 2],
			"to": [7, 10, 7],
			"rotation": {"angle": -45, "axis": "x", "origin": [6, 9, 4.5]},
			"faces": {
				"north": {"uv": [0, 4, 6, 6], "texture": "#1"},
				"east": {"uv": [0, 4, 5, 6], "texture": "#1"},
				"south": {"uv": [0, 4, 6, 6], "texture": "#1"},
				"west": {"uv": [0, 4, 5, 6], "texture": "#1"},
				"up": {"uv": [0, 4, 6, 9], "texture": "#1"},
				"down": {"uv": [0, 4, 6, 9], "texture": "#1"}
			}
		},
		{
			"name": "Silverstuff",
			"from": [1, 8, 2],
			"to": [7, 10, 7],
			"rotation": {"angle": 45, "axis": "x", "origin": [6, 9, 4.5]},
			"faces": {
				"north": {"uv": [0, 4, 6, 6], "texture": "#1"},
				"east": {"uv": [0, 4, 5, 6], "texture": "#1"},
				"south": {"uv": [0, 4, 6, 6], "texture": "#1"},
				"west": {"uv": [0, 4, 5, 6], "texture": "#1"},
				"up": {"uv": [0, 4, 6, 9], "texture": "#1"},
				"down": {"uv": [0, 4, 6, 9], "texture": "#1"}
			}
		},
		{
			"name": "Silverstuff",
			"from": [4, 8, 2],
			"to": [7, 10, 7],
			"faces": {
				"north": {"uv": [0, 4, 3, 6], "texture": "#1"},
				"east": {"uv": [0, 4, 5, 6], "texture": "#1"},
				"south": {"uv": [0, 4, 3, 6], "texture": "#1"},
				"west": {"uv": [0, 4, 5, 6], "texture": "#1"},
				"up": {"uv": [0, 4, 3, 9], "texture": "#1"},
				"down": {"uv": [0, 4, 3, 9], "texture": "#1"}
			}
		},
		{
			"name": "base",
			"from": [0, 6.25, 1],
			"to": [3.5, 8, 3.25],
			"faces": {
				"north": {"uv": [0, 4, 3.5, 5.75], "texture": "#1"},
				"east": {"uv": [0, 4, 2.25, 5.75], "texture": "#1"},
				"south": {"uv": [0, 4, 3.5, 5.75], "texture": "#1"},
				"west": {"uv": [0, 4, 2.25, 5.75], "texture": "#1"},
				"up": {"uv": [0, 4, 3.5, 6.25], "texture": "#1"},
				"down": {"uv": [0, 4, 3.5, 6.25], "texture": "#1"}
			}
		},
		{
			"name": "base",
			"from": [0, 6.25, 5.75],
			"to": [3.5, 8, 8],
			"faces": {
				"north": {"uv": [0, 4, 3.5, 5.75], "texture": "#1"},
				"east": {"uv": [0, 4, 2.25, 5.75], "texture": "#1"},
				"south": {"uv": [0, 4, 3.5, 5.75], "texture": "#1"},
				"west": {"uv": [0, 4, 2.25, 5.75], "texture": "#1"},
				"up": {"uv": [0, 4, 3.5, 6.25], "texture": "#1"},
				"down": {"uv": [0, 4, 3.5, 6.25], "texture": "#1"}
			}
		},
		{
			"name": "base",
			"from": [0.25, 11, 4],
			"to": [1.5, 13, 5],
			"faces": {
				"north": {"uv": [8, 12, 11, 14], "texture": "#1"},
				"east": {"uv": [8, 12, 11, 14], "texture": "#1"},
				"south": {"uv": [8, 12, 11, 14], "texture": "#1"},
				"west": {"uv": [8, 12, 11, 14], "texture": "#1"},
				"up": {"uv": [8, 12, 11, 14], "texture": "#1"},
				"down": {"uv": [8, 12, 11, 14], "texture": "#1"}
			}
		},
		{
			"name": "base",
			"from": [-1, 4.75, 2.5],
			"to": [4.5, 7, 6.5],
			"faces": {
				"north": {"uv": [8, 12, 11, 14], "texture": "#1"},
				"east": {"uv": [8, 12, 11, 14], "texture": "#1"},
				"south": {"uv": [8, 12, 11, 14], "texture": "#1"},
				"west": {"uv": [8, 12, 11, 14], "texture": "#1"},
				"up": {"uv": [8, 12, 11, 14], "texture": "#1"},
				"down": {"uv": [8, 12, 11, 14], "texture": "#1"}
			}
		},
		{
			"name": "base",
			"from": [-0.75, 7, 2.5],
			"to": [0, 10.5, 6.5],
			"faces": {
				"north": {"uv": [8, 12, 8.75, 15.5], "texture": "#1"},
				"east": {"uv": [8, 12, 12, 15.5], "texture": "#1"},
				"south": {"uv": [8, 12, 8.75, 15.5], "texture": "#1"},
				"west": {"uv": [8, 12, 12, 15.5], "texture": "#1"},
				"up": {"uv": [8, 12, 8.75, 16], "texture": "#1"},
				"down": {"uv": [8, 12, 8.75, 16], "texture": "#1"}
			}
		},
		{
			"name": "base",
			"from": [0, 7, 2],
			"to": [4, 11, 7],
			"faces": {
				"north": {"uv": [0, 4, 5, 7], "texture": "#1"},
				"east": {"uv": [0, 4, 5, 7], "texture": "#1"},
				"south": {"uv": [0, 4, 5, 7], "texture": "#1"},
				"west": {"uv": [0, 4, 5, 7], "texture": "#1"},
				"up": {"uv": [0, 4, 5, 7], "texture": "#1"},
				"down": {"uv": [0, 4, 5, 7], "texture": "#1"}
			}
		},
		{
			"name": "barr",
			"from": [17.5, 8.25, 4],
			"to": [20.5, 9.75, 5],
			"faces": {
				"north": {"uv": [8, 12, 11, 13.5], "texture": "#1"},
				"east": {"uv": [8, 12, 9, 13.5], "texture": "#1"},
				"south": {"uv": [8, 12, 11, 13.5], "texture": "#1"},
				"west": {"uv": [8, 12, 9, 13.5], "texture": "#1"},
				"up": {"uv": [8, 12, 11, 13], "texture": "#1"},
				"down": {"uv": [8, 12, 11, 13], "texture": "#1"}
			}
		},
		{
			"name": "barr",
			"from": [8.5, 8, 3.75],
			"to": [17.5, 10, 5.25],
			"faces": {
				"north": {"uv": [8, 12, 17, 14], "texture": "#1"},
				"east": {"uv": [8, 12, 9.5, 14], "texture": "#1"},
				"south": {"uv": [8, 12, 17, 14], "texture": "#1"},
				"west": {"uv": [8, 12, 9.5, 14], "texture": "#1"},
				"up": {"uv": [8, 12, 17, 13.5], "texture": "#1"},
				"down": {"uv": [8, 12, 17, 13.5], "texture": "#1"}
			}
		},
		{
			"name": "Silverstuff",
			"from": [7, 7, 3.75],
			"to": [8.75, 11, 5.25],
			"rotation": {"angle": 0, "axis": "x", "origin": [7.75, 9, 4.5]},
			"faces": {
				"north": {"uv": [8, 12, 11, 14], "rotation": 180, "texture": "#1"},
				"east": {"uv": [8, 12, 11, 14], "rotation": 180, "texture": "#1"},
				"south": {"uv": [8, 12, 11, 14], "rotation": 180, "texture": "#1"},
				"west": {"uv": [8, 12, 11, 14], "rotation": 180, "texture": "#1"},
				"up": {"uv": [8, 12, 11, 14], "rotation": 180, "texture": "#1"},
				"down": {"uv": [8, 12, 11, 14], "rotation": 180, "texture": "#1"}
			}
		},
		{
			"name": "Silverstuff",
			"from": [7, 8.25, 2.5],
			"to": [8.75, 9.75, 6.5],
			"rotation": {"angle": -45, "axis": "x", "origin": [7.75, 9, 4.5]},
			"faces": {
				"north": {"uv": [8, 12, 9.75, 13.5], "texture": "#1"},
				"east": {"uv": [8, 12, 12, 13.5], "texture": "#1"},
				"south": {"uv": [8, 12, 9.75, 13.5], "texture": "#1"},
				"west": {"uv": [8, 12, 12, 13.5], "texture": "#1"},
				"up": {"uv": [8, 12, 9.75, 16], "texture": "#1"},
				"down": {"uv": [8, 12, 9.75, 16], "texture": "#1"}
			}
		},
		{
			"name": "Silverstuff",
			"from": [7, 8.25, 2.5],
			"to": [8.75, 9.75, 6.5],
			"rotation": {"angle": 45, "axis": "x", "origin": [7.75, 9, 4.5]},
			"faces": {
				"north": {"uv": [8, 12, 9.75, 13.5], "texture": "#1"},
				"east": {"uv": [8, 12, 12, 13.5], "texture": "#1"},
				"south": {"uv": [8, 12, 9.75, 13.5], "texture": "#1"},
				"west": {"uv": [8, 12, 12, 13.5], "texture": "#1"},
				"up": {"uv": [8, 12, 9.75, 16], "texture": "#1"},
				"down": {"uv": [8, 12, 9.75, 16], "texture": "#1"}
			}
		},
		{
			"name": "Silverstuff",
			"from": [7, 8.25, 2.5],
			"to": [8.75, 9.75, 6.5],
			"faces": {
				"north": {"uv": [8, 12, 9.75, 13.5], "texture": "#1"},
				"east": {"uv": [8, 12, 12, 13.5], "texture": "#1"},
				"south": {"uv": [8, 12, 9.75, 13.5], "texture": "#1"},
				"west": {"uv": [8, 12, 12, 13.5], "texture": "#1"},
				"up": {"uv": [8, 12, 9.75, 16], "texture": "#1"},
				"down": {"uv": [8, 12, 9.75, 16], "texture": "#1"}
			}
		},
		{
			"name": "barr",
			"from": [20.5, 8, 5],
			"to": [21.75, 10, 5.25],
			"faces": {
				"north": {"uv": [0, 4, 1.25, 6], "texture": "#1"},
				"east": {"uv": [0, 4, 0.25, 6], "texture": "#1"},
				"south": {"uv": [0, 4, 1.25, 6], "texture": "#1"},
				"west": {"uv": [0, 4, 0.25, 6], "texture": "#1"},
				"up": {"uv": [0, 4, 1.25, 4.25], "texture": "#1"},
				"down": {"uv": [0, 4, 1.25, 4.25], "texture": "#1"}
			}
		},
		{
			"name": "barr",
			"from": [20.5, 8, 3.75],
			"to": [21.75, 8.5, 5.25],
			"faces": {
				"north": {"uv": [0, 4, 0.25, 6], "texture": "#1"},
				"east": {"uv": [0, 4, 0.25, 6], "texture": "#1"},
				"south": {"uv": [0, 4, 0.25, 6], "texture": "#1"},
				"west": {"uv": [0, 4, 0.25, 6], "texture": "#1"},
				"up": {"uv": [0, 4, 0.25, 6], "texture": "#1"},
				"down": {"uv": [0, 4, 0.25, 6], "texture": "#1"}
			}
		},
		{
			"name": "barr",
			"from": [20.5, 9.5, 3.75],
			"to": [21.75, 10, 5.25],
			"faces": {
				"north": {"uv": [0, 4, 0.25, 6], "texture": "#1"},
				"east": {"uv": [0, 4, 0.25, 6], "texture": "#1"},
				"south": {"uv": [0, 4, 0.25, 6], "texture": "#1"},
				"west": {"uv": [0, 4, 0.25, 6], "texture": "#1"},
				"up": {"uv": [0, 4, 0.25, 6], "texture": "#1"},
				"down": {"uv": [0, 4, 0.25, 6], "texture": "#1"}
			}
		},
		{
			"name": "barr",
			"from": [20.5, 8, 3.75],
			"to": [21.75, 10, 4],
			"faces": {
				"north": {"uv": [0, 4, 0.25, 6], "texture": "#1"},
				"east": {"uv": [0, 4, 0.25, 6], "texture": "#1"},
				"south": {"uv": [0, 4, 0.25, 6], "texture": "#1"},
				"west": {"uv": [0, 4, 0.25, 6], "texture": "#1"},
				"up": {"uv": [0, 4, 0.25, 6], "texture": "#1"},
				"down": {"uv": [0, 4, 0.25, 6], "texture": "#1"}
			}
		},
		{
			"name": "base",
			"from": [5, 7.5, 0.5],
			"to": [6, 8, 1],
			"faces": {
				"north": {"uv": [8, 12, 11, 14], "texture": "#1"},
				"east": {"uv": [8, 12, 11, 14], "texture": "#1"},
				"south": {"uv": [8, 12, 11, 14], "texture": "#1"},
				"west": {"uv": [8, 12, 11, 14], "texture": "#1"},
				"up": {"uv": [8, 12, 11, 14], "texture": "#1"},
				"down": {"uv": [8, 12, 11, 14], "texture": "#1"}
			}
		},
		{
			"name": "base",
			"from": [5, 8, 1],
			"to": [6, 8.5, 1.5],
			"faces": {
				"north": {"uv": [8, 12, 11, 14], "texture": "#1"},
				"east": {"uv": [8, 12, 11, 14], "texture": "#1"},
				"south": {"uv": [8, 12, 11, 14], "texture": "#1"},
				"west": {"uv": [8, 12, 11, 14], "texture": "#1"},
				"up": {"uv": [8, 12, 11, 14], "texture": "#1"},
				"down": {"uv": [8, 12, 11, 14], "texture": "#1"}
			}
		},
		{
			"name": "base",
			"from": [5, 8.5, 1.5],
			"to": [6, 9, 2],
			"faces": {
				"north": {"uv": [8, 12, 11, 14], "texture": "#1"},
				"east": {"uv": [8, 12, 11, 14], "texture": "#1"},
				"south": {"uv": [8, 12, 11, 14], "texture": "#1"},
				"west": {"uv": [8, 12, 11, 14], "texture": "#1"},
				"up": {"uv": [8, 12, 11, 14], "texture": "#1"},
				"down": {"uv": [8, 12, 11, 14], "texture": "#1"}
			}
		},
		{
			"name": "base",
			"from": [5, 9, 1.75],
			"to": [6.5, 9.25, 2],
			"faces": {
				"north": {"uv": [8, 15, 9, 16], "texture": "#0"},
				"east": {"uv": [8, 15, 9, 16], "texture": "#0"},
				"south": {"uv": [8, 15, 9, 16], "texture": "#0"},
				"west": {"uv": [8, 15, 9, 16], "texture": "#0"},
				"up": {"uv": [8, 15, 9, 16], "texture": "#0"},
				"down": {"uv": [8, 15, 9, 16], "texture": "#0"}
			}
		},
		{
			"name": "base",
			"from": [5, 8.25, 1.75],
			"to": [6.5, 8.5, 2],
			"faces": {
				"north": {"uv": [8, 15, 9, 16], "texture": "#0"},
				"east": {"uv": [8, 15, 9, 16], "texture": "#0"},
				"south": {"uv": [8, 15, 9, 16], "texture": "#0"},
				"west": {"uv": [8, 15, 9, 16], "texture": "#0"},
				"up": {"uv": [8, 15, 9, 16], "texture": "#0"},
				"down": {"uv": [8, 15, 9, 16], "texture": "#0"}
			}
		},
		{
			"name": "base",
			"from": [5, 7.75, -0.25],
			"to": [6.5, 8, 0],
			"faces": {
				"north": {"uv": [0, 4, 1.5, 4.25], "texture": "#1"},
				"east": {"uv": [0, 4, 0.25, 4.25], "texture": "#1"},
				"south": {"uv": [0, 4, 1.5, 4.25], "texture": "#1"},
				"west": {"uv": [0, 4, 0.25, 4.25], "texture": "#1"},
				"up": {"uv": [0, 4, 1.5, 4.25], "texture": "#1"},
				"down": {"uv": [0, 4, 1.5, 4.25], "texture": "#1"}
			}
		},
		{
			"name": "base",
			"from": [6.5, 7.75, 0],
			"to": [6.75, 8, 2.25],
			"faces": {
				"north": {"uv": [0, 4, 0.25, 4.25], "texture": "#1"},
				"east": {"uv": [0, 4, 2.25, 4.25], "texture": "#1"},
				"south": {"uv": [0, 4, 0.25, 4.25], "texture": "#1"},
				"west": {"uv": [0, 4, 2.25, 4.25], "texture": "#1"},
				"up": {"uv": [0, 4, 0.25, 6.25], "texture": "#1"},
				"down": {"uv": [0, 4, 0.25, 6.25], "texture": "#1"}
			}
		},
		{
			"name": "base",
			"from": [4.75, 7.75, 0],
			"to": [5, 8, 2.25],
			"faces": {
				"north": {"uv": [0, 4, 0.25, 4.25], "texture": "#1"},
				"east": {"uv": [0, 4, 2.25, 4.25], "texture": "#1"},
				"south": {"uv": [0, 4, 0.25, 4.25], "texture": "#1"},
				"west": {"uv": [0, 4, 2.25, 4.25], "texture": "#1"},
				"up": {"uv": [0, 4, 0.25, 6.25], "texture": "#1"},
				"down": {"uv": [0, 4, 0.25, 6.25], "texture": "#1"}
			}
		},
		{
			"name": "base",
			"from": [6.5, 5.25, -0.25],
			"to": [6.75, 8, 0],
			"faces": {
				"north": {"uv": [0, 4, 0.25, 6.75], "texture": "#1"},
				"east": {"uv": [0, 4, 0.25, 6.75], "texture": "#1"},
				"south": {"uv": [0, 4, 0.25, 6.75], "texture": "#1"},
				"west": {"uv": [0, 4, 0.25, 6.75], "texture": "#1"},
				"up": {"uv": [0, 4, 0.25, 4.25], "texture": "#1"},
				"down": {"uv": [0, 4, 0.25, 4.25], "texture": "#1"}
			}
		},
		{
			"name": "base",
			"from": [4.75, 5.25, -0.25],
			"to": [5, 8, 0],
			"faces": {
				"north": {"uv": [0, 4, 0.25, 6.75], "texture": "#1"},
				"east": {"uv": [0, 4, 0.25, 6.75], "texture": "#1"},
				"south": {"uv": [0, 4, 0.25, 6.75], "texture": "#1"},
				"west": {"uv": [0, 4, 0.25, 6.75], "texture": "#1"},
				"up": {"uv": [0, 4, 0.25, 4.25], "texture": "#1"},
				"down": {"uv": [0, 4, 0.25, 4.25], "texture": "#1"}
			}
		},
		{
			"name": "base",
			"from": [4.75, 5.25, 3.25],
			"to": [6.75, 8, 3.5],
			"faces": {
				"north": {"uv": [8, 15, 9, 16], "texture": "#0"},
				"east": {"uv": [8, 15, 9, 16], "texture": "#0"},
				"south": {"uv": [8, 15, 9, 16], "texture": "#0"},
				"west": {"uv": [8, 15, 9, 16], "texture": "#0"},
				"up": {"uv": [8, 15, 9, 16], "texture": "#0"},
				"down": {"uv": [8, 15, 9, 16], "texture": "#0"}
			}
		},
		{
			"name": "base",
			"from": [4.75, 5, 0],
			"to": [6.75, 5.25, 3.25],
			"faces": {
				"north": {"uv": [0, 4, 2, 4.25], "texture": "#1"},
				"east": {"uv": [0, 4, 3.25, 4.25], "texture": "#1"},
				"south": {"uv": [0, 4, 2, 4.25], "texture": "#1"},
				"west": {"uv": [0, 4, 3.25, 4.25], "texture": "#1"},
				"up": {"uv": [0, 4, 2, 7.25], "texture": "#1"},
				"down": {"uv": [0, 4, 2, 7.25], "texture": "#1"}
			}
		},
		{
			"name": "base",
			"from": [4.75, 5.25, 0],
			"to": [6.75, 7.75, 3.25],
			"faces": {
				"north": {"uv": [1, 5, 4, 8], "texture": "#2"},
				"east": {"uv": [1, 5, 4, 8], "texture": "#2"},
				"south": {"uv": [1, 5, 4, 8], "texture": "#2"},
				"west": {"uv": [1, 5, 4, 8], "texture": "#2"},
				"up": {"uv": [0, 15, 2, 16], "texture": "#0"},
				"down": {"uv": [1, 5, 4, 8], "texture": "#2"}
			}
		}
	],
	"display": {
		"thirdperson_righthand": {
			"rotation": [0, 90, 45],
			"translation": [-2, 6, -4],
			"scale": [1.2, 1.2, 1.2]
		},
		"thirdperson_lefthand": {
			"rotation": [98, -90, 31],
			"translation": [-10, 7, -1],
			"scale": [1.2, 1.2, 1.2]
		},
		"firstperson_righthand": {
			"rotation": [0, 87, 64],
			"translation": [2, 6.5, 1]
		},
		"firstperson_lefthand": {
			"rotation": [0, -87, 3],
			"translation": [-18, 1.5, 1.13]
		},
		"ground": {
			"rotation": [18, -37, 18],
			"translation": [0.76, -0.57, 4.91]
		},
		"gui": {
			"rotation": [-18, -28, 31],
			"translation": [-2.5, 0.5, 0],
			"scale": [0.7, 0.9, 0.9]
		},
		"head": {
			"rotation": [0, -1, 45],
			"translation": [6.43, -14.36, 11.15],
			"scale": [2, 2, 2]
		},
		"fixed": {
			"rotation": [0, -180, 40],
			"translation": [-2.65, -0.19, -4.72],
			"scale": [1.23, 1.2, 1.13]
		}
	},
	"groups": [
		{
			"name": "",
			"origin": [8, 8, 8],
			"children": []
		},
		{
			"name": "group",
			"origin": [8, 8, 8],
			"children": []
		},
		{
			"name": "group",
			"origin": [8, 8, 8],
			"children": [0, 1, 2, 3]
		}, 4, 5, 6, 7, 8, 9, 10, 11,
		{
			"name": "group",
			"origin": [8, 8, 8],
			"children": [12, 13, 14, 15]
		},
		{
			"name": "group",
			"origin": [8, 8, 8],
			"children": [16, 17, 18, 19]
		},
		{
			"name": "group",
			"origin": [8, 8, 8],
			"children": [20, 21, 22, 23, 24, 25, 26, 27, 28, 29, 30, 31, 32]
		}
	]
}