{
	"credit": "Made with Blockbench",
	"textures": {
		"1": "ttp/qualityarmory/texturedmaterials1",
		"particle": "ttp/qualityarmory/rgbsheet1"
	},
	"elements": [
		{
			"from": [0, 10.25, 4],
			"to": [1.5, 10.75, 4.5],
			"faces": {
				"north": {"uv": [9, 4, 14, 7], "texture": "#1"},
				"east": {"uv": [9, 4, 14, 7], "texture": "#1"},
				"south": {"uv": [9, 4, 14, 7], "texture": "#1"},
				"west": {"uv": [9, 4, 14, 7], "texture": "#1"},
				"up": {"uv": [9, 4, 14, 7], "texture": "#1"},
				"down": {"uv": [9, 4, 14, 7], "texture": "#1"}
			}
		},
		{
			"from": [1.5, 10.75, 4],
			"to": [2.25, 11.25, 4.5],
			"faces": {
				"north": {"uv": [9, 4, 14, 7], "texture": "#1"},
				"east": {"uv": [9, 4, 14, 7], "texture": "#1"},
				"south": {"uv": [9, 4, 14, 7], "texture": "#1"},
				"west": {"uv": [9, 4, 14, 7], "texture": "#1"},
				"up": {"uv": [9, 4, 14, 7], "texture": "#1"},
				"down": {"uv": [9, 4, 14, 7], "texture": "#1"}
			}
		},
		{
			"from": [1.5, 10.75, 4],
			"to": [2, 11.25, 4.5],
			"rotation": {"angle": 45, "axis": "z", "origin": [1.5, 11.25, 4]},
			"faces": {
				"north": {"uv": [9, 4, 14, 7], "texture": "#1"},
				"east": {"uv": [9, 4, 14, 7], "texture": "#1"},
				"south": {"uv": [9, 4, 14, 7], "texture": "#1"},
				"west": {"uv": [9, 4, 14, 7], "texture": "#1"},
				"up": {"uv": [9, 4, 14, 7], "texture": "#1"},
				"down": {"uv": [9, 4, 14, 7], "texture": "#1"}
			}
		},
		{
			"from": [1.8125, 11.5, 4],
			"to": [2.3125, 12, 4.5],
			"faces": {
				"north": {"uv": [9, 4, 14, 7], "texture": "#1"},
				"east": {"uv": [9, 4, 14, 7], "texture": "#1"},
				"south": {"uv": [9, 4, 14, 7], "texture": "#1"},
				"west": {"uv": [9, 4, 14, 7], "texture": "#1"},
				"up": {"uv": [9, 4, 14, 7], "texture": "#1"},
				"down": {"uv": [9, 4, 14, 7], "texture": "#1"}
			}
		},
		{
			"from": [2, 10.75, 4],
			"to": [9, 11.5, 4.5],
			"faces": {
				"north": {"uv": [9, 4, 14, 7], "texture": "#1"},
				"east": {"uv": [9, 4, 14, 7], "texture": "#1"},
				"south": {"uv": [9, 4, 14, 7], "texture": "#1"},
				"west": {"uv": [9, 4, 14, 7], "texture": "#1"},
				"up": {"uv": [9, 4, 14, 7], "texture": "#1"},
				"down": {"uv": [9, 4, 14, 7], "texture": "#1"}
			}
		},
		{
			"from": [1.5, 9.75, 3.75],
			"to": [9.25, 10.75, 4.75],
			"faces": {
				"north": {"uv": [9, 4, 14, 7], "texture": "#1"},
				"east": {"uv": [9, 4, 14, 7], "texture": "#1"},
				"south": {"uv": [9, 4, 14, 7], "texture": "#1"},
				"west": {"uv": [9, 4, 14, 7], "texture": "#1"},
				"up": {"uv": [9, 4, 14, 7], "texture": "#1"},
				"down": {"uv": [9, 4, 14, 7], "texture": "#1"}
			}
		},
		{
			"from": [8.25, 10.75, 3.75],
			"to": [9.75, 11.5, 4.75],
			"faces": {
				"north": {"uv": [9, 4, 14, 7], "texture": "#1"},
				"east": {"uv": [9, 4, 14, 7], "texture": "#1"},
				"south": {"uv": [9, 4, 14, 7], "texture": "#1"},
				"west": {"uv": [9, 4, 14, 7], "texture": "#1"},
				"up": {"uv": [9, 4, 14, 7], "texture": "#1"},
				"down": {"uv": [9, 4, 14, 7], "texture": "#1"}
			}
		},
		{
			"from": [6, 9, 3.75],
			"to": [8.5, 9.75, 4.75],
			"faces": {
				"north": {"uv": [9, 4, 14, 7], "texture": "#1"},
				"east": {"uv": [9, 4, 14, 7], "texture": "#1"},
				"south": {"uv": [9, 4, 14, 7], "texture": "#1"},
				"west": {"uv": [9, 4, 14, 7], "texture": "#1"},
				"up": {"uv": [9, 4, 14, 7], "texture": "#1"},
				"down": {"uv": [9, 4, 14, 7], "texture": "#1"}
			}
		},
		{
			"from": [2.5, 7.5, 4],
			"to": [3.25, 9.75, 4.5],
			"faces": {
				"north": {"uv": [9, 4, 14, 7], "texture": "#1"},
				"east": {"uv": [9, 4, 14, 7], "texture": "#1"},
				"south": {"uv": [9, 4, 14, 7], "texture": "#1"},
				"west": {"uv": [9, 4, 14, 7], "texture": "#1"},
				"up": {"uv": [9, 4, 14, 7], "texture": "#1"},
				"down": {"uv": [9, 4, 14, 7], "texture": "#1"}
			}
		},
		{
			"from": [2, 9.5, 4],
			"to": [3.75, 9.75, 4.5],
			"faces": {
				"north": {"uv": [9, 4, 14, 7], "texture": "#1"},
				"east": {"uv": [9, 4, 14, 7], "texture": "#1"},
				"south": {"uv": [9, 4, 14, 7], "texture": "#1"},
				"west": {"uv": [9, 4, 14, 7], "texture": "#1"},
				"up": {"uv": [9, 4, 14, 7], "texture": "#1"},
				"down": {"uv": [9, 4, 14, 7], "texture": "#1"}
			}
		},
		{
			"from": [1.5, 9.25, 4],
			"to": [1.75, 9.75, 4.5],
			"faces": {
				"north": {"uv": [9, 4, 14, 7], "texture": "#1"},
				"east": {"uv": [9, 4, 14, 7], "texture": "#1"},
				"south": {"uv": [9, 4, 14, 7], "texture": "#1"},
				"west": {"uv": [9, 4, 14, 7], "texture": "#1"},
				"up": {"uv": [9, 4, 14, 7], "texture": "#1"},
				"down": {"uv": [9, 4, 14, 7], "texture": "#1"}
			}
		},
		{
			"from": [5, 8.5, 3.75],
			"to": [6, 9.75, 4.75],
			"faces": {
				"north": {"uv": [9, 4, 14, 7], "texture": "#1"},
				"east": {"uv": [9, 4, 14, 7], "texture": "#1"},
				"south": {"uv": [9, 4, 14, 7], "texture": "#1"},
				"west": {"uv": [9, 4, 14, 7], "texture": "#1"},
				"up": {"uv": [9, 4, 14, 7], "texture": "#1"},
				"down": {"uv": [9, 4, 14, 7], "texture": "#1"}
			}
		},
		{
			"from": [6, 8.75, 4],
			"to": [6.75, 9, 4.5],
			"faces": {
				"north": {"uv": [9, 4, 14, 7], "texture": "#1"},
				"east": {"uv": [9, 4, 14, 7], "texture": "#1"},
				"south": {"uv": [9, 4, 14, 7], "texture": "#1"},
				"west": {"uv": [9, 4, 14, 7], "texture": "#1"},
				"up": {"uv": [9, 4, 14, 7], "texture": "#1"},
				"down": {"uv": [9, 4, 14, 7], "texture": "#1"}
			}
		},
		{
			"from": [6.75, 8.5, 4],
			"to": [7, 8.75, 4.5],
			"faces": {
				"north": {"uv": [9, 4, 14, 7], "texture": "#1"},
				"east": {"uv": [9, 4, 14, 7], "texture": "#1"},
				"south": {"uv": [9, 4, 14, 7], "texture": "#1"},
				"west": {"uv": [9, 4, 14, 7], "texture": "#1"},
				"up": {"uv": [9, 4, 14, 7], "texture": "#1"},
				"down": {"uv": [9, 4, 14, 7], "texture": "#1"}
			}
		},
		{
			"from": [7, 8.25, 4],
			"to": [8.25, 8.5, 4.5],
			"faces": {
				"north": {"uv": [9, 4, 14, 7], "texture": "#1"},
				"east": {"uv": [9, 4, 14, 7], "texture": "#1"},
				"south": {"uv": [9, 4, 14, 7], "texture": "#1"},
				"west": {"uv": [9, 4, 14, 7], "texture": "#1"},
				"up": {"uv": [9, 4, 14, 7], "texture": "#1"},
				"down": {"uv": [9, 4, 14, 7], "texture": "#1"}
			}
		},
		{
			"from": [7.9375, 8.8125, 3.75],
			"to": [8.9375, 9.5625, 4.75],
			"rotation": {"angle": 45, "axis": "z", "origin": [7.9375, 9.5625, 3.75]},
			"faces": {
				"north": {"uv": [9, 4, 14, 7], "texture": "#1"},
				"east": {"uv": [9, 4, 14, 7], "texture": "#1"},
				"south": {"uv": [9, 4, 14, 7], "texture": "#1"},
				"west": {"uv": [9, 4, 14, 7], "texture": "#1"},
				"up": {"uv": [9, 4, 14, 7], "texture": "#1"},
				"down": {"uv": [9, 4, 14, 7], "texture": "#1"}
			}
		},
		{
			"from": [7.8125, 7.25, 4],
			"to": [8.5, 9.5, 4.5],
			"rotation": {"angle": 22.5, "axis": "z", "origin": [7.8125, 9.5, 4]},
			"faces": {
				"north": {"uv": [9, 4, 14, 7], "texture": "#1"},
				"east": {"uv": [9, 4, 14, 7], "texture": "#1"},
				"south": {"uv": [9, 4, 14, 7], "texture": "#1"},
				"west": {"uv": [9, 4, 14, 7], "texture": "#1"},
				"up": {"uv": [9, 4, 14, 7], "texture": "#1"},
				"down": {"uv": [9, 4, 14, 7], "texture": "#1"}
			}
		},
		{
			"from": [5.0625, 6.4375, 4],
			"to": [5.875, 9, 4.5],
			"faces": {
				"north": {"uv": [9, 4, 14, 7], "texture": "#1"},
				"east": {"uv": [9, 4, 14, 7], "texture": "#1"},
				"south": {"uv": [9, 4, 14, 7], "texture": "#1"},
				"west": {"uv": [9, 4, 14, 7], "texture": "#1"},
				"up": {"uv": [9, 4, 14, 7], "texture": "#1"},
				"down": {"uv": [9, 4, 14, 7], "texture": "#1"}
			}
		},
		{
			"from": [4.9375, 5.4375, 4],
			"to": [5.625, 6.75, 4.5],
			"faces": {
				"north": {"uv": [9, 4, 14, 7], "texture": "#1"},
				"east": {"uv": [9, 4, 14, 7], "texture": "#1"},
				"south": {"uv": [9, 4, 14, 7], "texture": "#1"},
				"west": {"uv": [9, 4, 14, 7], "texture": "#1"},
				"up": {"uv": [9, 4, 14, 7], "texture": "#1"},
				"down": {"uv": [9, 4, 14, 7], "texture": "#1"}
			}
		},
		{
			"from": [8.25, 11.25, 3.75],
			"to": [9, 12, 4.75],
			"faces": {
				"north": {"uv": [9, 4, 14, 7], "texture": "#1"},
				"east": {"uv": [9, 4, 14, 7], "texture": "#1"},
				"south": {"uv": [9, 4, 14, 7], "texture": "#1"},
				"west": {"uv": [9, 4, 14, 7], "texture": "#1"},
				"up": {"uv": [9, 4, 14, 7], "texture": "#1"},
				"down": {"uv": [9, 4, 14, 7], "texture": "#1"}
			}
		},
		{
			"from": [9, 11.25, 3.75],
			"to": [9.75, 12, 4.75],
			"rotation": {"angle": -45, "axis": "z", "origin": [9, 12, 3.75]},
			"faces": {
				"north": {"uv": [9, 4, 14, 7], "texture": "#1"},
				"east": {"uv": [9, 4, 14, 7], "texture": "#1"},
				"south": {"uv": [9, 4, 14, 7], "texture": "#1"},
				"west": {"uv": [9, 4, 14, 7], "texture": "#1"},
				"up": {"uv": [9, 4, 14, 7], "texture": "#1"},
				"down": {"uv": [9, 4, 14, 7], "texture": "#1"}
			}
		},
		{
			"from": [9.75, 10.75, 4],
			"to": [10.5, 11.5, 4.5],
			"rotation": {"angle": -45, "axis": "z", "origin": [9.75, 11.5, 4]},
			"faces": {
				"north": {"uv": [9, 4, 14, 7], "texture": "#1"},
				"east": {"uv": [9, 4, 14, 7], "texture": "#1"},
				"south": {"uv": [9, 4, 14, 7], "texture": "#1"},
				"west": {"uv": [9, 4, 14, 7], "texture": "#1"},
				"up": {"uv": [9, 4, 14, 7], "texture": "#1"},
				"down": {"uv": [9, 4, 14, 7], "texture": "#1"}
			}
		},
		{
			"from": [9.9375, 9.875, 4],
			"to": [14.5625, 10.3125, 4.5],
			"rotation": {"angle": -22.5, "axis": "z", "origin": [9.9375, 10.3125, 4]},
			"faces": {
				"north": {"uv": [9, 4, 14, 7], "texture": "#1"},
				"east": {"uv": [9, 4, 14, 7], "texture": "#1"},
				"south": {"uv": [9, 4, 14, 7], "texture": "#1"},
				"west": {"uv": [9, 4, 14, 7], "texture": "#1"},
				"up": {"uv": [9, 4, 14, 7], "texture": "#1"},
				"down": {"uv": [9, 4, 14, 7], "texture": "#1"}
			}
		},
		{
			"from": [10, 10.625, 3.9375],
			"to": [14.5, 11.0625, 4.5625],
			"faces": {
				"north": {"uv": [9, 4, 14, 7], "texture": "#1"},
				"east": {"uv": [9, 4, 14, 7], "texture": "#1"},
				"south": {"uv": [9, 4, 14, 7], "texture": "#1"},
				"west": {"uv": [9, 4, 14, 7], "texture": "#1"},
				"up": {"uv": [9, 4, 14, 7], "texture": "#1"},
				"down": {"uv": [9, 4, 14, 7], "texture": "#1"}
			}
		},
		{
			"from": [14, 8.1875, 4],
			"to": [14.5625, 11.0625, 4.5],
			"faces": {
				"north": {"uv": [9, 4, 14, 7], "texture": "#1"},
				"east": {"uv": [9, 4, 14, 7], "texture": "#1"},
				"south": {"uv": [9, 4, 14, 7], "texture": "#1"},
				"west": {"uv": [9, 4, 14, 7], "texture": "#1"},
				"up": {"uv": [9, 4, 14, 7], "texture": "#1"},
				"down": {"uv": [9, 4, 14, 7], "texture": "#1"}
			}
		},
		{
			"from": [12.1875, 8.9375, 4],
			"to": [12.625, 10.9375, 4.5],
			"faces": {
				"north": {"uv": [9, 4, 14, 7], "texture": "#1"},
				"east": {"uv": [9, 4, 14, 7], "texture": "#1"},
				"south": {"uv": [9, 4, 14, 7], "texture": "#1"},
				"west": {"uv": [9, 4, 14, 7], "texture": "#1"},
				"up": {"uv": [9, 4, 14, 7], "texture": "#1"},
				"down": {"uv": [9, 4, 14, 7], "texture": "#1"}
			}
		},
		{
			"from": [10.1875, 9.8125, 4],
			"to": [11.3125, 10.8125, 4.5],
			"faces": {
				"north": {"uv": [9, 4, 14, 7], "texture": "#1"},
				"east": {"uv": [9, 4, 14, 7], "texture": "#1"},
				"south": {"uv": [9, 4, 14, 7], "texture": "#1"},
				"west": {"uv": [9, 4, 14, 7], "texture": "#1"},
				"up": {"uv": [9, 4, 14, 7], "texture": "#1"},
				"down": {"uv": [9, 4, 14, 7], "texture": "#1"}
			}
		},
		{
			"from": [9.75, 9.75, 4],
			"to": [10.25, 10.75, 4.5],
			"faces": {
				"north": {"uv": [9, 4, 14, 7], "texture": "#1"},
				"east": {"uv": [9, 4, 14, 7], "texture": "#1"},
				"south": {"uv": [9, 4, 14, 7], "texture": "#1"},
				"west": {"uv": [9, 4, 14, 7], "texture": "#1"},
				"up": {"uv": [9, 4, 14, 7], "texture": "#1"},
				"down": {"uv": [9, 4, 14, 7], "texture": "#1"}
			}
		},
		{
			"from": [9.25, 9.75, 3.75],
			"to": [9.75, 10.75, 4.75],
			"faces": {
				"north": {"uv": [9, 4, 14, 7], "texture": "#1"},
				"east": {"uv": [9, 4, 14, 7], "texture": "#1"},
				"south": {"uv": [9, 4, 14, 7], "texture": "#1"},
				"west": {"uv": [9, 4, 14, 7], "texture": "#1"},
				"up": {"uv": [9, 4, 14, 7], "texture": "#1"},
				"down": {"uv": [9, 4, 14, 7], "texture": "#1"}
			}
		}
	],
	"display": {
		"thirdperson_righthand": {
			"rotation": [0, -90, 0],
			"translation": [-6.43, -2.08, 2.27],
			"scale": [1.4, 1.26, 1.51]
		},
		"thirdperson_lefthand": {
			"rotation": [0, 88, -1],
			"translation": [5.29, -2.08, 2.27],
			"scale": [1.4, 1.26, 1.51]
		},
		"firstperson_righthand": {
			"rotation": [0, -103, 0],
			"translation": [-5.29, 1.32, 1.89],
			"scale": [1.26, 1.07, 1.13]
		},
		"firstperson_lefthand": {
			"rotation": [0, 82, 0],
			"translation": [1.4626, 1.3199, 3.4],
			"scale": [1.26, 1.07, 1.12]
		},
		"ground": {
			"rotation": [10, 72, -50]
		},
		"gui": {
			"rotation": [-30, 129, 0],
			"translation": [2.27, -4.16, 0],
			"scale": [1.3, 1.3, 1.3]
		},
		"head": {
			"rotation": [0, 0, -41],
			"translation": [-0.94, -19.46, 12.09],
			"scale": [2, 2, 2]
		},
		"fixed": {
			"rotation": [0, 0, -33],
			"translation": [0, -2.83, 4.16],
			"scale": [1.4, 1.4, 1.4]
		}
	}
}