{
    "parent": "item/generated",
    "textures": {
        "layer0": "item/crossbow_standby"
    },
    "display": {
        "thirdperson_righthand": {
            "rotation": [
                -90,
                0,
                -60
            ],
            "translation": [
                2,
                0.1,
                -3
            ],
            "scale": [
                0.9,
                0.9,
                0.9
            ]
        },
        "thirdperson_lefthand": {
            "rotation": [
                -90,
                0,
                30
            ],
            "translation": [
                2,
                0.1,
                -3
            ],
            "scale": [
                0.9,
                0.9,
                0.9
            ]
        },
        "firstperson_righthand": {
            "rotation": [
                -90,
                0,
                -55
            ],
            "translation": [
                1.13,
                3.2,
                1.13
            ],
            "scale": [
                0.68,
                0.68,
                0.68
            ]
        },
        "firstperson_lefthand": {
            "rotation": [
                -90,
                0,
                35
            ],
            "translation": [
                1.13,
                3.2,
                1.13
            ],
            "scale": [
                0.68,
                0.68,
                0.68
            ]
        }
    },
    "overrides": [
        {
            "predicate": {
                "pulling": 1
            },
            "model": "item/crossbow_pulling_0"
        },
        {
            "predicate": {
                "pulling": 1,
                "pull": 0.58
            },
            "model": "item/crossbow_pulling_1"
        },
        {
            "predicate": {
                "pulling": 1,
                "pull": 1.0
            },
            "model": "item/crossbow_pulling_2"
        },
        {
            "predicate": {
                "charged": 1
            },
            "model": "item/crossbow_arrow"
        },
        {
            "predicate": {
                "charged": 1,
                "firework": 1
            },
            "model": "item/crossbow_firework"
        },
        {
            "predicate": {
                "custom_model_data": 1
            },
            "model": "politmine/item/weapons/springfield"
        },
        {
            "predicate": {
                "custom_model_data": 2
            },
            "model": "politmine/item/weapons/lee_enfield"
        },
        {
            "predicate": {
                "custom_model_data": 3
            },
            "model": "politmine/item/weapons/lebel_1886"
        },
        {
            "predicate": {
                "custom_model_data": 4
            },
            "model": "politmine/item/weapons/gewehr_1888"
        },
        {
            "predicate": {
                "custom_model_data": 5
            },
            "model": "politmine/item/weapons/mosin_nagant"
        },
        {
            "predicate": {
                "custom_model_data": 6
            },
            "model": "politmine/item/weapons/mannlicher_1895"
        },
        {
            "predicate": {
                "custom_model_data": 7
            },
            "model": "politmine/item/weapons/hanyang_1888"
        },
        {
            "predicate": {
                "custom_model_data": 8
            },
            "model": "politmine/item/weapons/type38"
        },
        {
            "predicate": {
                "custom_model_data": 9
            },
            "model": "politmine/item/weapons/fusil_1917"
        },
        {
            "predicate": {
                "custom_model_data": 10
            },
            "model": "politmine/item/weapons/m1_carbine"
        },
        {
            "predicate": {
                "custom_model_data": 11
            },
            "model": "politmine/item/weapons/thompson"
        },
        {
            "predicate": {
                "custom_model_data": 12
            },
            "model": "politmine/item/weapons/stg44"
        },
        {
            "predicate": {
                "custom_model_data": 13
            },
            "model": "politmine/item/weapons/mg42"
        },
        {
            "predicate": {
                "custom_model_data": 14
            },
            "model": "politmine/item/weapons/mauserc96"
        },
        {
            "predicate": {
                "custom_model_data": 1001
            },
            "model": "politmine/item/weapons/springfieldaiming"
        },
        {
            "predicate": {
                "custom_model_data": 1002
            },
            "model": "politmine/item/weapons/lee_enfieldaiming"
        },
        {
            "predicate": {
                "custom_model_data": 1003
            },
            "model": "politmine/item/weapons/lebel_1886aiming"
        },
        {
            "predicate": {
                "custom_model_data": 1004
            },
            "model": "politmine/item/weapons/gewehr_1888aiming"
        },
        {
            "predicate": {
                "custom_model_data": 1005
            },
            "model": "politmine/item/weapons/mosin_nagantaiming"
        },
        {
            "predicate": {
                "custom_model_data": 1006
            },
            "model": "politmine/item/weapons/mannlicher_1895aiming"
        },
        {
            "predicate": {
                "custom_model_data": 1007
            },
            "model": "politmine/item/weapons/hanyang_1888aiming"
        },
        {
            "predicate": {
                "custom_model_data": 1008
            },
            "model": "politmine/item/weapons/type38aiming"
        },
        {
            "predicate": {
                "custom_model_data": 1009
            },
            "model": "politmine/item/weapons/fusil_1917aiming"
        },
        {
            "predicate": {
                "custom_model_data": 1010
            },
            "model": "politmine/item/weapons/m1_carbineaiming"
        },
        {
            "predicate": {
                "custom_model_data": 1011
            },
            "model": "politmine/item/weapons/thompsonaiming"
        },
        {
            "predicate": {
                "custom_model_data": 1012
            },
            "model": "politmine/item/weapons/stg44aiming"
        },
        {
            "predicate": {
                "custom_model_data": 1013
            },
            "model": "politmine/item/weapons/mg42aiming"
        },
        {
            "predicate": {
                "custom_model_data": 1014
            },
            "model": "politmine/item/weapons/mauserc96aiming"
        },
        {
            "predicate": {
                "custom_model_data": 2001
            },
            "model": "politmine/item/weapons/springfieldsprinting"
        },
        {
            "predicate": {
                "custom_model_data": 2002
            },
            "model": "politmine/item/weapons/lee_enfieldsprinting"
        },
        {
            "predicate": {
                "custom_model_data": 2003
            },
            "model": "politmine/item/weapons/lebel_1886sprinting"
        },
        {
            "predicate": {
                "custom_model_data": 2004
            },
            "model": "politmine/item/weapons/gewehr_1888sprinting"
        },
        {
            "predicate": {
                "custom_model_data": 2005
            },
            "model": "politmine/item/weapons/mosin_nagantsprinting"
        },
        {
            "predicate": {
                "custom_model_data": 2006
            },
            "model": "politmine/item/weapons/mannlicher_1895sprinting"
        },
        {
            "predicate": {
                "custom_model_data": 2007
            },
            "model": "politmine/item/weapons/hanyang_1888sprinting"
        },
        {
            "predicate": {
                "custom_model_data": 2008
            },
            "model": "politmine/item/weapons/type38sprinting"
        },
        {
            "predicate": {
                "custom_model_data": 2009
            },
            "model": "politmine/item/weapons/fusil_1917sprinting"
        },
        {
            "predicate": {
                "custom_model_data": 2010
            },
            "model": "politmine/item/weapons/m1_carbinesprinting"
        },
        {
            "predicate": {
                "custom_model_data": 2011
            },
            "model": "politmine/item/weapons/thompsonsprinting"
        },
        {
            "predicate": {
                "custom_model_data": 2012
            },
            "model": "politmine/item/weapons/stg44sprinting"
        },
        {
            "predicate": {
                "custom_model_data": 2013
            },
            "model": "politmine/item/weapons/mg42sprinting"
        },
        {
            "predicate": {
                "custom_model_data": 2013
            },
            "model": "politmine/item/weapons/mauserc96sprinting"
        }
    ]
}