{
    "parent": "item/generated",
    "textures": {
        "layer0": "item/structure_void"
    },
    "display": {
        "head": {
            "rotation": [
                0,
                0,
                45
            ],
            "translation": [
                -1,
                13,
                7
            ],
            "scale": [
                1,
                1,
                1
            ]
        }
    },
    "overrides": [
        {
            "predicate": {
                "custom_model_data": 1
            },
            "model": "ttp/item/feather/empty"
        },
        {
            "predicate": {
                "custom_model_data": 3
            },
            "model": "minecraft:item/feather"
        },
        {
            "predicate": {
                "custom_model_data": 30
            },
            "model": "ttp/item/gui/trade_no"
        },
        {
            "predicate": {
                "custom_model_data": 31
            },
            "model": "ttp/item/gui/trade_yes"
        }
    ]
}