{
	"credit": "Made with Blockbench",
	"textures": {
		"0": "politmine/item/brewery/baltica/texture2473",
		"particle": "politmine/item/brewery/baltica/texture2473"
	},
	"elements": [
		{
			"from": [3, 0, 3],
			"to": [13, 18, 13],
			"faces": {
				"north": {"uv": [15, 6, 16, 10], "texture": "#0"},
				"east": {"uv": [15, 6, 16, 10], "texture": "#0"},
				"south": {"uv": [15, 6, 16, 10], "texture": "#0"},
				"west": {"uv": [15, 6, 16, 10], "texture": "#0"},
				"up": {"uv": [15, 2, 16, 3], "texture": "#0"},
				"down": {"uv": [4, 0.5, 6.5, 3], "texture": "#0"}
			}
		},
		{
			"from": [13, 0, 5],
			"to": [15, 15, 11],
			"faces": {
				"north": {"uv": [15, 6, 16, 10], "texture": "#0"},
				"east": {"uv": [12, 10, 16, 16], "texture": "#0"},
				"south": {"uv": [15, 6, 16, 10], "texture": "#0"},
				"west": {"uv": [0, 0, 37.5, 93.75], "texture": "#0"},
				"up": {"uv": [15.25, 6.5, 16, 10], "texture": "#0"},
				"down": {"uv": [15, 6, 16, 10], "texture": "#0"}
			}
		},
		{
			"from": [5, 0, 1],
			"to": [11, 15, 3],
			"faces": {
				"north": {"uv": [12, 10, 16, 16], "texture": "#0"},
				"east": {"uv": [15, 6, 16, 10], "texture": "#0"},
				"south": {"uv": [0, 0, 37.5, 93.75], "texture": "#0"},
				"west": {"uv": [15, 6, 16, 10], "texture": "#0"},
				"up": {"uv": [15.25, 6.5, 16, 10], "rotation": 270, "texture": "#0"},
				"down": {"uv": [15, 6, 16, 10], "rotation": 90, "texture": "#0"}
			}
		},
		{
			"from": [5, 0, 13],
			"to": [11, 15, 15],
			"faces": {
				"north": {"uv": [0, 0, 37.5, 93.75], "texture": "#0"},
				"east": {"uv": [15, 6, 16, 10], "texture": "#0"},
				"south": {"uv": [12, 10, 16, 16], "texture": "#0"},
				"west": {"uv": [15, 6, 16, 10], "texture": "#0"},
				"up": {"uv": [15.25, 6.5, 16, 10], "rotation": 90, "texture": "#0"},
				"down": {"uv": [15, 6, 16, 10], "rotation": 270, "texture": "#0"}
			}
		},
		{
			"from": [1, 0, 5],
			"to": [3, 15, 11],
			"faces": {
				"north": {"uv": [15, 6, 16, 10], "texture": "#0"},
				"east": {"uv": [0, 0, 37.5, 93.75], "texture": "#0"},
				"south": {"uv": [15, 6, 16, 10], "texture": "#0"},
				"west": {"uv": [12, 10, 16, 16], "texture": "#0"},
				"up": {"uv": [15.25, 6.5, 16, 10], "rotation": 180, "texture": "#0"},
				"down": {"uv": [15, 6, 16, 10], "rotation": 180, "texture": "#0"}
			}
		},
		{
			"from": [5, 15, 2],
			"to": [11, 19.5, 3],
			"faces": {
				"north": {"uv": [13, 3.125, 16, 6], "texture": "#0"},
				"east": {"uv": [15, 6.125, 16, 10], "texture": "#0"},
				"south": {"uv": [0, 0, 37.5, 28.125], "texture": "#0"},
				"west": {"uv": [15, 6.125, 16, 10], "texture": "#0"},
				"up": {"uv": [15, 6, 16, 10], "texture": "#0"},
				"down": {"uv": [0, 0, 37.5, 6.25], "texture": "#0"}
			}
		},
		{
			"from": [5, 15, 13],
			"to": [11, 19.5, 14],
			"faces": {
				"north": {"uv": [0, 0, 37.5, 28.125], "texture": "#0"},
				"east": {"uv": [15, 6.125, 16, 10], "texture": "#0"},
				"south": {"uv": [13, 3.125, 16, 6], "texture": "#0"},
				"west": {"uv": [15, 6.125, 16, 10], "texture": "#0"},
				"up": {"uv": [15, 6, 16, 10], "rotation": 180, "texture": "#0"},
				"down": {"uv": [0, 0, 37.5, 6.25], "rotation": 180, "texture": "#0"}
			}
		},
		{
			"from": [13, 0, 4],
			"to": [14, 18, 5],
			"faces": {
				"north": {"uv": [15, 6, 16, 10], "texture": "#0"},
				"east": {"uv": [15, 6, 16, 10], "texture": "#0"},
				"south": {"uv": [0, 0, 6.25, 100], "texture": "#0"},
				"west": {"uv": [0, 0, 6.25, 100], "texture": "#0"},
				"up": {"uv": [15, 2, 16, 3], "texture": "#0"},
				"down": {"uv": [15, 7, 16, 8], "texture": "#0"}
			}
		},
		{
			"from": [13, 0, 11],
			"to": [14, 18, 12],
			"faces": {
				"north": {"uv": [15, 6, 16, 10], "texture": "#0"},
				"east": {"uv": [15, 6, 16, 10], "texture": "#0"},
				"south": {"uv": [15, 6, 16, 10], "texture": "#0"},
				"west": {"uv": [0, 0, 6.25, 100], "texture": "#0"},
				"up": {"uv": [15, 2, 16, 3], "texture": "#0"},
				"down": {"uv": [15, 7, 16, 8], "texture": "#0"}
			}
		},
		{
			"from": [11, 0, 13],
			"to": [12, 18, 14],
			"faces": {
				"north": {"uv": [15, 6, 16, 10], "texture": "#0"},
				"east": {"uv": [15, 6, 16, 10], "texture": "#0"},
				"south": {"uv": [15, 6, 16, 10], "texture": "#0"},
				"west": {"uv": [0, 0, 6.25, 100], "texture": "#0"},
				"up": {"uv": [15, 2, 16, 3], "texture": "#0"},
				"down": {"uv": [15, 7, 16, 8], "texture": "#0"}
			}
		},
		{
			"from": [11, 0, 2],
			"to": [12, 18, 3],
			"faces": {
				"north": {"uv": [15, 6, 16, 10], "texture": "#0"},
				"east": {"uv": [15, 6, 16, 10], "texture": "#0"},
				"south": {"uv": [0, 0, 6.25, 100], "texture": "#0"},
				"west": {"uv": [0, 0, 6.25, 100], "texture": "#0"},
				"up": {"uv": [15, 2, 16, 3], "texture": "#0"},
				"down": {"uv": [15.25, 8, 16, 8.75], "texture": "#0"}
			}
		},
		{
			"from": [2, 0, 4],
			"to": [3, 18, 5],
			"faces": {
				"north": {"uv": [15, 6, 16, 10], "texture": "#0"},
				"east": {"uv": [0, 0, 6.25, 100], "texture": "#0"},
				"south": {"uv": [0, 0, 6.25, 100], "texture": "#0"},
				"west": {"uv": [15, 6, 16, 10], "texture": "#0"},
				"up": {"uv": [15, 2, 16, 3], "rotation": 270, "texture": "#0"},
				"down": {"uv": [15.25, 8, 16, 8.75], "rotation": 90, "texture": "#0"}
			}
		},
		{
			"from": [2, 15, 5],
			"to": [3, 19.5, 11],
			"faces": {
				"north": {"uv": [15, 6.125, 16, 10], "texture": "#0"},
				"east": {"uv": [0, 0, 37.5, 28.125], "texture": "#0"},
				"south": {"uv": [15, 6.125, 16, 10], "texture": "#0"},
				"west": {"uv": [13, 3.125, 16, 6], "texture": "#0"},
				"up": {"uv": [15, 6, 16, 10], "rotation": 270, "texture": "#0"},
				"down": {"uv": [0, 0, 37.5, 6.25], "rotation": 90, "texture": "#0"}
			}
		},
		{
			"from": [13, 15, 5],
			"to": [14, 19.5, 11],
			"faces": {
				"north": {"uv": [15, 6.125, 16, 10], "texture": "#0"},
				"east": {"uv": [13, 3.125, 16, 6], "texture": "#0"},
				"south": {"uv": [15, 6.125, 16, 10], "texture": "#0"},
				"west": {"uv": [0, 0, 37.5, 28.125], "texture": "#0"},
				"up": {"uv": [15, 6, 16, 10], "rotation": 90, "texture": "#0"},
				"down": {"uv": [0, 0, 37.5, 6.25], "rotation": 270, "texture": "#0"}
			}
		},
		{
			"from": [4, 0, 2],
			"to": [5, 18, 3],
			"faces": {
				"north": {"uv": [15, 6, 16, 10], "texture": "#0"},
				"east": {"uv": [0, 0, 6.25, 100], "texture": "#0"},
				"south": {"uv": [0, 0, 6.25, 100], "texture": "#0"},
				"west": {"uv": [15, 6, 16, 10], "texture": "#0"},
				"up": {"uv": [15, 2, 16, 3], "rotation": 270, "texture": "#0"},
				"down": {"uv": [15.25, 8, 16, 8.75], "rotation": 90, "texture": "#0"}
			}
		},
		{
			"from": [2, 0, 11],
			"to": [3, 18, 12],
			"faces": {
				"north": {"uv": [0, 0, 6.25, 100], "texture": "#0"},
				"east": {"uv": [0, 0, 6.25, 100], "texture": "#0"},
				"south": {"uv": [15, 6, 16, 10], "texture": "#0"},
				"west": {"uv": [15, 6, 16, 10], "texture": "#0"},
				"up": {"uv": [15, 2, 16, 3], "texture": "#0"},
				"down": {"uv": [15.25, 6, 16, 8.75], "texture": "#0"}
			}
		},
		{
			"from": [4, 0, 13],
			"to": [5, 18, 14],
			"faces": {
				"north": {"uv": [0, 0, 6.25, 100], "texture": "#0"},
				"east": {"uv": [0, 0, 6.25, 100], "texture": "#0"},
				"south": {"uv": [15, 6, 16, 10], "texture": "#0"},
				"west": {"uv": [15, 6, 16, 10], "texture": "#0"},
				"up": {"uv": [15, 2, 16, 3], "texture": "#0"},
				"down": {"uv": [15.25, 6, 16, 8], "texture": "#0"}
			}
		},
		{
			"from": [3, 18, 5],
			"to": [13, 20, 11],
			"faces": {
				"north": {"uv": [12, 0, 15, 3], "texture": "#0"},
				"east": {"uv": [12, 0, 15, 3], "texture": "#0"},
				"south": {"uv": [12, 0, 15, 3], "texture": "#0"},
				"west": {"uv": [12, 0, 15, 3], "texture": "#0"},
				"up": {"uv": [9, 0, 12, 2], "texture": "#0"},
				"down": {"uv": [0, 0, 62.5, 37.5], "texture": "#0"}
			}
		},
		{
			"from": [5, 18, 11],
			"to": [11, 20, 13],
			"faces": {
				"north": {"uv": [0, 0, 37.5, 12.5], "texture": "#0"},
				"east": {"uv": [12, 0, 15, 3], "texture": "#0"},
				"south": {"uv": [9, 0, 12, 1.5], "texture": "#0"},
				"west": {"uv": [12.5, 0.5, 15, 3], "texture": "#0"},
				"up": {"uv": [9, 0, 12, 2], "texture": "#0"},
				"down": {"uv": [0, 0, 37.5, 12.5], "texture": "#0"}
			}
		},
		{
			"from": [5, 18, 3],
			"to": [11, 20, 5],
			"faces": {
				"north": {"uv": [9, 0, 12, 1.5], "texture": "#0"},
				"east": {"uv": [12.5, 0.5, 15, 3], "texture": "#0"},
				"south": {"uv": [0, 0, 37.5, 12.5], "texture": "#0"},
				"west": {"uv": [12, 0, 15, 3], "texture": "#0"},
				"up": {"uv": [9, 0, 12, 2], "rotation": 180, "texture": "#0"},
				"down": {"uv": [0, 0, 37.5, 12.5], "rotation": 180, "texture": "#0"}
			}
		},
		{
			"from": [3.5, 18, 3.5],
			"to": [5, 19.5, 5],
			"faces": {
				"north": {"uv": [14.125, 6, 15, 9.875], "texture": "#0"},
				"east": {"uv": [0, 0, 9.375, 9.375], "texture": "#0"},
				"south": {"uv": [0, 0, 9.375, 9.375], "texture": "#0"},
				"west": {"uv": [14, 6, 14.875, 9.875], "texture": "#0"},
				"up": {"uv": [14.125, 6, 15, 9.875], "rotation": 180, "texture": "#0"},
				"down": {"uv": [0, 0, 9.375, 9.375], "rotation": 180, "texture": "#0"}
			}
		},
		{
			"from": [11, 18, 3.5],
			"to": [12.5, 19.5, 5],
			"faces": {
				"north": {"uv": [14, 6, 14.875, 9.875], "texture": "#0"},
				"east": {"uv": [14.125, 6, 15, 9.875], "texture": "#0"},
				"south": {"uv": [0, 0, 9.375, 9.375], "texture": "#0"},
				"west": {"uv": [0, 0, 9.375, 9.375], "texture": "#0"},
				"up": {"uv": [14.125, 6, 15, 9.875], "rotation": 270, "texture": "#0"},
				"down": {"uv": [0, 0, 9.375, 9.375], "rotation": 90, "texture": "#0"}
			}
		},
		{
			"from": [11, 18, 11],
			"to": [12.5, 19.5, 12.5],
			"faces": {
				"north": {"uv": [0, 0, 9.375, 9.375], "texture": "#0"},
				"east": {"uv": [14, 6, 14.875, 9.875], "texture": "#0"},
				"south": {"uv": [14.125, 6, 15, 9.875], "texture": "#0"},
				"west": {"uv": [0, 0, 9.375, 9.375], "texture": "#0"},
				"up": {"uv": [14.125, 6, 15, 9.875], "texture": "#0"},
				"down": {"uv": [0, 0, 9.375, 9.375], "texture": "#0"}
			}
		},
		{
			"from": [3.5, 18, 11],
			"to": [5, 19.5, 12.5],
			"faces": {
				"north": {"uv": [0, 0, 9.375, 9.375], "texture": "#0"},
				"east": {"uv": [0, 0, 9.375, 9.375], "texture": "#0"},
				"south": {"uv": [14, 6, 14.875, 9.875], "texture": "#0"},
				"west": {"uv": [14.125, 6, 15, 9.875], "texture": "#0"},
				"up": {"uv": [14.125, 6, 15, 9.875], "rotation": 90, "texture": "#0"},
				"down": {"uv": [0, 0, 9.375, 9.375], "rotation": 270, "texture": "#0"}
			}
		},
		{
			"from": [6, 15, 14],
			"to": [10, 19, 14.5],
			"faces": {
				"north": {"uv": [0, 0, 4, 4], "texture": "#0"},
				"east": {"uv": [15, 6, 16, 10], "texture": "#0"},
				"south": {"uv": [13, 3, 16, 6], "texture": "#0"},
				"west": {"uv": [15, 6, 16, 10], "texture": "#0"},
				"up": {"uv": [15, 6, 16, 10], "texture": "#0"},
				"down": {"uv": [0, 0, 4, 0.5], "texture": "#0"}
			}
		},
		{
			"from": [14, 15, 6],
			"to": [14.5, 19, 10],
			"faces": {
				"north": {"uv": [15, 6, 16, 10], "texture": "#0"},
				"east": {"uv": [13, 3, 15.89, 5.89], "texture": "#0"},
				"south": {"uv": [15, 6, 16, 10], "texture": "#0"},
				"west": {"uv": [0, 0, 4, 4], "texture": "#0"},
				"up": {"uv": [15, 6, 16, 10], "rotation": 270, "texture": "#0"},
				"down": {"uv": [0, 0, 4, 0.5], "rotation": 90, "texture": "#0"}
			}
		},
		{
			"from": [1.5, 15, 6],
			"to": [2, 19, 10],
			"faces": {
				"north": {"uv": [15, 6, 16, 10], "texture": "#0"},
				"east": {"uv": [0, 0, 4, 4], "texture": "#0"},
				"south": {"uv": [15, 6, 16, 10], "texture": "#0"},
				"west": {"uv": [13, 3, 15.89, 5.89], "texture": "#0"},
				"up": {"uv": [15, 6, 16, 10], "rotation": 90, "texture": "#0"},
				"down": {"uv": [0, 0, 4, 0.5], "rotation": 270, "texture": "#0"}
			}
		},
		{
			"from": [6, 15, 1.5],
			"to": [10, 19, 2],
			"faces": {
				"north": {"uv": [13, 3, 16, 6], "texture": "#0"},
				"east": {"uv": [14.875, 6, 16, 10], "texture": "#0"},
				"south": {"uv": [0, 0, 25, 25], "texture": "#0"},
				"west": {"uv": [14.875, 6, 16, 10], "texture": "#0"},
				"up": {"uv": [15, 6, 16, 10.125], "rotation": 180, "texture": "#0"},
				"down": {"uv": [0, 0, 25, 3.125], "rotation": 180, "texture": "#0"}
			}
		},
		{
			"from": [10.75, 20, 8],
			"to": [12.5, 20.25, 10.25],
			"faces": {
				"north": {"uv": [7, 2, 8.75, 2.25], "texture": "#0"},
				"east": {"uv": [7, 2, 8.75, 2.25], "texture": "#0"},
				"south": {"uv": [7, 1, 8.75, 1.25], "texture": "#0"},
				"west": {"uv": [7, 2, 8.25, 2.25], "texture": "#0"},
				"up": {"uv": [7, 0, 8.75, 2.25], "texture": "#0"},
				"down": {"uv": [0, 0, 1.75, 2.25], "texture": "#0"}
			}
		},
		{
			"from": [17, 14.25, 8.75],
			"to": [17.75, 16.25, 10],
			"rotation": {"angle": 22.5, "axis": "z", "origin": [0, 0, 0]},
			"faces": {
				"north": {"uv": [12, 3, 13, 5], "texture": "#0"},
				"east": {"uv": [12, 3, 13, 5], "texture": "#0"},
				"south": {"uv": [12, 3, 13, 5], "texture": "#0"},
				"west": {"uv": [12, 3, 13, 5], "texture": "#0"},
				"up": {"uv": [13, 7, 12, 6], "texture": "#0"},
				"down": {"uv": [3, 2, 2, 3], "texture": "#0"}
			}
		}
	],
	"display": {
		"thirdperson_righthand": {
			"translation": [0, 0.25, 2],
			"scale": [0.23, 0.23, 0.23]
		},
		"thirdperson_lefthand": {
			"translation": [0, 0, 2],
			"scale": [0.23, 0.23, 0.23]
		},
		"firstperson_righthand": {
			"rotation": [0, -95, 0],
			"translation": [0.25, 2.5, 0.5],
			"scale": [0.46, 0.46, 0.46]
		},
		"firstperson_lefthand": {
			"rotation": [0, 78, 0],
			"translation": [-0.25, 3, 0.5],
			"scale": [0.46, 0.46, 0.46]
		},
		"ground": {
			"translation": [0, -0.75, -0.25],
			"scale": [0.5, 0.5, 0.5]
		},
		"gui": {
			"rotation": [-1.25, 49.29, 47.56],
			"translation": [0.5, -0.5, 0],
			"scale": [0.66602, 0.66602, 0.66602]
		},
		"head": {
			"translation": [0.75, 10.5, -1.25],
			"scale": [0.57, 0.57, 0.57]
		},
		"fixed": {
			"rotation": [-90, 0, 0],
			"translation": [0.5, 0, -4.75],
			"scale": [0.8, 0.8, 0.8]
		}
	}
}