{
	"credit": "Made with Blockbench",
	"texture_size": [4, 4],
	"textures": {
		"0": "politmine/item/brewery/cognac/коньяк",
		"1": "politmine/item/brewery/cognack/этикетка",
		"2": "politmine/item/brewery/cognac/пм",
		"3": "politmine/item/brewery/cognac/texture",
		"particle": "politmine/item/brewery/cognac/коньяк"
	},
	"elements": [
		{
			"from": [9, 7.5, 6.5],
			"to": [9.25, 10.75, 10.75],
			"faces": {
				"north": {"uv": [3, 4.5, 4, 6.5], "texture": "#0"},
				"east": {"uv": [0, 0, 2.5, 2], "texture": "#0"},
				"south": {"uv": [4, 4.5, 5, 6.5], "texture": "#0"},
				"west": {"uv": [0, 2, 2.5, 4], "texture": "#0"},
				"up": {"uv": [3, 7, 2, 4.5], "texture": "#0"},
				"down": {"uv": [5.5, 2, 4.5, 4.5], "texture": "#0"}
			}
		},
		{
			"from": [7, 0.5, 5.5],
			"to": [9, 3.75, 6.25],
			"faces": {
				"north": {"uv": [9, 7.5, 9.5, 9], "texture": "#2"},
				"east": {"uv": [9, 7.5, 9.5, 9], "texture": "#2"},
				"south": {"uv": [9, 7.5, 9.5, 9], "texture": "#2"},
				"west": {"uv": [9, 7.5, 9.5, 9], "texture": "#2"},
				"up": {"uv": [9, 7.5, 9.5, 9], "texture": "#2"},
				"down": {"uv": [9, 7.5, 9.5, 9], "texture": "#2"}
			}
		},
		{
			"from": [6.75, 0, 6.25],
			"to": [6.75, 7.5, 11],
			"faces": {
				"north": {"uv": [3, 4.5, 4, 6.5], "texture": "#0"},
				"east": {"uv": [0, 0, 2.5, 2], "texture": "#0"},
				"south": {"uv": [4, 4.5, 5, 6.5], "texture": "#0"},
				"west": {"uv": [0, 2, 2.5, 4], "texture": "#0"},
				"up": {"uv": [3, 7, 2, 4.5], "texture": "#0"},
				"down": {"uv": [5.5, 2, 4.5, 4.5], "texture": "#0"}
			}
		},
		{
			"from": [6.75, 0.75, 10.45],
			"to": [7, 3.5, 11.2],
			"faces": {
				"north": {"uv": [5.5, 1.5, 6.5, 3], "texture": "#0"},
				"east": {"uv": [9, 7.5, 9.5, 9], "texture": "#0"},
				"south": {"uv": [5.5, 3, 6.5, 4.5], "texture": "#0"},
				"west": {"uv": [9, 9, 9.5, 10.5], "texture": "#0"},
				"up": {"uv": [9, 11, 8, 10.5], "texture": "#0"},
				"down": {"uv": [11.5, 8, 10.5, 8.5], "texture": "#0"}
			}
		},
		{
			"from": [6.75, 4, 12.75],
			"to": [7, 7, 13.5],
			"faces": {
				"north": {"uv": [9, 9, 9.5, 10.5], "texture": "#2"},
				"east": {"uv": [9, 9, 9.5, 10.5], "texture": "#2"},
				"south": {"uv": [9, 9, 9.5, 10.5], "texture": "#2"},
				"west": {"uv": [9, 9, 9.5, 10.5], "texture": "#2"},
				"up": {"uv": [9, 9, 9.5, 10.5], "texture": "#2"},
				"down": {"uv": [9, 9, 9.5, 10.5], "texture": "#2"}
			}
		},
		{
			"from": [6.5, 5, 8.45],
			"to": [6.75, 8, 8.7],
			"faces": {
				"north": {"uv": [9, 9, 9.5, 10.5], "texture": "#3"},
				"east": {"uv": [9, 9, 9.5, 10.5], "texture": "#3"},
				"south": {"uv": [9, 9, 9.5, 10.5], "texture": "#3"},
				"west": {"uv": [9, 9, 9.5, 10.5], "texture": "#3"},
				"up": {"uv": [9, 9, 9.5, 10.5], "texture": "#3"},
				"down": {"uv": [9, 9, 9.5, 10.5], "texture": "#3"}
			}
		},
		{
			"from": [6.5, 6.4, 7.1],
			"to": [6.75, 6.65, 10.1],
			"faces": {
				"north": {"uv": [9, 9, 9.5, 10.5], "rotation": 90, "texture": "#3"},
				"east": {"uv": [9, 9, 9.5, 10.5], "rotation": 90, "texture": "#3"},
				"south": {"uv": [9, 9, 9.5, 10.5], "rotation": 90, "texture": "#3"},
				"west": {"uv": [9, 9, 9.5, 10.5], "rotation": 90, "texture": "#3"},
				"up": {"uv": [9, 9, 9.5, 10.5], "rotation": 90, "texture": "#3"},
				"down": {"uv": [9, 9, 9.5, 10.5], "rotation": 90, "texture": "#3"}
			}
		},
		{
			"from": [6.5, 10.5, 0],
			"to": [6.75, 10.75, 3],
			"rotation": {"angle": 45, "axis": "x", "origin": [0, 0, 0]},
			"faces": {
				"north": {"uv": [9, 9, 9.5, 10.5], "rotation": 90, "texture": "#3"},
				"east": {"uv": [9, 9, 9.5, 10.5], "rotation": 90, "texture": "#3"},
				"south": {"uv": [9, 9, 9.5, 10.5], "rotation": 90, "texture": "#3"},
				"west": {"uv": [9, 9, 9.5, 10.5], "rotation": 90, "texture": "#3"},
				"up": {"uv": [9, 9, 9.5, 10.5], "rotation": 90, "texture": "#3"},
				"down": {"uv": [9, 9, 9.5, 10.5], "rotation": 90, "texture": "#3"}
			}
		},
		{
			"from": [6.5, -1.5, 9.25],
			"to": [6.75, -1.25, 12.25],
			"rotation": {"angle": -45, "axis": "x", "origin": [0, 0, 0]},
			"faces": {
				"north": {"uv": [9, 9, 9.5, 10.5], "rotation": 270, "texture": "#3"},
				"east": {"uv": [9, 9, 9.5, 10.5], "rotation": 270, "texture": "#3"},
				"south": {"uv": [9, 9, 9.5, 10.5], "rotation": 270, "texture": "#3"},
				"west": {"uv": [9, 9, 9.5, 10.5], "rotation": 270, "texture": "#3"},
				"up": {"uv": [9, 9, 9.5, 10.5], "rotation": 270, "texture": "#3"},
				"down": {"uv": [9, 9, 9.5, 10.5], "rotation": 270, "texture": "#3"}
			}
		},
		{
			"from": [6.75, 4, 12],
			"to": [7, 8, 12.75],
			"faces": {
				"north": {"uv": [5.5, 1.5, 6.5, 3], "texture": "#0"},
				"east": {"uv": [9, 7.5, 9.5, 9], "texture": "#0"},
				"south": {"uv": [5.5, 3, 6.5, 4.5], "texture": "#0"},
				"west": {"uv": [9, 9, 9.5, 10.5], "texture": "#0"},
				"up": {"uv": [9, 11, 8, 10.5], "texture": "#0"},
				"down": {"uv": [11.5, 8, 10.5, 8.5], "texture": "#0"}
			}
		},
		{
			"from": [6.75, 8, 12],
			"to": [7, 9, 12.75],
			"faces": {
				"north": {"uv": [9, 9, 9.5, 10.5], "texture": "#2"},
				"east": {"uv": [9, 9, 9.5, 10.5], "texture": "#2"},
				"south": {"uv": [9, 9, 9.5, 10.5], "texture": "#2"},
				"west": {"uv": [9, 9, 9.5, 10.5], "texture": "#2"},
				"up": {"uv": [9, 9, 9.5, 10.5], "texture": "#2"},
				"down": {"uv": [9, 9, 9.5, 10.5], "texture": "#2"}
			}
		},
		{
			"from": [6.75, 2.25, 10.75],
			"to": [7, 9.5, 12],
			"faces": {
				"north": {"uv": [5.5, 1.5, 6.5, 3], "texture": "#0"},
				"east": {"uv": [9, 7.5, 9.5, 9], "texture": "#0"},
				"south": {"uv": [5.5, 3, 6.5, 4.5], "texture": "#0"},
				"west": {"uv": [9, 9, 9.5, 10.5], "texture": "#0"},
				"up": {"uv": [9, 11, 8, 10.5], "texture": "#0"},
				"down": {"uv": [11.5, 8, 10.5, 8.5], "texture": "#0"}
			}
		},
		{
			"from": [6.75, 7.5, 6.25],
			"to": [7, 10.75, 10.75],
			"faces": {
				"north": {"uv": [3, 4.5, 4, 6.5], "texture": "#0"},
				"east": {"uv": [0, 0, 2.5, 2], "texture": "#0"},
				"south": {"uv": [4, 4.5, 5, 6.5], "texture": "#0"},
				"west": {"uv": [0, 2, 2.5, 4], "texture": "#0"},
				"up": {"uv": [3, 7, 2, 4.5], "texture": "#0"},
				"down": {"uv": [5.5, 2, 4.5, 4.5], "texture": "#0"}
			}
		},
		{
			"from": [6.75, 8, 4.25],
			"to": [7, 9, 5.2],
			"faces": {
				"north": {"uv": [9, 9, 9.5, 10.5], "texture": "#2"},
				"east": {"uv": [9, 9, 9.5, 10.5], "texture": "#2"},
				"south": {"uv": [9, 9, 9.5, 10.5], "texture": "#2"},
				"west": {"uv": [9, 9, 9.5, 10.5], "texture": "#2"},
				"up": {"uv": [9, 9, 9.5, 10.5], "texture": "#2"},
				"down": {"uv": [9, 9, 9.5, 10.5], "texture": "#2"}
			}
		},
		{
			"from": [6.75, 4.25, 3.5],
			"to": [7, 7.25, 4.25],
			"faces": {
				"north": {"uv": [9, 9, 9.5, 10.5], "texture": "#2"},
				"east": {"uv": [9, 9, 9.5, 10.5], "texture": "#2"},
				"south": {"uv": [9, 9, 9.5, 10.5], "texture": "#2"},
				"west": {"uv": [9, 9, 9.5, 10.5], "texture": "#2"},
				"up": {"uv": [9, 9, 9.5, 10.5], "texture": "#2"},
				"down": {"uv": [9, 9, 9.5, 10.5], "texture": "#2"}
			}
		},
		{
			"from": [6.75, 4, 4.25],
			"to": [7, 8, 5.25],
			"faces": {
				"north": {"uv": [5.5, 1.5, 6.5, 3], "texture": "#0"},
				"east": {"uv": [9, 7.5, 9.5, 9], "texture": "#0"},
				"south": {"uv": [5.5, 3, 6.5, 4.5], "texture": "#0"},
				"west": {"uv": [9, 9, 9.5, 10.5], "texture": "#0"},
				"up": {"uv": [9, 11, 8, 10.5], "texture": "#0"},
				"down": {"uv": [11.5, 8, 10.5, 8.5], "texture": "#0"}
			}
		},
		{
			"from": [6.75, 2.25, 5.25],
			"to": [7, 9.5, 6.25],
			"faces": {
				"north": {"uv": [5.5, 1.5, 6.5, 3], "texture": "#0"},
				"east": {"uv": [9, 7.5, 9.5, 9], "texture": "#0"},
				"south": {"uv": [5.5, 3, 6.5, 4.5], "texture": "#0"},
				"west": {"uv": [9, 9, 9.5, 10.5], "texture": "#0"},
				"up": {"uv": [9, 11, 8, 10.5], "texture": "#0"},
				"down": {"uv": [11.5, 8, 10.5, 8.5], "texture": "#0"}
			}
		},
		{
			"from": [6.75, 0.75, 5.75],
			"to": [7, 3.5, 6.5],
			"faces": {
				"north": {"uv": [5.5, 1.5, 6.5, 3], "texture": "#0"},
				"east": {"uv": [9, 7.5, 9.5, 9], "texture": "#0"},
				"south": {"uv": [5.5, 3, 6.5, 4.5], "texture": "#0"},
				"west": {"uv": [9, 9, 9.5, 10.5], "texture": "#0"},
				"up": {"uv": [9, 11, 8, 10.5], "texture": "#0"},
				"down": {"uv": [11.5, 8, 10.5, 8.5], "texture": "#0"}
			}
		},
		{
			"from": [9, 0.75, 6.5],
			"to": [9.25, 7.5, 11],
			"faces": {
				"north": {"uv": [5.5, 1.5, 6.5, 3], "texture": "#0"},
				"east": {"uv": [9, 7.5, 9.5, 9], "texture": "#0"},
				"south": {"uv": [5.5, 3, 6.5, 4.5], "texture": "#0"},
				"west": {"uv": [9, 9, 9.5, 10.5], "texture": "#0"},
				"up": {"uv": [9, 11, 8, 10.5], "texture": "#0"},
				"down": {"uv": [11.5, 8, 10.5, 8.5], "texture": "#0"}
			}
		},
		{
			"from": [9, 2.25, 6.5],
			"to": [9, 9.5, 12],
			"faces": {
				"north": {"uv": [5.5, 1.5, 6.5, 3], "texture": "#0"},
				"east": {"uv": [9, 7.5, 9.5, 9], "texture": "#0"},
				"south": {"uv": [5.5, 3, 6.5, 4.5], "texture": "#0"},
				"west": {"uv": [9, 9, 9.5, 10.5], "texture": "#0"},
				"up": {"uv": [9, 11, 8, 10.5], "texture": "#0"},
				"down": {"uv": [11.5, 8, 10.5, 8.5], "texture": "#0"}
			}
		},
		{
			"from": [9, 2.25, 10.75],
			"to": [9.25, 9.5, 12],
			"faces": {
				"north": {"uv": [5.5, 1.5, 6.5, 3], "texture": "#0"},
				"east": {"uv": [9, 7.5, 9.5, 9], "texture": "#0"},
				"south": {"uv": [5.5, 3, 6.5, 4.5], "texture": "#0"},
				"west": {"uv": [9, 9, 9.5, 10.5], "texture": "#0"},
				"up": {"uv": [9, 11, 8, 10.5], "texture": "#0"},
				"down": {"uv": [11.5, 8, 10.5, 8.5], "texture": "#0"}
			}
		},
		{
			"from": [9, 2.25, 5.25],
			"to": [9.25, 9.5, 6.5],
			"faces": {
				"north": {"uv": [5.5, 1.5, 6.5, 3], "texture": "#0"},
				"east": {"uv": [9, 7.5, 9.5, 9], "texture": "#0"},
				"south": {"uv": [5.5, 3, 6.5, 4.5], "texture": "#0"},
				"west": {"uv": [9, 9, 9.5, 10.5], "texture": "#0"},
				"up": {"uv": [9, 11, 8, 10.5], "texture": "#0"},
				"down": {"uv": [11.5, 8, 10.5, 8.5], "texture": "#0"}
			}
		},
		{
			"from": [9, 4, 4.25],
			"to": [9.25, 7, 5.25],
			"faces": {
				"north": {"uv": [5.5, 1.5, 6.5, 3], "texture": "#0"},
				"east": {"uv": [9, 7.5, 9.5, 9], "texture": "#0"},
				"south": {"uv": [5.5, 3, 6.5, 4.5], "texture": "#0"},
				"west": {"uv": [9, 9, 9.5, 10.5], "texture": "#0"},
				"up": {"uv": [9, 11, 8, 10.5], "texture": "#0"},
				"down": {"uv": [11.5, 8, 10.5, 8.5], "texture": "#0"}
			}
		},
		{
			"from": [9, 7, 4.25],
			"to": [9.25, 9, 5.25],
			"faces": {
				"north": {"uv": [5.5, 1.5, 6.5, 3], "texture": "#0"},
				"east": {"uv": [9, 7.5, 9.5, 9], "texture": "#0"},
				"south": {"uv": [5.5, 3, 6.5, 4.5], "texture": "#0"},
				"west": {"uv": [9, 9, 9.5, 10.5], "texture": "#0"},
				"up": {"uv": [9, 11, 8, 10.5], "texture": "#0"},
				"down": {"uv": [11.5, 8, 10.5, 8.5], "texture": "#0"}
			}
		},
		{
			"from": [9, 4, 12],
			"to": [9.25, 7, 12.75],
			"faces": {
				"north": {"uv": [5.5, 1.5, 6.5, 3], "texture": "#0"},
				"east": {"uv": [9, 7.5, 9.5, 9], "texture": "#0"},
				"south": {"uv": [5.5, 3, 6.5, 4.5], "texture": "#0"},
				"west": {"uv": [9, 9, 9.5, 10.5], "texture": "#0"},
				"up": {"uv": [9, 11, 8, 10.5], "texture": "#0"},
				"down": {"uv": [11.5, 8, 10.5, 8.5], "texture": "#0"}
			}
		},
		{
			"from": [9, 7, 12],
			"to": [9.25, 9, 12.75],
			"faces": {
				"north": {"uv": [5.5, 1.5, 6.5, 3], "texture": "#0"},
				"east": {"uv": [9, 7.5, 9.5, 9], "texture": "#0"},
				"south": {"uv": [5.5, 3, 6.5, 4.5], "texture": "#0"},
				"west": {"uv": [9, 9, 9.5, 10.5], "texture": "#0"},
				"up": {"uv": [9, 11, 8, 10.5], "texture": "#0"},
				"down": {"uv": [11.5, 8, 10.5, 8.5], "texture": "#0"}
			}
		},
		{
			"from": [9, 4, 3.5],
			"to": [9.25, 7.25, 4.25],
			"faces": {
				"north": {"uv": [5.5, 1.5, 6.5, 3], "texture": "#0"},
				"east": {"uv": [9, 7.5, 9.5, 9], "texture": "#0"},
				"south": {"uv": [5.5, 3, 6.5, 4.5], "texture": "#0"},
				"west": {"uv": [9, 9, 9.5, 10.5], "texture": "#0"},
				"up": {"uv": [9, 11, 8, 10.5], "texture": "#0"},
				"down": {"uv": [11.5, 8, 10.5, 8.5], "texture": "#0"}
			}
		},
		{
			"from": [9, 7, 12.75],
			"to": [9.25, 9, 13],
			"faces": {
				"north": {"uv": [5.5, 1.5, 6.5, 3], "texture": "#0"},
				"east": {"uv": [9, 7.5, 9.5, 9], "texture": "#0"},
				"south": {"uv": [5.5, 3, 6.5, 4.5], "texture": "#0"},
				"west": {"uv": [9, 9, 9.5, 10.5], "texture": "#0"},
				"up": {"uv": [9, 11, 8, 10.5], "texture": "#0"},
				"down": {"uv": [11.5, 8, 10.5, 8.5], "texture": "#0"}
			}
		},
		{
			"from": [9, 4, 12.75],
			"to": [9.25, 7, 13.5],
			"faces": {
				"north": {"uv": [5.5, 1.5, 6.5, 3], "texture": "#0"},
				"east": {"uv": [9, 7.5, 9.5, 9], "texture": "#0"},
				"south": {"uv": [5.5, 3, 6.5, 4.5], "texture": "#0"},
				"west": {"uv": [9, 9, 9.5, 10.5], "texture": "#0"},
				"up": {"uv": [9, 11, 8, 10.5], "texture": "#0"},
				"down": {"uv": [11.5, 8, 10.5, 8.5], "texture": "#0"}
			}
		},
		{
			"from": [7, 2, 4.5],
			"to": [9, 5, 5.5],
			"faces": {
				"north": {"uv": [9, 4.5, 9.5, 6], "texture": "#2"},
				"east": {"uv": [9, 4.5, 9.5, 6], "texture": "#2"},
				"south": {"uv": [9, 4.5, 9.5, 6], "texture": "#2"},
				"west": {"uv": [9, 4.5, 9.5, 6], "texture": "#2"},
				"up": {"uv": [9, 4.5, 9.5, 6], "texture": "#2"},
				"down": {"uv": [9, 4.5, 9.5, 6], "texture": "#2"}
			}
		},
		{
			"from": [7, 3.5, 12.75],
			"to": [9, 5, 13.6],
			"faces": {
				"north": {"uv": [1, 11, 1.5, 12], "texture": "#2"},
				"east": {"uv": [1, 11, 1.5, 12], "texture": "#2"},
				"south": {"uv": [1, 11, 1.5, 12], "texture": "#2"},
				"west": {"uv": [1, 11, 1.5, 12], "texture": "#2"},
				"up": {"uv": [1, 11, 1.5, 12], "texture": "#2"},
				"down": {"uv": [1, 11, 1.5, 12], "texture": "#2"}
			}
		},
		{
			"from": [7, 5, 3.5],
			"to": [9, 6.5, 4.75],
			"faces": {
				"north": {"uv": [8, 0.5, 9, 1.5], "texture": "#2"},
				"east": {"uv": [8, 0.5, 9, 1.5], "texture": "#2"},
				"south": {"uv": [8, 0.5, 9, 1.5], "texture": "#2"},
				"west": {"uv": [8, 0.5, 9, 1.5], "texture": "#2"},
				"up": {"uv": [8, 0.5, 9, 1.5], "texture": "#2"},
				"down": {"uv": [8, 0.5, 9, 1.5], "texture": "#2"}
			}
		},
		{
			"from": [7, 6.5, 4],
			"to": [9, 8, 5],
			"faces": {
				"north": {"uv": [2, 10, 2.5, 11], "texture": "#2"},
				"east": {"uv": [2, 10, 2.5, 11], "texture": "#2"},
				"south": {"uv": [2, 10, 2.5, 11], "texture": "#2"},
				"west": {"uv": [2, 10, 2.5, 11], "texture": "#2"},
				"up": {"uv": [2, 10, 2.5, 11], "texture": "#2"},
				"down": {"uv": [2, 10, 2.5, 11], "texture": "#2"}
			}
		},
		{
			"from": [7, 7.75, 5],
			"to": [9, 9.75, 6],
			"faces": {
				"north": {"uv": [9.5, 8, 10, 9], "texture": "#2"},
				"east": {"uv": [9.5, 8, 10, 9], "texture": "#2"},
				"south": {"uv": [9.5, 8, 10, 9], "texture": "#2"},
				"west": {"uv": [9.5, 8, 10, 9], "texture": "#2"},
				"up": {"uv": [9.5, 8, 10, 9], "texture": "#2"},
				"down": {"uv": [9.5, 8, 10, 9], "texture": "#2"}
			}
		},
		{
			"from": [7, 0.5, 11],
			"to": [9, 3.75, 11.75],
			"faces": {
				"north": {"uv": [4, 9.5, 4.5, 11], "texture": "#2"},
				"east": {"uv": [4, 9.5, 4.5, 11], "texture": "#2"},
				"south": {"uv": [4, 9.5, 4.5, 11], "texture": "#2"},
				"west": {"uv": [4, 9.5, 4.5, 11], "texture": "#2"},
				"up": {"uv": [4, 9.5, 4.5, 11], "texture": "#2"},
				"down": {"uv": [4, 9.5, 4.5, 11], "texture": "#2"}
			}
		},
		{
			"from": [7, 2, 11.75],
			"to": [9, 5, 12.75],
			"faces": {
				"north": {"uv": [0, 9.5, 0.5, 11], "texture": "#2"},
				"east": {"uv": [0, 9.5, 0.5, 11], "texture": "#2"},
				"south": {"uv": [0, 9.5, 0.5, 11], "texture": "#2"},
				"west": {"uv": [0, 9.5, 0.5, 11], "texture": "#2"},
				"up": {"uv": [0, 9.5, 0.5, 11], "texture": "#2"},
				"down": {"uv": [0, 9.5, 0.5, 11], "texture": "#2"}
			}
		},
		{
			"from": [7, 3.5, 3.5],
			"to": [9, 5, 4.5],
			"faces": {
				"north": {"uv": [6.5, 10.5, 7, 11.5], "texture": "#2"},
				"east": {"uv": [6.5, 10.5, 7, 11.5], "texture": "#2"},
				"south": {"uv": [6.5, 10.5, 7, 11.5], "texture": "#2"},
				"west": {"uv": [6.5, 10.5, 7, 11.5], "texture": "#2"},
				"up": {"uv": [6.5, 10.5, 7, 11.5], "texture": "#2"},
				"down": {"uv": [6.5, 10.5, 7, 11.5], "texture": "#2"}
			}
		},
		{
			"from": [7, 5, 10.75],
			"to": [9, 6.5, 13.6],
			"faces": {
				"north": {"uv": [8, 8.5, 9, 9.5], "texture": "#2"},
				"east": {"uv": [8, 8.5, 9, 9.5], "texture": "#2"},
				"south": {"uv": [8, 8.5, 9, 9.5], "texture": "#2"},
				"west": {"uv": [8, 8.5, 9, 9.5], "texture": "#2"},
				"up": {"uv": [8, 8.5, 9, 9.5], "texture": "#2"},
				"down": {"uv": [8, 8.5, 9, 9.5], "texture": "#2"}
			}
		},
		{
			"from": [7, 5, 4.75],
			"to": [9, 6.5, 6.25],
			"faces": {
				"north": {"uv": [8, 1.5, 9, 2.5], "texture": "#0"},
				"east": {"uv": [2, 8, 3, 9], "texture": "#0"},
				"south": {"uv": [3, 8, 4, 9], "texture": "#0"},
				"west": {"uv": [8, 4.5, 9, 5.5], "texture": "#0"},
				"up": {"uv": [9, 6.5, 8, 5.5], "texture": "#0"},
				"down": {"uv": [9, 6.5, 8, 7.5], "texture": "#0"}
			}
		},
		{
			"from": [7, 6.5, 5],
			"to": [9, 7.75, 6.5],
			"faces": {
				"north": {"uv": [10, 2.5, 11, 3], "texture": "#0"},
				"east": {"uv": [10, 3, 11, 3.5], "texture": "#0"},
				"south": {"uv": [10, 3.5, 11, 4], "texture": "#0"},
				"west": {"uv": [10, 4, 11, 4.5], "texture": "#0"},
				"up": {"uv": [5, 8.5, 4, 7.5], "texture": "#0"},
				"down": {"uv": [6, 7.5, 5, 8.5], "texture": "#0"}
			}
		},
		{
			"from": [7, 7.75, 6],
			"to": [9, 8.75, 11.25],
			"faces": {
				"north": {"uv": [7.5, 3.5, 8.5, 4], "texture": "#0"},
				"east": {"uv": [6.5, 4, 9, 4.5], "texture": "#0"},
				"south": {"uv": [9.5, 0, 10.5, 0.5], "texture": "#0"},
				"west": {"uv": [7, 0, 9.5, 0.5], "texture": "#0"},
				"up": {"uv": [1, 6.5, 0, 4], "texture": "#0"},
				"down": {"uv": [2, 4, 1, 6.5], "texture": "#0"}
			}
		},
		{
			"from": [7, 6.5, 10.5],
			"to": [9, 7.75, 12.25],
			"faces": {
				"north": {"uv": [11, 1.5, 12, 2], "texture": "#0"},
				"east": {"uv": [11, 2, 12, 2.5], "texture": "#0"},
				"south": {"uv": [2.5, 11, 3.5, 11.5], "texture": "#0"},
				"west": {"uv": [11, 2.5, 12, 3], "texture": "#0"},
				"up": {"uv": [10, 2.5, 9, 1.5], "texture": "#0"},
				"down": {"uv": [3, 9, 2, 10], "texture": "#0"}
			}
		},
		{
			"from": [7, 3.75, 10.25],
			"to": [9, 5, 11.75],
			"faces": {
				"north": {"uv": [10, 10.5, 11, 11], "texture": "#0"},
				"east": {"uv": [10.5, 10, 11.5, 10.5], "texture": "#0"},
				"south": {"uv": [0, 11, 1, 11.5], "texture": "#0"},
				"west": {"uv": [11, 0.5, 12, 1], "texture": "#0"},
				"up": {"uv": [6, 9.5, 5, 8.5], "texture": "#0"},
				"down": {"uv": [7, 8.5, 6, 9.5], "texture": "#0"}
			}
		},
		{
			"from": [7, 3.75, 5.25],
			"to": [9, 5, 6.75],
			"faces": {
				"north": {"uv": [10.5, 4.5, 11.5, 5], "texture": "#0"},
				"east": {"uv": [10.5, 5, 11.5, 5.5], "texture": "#0"},
				"south": {"uv": [5.5, 10.5, 6.5, 11], "texture": "#0"},
				"west": {"uv": [10.5, 5.5, 11.5, 6], "texture": "#0"},
				"up": {"uv": [9, 8.5, 8, 7.5], "texture": "#0"},
				"down": {"uv": [1, 8.5, 0, 9.5], "texture": "#0"}
			}
		},
		{
			"from": [6.85, 11, 7.55],
			"to": [9.1, 12, 9.35],
			"faces": {
				"north": {"uv": [10.5, 5.5, 11.5, 6], "texture": "#1"},
				"east": {"uv": [10.5, 5.5, 11.5, 6], "texture": "#1"},
				"south": {"uv": [10.5, 5.5, 11.5, 6], "texture": "#1"},
				"west": {"uv": [10.5, 5.5, 11.5, 6], "texture": "#1"},
				"up": {"uv": [10.5, 5.5, 11.5, 6], "texture": "#1"},
				"down": {"uv": [10.5, 5.5, 11.5, 6], "texture": "#1"}
			}
		},
		{
			"from": [7, 6.5, 12.25],
			"to": [9, 8, 13.6],
			"faces": {
				"north": {"uv": [3.5, 11, 4, 12], "texture": "#2"},
				"east": {"uv": [3.5, 11, 4, 12], "texture": "#2"},
				"south": {"uv": [3.5, 11, 4, 12], "texture": "#2"},
				"west": {"uv": [3.5, 11, 4, 12], "texture": "#2"},
				"up": {"uv": [3.5, 11, 4, 12], "texture": "#2"},
				"down": {"uv": [3.5, 11, 4, 12], "texture": "#2"}
			}
		},
		{
			"from": [7, 7.75, 11.25],
			"to": [9, 9.5, 12.25],
			"faces": {
				"north": {"uv": [7, 4.5, 8, 5.5], "texture": "#2"},
				"east": {"uv": [7, 4.5, 8, 5.5], "texture": "#2"},
				"south": {"uv": [7, 4.5, 8, 5.5], "texture": "#2"},
				"west": {"uv": [7, 4.5, 8, 5.5], "texture": "#2"},
				"up": {"uv": [7, 4.5, 8, 5.5], "texture": "#2"},
				"down": {"uv": [7, 4.5, 8, 5.5], "texture": "#2"}
			}
		},
		{
			"from": [7, 9.5, 11.25],
			"to": [9, 9.75, 12.25],
			"faces": {
				"north": {"uv": [10.5, 7.5, 9.5, 7], "texture": "#2"},
				"east": {"uv": [10.5, 7.5, 9.5, 7], "texture": "#2"},
				"south": {"uv": [10.5, 7.5, 9.5, 7], "texture": "#2"},
				"west": {"uv": [10.5, 7.5, 9.5, 7], "texture": "#2"},
				"up": {"uv": [10.5, 7.5, 9.5, 7], "texture": "#2"},
				"down": {"uv": [10.5, 7.5, 9.5, 7], "texture": "#2"}
			}
		},
		{
			"from": [7, 8, 4.25],
			"to": [9, 9.25, 5],
			"faces": {
				"north": {"uv": [10, 0.5, 11, 1], "texture": "#2"},
				"east": {"uv": [10, 0.5, 11, 1], "texture": "#2"},
				"south": {"uv": [10, 0.5, 11, 1], "texture": "#2"},
				"west": {"uv": [10, 0.5, 11, 1], "texture": "#2"},
				"up": {"uv": [10, 0.5, 11, 1], "texture": "#2"},
				"down": {"uv": [10, 0.5, 11, 1], "texture": "#2"}
			}
		},
		{
			"from": [7, 8, 12.25],
			"to": [9, 9.25, 13],
			"faces": {
				"north": {"uv": [9.5, 5.5, 10.5, 6], "texture": "#2"},
				"east": {"uv": [9.5, 5.5, 10.5, 6], "texture": "#2"},
				"south": {"uv": [9.5, 5.5, 10.5, 6], "texture": "#2"},
				"west": {"uv": [9.5, 5.5, 10.5, 6], "texture": "#2"},
				"up": {"uv": [9.5, 5.5, 10.5, 6], "texture": "#2"},
				"down": {"uv": [9.5, 5.5, 10.5, 6], "texture": "#2"}
			}
		},
		{
			"from": [7, 6.5, 3.5],
			"to": [9, 8, 4],
			"faces": {
				"north": {"uv": [5, 10, 5.5, 11], "texture": "#2"},
				"east": {"uv": [5, 10, 5.5, 11], "texture": "#2"},
				"south": {"uv": [5, 10, 5.5, 11], "texture": "#2"},
				"west": {"uv": [5, 10, 5.5, 11], "texture": "#2"},
				"up": {"uv": [5, 10, 5.5, 11], "texture": "#2"},
				"down": {"uv": [5, 10, 5.5, 11], "texture": "#2"}
			}
		},
		{
			"from": [7, 8.75, 6],
			"to": [9, 10.75, 11.25],
			"faces": {
				"north": {"uv": [2.5, 1, 5, 2], "texture": "#2"},
				"east": {"uv": [2.5, 1, 5, 2], "texture": "#2"},
				"south": {"uv": [2.5, 1, 5, 2], "texture": "#2"},
				"west": {"uv": [2.5, 1, 5, 2], "texture": "#2"},
				"up": {"uv": [2.5, 1, 5, 2], "texture": "#2"},
				"down": {"uv": [2.5, 1, 5, 2], "texture": "#2"}
			}
		},
		{
			"from": [7, 10.75, 7.75],
			"to": [9, 13.5, 9.25],
			"faces": {
				"north": {"uv": [2, 3, 4, 6], "texture": "#0"},
				"east": {"uv": [2, 3, 4, 6], "texture": "#0"},
				"south": {"uv": [2, 3, 4, 6], "texture": "#0"},
				"west": {"uv": [2, 3, 4, 6], "texture": "#0"},
				"up": {"uv": [2, 3, 4, 6], "texture": "#0"},
				"down": {"uv": [2, 3, 4, 6], "texture": "#0"}
			}
		},
		{
			"from": [7, 13.5, 6.75],
			"to": [9, 14.5, 10.25],
			"faces": {
				"north": {"uv": [0, 0, 14, 4], "texture": "#3"},
				"east": {"uv": [0, 0, 14, 4], "texture": "#3"},
				"south": {"uv": [0, 0, 14, 4], "texture": "#3"},
				"west": {"uv": [0, 0, 14, 4], "texture": "#3"},
				"up": {"uv": [0, 0, 14, 4], "texture": "#3"},
				"down": {"uv": [0, 0, 14, 4], "texture": "#3"}
			}
		},
		{
			"from": [9, 13, 7],
			"to": [9.25, 14.5, 10],
			"faces": {
				"north": {"uv": [0, 0, 6, 3], "texture": "#3"},
				"east": {"uv": [0, 0, 6, 3], "texture": "#3"},
				"south": {"uv": [0, 0, 6, 3], "texture": "#3"},
				"west": {"uv": [0, 0, 6, 3], "texture": "#3"},
				"up": {"uv": [0, 0, 6, 3], "texture": "#3"},
				"down": {"uv": [0, 0, 6, 3], "texture": "#3"}
			}
		},
		{
			"from": [9.2, 13.25, 7.5],
			"to": [9.45, 14.25, 9.5],
			"faces": {
				"north": {"uv": [0, 0, 8, 4], "texture": "#3"},
				"east": {"uv": [0, 0, 8, 4], "texture": "#3"},
				"south": {"uv": [0, 0, 8, 4], "texture": "#3"},
				"west": {"uv": [0, 0, 8, 4], "texture": "#3"},
				"up": {"uv": [0, 0, 8, 4], "texture": "#3"},
				"down": {"uv": [0, 0, 8, 4], "texture": "#3"}
			}
		},
		{
			"from": [6.65, 13.25, 7.5],
			"to": [6.9, 14.25, 9.5],
			"faces": {
				"north": {"uv": [4, 8, 5, 12], "texture": "#3"},
				"east": {"uv": [0, 0, 8, 4], "texture": "#3"},
				"south": {"uv": [8, 8, 9, 12], "texture": "#3"},
				"west": {"uv": [0, 4, 8, 8], "texture": "#3"},
				"up": {"uv": [1, 16, 0, 8], "texture": "#3"},
				"down": {"uv": [9, 0, 8, 8], "texture": "#3"}
			}
		},
		{
			"from": [6.8, 12.5, 7.25],
			"to": [7.05, 13, 9.75],
			"faces": {
				"north": {"uv": [0, 0, 10, 2], "texture": "#3"},
				"east": {"uv": [0, 0, 10, 2], "texture": "#3"},
				"south": {"uv": [0, 0, 10, 2], "texture": "#3"},
				"west": {"uv": [0, 0, 10, 2], "texture": "#3"},
				"up": {"uv": [0, 0, 10, 2], "texture": "#3"},
				"down": {"uv": [0, 0, 10, 2], "texture": "#3"}
			}
		},
		{
			"from": [6.8, 14.5, 7.25],
			"to": [7.05, 15, 9.75],
			"faces": {
				"north": {"uv": [0, 0, 10, 2], "texture": "#3"},
				"east": {"uv": [0, 0, 10, 2], "texture": "#3"},
				"south": {"uv": [0, 0, 10, 2], "texture": "#3"},
				"west": {"uv": [0, 0, 10, 2], "texture": "#3"},
				"up": {"uv": [0, 0, 10, 2], "texture": "#3"},
				"down": {"uv": [0, 0, 10, 2], "texture": "#3"}
			}
		},
		{
			"from": [6.8, 13, 7],
			"to": [7.05, 14.5, 10],
			"faces": {
				"north": {"uv": [0, 0, 12, 6], "texture": "#3"},
				"east": {"uv": [0, 0, 12, 6], "texture": "#3"},
				"south": {"uv": [0, 0, 12, 6], "texture": "#3"},
				"west": {"uv": [0, 0, 12, 6], "texture": "#3"},
				"up": {"uv": [0, 0, 12, 6], "texture": "#3"},
				"down": {"uv": [0, 0, 12, 6], "texture": "#3"}
			}
		},
		{
			"from": [9, 14.5, 7.25],
			"to": [9.25, 15, 9.75],
			"faces": {
				"north": {"uv": [0, 0, 10, 2], "texture": "#3"},
				"east": {"uv": [0, 0, 10, 2], "texture": "#3"},
				"south": {"uv": [0, 0, 10, 2], "texture": "#3"},
				"west": {"uv": [0, 0, 10, 2], "texture": "#3"},
				"up": {"uv": [0, 0, 10, 2], "texture": "#3"},
				"down": {"uv": [0, 0, 10, 2], "texture": "#3"}
			}
		},
		{
			"from": [9, 12.5, 7.25],
			"to": [9.25, 13, 9.75],
			"faces": {
				"north": {"uv": [0, 0, 10, 2], "texture": "#3"},
				"east": {"uv": [0, 0, 10, 2], "texture": "#3"},
				"south": {"uv": [0, 0, 10, 2], "texture": "#3"},
				"west": {"uv": [0, 0, 10, 2], "texture": "#3"},
				"up": {"uv": [0, 0, 10, 2], "texture": "#3"},
				"down": {"uv": [0, 0, 10, 2], "texture": "#3"}
			}
		},
		{
			"from": [7, 14.5, 7],
			"to": [9, 14.75, 10],
			"faces": {
				"north": {"uv": [0, 0, 12, 1], "texture": "#3"},
				"east": {"uv": [0, 0, 12, 1], "texture": "#3"},
				"south": {"uv": [0, 0, 12, 1], "texture": "#3"},
				"west": {"uv": [0, 0, 12, 1], "texture": "#3"},
				"up": {"uv": [0, 0, 12, 1], "texture": "#3"},
				"down": {"uv": [0, 0, 12, 1], "texture": "#3"}
			}
		},
		{
			"from": [7, 14.75, 7.25],
			"to": [9, 15, 9.75],
			"faces": {
				"north": {"uv": [0, 0, 10, 1], "texture": "#3"},
				"east": {"uv": [0, 0, 10, 1], "texture": "#3"},
				"south": {"uv": [0, 0, 10, 1], "texture": "#3"},
				"west": {"uv": [0, 0, 10, 1], "texture": "#3"},
				"up": {"uv": [0, 0, 10, 1], "texture": "#3"},
				"down": {"uv": [0, 0, 10, 1], "texture": "#3"}
			}
		},
		{
			"from": [7, 15, 7.75],
			"to": [9, 15.25, 9.25],
			"faces": {
				"north": {"uv": [0, 0, 6, 1], "texture": "#3"},
				"east": {"uv": [0, 0, 6, 1], "texture": "#3"},
				"south": {"uv": [0, 0, 6, 1], "texture": "#3"},
				"west": {"uv": [0, 0, 6, 1], "texture": "#3"},
				"up": {"uv": [0, 0, 6, 1], "texture": "#3"},
				"down": {"uv": [0, 0, 6, 1], "texture": "#3"}
			}
		},
		{
			"from": [7, 13.25, 6.75],
			"to": [9, 13.5, 8.25],
			"faces": {
				"north": {"uv": [0, 0, 6, 1], "texture": "#3"},
				"east": {"uv": [0, 0, 6, 1], "texture": "#3"},
				"south": {"uv": [0, 0, 6, 1], "texture": "#3"},
				"west": {"uv": [0, 0, 6, 1], "texture": "#3"},
				"up": {"uv": [0, 0, 6, 1], "texture": "#3"},
				"down": {"uv": [0, 0, 6, 1], "texture": "#3"}
			}
		},
		{
			"from": [7, 13, 6.75],
			"to": [9, 13.25, 7.75],
			"faces": {
				"north": {"uv": [0, 0, 4, 1], "texture": "#3"},
				"east": {"uv": [0, 0, 4, 1], "texture": "#3"},
				"south": {"uv": [0, 0, 4, 1], "texture": "#3"},
				"west": {"uv": [0, 0, 4, 1], "texture": "#3"},
				"up": {"uv": [0, 0, 4, 1], "texture": "#3"},
				"down": {"uv": [0, 0, 4, 1], "texture": "#3"}
			}
		},
		{
			"from": [7, 12.75, 7],
			"to": [9, 13, 7.75],
			"faces": {
				"north": {"uv": [0, 0, 3, 1], "texture": "#3"},
				"east": {"uv": [0, 0, 3, 1], "texture": "#3"},
				"south": {"uv": [0, 0, 3, 1], "texture": "#3"},
				"west": {"uv": [0, 0, 3, 1], "texture": "#3"},
				"up": {"uv": [0, 0, 3, 1], "texture": "#3"},
				"down": {"uv": [0, 0, 3, 1], "texture": "#3"}
			}
		},
		{
			"from": [7, 12.75, 9.25],
			"to": [9, 13, 10],
			"faces": {
				"north": {"uv": [0, 0, 3, 1], "texture": "#3"},
				"east": {"uv": [0, 0, 3, 1], "texture": "#3"},
				"south": {"uv": [0, 0, 3, 1], "texture": "#3"},
				"west": {"uv": [0, 0, 3, 1], "texture": "#3"},
				"up": {"uv": [0, 0, 3, 1], "texture": "#3"},
				"down": {"uv": [0, 0, 3, 1], "texture": "#3"}
			}
		},
		{
			"from": [7, 12.5, 7.25],
			"to": [9, 12.75, 7.75],
			"faces": {
				"north": {"uv": [0, 0, 8, 1], "texture": "#3"},
				"east": {"uv": [0, 0, 8, 1], "texture": "#3"},
				"south": {"uv": [0, 0, 8, 1], "texture": "#3"},
				"west": {"uv": [0, 0, 8, 1], "texture": "#3"},
				"up": {"uv": [0, 0, 8, 1], "texture": "#3"},
				"down": {"uv": [0, 0, 8, 1], "texture": "#3"}
			}
		},
		{
			"from": [7, 12.25, 9.25],
			"to": [9, 12.5, 9.5],
			"faces": {
				"north": {"uv": [0, 0, 1, 1], "texture": "#3"},
				"east": {"uv": [0, 0, 1, 1], "texture": "#3"},
				"south": {"uv": [0, 0, 1, 1], "texture": "#3"},
				"west": {"uv": [0, 0, 1, 1], "texture": "#3"},
				"up": {"uv": [0, 0, 1, 1], "texture": "#3"},
				"down": {"uv": [0, 0, 1, 1], "texture": "#3"}
			}
		},
		{
			"from": [7, 13, 9.25],
			"to": [9, 13.5, 10.25],
			"faces": {
				"north": {"uv": [0, 0, 4, 2], "texture": "#3"},
				"east": {"uv": [0, 0, 4, 2], "texture": "#3"},
				"south": {"uv": [0, 0, 4, 2], "texture": "#3"},
				"west": {"uv": [0, 0, 4, 2], "texture": "#3"},
				"up": {"uv": [0, 0, 4, 2], "texture": "#3"},
				"down": {"uv": [0, 0, 4, 2], "texture": "#3"}
			}
		},
		{
			"from": [7, 12.5, 9.25],
			"to": [9, 12.75, 9.75],
			"faces": {
				"north": {"uv": [0, 0, 8, 1], "texture": "#3"},
				"east": {"uv": [0, 0, 8, 1], "texture": "#3"},
				"south": {"uv": [0, 0, 8, 1], "texture": "#3"},
				"west": {"uv": [0, 0, 8, 1], "texture": "#3"},
				"up": {"uv": [0, 0, 8, 1], "texture": "#3"},
				"down": {"uv": [0, 0, 8, 1], "texture": "#3"}
			}
		},
		{
			"from": [7, 12.25, 7.5],
			"to": [9, 12.5, 7.75],
			"faces": {
				"north": {"uv": [0, 0, 1, 1], "texture": "#3"},
				"east": {"uv": [0, 0, 1, 1], "texture": "#3"},
				"south": {"uv": [0, 0, 1, 1], "texture": "#3"},
				"west": {"uv": [0, 0, 1, 1], "texture": "#3"},
				"up": {"uv": [0, 0, 1, 1], "texture": "#3"},
				"down": {"uv": [0, 0, 1, 1], "texture": "#3"}
			}
		}
	],
	"display": {
		"thirdperson_righthand": {
			"translation": [0, 0.25, 1.75],
			"scale": [0.63, 0.64, 0.66]
		},
		"thirdperson_lefthand": {
			"translation": [0, -1, 0],
			"scale": [0.63, 0.63, 0.63]
		},
		"firstperson_righthand": {
			"translation": [2, 1, 0]
		},
		"firstperson_lefthand": {
			"rotation": [0, 180, 0],
			"translation": [4.25, 2, 0.5]
		},
		"ground": {
			"translation": [0, 2.75, 0],
			"scale": [0.72, 0.72, 0.72]
		},
		"gui": {
			"rotation": [0, 91, 0],
			"translation": [0, 0.25, 0]
		},
		"fixed": {
			"rotation": [-92, -92, 0],
			"translation": [0.75, 0, -13.5],
			"scale": [1.8, 1.8, 1.8]
		}
	}
}