{
	"credit": "Made with Blockbench",
	"texture_size": [4, 4],
	"textures": {
		"0": "politmine/item/brewery/cranberry_jam/steklovareniya",
		"1": "politmine/item/brewery/cranberry_jam/varenie",
		"2": "politmine/item/brewery/cranberry_jam/krishkavareniya",
		"3": "politmine/item/brewery/cranberry_jam/verevkavareniya",
		"4": "politmine/item/brewery/cranberry_jam/bumagavareniya",
		"particle": "politmine/item/brewery/cranberry_jam/steklovareniya"
	},
	"elements": [
		{
			"from": [9.25, 0.25, 6.75],
			"to": [9.75, 4, 9.25],
			"rotation": {"angle": 0, "axis": "y", "origin": [8, 0, 8]},
			"faces": {
				"north": {"uv": [3, 12, 3.5, 15.75], "texture": "#1"},
				"east": {"uv": [0, 0, 2.5, 3.75], "texture": "#1"},
				"south": {"uv": [12, 3, 12.5, 6.75], "texture": "#1"},
				"west": {"uv": [3, 0, 5.5, 3.75], "texture": "#1"},
				"up": {"uv": [9.5, 14.5, 9, 12], "texture": "#1"},
				"down": {"uv": [10.5, 12, 10, 14.5], "texture": "#1"}
			}
		},
		{
			"from": [6.75, 0.25, 6.75],
			"to": [9.25, 4, 9.25],
			"rotation": {"angle": 0, "axis": "y", "origin": [8, 0, 8]},
			"faces": {
				"north": {"uv": [0, 4, 2.5, 7.75], "texture": "#1"},
				"east": {"uv": [3, 4, 5.5, 7.75], "texture": "#1"},
				"south": {"uv": [6, 0, 8.5, 3.75], "texture": "#1"},
				"west": {"uv": [6, 4, 8.5, 7.75], "texture": "#1"},
				"up": {"uv": [2.5, 14.5, 0, 12], "texture": "#1"},
				"down": {"uv": [14.5, 0, 12, 2.5], "texture": "#1"}
			}
		},
		{
			"from": [6.75, 0.25, 9.25],
			"to": [9.25, 4, 9.75],
			"rotation": {"angle": 0, "axis": "y", "origin": [8, 0, 8]},
			"faces": {
				"north": {"uv": [0, 8, 2.5, 11.75], "texture": "#1"},
				"east": {"uv": [4, 12, 4.5, 15.75], "texture": "#1"},
				"south": {"uv": [3, 8, 5.5, 11.75], "texture": "#1"},
				"west": {"uv": [5, 12, 5.5, 15.75], "texture": "#1"},
				"up": {"uv": [13.5, 12.5, 11, 12], "texture": "#1"},
				"down": {"uv": [14.5, 11, 12, 11.5], "texture": "#1"}
			}
		},
		{
			"from": [6.25, 0.25, 6.75],
			"to": [6.75, 4, 9.25],
			"rotation": {"angle": 0, "axis": "y", "origin": [8, 0, 8]},
			"faces": {
				"north": {"uv": [6, 12, 6.5, 15.75], "texture": "#1"},
				"east": {"uv": [6, 8, 8.5, 11.75], "texture": "#1"},
				"south": {"uv": [7, 12, 7.5, 15.75], "texture": "#1"},
				"west": {"uv": [9, 0, 11.5, 3.75], "texture": "#1"},
				"up": {"uv": [13.5, 5.5, 13, 3], "texture": "#1"},
				"down": {"uv": [13.5, 6, 13, 8.5], "texture": "#1"}
			}
		},
		{
			"from": [6.75, 0.25, 6.25],
			"to": [9.25, 4, 6.75],
			"rotation": {"angle": 0, "axis": "y", "origin": [8, 0, 8]},
			"faces": {
				"north": {"uv": [9, 4, 11.5, 7.75], "texture": "#1"},
				"east": {"uv": [12, 7, 12.5, 10.75], "texture": "#1"},
				"south": {"uv": [9, 8, 11.5, 11.75], "texture": "#1"},
				"west": {"uv": [8, 12, 8.5, 15.75], "texture": "#1"},
				"up": {"uv": [15.5, 9.5, 13, 9], "texture": "#1"},
				"down": {"uv": [15.5, 10, 13, 10.5], "texture": "#1"}
			}
		},
		{
			"from": [9.15, 4.95, 9.3],
			"to": [9.3, 5.1, 9.35],
			"rotation": {"angle": 0, "axis": "y", "origin": [8, 0, 8]},
			"faces": {
				"north": {"uv": [6, 2, 6.25, 2.25], "texture": "#3"},
				"east": {"uv": [6, 3, 6.25, 3.25], "texture": "#3"},
				"south": {"uv": [4, 6, 4.25, 6.25], "texture": "#3"},
				"west": {"uv": [6, 4, 6.25, 4.25], "texture": "#3"},
				"up": {"uv": [5.25, 6.25, 5, 6], "texture": "#3"},
				"down": {"uv": [6.25, 6, 6, 6.25], "texture": "#3"}
			}
		},
		{
			"from": [9.15, 4.95, 6.65],
			"to": [9.3, 5.1, 6.7],
			"rotation": {"angle": 0, "axis": "y", "origin": [8, 0, 8]},
			"faces": {
				"north": {"uv": [0, 7, 0.25, 7.25], "texture": "#3"},
				"east": {"uv": [1, 7, 1.25, 7.25], "texture": "#3"},
				"south": {"uv": [2, 7, 2.25, 7.25], "texture": "#3"},
				"west": {"uv": [7, 2, 7.25, 2.25], "texture": "#3"},
				"up": {"uv": [7.25, 3.25, 7, 3], "texture": "#3"},
				"down": {"uv": [4.25, 7, 4, 7.25], "texture": "#3"}
			}
		},
		{
			"from": [6.7, 4.95, 6.65],
			"to": [6.85, 5.1, 6.7],
			"rotation": {"angle": 0, "axis": "y", "origin": [8, 0, 8]},
			"faces": {
				"north": {"uv": [7, 4, 7.25, 4.25], "texture": "#3"},
				"east": {"uv": [5, 7, 5.25, 7.25], "texture": "#3"},
				"south": {"uv": [7, 5, 7.25, 5.25], "texture": "#3"},
				"west": {"uv": [6, 7, 6.25, 7.25], "texture": "#3"},
				"up": {"uv": [7.25, 6.25, 7, 6], "texture": "#3"},
				"down": {"uv": [7.25, 7, 7, 7.25], "texture": "#3"}
			}
		},
		{
			"from": [6.7, 4.95, 9.3],
			"to": [6.85, 5.1, 9.35],
			"rotation": {"angle": 0, "axis": "y", "origin": [8, 0, 8]},
			"faces": {
				"north": {"uv": [0, 8, 0.25, 8.25], "texture": "#3"},
				"east": {"uv": [1, 8, 1.25, 8.25], "texture": "#3"},
				"south": {"uv": [2, 8, 2.25, 8.25], "texture": "#3"},
				"west": {"uv": [8, 2, 8.25, 2.25], "texture": "#3"},
				"up": {"uv": [3.25, 8.25, 3, 8], "texture": "#3"},
				"down": {"uv": [8.25, 3, 8, 3.25], "texture": "#3"}
			}
		},
		{
			"from": [9.3, 4.95, 9.15],
			"to": [9.35, 5.1, 9.3],
			"rotation": {"angle": 0, "axis": "y", "origin": [8, 0, 8]},
			"faces": {
				"north": {"uv": [4, 8, 4.25, 8.25], "texture": "#3"},
				"east": {"uv": [8, 4, 8.25, 4.25], "texture": "#3"},
				"south": {"uv": [5, 8, 5.25, 8.25], "texture": "#3"},
				"west": {"uv": [8, 5, 8.25, 5.25], "texture": "#3"},
				"up": {"uv": [6.25, 8.25, 6, 8], "texture": "#3"},
				"down": {"uv": [8.25, 6, 8, 6.25], "texture": "#3"}
			}
		},
		{
			"from": [9.3, 4.95, 9.15],
			"to": [9.65, 5.1, 9.2],
			"rotation": {"angle": 0, "axis": "y", "origin": [8, 0, 8]},
			"faces": {
				"north": {"uv": [7, 8, 7.25, 8.25], "texture": "#3"},
				"east": {"uv": [8, 7, 8.25, 7.25], "texture": "#3"},
				"south": {"uv": [8, 8, 8.25, 8.25], "texture": "#3"},
				"west": {"uv": [0, 9, 0.25, 9.25], "texture": "#3"},
				"up": {"uv": [9.25, 0.25, 9, 0], "texture": "#3"},
				"down": {"uv": [1.25, 9, 1, 9.25], "texture": "#3"}
			}
		},
		{
			"from": [9.65, 4.95, 6.85],
			"to": [9.7, 5.1, 9.15],
			"rotation": {"angle": 0, "axis": "y", "origin": [8, 0, 8]},
			"faces": {
				"north": {"uv": [9, 1, 9.25, 1.25], "texture": "#3"},
				"east": {"uv": [0, 0, 2.25, 0.25], "texture": "#3"},
				"south": {"uv": [2, 9, 2.25, 9.25], "texture": "#3"},
				"west": {"uv": [0, 1, 2.25, 1.25], "texture": "#3"},
				"up": {"uv": [0.25, 4.25, 0, 2], "texture": "#3"},
				"down": {"uv": [1.25, 2, 1, 4.25], "texture": "#3"}
			}
		},
		{
			"from": [9.3, 4.95, 6.8],
			"to": [9.65, 5.1, 6.85],
			"rotation": {"angle": 0, "axis": "y", "origin": [8, 0, 8]},
			"faces": {
				"north": {"uv": [9, 2, 9.25, 2.25], "texture": "#3"},
				"east": {"uv": [3, 9, 3.25, 9.25], "texture": "#3"},
				"south": {"uv": [9, 3, 9.25, 3.25], "texture": "#3"},
				"west": {"uv": [4, 9, 4.25, 9.25], "texture": "#3"},
				"up": {"uv": [9.25, 4.25, 9, 4], "texture": "#3"},
				"down": {"uv": [5.25, 9, 5, 9.25], "texture": "#3"}
			}
		},
		{
			"from": [9.3, 4.95, 6.7],
			"to": [9.35, 5.1, 6.85],
			"rotation": {"angle": 0, "axis": "y", "origin": [8, 0, 8]},
			"faces": {
				"north": {"uv": [9, 5, 9.25, 5.25], "texture": "#3"},
				"east": {"uv": [6, 9, 6.25, 9.25], "texture": "#3"},
				"south": {"uv": [9, 6, 9.25, 6.25], "texture": "#3"},
				"west": {"uv": [7, 9, 7.25, 9.25], "texture": "#3"},
				"up": {"uv": [9.25, 7.25, 9, 7], "texture": "#3"},
				"down": {"uv": [8.25, 9, 8, 9.25], "texture": "#3"}
			}
		},
		{
			"from": [9.15, 4.95, 6.35],
			"to": [9.2, 5.1, 6.7],
			"rotation": {"angle": 0, "axis": "y", "origin": [8, 0, 8]},
			"faces": {
				"north": {"uv": [9, 8, 9.25, 8.25], "texture": "#3"},
				"east": {"uv": [9, 9, 9.25, 9.25], "texture": "#3"},
				"south": {"uv": [0, 10, 0.25, 10.25], "texture": "#3"},
				"west": {"uv": [10, 0, 10.25, 0.25], "texture": "#3"},
				"up": {"uv": [1.25, 10.25, 1, 10], "texture": "#3"},
				"down": {"uv": [10.25, 1, 10, 1.25], "texture": "#3"}
			}
		},
		{
			"from": [6.85, 4.95, 6.3],
			"to": [9.15, 5.1, 6.35],
			"rotation": {"angle": 0, "axis": "y", "origin": [8, 0, 8]},
			"faces": {
				"north": {"uv": [2, 2, 4.25, 2.25], "texture": "#3"},
				"east": {"uv": [2, 10, 2.25, 10.25], "texture": "#3"},
				"south": {"uv": [3, 0, 5.25, 0.25], "texture": "#3"},
				"west": {"uv": [10, 2, 10.25, 2.25], "texture": "#3"},
				"up": {"uv": [5.25, 1.25, 3, 1], "texture": "#3"},
				"down": {"uv": [4.25, 3, 2, 3.25], "texture": "#3"}
			}
		},
		{
			"from": [6.8, 4.95, 6.35],
			"to": [6.85, 5.1, 6.7],
			"rotation": {"angle": 0, "axis": "y", "origin": [8, 0, 8]},
			"faces": {
				"north": {"uv": [3, 10, 3.25, 10.25], "texture": "#3"},
				"east": {"uv": [10, 3, 10.25, 3.25], "texture": "#3"},
				"south": {"uv": [4, 10, 4.25, 10.25], "texture": "#3"},
				"west": {"uv": [10, 4, 10.25, 4.25], "texture": "#3"},
				"up": {"uv": [5.25, 10.25, 5, 10], "texture": "#3"},
				"down": {"uv": [10.25, 5, 10, 5.25], "texture": "#3"}
			}
		},
		{
			"from": [6.65, 4.95, 6.7],
			"to": [6.7, 5.1, 6.85],
			"rotation": {"angle": 0, "axis": "y", "origin": [8, 0, 8]},
			"faces": {
				"north": {"uv": [6, 10, 6.25, 10.25], "texture": "#3"},
				"east": {"uv": [10, 6, 10.25, 6.25], "texture": "#3"},
				"south": {"uv": [7, 10, 7.25, 10.25], "texture": "#3"},
				"west": {"uv": [10, 7, 10.25, 7.25], "texture": "#3"},
				"up": {"uv": [8.25, 10.25, 8, 10], "texture": "#3"},
				"down": {"uv": [10.25, 8, 10, 8.25], "texture": "#3"}
			}
		},
		{
			"from": [6.35, 4.95, 6.8],
			"to": [6.7, 5.1, 6.85],
			"rotation": {"angle": 0, "axis": "y", "origin": [8, 0, 8]},
			"faces": {
				"north": {"uv": [9, 10, 9.25, 10.25], "texture": "#3"},
				"east": {"uv": [10, 9, 10.25, 9.25], "texture": "#3"},
				"south": {"uv": [10, 10, 10.25, 10.25], "texture": "#3"},
				"west": {"uv": [0, 11, 0.25, 11.25], "texture": "#3"},
				"up": {"uv": [11.25, 0.25, 11, 0], "texture": "#3"},
				"down": {"uv": [1.25, 11, 1, 11.25], "texture": "#3"}
			}
		},
		{
			"from": [6.3, 4.95, 6.85],
			"to": [6.35, 5.1, 9.15],
			"rotation": {"angle": 0, "axis": "y", "origin": [8, 0, 8]},
			"faces": {
				"north": {"uv": [11, 1, 11.25, 1.25], "texture": "#3"},
				"east": {"uv": [2, 4, 4.25, 4.25], "texture": "#3"},
				"south": {"uv": [2, 11, 2.25, 11.25], "texture": "#3"},
				"west": {"uv": [0, 5, 2.25, 5.25], "texture": "#3"},
				"up": {"uv": [5.25, 4.25, 5, 2], "texture": "#3"},
				"down": {"uv": [3.25, 5, 3, 7.25], "texture": "#3"}
			}
		},
		{
			"from": [6.35, 4.95, 9.15],
			"to": [6.7, 5.1, 9.2],
			"rotation": {"angle": 0, "axis": "y", "origin": [8, 0, 8]},
			"faces": {
				"north": {"uv": [11, 2, 11.25, 2.25], "texture": "#3"},
				"east": {"uv": [3, 11, 3.25, 11.25], "texture": "#3"},
				"south": {"uv": [11, 3, 11.25, 3.25], "texture": "#3"},
				"west": {"uv": [4, 11, 4.25, 11.25], "texture": "#3"},
				"up": {"uv": [11.25, 4.25, 11, 4], "texture": "#3"},
				"down": {"uv": [5.25, 11, 5, 11.25], "texture": "#3"}
			}
		},
		{
			"from": [6.65, 4.95, 9.15],
			"to": [6.7, 5.1, 9.3],
			"rotation": {"angle": 0, "axis": "y", "origin": [8, 0, 8]},
			"faces": {
				"north": {"uv": [11, 5, 11.25, 5.25], "texture": "#3"},
				"east": {"uv": [6, 11, 6.25, 11.25], "texture": "#3"},
				"south": {"uv": [11, 6, 11.25, 6.25], "texture": "#3"},
				"west": {"uv": [7, 11, 7.25, 11.25], "texture": "#3"},
				"up": {"uv": [11.25, 7.25, 11, 7], "texture": "#3"},
				"down": {"uv": [8.25, 11, 8, 11.25], "texture": "#3"}
			}
		},
		{
			"from": [6.8, 4.95, 9.3],
			"to": [6.85, 5.1, 9.65],
			"rotation": {"angle": 0, "axis": "y", "origin": [8, 0, 8]},
			"faces": {
				"north": {"uv": [11, 8, 11.25, 8.25], "texture": "#3"},
				"east": {"uv": [9, 11, 9.25, 11.25], "texture": "#3"},
				"south": {"uv": [11, 9, 11.25, 9.25], "texture": "#3"},
				"west": {"uv": [10, 11, 10.25, 11.25], "texture": "#3"},
				"up": {"uv": [11.25, 10.25, 11, 10], "texture": "#3"},
				"down": {"uv": [11.25, 11, 11, 11.25], "texture": "#3"}
			}
		},
		{
			"from": [6.85, 4.95, 9.65],
			"to": [9.15, 5.1, 9.7],
			"rotation": {"angle": 0, "axis": "y", "origin": [8, 0, 8]},
			"faces": {
				"north": {"uv": [4, 5, 6.25, 5.25], "texture": "#3"},
				"east": {"uv": [0, 12, 0.25, 12.25], "texture": "#3"},
				"south": {"uv": [0, 6, 2.25, 6.25], "texture": "#3"},
				"west": {"uv": [12, 0, 12.25, 0.25], "texture": "#3"},
				"up": {"uv": [8.25, 0.25, 6, 0], "texture": "#3"},
				"down": {"uv": [8.25, 1, 6, 1.25], "texture": "#3"}
			}
		},
		{
			"from": [9.15, 4.95, 9.3],
			"to": [9.2, 5.1, 9.65],
			"rotation": {"angle": 0, "axis": "y", "origin": [8, 0, 8]},
			"faces": {
				"north": {"uv": [1, 12, 1.25, 12.25], "texture": "#3"},
				"east": {"uv": [12, 1, 12.25, 1.25], "texture": "#3"},
				"south": {"uv": [2, 12, 2.25, 12.25], "texture": "#3"},
				"west": {"uv": [12, 2, 12.25, 2.25], "texture": "#3"},
				"up": {"uv": [3.25, 12.25, 3, 12], "texture": "#3"},
				"down": {"uv": [12.25, 3, 12, 3.25], "texture": "#3"}
			}
		},
		{
			"from": [7, 4.75, 6.35],
			"to": [9, 5.65, 6.5],
			"rotation": {"angle": 0, "axis": "y", "origin": [8, 0, 8]},
			"faces": {
				"north": {"uv": [4, 0, 6, 1], "texture": "#2"},
				"east": {"uv": [3, 9, 3.25, 10], "texture": "#2"},
				"south": {"uv": [4, 1, 6, 2], "texture": "#2"},
				"west": {"uv": [4, 9, 4.25, 10], "texture": "#2"},
				"up": {"uv": [5, 8.25, 3, 8], "texture": "#2"},
				"down": {"uv": [7, 8, 5, 8.25], "texture": "#2"}
			}
		},
		{
			"from": [6.85, 4.75, 6.35],
			"to": [7, 5.65, 6.7],
			"rotation": {"angle": 0, "axis": "y", "origin": [8, 0, 8]},
			"faces": {
				"north": {"uv": [5, 9, 5.25, 10], "texture": "#2"},
				"east": {"uv": [9, 5, 9.25, 6], "texture": "#2"},
				"south": {"uv": [6, 9, 6.25, 10], "texture": "#2"},
				"west": {"uv": [9, 6, 9.25, 7], "texture": "#2"},
				"up": {"uv": [5.25, 12.25, 5, 12], "texture": "#2"},
				"down": {"uv": [12.25, 5, 12, 5.25], "texture": "#2"}
			}
		},
		{
			"from": [6.35, 4.75, 6.85],
			"to": [6.7, 5.65, 7],
			"rotation": {"angle": 0, "axis": "y", "origin": [8, 0, 8]},
			"faces": {
				"north": {"uv": [9, 7, 9.25, 8], "texture": "#2"},
				"east": {"uv": [9, 8, 9.25, 9], "texture": "#2"},
				"south": {"uv": [9, 9, 9.25, 10], "texture": "#2"},
				"west": {"uv": [0, 10, 0.25, 11], "texture": "#2"},
				"up": {"uv": [6.25, 12.25, 6, 12], "texture": "#2"},
				"down": {"uv": [12.25, 6, 12, 6.25], "texture": "#2"}
			}
		},
		{
			"from": [6.7, 4.75, 6.7],
			"to": [7, 5.65, 7],
			"rotation": {"angle": 0, "axis": "y", "origin": [8, 0, 8]},
			"faces": {
				"north": {"uv": [1, 10, 1.25, 11], "texture": "#2"},
				"east": {"uv": [10, 2, 10.25, 3], "texture": "#2"},
				"south": {"uv": [3, 10, 3.25, 11], "texture": "#2"},
				"west": {"uv": [10, 3, 10.25, 4], "texture": "#2"},
				"up": {"uv": [7.25, 12.25, 7, 12], "texture": "#2"},
				"down": {"uv": [12.25, 7, 12, 7.25], "texture": "#2"}
			}
		},
		{
			"from": [6.35, 4.75, 7],
			"to": [6.5, 5.65, 9],
			"rotation": {"angle": 0, "axis": "y", "origin": [8, 0, 8]},
			"faces": {
				"north": {"uv": [4, 10, 4.25, 11], "texture": "#2"},
				"east": {"uv": [4, 2, 6, 3], "texture": "#2"},
				"south": {"uv": [10, 4, 10.25, 5], "texture": "#2"},
				"west": {"uv": [4, 3, 6, 4], "texture": "#2"},
				"up": {"uv": [7.25, 10, 7, 8], "texture": "#2"},
				"down": {"uv": [8.25, 8, 8, 10], "texture": "#2"}
			}
		},
		{
			"from": [6.35, 4.75, 9],
			"to": [6.7, 5.65, 9.15],
			"rotation": {"angle": 0, "axis": "y", "origin": [8, 0, 8]},
			"faces": {
				"north": {"uv": [5, 10, 5.25, 11], "texture": "#2"},
				"east": {"uv": [10, 5, 10.25, 6], "texture": "#2"},
				"south": {"uv": [6, 10, 6.25, 11], "texture": "#2"},
				"west": {"uv": [10, 6, 10.25, 7], "texture": "#2"},
				"up": {"uv": [8.25, 12.25, 8, 12], "texture": "#2"},
				"down": {"uv": [12.25, 8, 12, 8.25], "texture": "#2"}
			}
		},
		{
			"from": [7, 4.75, 9.5],
			"to": [9, 5.65, 9.65],
			"rotation": {"angle": 0, "axis": "y", "origin": [8, 0, 8]},
			"faces": {
				"north": {"uv": [4, 4, 6, 5], "texture": "#2"},
				"east": {"uv": [7, 10, 7.25, 11], "texture": "#2"},
				"south": {"uv": [4, 5, 6, 6], "texture": "#2"},
				"west": {"uv": [10, 7, 10.25, 8], "texture": "#2"},
				"up": {"uv": [2, 9.25, 0, 9], "texture": "#2"},
				"down": {"uv": [11, 1, 9, 1.25], "texture": "#2"}
			}
		},
		{
			"from": [6.85, 4.75, 9.3],
			"to": [7, 5.65, 9.65],
			"rotation": {"angle": 0, "axis": "y", "origin": [8, 0, 8]},
			"faces": {
				"north": {"uv": [8, 10, 8.25, 11], "texture": "#2"},
				"east": {"uv": [10, 8, 10.25, 9], "texture": "#2"},
				"south": {"uv": [9, 10, 9.25, 11], "texture": "#2"},
				"west": {"uv": [10, 9, 10.25, 10], "texture": "#2"},
				"up": {"uv": [9.25, 12.25, 9, 12], "texture": "#2"},
				"down": {"uv": [12.25, 9, 12, 9.25], "texture": "#2"}
			}
		},
		{
			"from": [9, 4.75, 9.3],
			"to": [9.15, 5.65, 9.65],
			"rotation": {"angle": 0, "axis": "y", "origin": [8, 0, 8]},
			"faces": {
				"north": {"uv": [10, 10, 10.25, 11], "texture": "#2"},
				"east": {"uv": [0, 11, 0.25, 12], "texture": "#2"},
				"south": {"uv": [11, 0, 11.25, 1], "texture": "#2"},
				"west": {"uv": [1, 11, 1.25, 12], "texture": "#2"},
				"up": {"uv": [10.25, 12.25, 10, 12], "texture": "#2"},
				"down": {"uv": [12.25, 10, 12, 10.25], "texture": "#2"}
			}
		},
		{
			"from": [9, 4.75, 9],
			"to": [9.3, 5.65, 9.3],
			"rotation": {"angle": 0, "axis": "y", "origin": [8, 0, 8]},
			"faces": {
				"north": {"uv": [11, 1, 11.25, 2], "texture": "#2"},
				"east": {"uv": [2, 11, 2.25, 12], "texture": "#2"},
				"south": {"uv": [11, 2, 11.25, 3], "texture": "#2"},
				"west": {"uv": [3, 11, 3.25, 12], "texture": "#2"},
				"up": {"uv": [11.25, 12.25, 11, 12], "texture": "#2"},
				"down": {"uv": [12.25, 11, 12, 11.25], "texture": "#2"}
			}
		},
		{
			"from": [9.3, 4.75, 9],
			"to": [9.65, 5.65, 9.15],
			"rotation": {"angle": 0, "axis": "y", "origin": [8, 0, 8]},
			"faces": {
				"north": {"uv": [11, 3, 11.25, 4], "texture": "#2"},
				"east": {"uv": [4, 11, 4.25, 12], "texture": "#2"},
				"south": {"uv": [11, 4, 11.25, 5], "texture": "#2"},
				"west": {"uv": [5, 11, 5.25, 12], "texture": "#2"},
				"up": {"uv": [12.25, 12.25, 12, 12], "texture": "#2"},
				"down": {"uv": [0.25, 13, 0, 13.25], "texture": "#2"}
			}
		},
		{
			"from": [9.5, 4.75, 7],
			"to": [9.65, 5.65, 9],
			"rotation": {"angle": 0, "axis": "y", "origin": [8, 0, 8]},
			"faces": {
				"north": {"uv": [11, 5, 11.25, 6], "texture": "#2"},
				"east": {"uv": [0, 6, 2, 7], "texture": "#2"},
				"south": {"uv": [6, 11, 6.25, 12], "texture": "#2"},
				"west": {"uv": [6, 0, 8, 1], "texture": "#2"},
				"up": {"uv": [2.25, 11, 2, 9], "texture": "#2"},
				"down": {"uv": [9.25, 2, 9, 4], "texture": "#2"}
			}
		},
		{
			"from": [6.4, 5.65, 6.9],
			"to": [9.6, 5.8, 9.1],
			"rotation": {"angle": 0, "axis": "y", "origin": [8, 0, 8]},
			"faces": {
				"north": {"uv": [6, 4, 9.25, 4.25], "texture": "#2"},
				"east": {"uv": [6, 5, 8.25, 5.25], "texture": "#2"},
				"south": {"uv": [5, 6, 8.25, 6.25], "texture": "#2"},
				"west": {"uv": [0, 7, 2.25, 7.25], "texture": "#2"},
				"up": {"uv": [3.25, 2.25, 0, 0], "texture": "#2"},
				"down": {"uv": [3.25, 3, 0, 5.25], "texture": "#2"}
			}
		},
		{
			"from": [6.9, 5.65, 9.1],
			"to": [9.1, 5.8, 9.6],
			"rotation": {"angle": 0, "axis": "y", "origin": [8, 0, 8]},
			"faces": {
				"north": {"uv": [3, 7, 5.25, 7.25], "texture": "#2"},
				"east": {"uv": [3, 12, 3.5, 12.25], "texture": "#2"},
				"south": {"uv": [6, 7, 8.25, 7.25], "texture": "#2"},
				"west": {"uv": [12, 3, 12.5, 3.25], "texture": "#2"},
				"up": {"uv": [8.25, 1.5, 6, 1], "texture": "#2"},
				"down": {"uv": [4.25, 6, 2, 6.5], "texture": "#2"}
			}
		},
		{
			"from": [6.9, 5.65, 6.4],
			"to": [9.1, 5.8, 6.9],
			"rotation": {"angle": 0, "axis": "y", "origin": [8, 0, 8]},
			"faces": {
				"north": {"uv": [0, 8, 2.25, 8.25], "texture": "#2"},
				"east": {"uv": [4, 12, 4.5, 12.25], "texture": "#2"},
				"south": {"uv": [8, 0, 10.25, 0.25], "texture": "#2"},
				"west": {"uv": [12, 4, 12.5, 4.25], "texture": "#2"},
				"up": {"uv": [8.25, 2.5, 6, 2], "texture": "#2"},
				"down": {"uv": [8.25, 3, 6, 3.5], "texture": "#2"}
			}
		},
		{
			"from": [9.3, 4.75, 6.85],
			"to": [9.65, 5.65, 7],
			"rotation": {"angle": 0, "axis": "y", "origin": [8, 0, 8]},
			"faces": {
				"north": {"uv": [11, 6, 11.25, 7], "texture": "#2"},
				"east": {"uv": [7, 11, 7.25, 12], "texture": "#2"},
				"south": {"uv": [11, 7, 11.25, 8], "texture": "#2"},
				"west": {"uv": [8, 11, 8.25, 12], "texture": "#2"},
				"up": {"uv": [13.25, 0.25, 13, 0], "texture": "#2"},
				"down": {"uv": [1.25, 13, 1, 13.25], "texture": "#2"}
			}
		},
		{
			"from": [9, 4.75, 6.7],
			"to": [9.3, 5.65, 7],
			"rotation": {"angle": 0, "axis": "y", "origin": [8, 0, 8]},
			"faces": {
				"north": {"uv": [11, 8, 11.25, 9], "texture": "#2"},
				"east": {"uv": [9, 11, 9.25, 12], "texture": "#2"},
				"south": {"uv": [11, 9, 11.25, 10], "texture": "#2"},
				"west": {"uv": [10, 11, 10.25, 12], "texture": "#2"},
				"up": {"uv": [13.25, 1.25, 13, 1], "texture": "#2"},
				"down": {"uv": [2.25, 13, 2, 13.25], "texture": "#2"}
			}
		},
		{
			"from": [9, 4.75, 6.35],
			"to": [9.15, 5.65, 6.7],
			"rotation": {"angle": 0, "axis": "y", "origin": [8, 0, 8]},
			"faces": {
				"north": {"uv": [11, 10, 11.25, 11], "texture": "#2"},
				"east": {"uv": [11, 11, 11.25, 12], "texture": "#2"},
				"south": {"uv": [0, 12, 0.25, 13], "texture": "#2"},
				"west": {"uv": [12, 0, 12.25, 1], "texture": "#2"},
				"up": {"uv": [13.25, 2.25, 13, 2], "texture": "#2"},
				"down": {"uv": [3.25, 13, 3, 13.25], "texture": "#2"}
			}
		},
		{
			"from": [6.7, 4.75, 9],
			"to": [7, 5.65, 9.3],
			"rotation": {"angle": 0, "axis": "y", "origin": [8, 0, 8]},
			"faces": {
				"north": {"uv": [1, 12, 1.25, 13], "texture": "#2"},
				"east": {"uv": [12, 1, 12.25, 2], "texture": "#2"},
				"south": {"uv": [2, 12, 2.25, 13], "texture": "#2"},
				"west": {"uv": [12, 2, 12.25, 3], "texture": "#2"},
				"up": {"uv": [13.25, 3.25, 13, 3], "texture": "#2"},
				"down": {"uv": [4.25, 13, 4, 13.25], "texture": "#2"}
			}
		},
		{
			"from": [9.25, 0, 6.75],
			"to": [9.75, 0.25, 9.25],
			"rotation": {"angle": 0, "axis": "y", "origin": [8, 0, 8]},
			"faces": {
				"north": {"uv": [9.5, 9.5, 9.75, 9.625], "texture": "#0"},
				"east": {"uv": [8, 2.5, 9.25, 2.625], "texture": "#0"},
				"south": {"uv": [0, 10, 0.25, 10.125], "texture": "#0"},
				"west": {"uv": [6, 8, 7.25, 8.125], "texture": "#0"},
				"up": {"uv": [6.25, 2.75, 6, 1.5], "texture": "#0"},
				"down": {"uv": [5.25, 6.5, 5, 7.75], "texture": "#0"}
			}
		},
		{
			"from": [6.75, 0, 6.75],
			"to": [9.25, 0.25, 9.25],
			"rotation": {"angle": 0, "axis": "y", "origin": [8, 0, 8]},
			"faces": {
				"north": {"uv": [8, 6, 9.25, 6.125], "texture": "#0"},
				"east": {"uv": [7.5, 8, 8.75, 8.125], "texture": "#0"},
				"south": {"uv": [8, 7.5, 9.25, 7.625], "texture": "#0"},
				"west": {"uv": [8.5, 0.5, 9.75, 0.625], "texture": "#0"},
				"up": {"uv": [5.75, 2.75, 4.5, 1.5], "texture": "#0"},
				"down": {"uv": [6.25, 3, 5, 4.25], "texture": "#0"}
			}
		},
		{
			"from": [6.75, 0, 6.25],
			"to": [9.25, 0.25, 6.75],
			"rotation": {"angle": 0, "axis": "y", "origin": [8, 0, 8]},
			"faces": {
				"north": {"uv": [8.5, 3.5, 9.75, 3.625], "texture": "#0"},
				"east": {"uv": [1.5, 10, 1.75, 10.125], "texture": "#0"},
				"south": {"uv": [8.5, 4, 9.75, 4.125], "texture": "#0"},
				"west": {"uv": [10, 1.5, 10.25, 1.625], "texture": "#0"},
				"up": {"uv": [8.25, 3.25, 7, 3], "texture": "#0"},
				"down": {"uv": [8.25, 3.5, 7, 3.75], "texture": "#0"}
			}
		},
		{
			"from": [6.25, 0, 6.75],
			"to": [6.75, 0.25, 9.25],
			"rotation": {"angle": 0, "axis": "y", "origin": [8, 0, 8]},
			"faces": {
				"north": {"uv": [1, 10, 1.25, 10.125], "texture": "#0"},
				"east": {"uv": [8.5, 2, 9.75, 2.125], "texture": "#0"},
				"south": {"uv": [10, 1, 10.25, 1.125], "texture": "#0"},
				"west": {"uv": [8.5, 3, 9.75, 3.125], "texture": "#0"},
				"up": {"uv": [7.25, 1.25, 7, 0], "texture": "#0"},
				"down": {"uv": [7.25, 1.5, 7, 2.75], "texture": "#0"}
			}
		},
		{
			"from": [6.75, 0, 9.25],
			"to": [9.25, 0.25, 9.75],
			"rotation": {"angle": 0, "axis": "y", "origin": [8, 0, 8]},
			"faces": {
				"north": {"uv": [8.5, 1, 9.75, 1.125], "texture": "#0"},
				"east": {"uv": [0.5, 10, 0.75, 10.125], "texture": "#0"},
				"south": {"uv": [8.5, 1.5, 9.75, 1.625], "texture": "#0"},
				"west": {"uv": [10, 0.5, 10.25, 0.625], "texture": "#0"},
				"up": {"uv": [6.75, 6.75, 5.5, 6.5], "texture": "#0"},
				"down": {"uv": [7.75, 6, 6.5, 6.25], "texture": "#0"}
			}
		},
		{
			"from": [6.5, 4, 9.25],
			"to": [6.75, 4.25, 9.5],
			"rotation": {"angle": 0, "axis": "y", "origin": [8, 0, 8]},
			"faces": {
				"north": {"uv": [10.5, 2.5, 10.625, 2.625], "texture": "#0"},
				"east": {"uv": [3, 10.5, 3.125, 10.625], "texture": "#0"},
				"south": {"uv": [10.5, 3, 10.625, 3.125], "texture": "#0"},
				"west": {"uv": [3.5, 10.5, 3.625, 10.625], "texture": "#0"},
				"up": {"uv": [10.625, 3.625, 10.5, 3.5], "texture": "#0"},
				"down": {"uv": [4.125, 10.5, 4, 10.625], "texture": "#0"}
			}
		},
		{
			"from": [6.25, 4, 6.75],
			"to": [6.75, 4.25, 9.25],
			"rotation": {"angle": 0, "axis": "y", "origin": [8, 0, 8]},
			"faces": {
				"north": {"uv": [10, 3, 10.25, 3.125], "texture": "#0"},
				"east": {"uv": [6.5, 8.5, 7.75, 8.625], "texture": "#0"},
				"south": {"uv": [3.5, 10, 3.75, 10.125], "texture": "#0"},
				"west": {"uv": [8.5, 6.5, 9.75, 6.625], "texture": "#0"},
				"up": {"uv": [7.75, 1.25, 7.5, 0], "texture": "#0"},
				"down": {"uv": [7.75, 1.5, 7.5, 2.75], "texture": "#0"}
			}
		},
		{
			"from": [6.5, 4, 6.5],
			"to": [6.75, 4.25, 6.75],
			"rotation": {"angle": 0, "axis": "y", "origin": [8, 0, 8]},
			"faces": {
				"north": {"uv": [10.5, 7.5, 10.625, 7.625], "texture": "#0"},
				"east": {"uv": [8, 10.5, 8.125, 10.625], "texture": "#0"},
				"south": {"uv": [10.5, 8, 10.625, 8.125], "texture": "#0"},
				"west": {"uv": [8.5, 10.5, 8.625, 10.625], "texture": "#0"},
				"up": {"uv": [10.625, 8.625, 10.5, 8.5], "texture": "#0"},
				"down": {"uv": [9.125, 10.5, 9, 10.625], "texture": "#0"}
			}
		},
		{
			"from": [6.75, 4, 6.25],
			"to": [9.25, 4.25, 6.75],
			"rotation": {"angle": 0, "axis": "y", "origin": [8, 0, 8]},
			"faces": {
				"north": {"uv": [8.5, 7, 9.75, 7.125], "texture": "#0"},
				"east": {"uv": [10, 3.5, 10.25, 3.625], "texture": "#0"},
				"south": {"uv": [8, 8.5, 9.25, 8.625], "texture": "#0"},
				"west": {"uv": [10, 4, 10.25, 4.125], "texture": "#0"},
				"up": {"uv": [8.25, 6.75, 7, 6.5], "texture": "#0"},
				"down": {"uv": [4.25, 7.5, 3, 7.75], "texture": "#0"}
			}
		},
		{
			"from": [9.25, 4, 6.5],
			"to": [9.5, 4.25, 6.75],
			"rotation": {"angle": 0, "axis": "y", "origin": [8, 0, 8]},
			"faces": {
				"north": {"uv": [10.5, 4, 10.625, 4.125], "texture": "#0"},
				"east": {"uv": [4.5, 10.5, 4.625, 10.625], "texture": "#0"},
				"south": {"uv": [10.5, 4.5, 10.625, 4.625], "texture": "#0"},
				"west": {"uv": [5, 10.5, 5.125, 10.625], "texture": "#0"},
				"up": {"uv": [10.625, 5.125, 10.5, 5], "texture": "#0"},
				"down": {"uv": [5.625, 10.5, 5.5, 10.625], "texture": "#0"}
			}
		},
		{
			"from": [9.25, 4, 6.75],
			"to": [9.75, 4.25, 9.25],
			"rotation": {"angle": 0, "axis": "y", "origin": [8, 0, 8]},
			"faces": {
				"north": {"uv": [2, 10, 2.25, 10.125], "texture": "#0"},
				"east": {"uv": [8.5, 4.5, 9.75, 4.625], "texture": "#0"},
				"south": {"uv": [10, 2, 10.25, 2.125], "texture": "#0"},
				"west": {"uv": [5, 8.5, 6.25, 8.625], "texture": "#0"},
				"up": {"uv": [7.25, 5.25, 7, 4], "texture": "#0"},
				"down": {"uv": [5.75, 7, 5.5, 8.25], "texture": "#0"}
			}
		},
		{
			"from": [9.25, 4, 9.25],
			"to": [9.5, 4.25, 9.5],
			"rotation": {"angle": 0, "axis": "y", "origin": [8, 0, 8]},
			"faces": {
				"north": {"uv": [10.5, 1, 10.625, 1.125], "texture": "#0"},
				"east": {"uv": [1.5, 10.5, 1.625, 10.625], "texture": "#0"},
				"south": {"uv": [10.5, 1.5, 10.625, 1.625], "texture": "#0"},
				"west": {"uv": [2, 10.5, 2.125, 10.625], "texture": "#0"},
				"up": {"uv": [10.625, 2.125, 10.5, 2], "texture": "#0"},
				"down": {"uv": [2.625, 10.5, 2.5, 10.625], "texture": "#0"}
			}
		},
		{
			"from": [6.75, 4, 9.25],
			"to": [9.25, 4.25, 9.75],
			"rotation": {"angle": 0, "axis": "y", "origin": [8, 0, 8]},
			"faces": {
				"north": {"uv": [8.5, 5, 9.75, 5.125], "texture": "#0"},
				"east": {"uv": [2.5, 10, 2.75, 10.125], "texture": "#0"},
				"south": {"uv": [8.5, 5.5, 9.75, 5.625], "texture": "#0"},
				"west": {"uv": [3, 10, 3.25, 10.125], "texture": "#0"},
				"up": {"uv": [8.25, 5.75, 7, 5.5], "texture": "#0"},
				"down": {"uv": [7.25, 7, 6, 7.25], "texture": "#0"}
			}
		},
		{
			"from": [6.75, 0.25, 9.75],
			"to": [9.25, 4, 10],
			"rotation": {"angle": 0, "axis": "y", "origin": [8, 0, 8]},
			"faces": {
				"north": {"uv": [0, 4, 1.25, 5.875], "texture": "#0"},
				"east": {"uv": [3, 8, 3.125, 9.875], "texture": "#0"},
				"south": {"uv": [1.5, 4, 2.75, 5.875], "texture": "#0"},
				"west": {"uv": [3.5, 8, 3.625, 9.875], "texture": "#0"},
				"up": {"uv": [8.25, 9.125, 7, 9], "texture": "#0"},
				"down": {"uv": [10.25, 8, 9, 8.125], "texture": "#0"}
			}
		},
		{
			"from": [6, 0.25, 6.75],
			"to": [6.25, 4, 9.25],
			"rotation": {"angle": 0, "axis": "y", "origin": [8, 0, 8]},
			"faces": {
				"north": {"uv": [3.5, 8, 3.625, 9.875], "texture": "#0"},
				"east": {"uv": [0, 4, 1.25, 5.875], "texture": "#0"},
				"south": {"uv": [3, 8, 3.125, 9.875], "texture": "#0"},
				"west": {"uv": [1.5, 4, 2.75, 5.875], "texture": "#0"},
				"up": {"uv": [8.25, 9.125, 7, 9], "rotation": 90, "texture": "#0"},
				"down": {"uv": [10.25, 8, 9, 8.125], "rotation": 270, "texture": "#0"}
			}
		},
		{
			"from": [6.5, 4.25, 7],
			"to": [6.75, 4.75, 9],
			"rotation": {"angle": 0, "axis": "y", "origin": [8, 0, 8]},
			"faces": {
				"north": {"uv": [6, 10, 6.125, 10.25], "texture": "#0"},
				"east": {"uv": [7, 7.5, 8, 7.75], "texture": "#0"},
				"south": {"uv": [6.5, 10, 6.625, 10.25], "texture": "#0"},
				"west": {"uv": [7.5, 7, 8.5, 7.25], "texture": "#0"},
				"up": {"uv": [4.125, 10.5, 4, 9.5], "texture": "#0"},
				"down": {"uv": [4.625, 9.5, 4.5, 10.5], "texture": "#0"}
			}
		},
		{
			"from": [6.75, 4.25, 6.75],
			"to": [7, 4.75, 7],
			"rotation": {"angle": 0, "axis": "y", "origin": [8, 0, 8]},
			"faces": {
				"north": {"uv": [9.5, 10, 9.625, 10.25], "texture": "#0"},
				"east": {"uv": [10, 9.5, 10.125, 9.75], "texture": "#0"},
				"south": {"uv": [10, 10, 10.125, 10.25], "texture": "#0"},
				"west": {"uv": [0, 10.5, 0.125, 10.75], "texture": "#0"},
				"up": {"uv": [10.625, 6.625, 10.5, 6.5], "texture": "#0"},
				"down": {"uv": [7.125, 10.5, 7, 10.625], "texture": "#0"}
			}
		},
		{
			"from": [7, 4.25, 6.5],
			"to": [9, 4.75, 6.75],
			"rotation": {"angle": 0, "axis": "y", "origin": [8, 0, 8]},
			"faces": {
				"north": {"uv": [0, 8, 1, 8.25], "texture": "#0"},
				"east": {"uv": [10, 6.5, 10.125, 6.75], "texture": "#0"},
				"south": {"uv": [8, 0, 9, 0.25], "texture": "#0"},
				"west": {"uv": [7, 10, 7.125, 10.25], "texture": "#0"},
				"up": {"uv": [6.5, 9.625, 5.5, 9.5], "texture": "#0"},
				"down": {"uv": [10.5, 6, 9.5, 6.125], "texture": "#0"}
			}
		},
		{
			"from": [9, 4.25, 6.75],
			"to": [9.25, 4.75, 7],
			"rotation": {"angle": 0, "axis": "y", "origin": [8, 0, 8]},
			"faces": {
				"north": {"uv": [10, 7, 10.125, 7.25], "texture": "#0"},
				"east": {"uv": [7.5, 10, 7.625, 10.25], "texture": "#0"},
				"south": {"uv": [10, 7.5, 10.125, 7.75], "texture": "#0"},
				"west": {"uv": [8, 10, 8.125, 10.25], "texture": "#0"},
				"up": {"uv": [10.625, 5.625, 10.5, 5.5], "texture": "#0"},
				"down": {"uv": [6.125, 10.5, 6, 10.625], "texture": "#0"}
			}
		},
		{
			"from": [9.25, 4.25, 7],
			"to": [9.5, 4.75, 9],
			"rotation": {"angle": 0, "axis": "y", "origin": [8, 0, 8]},
			"faces": {
				"north": {"uv": [10, 4.5, 10.125, 4.75], "texture": "#0"},
				"east": {"uv": [7.5, 4, 8.5, 4.25], "texture": "#0"},
				"south": {"uv": [10, 5, 10.125, 5.25], "texture": "#0"},
				"west": {"uv": [7.5, 4.5, 8.5, 4.75], "texture": "#0"},
				"up": {"uv": [4.625, 4, 4.5, 3], "texture": "#0"},
				"down": {"uv": [8.625, 9, 8.5, 10], "texture": "#0"}
			}
		},
		{
			"from": [9, 4.25, 9],
			"to": [9.25, 4.75, 9.25],
			"rotation": {"angle": 0, "axis": "y", "origin": [8, 0, 8]},
			"faces": {
				"north": {"uv": [8.5, 10, 8.625, 10.25], "texture": "#0"},
				"east": {"uv": [10, 8.5, 10.125, 8.75], "texture": "#0"},
				"south": {"uv": [9, 10, 9.125, 10.25], "texture": "#0"},
				"west": {"uv": [10, 9, 10.125, 9.25], "texture": "#0"},
				"up": {"uv": [10.625, 6.125, 10.5, 6], "texture": "#0"},
				"down": {"uv": [6.625, 10.5, 6.5, 10.625], "texture": "#0"}
			}
		},
		{
			"from": [7, 4.25, 9.25],
			"to": [9, 4.75, 9.5],
			"rotation": {"angle": 0, "axis": "y", "origin": [8, 0, 8]},
			"faces": {
				"north": {"uv": [7.5, 5, 8.5, 5.25], "texture": "#0"},
				"east": {"uv": [5.5, 10, 5.625, 10.25], "texture": "#0"},
				"south": {"uv": [6, 7.5, 7, 7.75], "texture": "#0"},
				"west": {"uv": [10, 5.5, 10.125, 5.75], "texture": "#0"},
				"up": {"uv": [10, 9.125, 9, 9], "texture": "#0"},
				"down": {"uv": [10.5, 2.5, 9.5, 2.625], "texture": "#0"}
			}
		},
		{
			"from": [6.75, 4.25, 9],
			"to": [7, 4.75, 9.25],
			"rotation": {"angle": 0, "axis": "y", "origin": [8, 0, 8]},
			"faces": {
				"north": {"uv": [10.5, 0, 10.625, 0.25], "texture": "#0"},
				"east": {"uv": [0.5, 10.5, 0.625, 10.75], "texture": "#0"},
				"south": {"uv": [10.5, 0.5, 10.625, 0.75], "texture": "#0"},
				"west": {"uv": [1, 10.5, 1.125, 10.75], "texture": "#0"},
				"up": {"uv": [10.625, 7.125, 10.5, 7], "texture": "#0"},
				"down": {"uv": [7.625, 10.5, 7.5, 10.625], "texture": "#0"}
			}
		},
		{
			"from": [6.25, 0.25, 9.25],
			"to": [6.75, 4, 9.75],
			"rotation": {"angle": 0, "axis": "y", "origin": [8, 0, 8]},
			"faces": {
				"north": {"uv": [4.5, 5.5, 4.75, 7.375], "texture": "#0"},
				"east": {"uv": [5.5, 4.5, 5.75, 6.375], "texture": "#0"},
				"south": {"uv": [0, 6, 0.25, 7.875], "texture": "#0"},
				"west": {"uv": [0.5, 6, 0.75, 7.875], "texture": "#0"},
				"up": {"uv": [7.25, 9.75, 7, 9.5], "texture": "#0"},
				"down": {"uv": [7.75, 9.5, 7.5, 9.75], "texture": "#0"}
			}
		},
		{
			"from": [6.25, 0.25, 6.25],
			"to": [6.75, 4, 6.75],
			"rotation": {"angle": 0, "axis": "y", "origin": [8, 0, 8]},
			"faces": {
				"north": {"uv": [1, 6, 1.25, 7.875], "texture": "#0"},
				"east": {"uv": [1.5, 6, 1.75, 7.875], "texture": "#0"},
				"south": {"uv": [2, 6, 2.25, 7.875], "texture": "#0"},
				"west": {"uv": [2.5, 6, 2.75, 7.875], "texture": "#0"},
				"up": {"uv": [9.75, 7.75, 9.5, 7.5], "texture": "#0"},
				"down": {"uv": [8.25, 9.5, 8, 9.75], "texture": "#0"}
			}
		},
		{
			"from": [6.75, 0.25, 6],
			"to": [9.25, 4, 6.25],
			"rotation": {"angle": 0, "axis": "y", "origin": [8, 0, 8]},
			"faces": {
				"north": {"uv": [3, 0, 4.25, 1.875], "texture": "#0"},
				"east": {"uv": [2, 8, 2.125, 9.875], "texture": "#0"},
				"south": {"uv": [3, 2, 4.25, 3.875], "texture": "#0"},
				"west": {"uv": [2.5, 8, 2.625, 9.875], "texture": "#0"},
				"up": {"uv": [10.25, 0.125, 9, 0], "texture": "#0"},
				"down": {"uv": [6.75, 9, 5.5, 9.125], "texture": "#0"}
			}
		},
		{
			"from": [9.25, 0.25, 6.25],
			"to": [9.75, 4, 6.75],
			"rotation": {"angle": 0, "axis": "y", "origin": [8, 0, 8]},
			"faces": {
				"north": {"uv": [6, 4.5, 6.25, 6.375], "texture": "#0"},
				"east": {"uv": [6.5, 0, 6.75, 1.875], "texture": "#0"},
				"south": {"uv": [6.5, 2, 6.75, 3.875], "texture": "#0"},
				"west": {"uv": [6.5, 4, 6.75, 5.875], "texture": "#0"},
				"up": {"uv": [9.75, 8.75, 9.5, 8.5], "texture": "#0"},
				"down": {"uv": [9.25, 9.5, 9, 9.75], "texture": "#0"}
			}
		},
		{
			"from": [9.75, 0.25, 6.75],
			"to": [10, 4, 9.25],
			"rotation": {"angle": 0, "axis": "y", "origin": [8, 0, 8]},
			"faces": {
				"north": {"uv": [4.5, 7.5, 4.625, 9.375], "texture": "#0"},
				"east": {"uv": [0, 0, 1.25, 1.875], "texture": "#0"},
				"south": {"uv": [8, 0.5, 8.125, 2.375], "texture": "#0"},
				"west": {"uv": [1.5, 0, 2.75, 1.875], "texture": "#0"},
				"up": {"uv": [4.125, 9.25, 4, 8], "texture": "#0"},
				"down": {"uv": [0.125, 8.5, 0, 9.75], "texture": "#0"}
			}
		},
		{
			"from": [9.25, 0.25, 9.25],
			"to": [9.75, 4, 9.75],
			"rotation": {"angle": 0, "axis": "y", "origin": [8, 0, 8]},
			"faces": {
				"north": {"uv": [5, 4.5, 5.25, 6.375], "texture": "#0"},
				"east": {"uv": [3, 5.5, 3.25, 7.375], "texture": "#0"},
				"south": {"uv": [3.5, 5.5, 3.75, 7.375], "texture": "#0"},
				"west": {"uv": [4, 5.5, 4.25, 7.375], "texture": "#0"},
				"up": {"uv": [5.25, 8.25, 5, 8], "texture": "#0"},
				"down": {"uv": [6.75, 9.5, 6.5, 9.75], "texture": "#0"}
			}
		},
		{
			"from": [6.8, 2.15, 10],
			"to": [9.2, 3.1, 10.05],
			"faces": {
				"north": {"uv": [0, 0, 9.5, 3.75], "texture": "#4"},
				"east": {"uv": [12, 0, 12.25, 3.75], "texture": "#4"},
				"south": {"uv": [0, 4, 9.5, 7.75], "texture": "#4"},
				"west": {"uv": [12, 4, 12.25, 7.75], "texture": "#4"},
				"up": {"uv": [9.5, 8.25, 0, 8], "texture": "#4"},
				"down": {"uv": [9.5, 12, 0, 12.25], "texture": "#4"}
			}
		}
	],
	"display": {
		"thirdperson_righthand": {
			"rotation": [0, -180, 0],
			"translation": [0, 3.75, 0],
			"scale": [0.98, 0.98, 0.98]
		},
		"thirdperson_lefthand": {
			"rotation": [0, -180, 0],
			"translation": [0, 3.75, 0],
			"scale": [0.98, 0.98, 0.98]
		},
		"firstperson_righthand": {
			"rotation": [0, -30, 0],
			"translation": [-0.25, 13, 0],
			"scale": [1.72, 1.72, 1.72]
		},
		"firstperson_lefthand": {
			"rotation": [0, -30, 0],
			"translation": [-0.25, 13, 0],
			"scale": [1.72, 1.72, 1.72]
		},
		"ground": {
			"translation": [0, 5, 0],
			"scale": [1.31, 1.31, 1.31]
		},
		"gui": {
			"rotation": [-7.12, -35.18, -29.19],
			"translation": [5, 10.25, 0],
			"scale": [2.22, 2.22, 2.22]
		},
		"head": {
			"rotation": [0, 180, 0],
			"translation": [0, 24.5, 0],
			"scale": [4, 4, 4]
		},
		"fixed": {
			"rotation": [-90, 180, 0],
			"translation": [0, 0, -18.25],
			"scale": [2.3, 2.3, 2.3]
		}
	},
	"groups": [
		{
			"name": "group",
			"origin": [8, 0, 8],
			"color": 0,
			"children": [0, 1, 2, 3, 4]
		},
		{
			"name": "group",
			"origin": [8, 0, 8],
			"color": 0,
			"children": [5, 6, 7, 8, 9, 10, 11, 12, 13, 14, 15, 16, 17, 18, 19, 20, 21, 22, 23, 24]
		},
		{
			"name": "group",
			"origin": [8, 0, 8],
			"color": 0,
			"children": [25, 26, 27, 28, 29, 30, 31, 32, 33, 34, 35, 36, 37, 38, 39, 40, 41, 42, 43]
		},
		{
			"name": "group",
			"origin": [8, 0, 8],
			"color": 0,
			"children": [
				{
					"name": "group",
					"origin": [8, 0, 8],
					"color": 0,
					"children": [44, 45, 46, 47, 48]
				},
				49,
				50,
				51,
				52,
				53,
				54,
				55,
				56,
				57,
				58,
				59,
				60,
				61,
				62,
				63,
				64,
				65,
				66,
				67,
				68,
				69,
				70,
				71,
				72
			]
		},
		73
	]
}