{
	"credit": "Made with Blockbench",
	"textures": {
		"0": "politmine/item/brewery/dyan_hun_red_tea/15",
		"1": "politmine/item/brewery/dyan_hun_red_tea/14",
		"2": "politmine/item/brewery/dyan_hun_red_tea/13",
		"particle": "politmine/item/brewery/dyan_hun_red_tea/15"
	},
	"elements": [
		{
			"from": [4.48133, 0.34826, 5.28693],
			"to": [4.84009, 0.70013, 10.71307],
			"rotation": {"angle": 0, "axis": "y", "origin": [8, -3.33382, -14.51951]},
			"faces": {
				"north": {"uv": [9.75, 7.5, 9.875, 7.625], "texture": "#0"},
				"east": {"uv": [6.25, 6, 7.625, 6.125], "texture": "#0"},
				"south": {"uv": [7.75, 9.75, 7.875, 9.875], "texture": "#0"},
				"west": {"uv": [6.5, 0, 7.875, 0.125], "texture": "#0"},
				"up": {"uv": [4.125, 7.125, 4, 5.75], "texture": "#0"},
				"down": {"uv": [5.875, 6.5, 5.75, 7.875], "texture": "#0"}
			}
		},
		{
			"from": [10.92754, 0.58603, 4.80496],
			"to": [11.54348, 0.95197, 5.43841],
			"rotation": {"angle": 0, "axis": "y", "origin": [-3.71015, -3.53557, -3.71015]},
			"faces": {
				"north": {"uv": [9.75, 7.75, 9.875, 7.875], "texture": "#0"},
				"east": {"uv": [8, 9.75, 8.125, 9.875], "texture": "#0"},
				"south": {"uv": [9.75, 8, 9.875, 8.125], "texture": "#0"},
				"west": {"uv": [8.25, 9.75, 8.375, 9.875], "texture": "#0"},
				"up": {"uv": [9.875, 8.375, 9.75, 8.25], "texture": "#0"},
				"down": {"uv": [8.625, 9.75, 8.5, 9.875], "texture": "#0"}
			}
		},
		{
			"from": [10.92754, 0.58603, 10.56159],
			"to": [11.29348, 0.95197, 11.19504],
			"rotation": {"angle": 0, "axis": "y", "origin": [5.07246, -3.3526, 12.3913]},
			"faces": {
				"north": {"uv": [9.75, 8.5, 9.875, 8.625], "texture": "#0"},
				"east": {"uv": [8.75, 9.75, 8.875, 9.875], "texture": "#0"},
				"south": {"uv": [9.75, 8.75, 9.875, 8.875], "texture": "#0"},
				"west": {"uv": [9, 9.75, 9.125, 9.875], "texture": "#0"},
				"up": {"uv": [9.875, 9.125, 9.75, 9], "texture": "#0"},
				"down": {"uv": [9.375, 9.75, 9.25, 9.875], "texture": "#0"}
			}
		},
		{
			"from": [5.07246, 0.58603, 10.92754],
			"to": [5.43841, 0.95197, 11.56098],
			"rotation": {"angle": 0, "axis": "y", "origin": [5.07246, -3.3526, 12.3913]},
			"faces": {
				"north": {"uv": [9.75, 9.25, 9.875, 9.375], "texture": "#0"},
				"east": {"uv": [9.5, 9.75, 9.625, 9.875], "texture": "#0"},
				"south": {"uv": [9.75, 9.5, 9.875, 9.625], "texture": "#0"},
				"west": {"uv": [9.75, 9.75, 9.875, 9.875], "texture": "#0"},
				"up": {"uv": [0.125, 10.125, 0, 10], "texture": "#0"},
				"down": {"uv": [10.125, 0, 10, 0.125], "texture": "#0"}
			}
		},
		{
			"from": [4.70652, 0.58603, 10.56159],
			"to": [5.07246, 0.95197, 11.19504],
			"rotation": {"angle": 0, "axis": "y", "origin": [5.07246, -3.3526, 12.3913]},
			"faces": {
				"north": {"uv": [0.25, 10, 0.375, 10.125], "texture": "#0"},
				"east": {"uv": [10, 0.25, 10.125, 0.375], "texture": "#0"},
				"south": {"uv": [0.5, 10, 0.625, 10.125], "texture": "#0"},
				"west": {"uv": [10, 0.5, 10.125, 0.625], "texture": "#0"},
				"up": {"uv": [0.875, 10.125, 0.75, 10], "texture": "#0"},
				"down": {"uv": [10.125, 0.75, 10, 0.875], "texture": "#0"}
			}
		},
		{
			"from": [10.56159, 0.58603, 10.92754],
			"to": [10.92754, 0.95197, 11.56098],
			"rotation": {"angle": 0, "axis": "y", "origin": [5.07246, -3.3526, 12.3913]},
			"faces": {
				"north": {"uv": [1, 10, 1.125, 10.125], "texture": "#0"},
				"east": {"uv": [10, 1, 10.125, 1.125], "texture": "#0"},
				"south": {"uv": [1.25, 10, 1.375, 10.125], "texture": "#0"},
				"west": {"uv": [10, 1.25, 10.125, 1.375], "texture": "#0"},
				"up": {"uv": [1.625, 10.125, 1.5, 10], "texture": "#0"},
				"down": {"uv": [10.125, 1.5, 10, 1.625], "texture": "#0"}
			}
		},
		{
			"from": [5.07246, 0.58603, 4.43902],
			"to": [5.43841, 0.95197, 5.07246],
			"rotation": {"angle": 0, "axis": "y", "origin": [5.07246, -3.3526, 5.07246]},
			"faces": {
				"north": {"uv": [1.75, 10, 1.875, 10.125], "texture": "#0"},
				"east": {"uv": [10, 1.75, 10.125, 1.875], "texture": "#0"},
				"south": {"uv": [2, 10, 2.125, 10.125], "texture": "#0"},
				"west": {"uv": [10, 2, 10.125, 2.125], "texture": "#0"},
				"up": {"uv": [2.375, 10.125, 2.25, 10], "texture": "#0"},
				"down": {"uv": [10.125, 2.25, 10, 2.375], "texture": "#0"}
			}
		},
		{
			"from": [4.70652, 0.58603, 4.80496],
			"to": [5.07246, 0.95197, 5.43841],
			"rotation": {"angle": 0, "axis": "y", "origin": [5.07246, -3.3526, 5.07246]},
			"faces": {
				"north": {"uv": [2.5, 10, 2.625, 10.125], "texture": "#0"},
				"east": {"uv": [10, 2.5, 10.125, 2.625], "texture": "#0"},
				"south": {"uv": [2.75, 10, 2.875, 10.125], "texture": "#0"},
				"west": {"uv": [10, 2.75, 10.125, 2.875], "texture": "#0"},
				"up": {"uv": [3.125, 10.125, 3, 10], "texture": "#0"},
				"down": {"uv": [10.125, 3, 10, 3.125], "texture": "#0"}
			}
		},
		{
			"from": [10.56159, 0.58603, 4.43902],
			"to": [11.17754, 0.95197, 5.07246],
			"rotation": {"angle": 0, "axis": "y", "origin": [-3.71015, -3.53557, -3.71015]},
			"faces": {
				"north": {"uv": [3.25, 10, 3.375, 10.125], "texture": "#0"},
				"east": {"uv": [10, 3.25, 10.125, 3.375], "texture": "#0"},
				"south": {"uv": [3.5, 10, 3.625, 10.125], "texture": "#0"},
				"west": {"uv": [10, 3.5, 10.125, 3.625], "texture": "#0"},
				"up": {"uv": [3.875, 10.125, 3.75, 10], "texture": "#0"},
				"down": {"uv": [10.125, 3.75, 10, 3.875], "texture": "#0"}
			}
		},
		{
			"from": [5.43841, 0.58603, 4.34058],
			"to": [10.56159, 0.95197, 4.7137],
			"rotation": {"angle": 0, "axis": "y", "origin": [-3.71015, -3.53557, -3.71015]},
			"faces": {
				"north": {"uv": [7, 5.25, 8.25, 5.375], "texture": "#0"},
				"east": {"uv": [4, 10, 4.125, 10.125], "texture": "#0"},
				"south": {"uv": [7, 5.75, 8.25, 5.875], "texture": "#0"},
				"west": {"uv": [10, 4, 10.125, 4.125], "texture": "#0"},
				"up": {"uv": [8.25, 6.875, 7, 6.75], "texture": "#0"},
				"down": {"uv": [8.25, 7, 7, 7.125], "texture": "#0"}
			}
		},
		{
			"from": [5.43841, 0.58603, 11.2863],
			"to": [10.56159, 0.95197, 11.65942],
			"rotation": {"angle": 0, "axis": "y", "origin": [-3.71015, -3.53557, -3.71015]},
			"faces": {
				"north": {"uv": [0, 7.25, 1.25, 7.375], "texture": "#0"},
				"east": {"uv": [4.25, 10, 4.375, 10.125], "texture": "#0"},
				"south": {"uv": [7.25, 0.25, 8.5, 0.375], "texture": "#0"},
				"west": {"uv": [10, 4.25, 10.125, 4.375], "texture": "#0"},
				"up": {"uv": [8.5, 0.625, 7.25, 0.5], "texture": "#0"},
				"down": {"uv": [8.5, 0.75, 7.25, 0.875], "texture": "#0"}
			}
		},
		{
			"from": [11.2863, 0.58603, 5.17091],
			"to": [11.65942, 0.95197, 10.82909],
			"rotation": {"angle": 0, "axis": "y", "origin": [8, -3.3526, -15.42029]},
			"faces": {
				"north": {"uv": [4.5, 10, 4.625, 10.125], "texture": "#0"},
				"east": {"uv": [6.5, 1.25, 7.875, 1.375], "texture": "#0"},
				"south": {"uv": [10, 4.5, 10.125, 4.625], "texture": "#0"},
				"west": {"uv": [6.5, 1.5, 7.875, 1.625], "texture": "#0"},
				"up": {"uv": [6.125, 7.875, 6, 6.5], "texture": "#0"},
				"down": {"uv": [6.375, 6.5, 6.25, 7.875], "texture": "#0"}
			}
		},
		{
			"from": [4.34058, 0.58603, 5.17091],
			"to": [4.7137, 0.95197, 10.82909],
			"rotation": {"angle": 0, "axis": "y", "origin": [8, -3.3526, -15.42029]},
			"faces": {
				"north": {"uv": [4.75, 10, 4.875, 10.125], "texture": "#0"},
				"east": {"uv": [6.5, 1.75, 7.875, 1.875], "texture": "#0"},
				"south": {"uv": [10, 4.75, 10.125, 4.875], "texture": "#0"},
				"west": {"uv": [6.5, 4.5, 7.875, 4.625], "texture": "#0"},
				"up": {"uv": [6.625, 7.625, 6.5, 6.25], "texture": "#0"},
				"down": {"uv": [5.375, 6.75, 5.25, 8.125], "texture": "#0"}
			}
		},
		{
			"from": [11.79228, 4.77229, 3.86775],
			"to": [12.26631, 6.20289, 4.68176],
			"rotation": {"angle": 0, "axis": "y", "origin": [-7.1691, -4.29044, -7.1691]},
			"faces": {
				"north": {"uv": [3.25, 9, 3.375, 9.375], "texture": "#0"},
				"east": {"uv": [5, 8.5, 5.25, 8.875], "texture": "#0"},
				"south": {"uv": [3.5, 9, 3.625, 9.375], "texture": "#0"},
				"west": {"uv": [6, 8.5, 6.25, 8.875], "texture": "#0"},
				"up": {"uv": [9.125, 5.25, 9, 5], "texture": "#0"},
				"down": {"uv": [9.125, 6, 9, 6.25], "texture": "#0"}
			}
		},
		{
			"from": [11.79228, 4.77229, 11.31824],
			"to": [12.26631, 6.20289, 12.13225],
			"rotation": {"angle": 0, "axis": "y", "origin": [4.20772, -4.05342, 13.68841]},
			"faces": {
				"north": {"uv": [9, 3.5, 9.125, 3.875], "texture": "#0"},
				"east": {"uv": [6.25, 8.5, 6.5, 8.875], "texture": "#0"},
				"south": {"uv": [3.75, 9, 3.875, 9.375], "texture": "#0"},
				"west": {"uv": [6.75, 8.5, 7, 8.875], "texture": "#0"},
				"up": {"uv": [9.375, 5.25, 9.25, 5], "texture": "#0"},
				"down": {"uv": [9.375, 6, 9.25, 6.25], "texture": "#0"}
			}
		},
		{
			"from": [4.20772, 4.77229, 11.79228],
			"to": [4.68176, 6.20289, 12.60629],
			"rotation": {"angle": 0, "axis": "y", "origin": [4.20772, -4.05342, 13.68841]},
			"faces": {
				"north": {"uv": [9, 4, 9.125, 4.375], "texture": "#0"},
				"east": {"uv": [8.5, 6.75, 8.75, 7.125], "texture": "#0"},
				"south": {"uv": [5, 9, 5.125, 9.375], "texture": "#0"},
				"west": {"uv": [7, 8.5, 7.25, 8.875], "texture": "#0"},
				"up": {"uv": [6.375, 9.75, 6.25, 9.5], "texture": "#0"},
				"down": {"uv": [6.625, 9.5, 6.5, 9.75], "texture": "#0"}
			}
		},
		{
			"from": [3.73369, 4.77229, 11.31824],
			"to": [4.20772, 6.20289, 12.13225],
			"rotation": {"angle": 0, "axis": "y", "origin": [4.20772, -4.05342, 13.68841]},
			"faces": {
				"north": {"uv": [5.25, 9, 5.375, 9.375], "texture": "#0"},
				"east": {"uv": [7.25, 8.5, 7.5, 8.875], "texture": "#0"},
				"south": {"uv": [5.5, 9, 5.625, 9.375], "texture": "#0"},
				"west": {"uv": [8.5, 7.25, 8.75, 7.625], "texture": "#0"},
				"up": {"uv": [9.625, 6.75, 9.5, 6.5], "texture": "#0"},
				"down": {"uv": [6.875, 9.5, 6.75, 9.75], "texture": "#0"}
			}
		},
		{
			"from": [11.31824, 4.77229, 11.79228],
			"to": [11.79228, 6.20289, 12.60629],
			"rotation": {"angle": 0, "axis": "y", "origin": [4.20772, -4.05342, 13.68841]},
			"faces": {
				"north": {"uv": [6, 9, 6.125, 9.375], "texture": "#0"},
				"east": {"uv": [7.5, 8.5, 7.75, 8.875], "texture": "#0"},
				"south": {"uv": [6.25, 9, 6.375, 9.375], "texture": "#0"},
				"west": {"uv": [7.75, 8.5, 8, 8.875], "texture": "#0"},
				"up": {"uv": [9.625, 7, 9.5, 6.75], "texture": "#0"},
				"down": {"uv": [7.125, 9.5, 7, 9.75], "texture": "#0"}
			}
		},
		{
			"from": [4.20772, 4.77229, 3.39371],
			"to": [4.68176, 6.20289, 4.20772],
			"rotation": {"angle": 0, "axis": "y", "origin": [4.20772, -4.05342, 4.20772]},
			"faces": {
				"north": {"uv": [6.5, 9, 6.625, 9.375], "texture": "#0"},
				"east": {"uv": [8.5, 8.25, 8.75, 8.625], "texture": "#0"},
				"south": {"uv": [6.75, 9, 6.875, 9.375], "texture": "#0"},
				"west": {"uv": [0, 8.75, 0.25, 9.125], "texture": "#0"},
				"up": {"uv": [9.625, 7.25, 9.5, 7], "texture": "#0"},
				"down": {"uv": [7.375, 9.5, 7.25, 9.75], "texture": "#0"}
			}
		},
		{
			"from": [3.73369, 4.77229, 3.86775],
			"to": [4.20772, 6.20289, 4.68176],
			"rotation": {"angle": 0, "axis": "y", "origin": [4.20772, -4.05342, 4.20772]},
			"faces": {
				"north": {"uv": [7, 9, 7.125, 9.375], "texture": "#0"},
				"east": {"uv": [0.25, 8.75, 0.5, 9.125], "texture": "#0"},
				"south": {"uv": [7.25, 9, 7.375, 9.375], "texture": "#0"},
				"west": {"uv": [0.5, 8.75, 0.75, 9.125], "texture": "#0"},
				"up": {"uv": [9.625, 7.5, 9.5, 7.25], "texture": "#0"},
				"down": {"uv": [7.625, 9.5, 7.5, 9.75], "texture": "#0"}
			}
		},
		{
			"from": [11.31824, 4.77229, 3.39371],
			"to": [11.79228, 6.20289, 4.20772],
			"rotation": {"angle": 0, "axis": "y", "origin": [-7.1691, -4.29044, -7.1691]},
			"faces": {
				"north": {"uv": [7.5, 9, 7.625, 9.375], "texture": "#0"},
				"east": {"uv": [0.75, 8.75, 1, 9.125], "texture": "#0"},
				"south": {"uv": [7.75, 9, 7.875, 9.375], "texture": "#0"},
				"west": {"uv": [1, 8.75, 1.25, 9.125], "texture": "#0"},
				"up": {"uv": [9.625, 7.75, 9.5, 7.5], "texture": "#0"},
				"down": {"uv": [7.875, 9.5, 7.75, 9.75], "texture": "#0"}
			}
		},
		{
			"from": [4.68176, 4.77229, 3.25966],
			"to": [11.31824, 6.20289, 3.74298],
			"rotation": {"angle": 0, "axis": "y", "origin": [-7.1691, -4.29044, -7.1691]},
			"faces": {
				"north": {"uv": [2.125, 3, 3.75, 3.375], "texture": "#0"},
				"east": {"uv": [9, 8, 9.125, 8.375], "texture": "#0"},
				"south": {"uv": [3.25, 1.5, 4.875, 1.875], "texture": "#0"},
				"west": {"uv": [9, 8.5, 9.125, 8.875], "texture": "#0"},
				"up": {"uv": [6.875, 2.125, 5.25, 2], "texture": "#0"},
				"down": {"uv": [6.875, 2.25, 5.25, 2.375], "texture": "#0"}
			}
		},
		{
			"from": [4.68176, 4.77229, 12.25702],
			"to": [11.31824, 6.20289, 12.74034],
			"rotation": {"angle": 0, "axis": "y", "origin": [-7.1691, -4.29044, -7.1691]},
			"faces": {
				"north": {"uv": [0, 3.5, 1.625, 3.875], "texture": "#0"},
				"east": {"uv": [9, 9, 9.125, 9.375], "texture": "#0"},
				"south": {"uv": [1.75, 3.5, 3.375, 3.875], "texture": "#0"},
				"west": {"uv": [0, 9.25, 0.125, 9.625], "texture": "#0"},
				"up": {"uv": [6.875, 2.625, 5.25, 2.5], "texture": "#0"},
				"down": {"uv": [6.875, 2.75, 5.25, 2.875], "texture": "#0"}
			}
		},
		{
			"from": [12.25702, 4.77229, 4.34178],
			"to": [12.74034, 6.20289, 11.65822],
			"rotation": {"angle": 0, "axis": "y", "origin": [8, -4.05342, -22.3382]},
			"faces": {
				"north": {"uv": [9.25, 0, 9.375, 0.375], "texture": "#0"},
				"east": {"uv": [1.5, 2, 3.375, 2.375], "texture": "#0"},
				"south": {"uv": [0.25, 9.25, 0.375, 9.625], "texture": "#0"},
				"west": {"uv": [1.5, 2.5, 3.375, 2.875], "texture": "#0"},
				"up": {"uv": [5.125, 6.875, 5, 5], "texture": "#0"},
				"down": {"uv": [0.125, 5.25, 0, 7.125], "texture": "#0"}
			}
		},
		{
			"from": [3.25966, 4.77229, 4.34178],
			"to": [3.74298, 6.20289, 11.65822],
			"rotation": {"angle": 0, "axis": "y", "origin": [8, -4.05342, -22.3382]},
			"faces": {
				"north": {"uv": [0.5, 9.25, 0.625, 9.625], "texture": "#0"},
				"east": {"uv": [0, 3, 1.875, 3.375], "texture": "#0"},
				"south": {"uv": [9.25, 0.5, 9.375, 0.875], "texture": "#0"},
				"west": {"uv": [3.375, 0.5, 5, 0.875], "texture": "#0"},
				"up": {"uv": [0.375, 7.125, 0.25, 5.25], "texture": "#0"},
				"down": {"uv": [0.625, 5.25, 0.5, 7.125], "texture": "#0"}
			}
		},
		{
			"from": [11.6199, 3.57098, 4.05558],
			"to": [12.07239, 5.49588, 4.83259],
			"rotation": {"angle": 0, "axis": "y", "origin": [-6.4796, -4.13224, -6.4796]},
			"faces": {
				"north": {"uv": [4.75, 8.75, 4.875, 9.25], "texture": "#0"},
				"east": {"uv": [6, 8, 6.25, 8.5], "texture": "#0"},
				"south": {"uv": [8, 8.75, 8.125, 9.25], "texture": "#0"},
				"west": {"uv": [6.25, 8, 6.5, 8.5], "texture": "#0"},
				"up": {"uv": [9.625, 8, 9.5, 7.75], "texture": "#0"},
				"down": {"uv": [9.625, 8, 9.5, 8.25], "texture": "#0"}
			}
		},
		{
			"from": [11.6199, 3.57098, 11.16741],
			"to": [12.07239, 4.96088, 11.94442],
			"rotation": {"angle": 0, "axis": "y", "origin": [4.3801, -3.90599, 13.42985]},
			"faces": {
				"north": {"uv": [0.75, 9.25, 0.875, 9.625], "texture": "#0"},
				"east": {"uv": [1.25, 8.75, 1.5, 9.125], "texture": "#0"},
				"south": {"uv": [1, 9.25, 1.125, 9.625], "texture": "#0"},
				"west": {"uv": [2, 8.75, 2.25, 9.125], "texture": "#0"},
				"up": {"uv": [9.625, 8.5, 9.5, 8.25], "texture": "#0"},
				"down": {"uv": [9.625, 8.5, 9.5, 8.75], "texture": "#0"}
			}
		},
		{
			"from": [4.3801, 3.57098, 11.6199],
			"to": [4.83259, 4.96088, 12.39691],
			"rotation": {"angle": 0, "axis": "y", "origin": [4.3801, -3.90599, 13.42985]},
			"faces": {
				"north": {"uv": [9.25, 1, 9.375, 1.375], "texture": "#0"},
				"east": {"uv": [2.25, 8.75, 2.5, 9.125], "texture": "#0"},
				"south": {"uv": [1.25, 9.25, 1.375, 9.625], "texture": "#0"},
				"west": {"uv": [8.75, 2.25, 9, 2.625], "texture": "#0"},
				"up": {"uv": [9.625, 9, 9.5, 8.75], "texture": "#0"},
				"down": {"uv": [9.125, 9.5, 9, 9.75], "texture": "#0"}
			}
		},
		{
			"from": [3.92761, 3.57098, 11.16741],
			"to": [4.3801, 4.96088, 11.94442],
			"rotation": {"angle": 0, "axis": "y", "origin": [4.3801, -3.90599, 13.42985]},
			"faces": {
				"north": {"uv": [9.25, 1.5, 9.375, 1.875], "texture": "#0"},
				"east": {"uv": [8.75, 3.75, 9, 4.125], "texture": "#0"},
				"south": {"uv": [2, 9.25, 2.125, 9.625], "texture": "#0"},
				"west": {"uv": [4, 8.75, 4.25, 9.125], "texture": "#0"},
				"up": {"uv": [9.625, 9.25, 9.5, 9], "texture": "#0"},
				"down": {"uv": [9.625, 9.25, 9.5, 9.5], "texture": "#0"}
			}
		},
		{
			"from": [11.16741, 3.57098, 11.6199],
			"to": [11.6199, 4.96088, 12.39691],
			"rotation": {"angle": 0, "axis": "y", "origin": [4.3801, -3.90599, 13.42985]},
			"faces": {
				"north": {"uv": [9.25, 2, 9.375, 2.375], "texture": "#0"},
				"east": {"uv": [4.25, 8.75, 4.5, 9.125], "texture": "#0"},
				"south": {"uv": [2.25, 9.25, 2.375, 9.625], "texture": "#0"},
				"west": {"uv": [4.5, 8.75, 4.75, 9.125], "texture": "#0"},
				"up": {"uv": [9.625, 9.75, 9.5, 9.5], "texture": "#0"},
				"down": {"uv": [0.125, 9.75, 0, 10], "texture": "#0"}
			}
		},
		{
			"from": [4.3801, 3.57098, 3.60309],
			"to": [4.83259, 5.49588, 4.3801],
			"rotation": {"angle": 0, "axis": "y", "origin": [4.3801, -3.90599, 4.3801]},
			"faces": {
				"north": {"uv": [8.25, 8.75, 8.375, 9.25], "texture": "#0"},
				"east": {"uv": [5.25, 8.25, 5.5, 8.75], "texture": "#0"},
				"south": {"uv": [8.75, 8.25, 8.875, 8.75], "texture": "#0"},
				"west": {"uv": [5.5, 8.25, 5.75, 8.75], "texture": "#0"},
				"up": {"uv": [9.875, 0.25, 9.75, 0], "texture": "#0"},
				"down": {"uv": [0.375, 9.75, 0.25, 10], "texture": "#0"}
			}
		},
		{
			"from": [3.92761, 3.57098, 4.05558],
			"to": [4.3801, 5.49588, 4.83259],
			"rotation": {"angle": 0, "axis": "y", "origin": [4.3801, -3.90599, 4.3801]},
			"faces": {
				"north": {"uv": [8.5, 8.75, 8.625, 9.25], "texture": "#0"},
				"east": {"uv": [8.25, 6.75, 8.5, 7.25], "texture": "#0"},
				"south": {"uv": [8.75, 8.75, 8.875, 9.25], "texture": "#0"},
				"west": {"uv": [8.25, 7.25, 8.5, 7.75], "texture": "#0"},
				"up": {"uv": [9.875, 0.5, 9.75, 0.25], "texture": "#0"},
				"down": {"uv": [0.625, 9.75, 0.5, 10], "texture": "#0"}
			}
		},
		{
			"from": [11.16741, 3.57098, 3.60309],
			"to": [11.6199, 5.49588, 4.3801],
			"rotation": {"angle": 0, "axis": "y", "origin": [-6.4796, -4.13224, -6.4796]},
			"faces": {
				"north": {"uv": [9, 0.25, 9.125, 0.75], "texture": "#0"},
				"east": {"uv": [8, 8.25, 8.25, 8.75], "texture": "#0"},
				"south": {"uv": [9, 0.75, 9.125, 1.25], "texture": "#0"},
				"west": {"uv": [8.25, 8.25, 8.5, 8.75], "texture": "#0"},
				"up": {"uv": [9.875, 0.75, 9.75, 0.5], "texture": "#0"},
				"down": {"uv": [0.875, 9.75, 0.75, 10], "texture": "#0"}
			}
		},
		{
			"from": [4.83259, 3.57098, 3.47513],
			"to": [11.16741, 5.49588, 3.93649],
			"rotation": {"angle": 0, "axis": "y", "origin": [-6.4796, -4.13224, -6.4796]},
			"faces": {
				"north": {"uv": [1.5, 1, 3.125, 1.5], "texture": "#0"},
				"east": {"uv": [1.5, 9, 1.625, 9.5], "texture": "#0"},
				"south": {"uv": [1.5, 1.5, 3.125, 2], "texture": "#0"},
				"west": {"uv": [1.75, 9, 1.875, 9.5], "texture": "#0"},
				"up": {"uv": [6.875, 3.625, 5.25, 3.5], "texture": "#0"},
				"down": {"uv": [6.875, 3.75, 5.25, 3.875], "texture": "#0"}
			}
		},
		{
			"from": [4.83259, 3.57098, 12.06351],
			"to": [11.16741, 4.96088, 12.52487],
			"rotation": {"angle": 0, "axis": "y", "origin": [-6.4796, -4.13224, -6.4796]},
			"faces": {
				"north": {"uv": [3.5, 2, 5.125, 2.375], "texture": "#0"},
				"east": {"uv": [9.25, 2.5, 9.375, 2.875], "texture": "#0"},
				"south": {"uv": [3.5, 2.5, 5.125, 2.875], "texture": "#0"},
				"west": {"uv": [2.75, 9.25, 2.875, 9.625], "texture": "#0"},
				"up": {"uv": [6.875, 5.125, 5.25, 5], "texture": "#0"},
				"down": {"uv": [6.875, 5.25, 5.25, 5.375], "texture": "#0"}
			}
		},
		{
			"from": [12.06351, 3.57098, 4.50807],
			"to": [12.52487, 5.49588, 11.49193],
			"rotation": {"angle": 0, "axis": "y", "origin": [8, -3.90599, -20.95919]},
			"faces": {
				"north": {"uv": [9, 2, 9.125, 2.5], "texture": "#0"},
				"east": {"uv": [1.5, 0, 3.25, 0.5], "texture": "#0"},
				"south": {"uv": [2.5, 9, 2.625, 9.5], "texture": "#0"},
				"west": {"uv": [1.5, 0.5, 3.25, 1], "texture": "#0"},
				"up": {"uv": [0.875, 7, 0.75, 5.25], "texture": "#0"},
				"down": {"uv": [1.125, 5.25, 1, 7], "texture": "#0"}
			}
		},
		{
			"from": [3.47513, 3.57098, 4.50807],
			"to": [3.93649, 4.96088, 11.49193],
			"rotation": {"angle": 0, "axis": "y", "origin": [8, -3.90599, -20.95919]},
			"faces": {
				"north": {"uv": [3, 9.25, 3.125, 9.625], "texture": "#0"},
				"east": {"uv": [3.25, 0, 5, 0.375], "texture": "#0"},
				"south": {"uv": [9.25, 3.5, 9.375, 3.875], "texture": "#0"},
				"west": {"uv": [3.25, 0.5, 5, 0.875], "texture": "#0"},
				"up": {"uv": [1.375, 7, 1.25, 5.25], "texture": "#0"},
				"down": {"uv": [1.625, 5.25, 1.5, 7], "texture": "#0"}
			}
		},
		{
			"from": [11.44752, 2.36967, 4.24341],
			"to": [11.87846, 3.71886, 4.98342],
			"rotation": {"angle": 0, "axis": "y", "origin": [-5.79009, -3.97404, -5.79009]},
			"faces": {
				"north": {"uv": [4, 9.25, 4.125, 9.625], "texture": "#0"},
				"east": {"uv": [9.25, 4, 9.375, 4.375], "texture": "#0"},
				"south": {"uv": [4.25, 9.25, 4.375, 9.625], "texture": "#0"},
				"west": {"uv": [4.5, 9.25, 4.625, 9.625], "texture": "#0"},
				"up": {"uv": [5.125, 10.125, 5, 10], "texture": "#0"},
				"down": {"uv": [10.125, 5, 10, 5.125], "texture": "#0"}
			}
		},
		{
			"from": [11.44752, 2.36967, 11.01658],
			"to": [11.87846, 3.71886, 11.75659],
			"rotation": {"angle": 0, "axis": "y", "origin": [4.55248, -3.75857, 13.17128]},
			"faces": {
				"north": {"uv": [9.25, 4.5, 9.375, 4.875], "texture": "#0"},
				"east": {"uv": [4.75, 9.25, 4.875, 9.625], "texture": "#0"},
				"south": {"uv": [5.75, 9.25, 5.875, 9.625], "texture": "#0"},
				"west": {"uv": [9.25, 6.75, 9.375, 7.125], "texture": "#0"},
				"up": {"uv": [5.375, 10.125, 5.25, 10], "texture": "#0"},
				"down": {"uv": [10.125, 5.25, 10, 5.375], "texture": "#0"}
			}
		},
		{
			"from": [4.55248, 2.36967, 11.44752],
			"to": [4.98342, 3.71886, 12.18753],
			"rotation": {"angle": 0, "axis": "y", "origin": [4.55248, -3.75857, 13.17128]},
			"faces": {
				"north": {"uv": [9.25, 7.25, 9.375, 7.625], "texture": "#0"},
				"east": {"uv": [9.25, 7.75, 9.375, 8.125], "texture": "#0"},
				"south": {"uv": [8, 9.25, 8.125, 9.625], "texture": "#0"},
				"west": {"uv": [8.25, 9.25, 8.375, 9.625], "texture": "#0"},
				"up": {"uv": [5.625, 10.125, 5.5, 10], "texture": "#0"},
				"down": {"uv": [10.125, 5.5, 10, 5.625], "texture": "#0"}
			}
		},
		{
			"from": [4.12154, 2.36967, 11.01658],
			"to": [4.55248, 3.71886, 11.75659],
			"rotation": {"angle": 0, "axis": "y", "origin": [4.55248, -3.75857, 13.17128]},
			"faces": {
				"north": {"uv": [9.25, 8.25, 9.375, 8.625], "texture": "#0"},
				"east": {"uv": [8.5, 9.25, 8.625, 9.625], "texture": "#0"},
				"south": {"uv": [8.75, 9.25, 8.875, 9.625], "texture": "#0"},
				"west": {"uv": [9.25, 8.75, 9.375, 9.125], "texture": "#0"},
				"up": {"uv": [5.875, 10.125, 5.75, 10], "texture": "#0"},
				"down": {"uv": [10.125, 5.75, 10, 5.875], "texture": "#0"}
			}
		},
		{
			"from": [11.01658, 2.36967, 11.44752],
			"to": [11.44752, 3.71886, 12.18753],
			"rotation": {"angle": 0, "axis": "y", "origin": [4.55248, -3.75857, 13.17128]},
			"faces": {
				"north": {"uv": [9.25, 9.25, 9.375, 9.625], "texture": "#0"},
				"east": {"uv": [9.5, 0, 9.625, 0.375], "texture": "#0"},
				"south": {"uv": [9.5, 0.5, 9.625, 0.875], "texture": "#0"},
				"west": {"uv": [9.5, 1, 9.625, 1.375], "texture": "#0"},
				"up": {"uv": [6.125, 10.125, 6, 10], "texture": "#0"},
				"down": {"uv": [10.125, 6, 10, 6.125], "texture": "#0"}
			}
		},
		{
			"from": [4.55248, 2.36967, 3.81247],
			"to": [4.98342, 3.71886, 4.55248],
			"rotation": {"angle": 0, "axis": "y", "origin": [4.55248, -3.75857, 4.55248]},
			"faces": {
				"north": {"uv": [1.5, 9.5, 1.625, 9.875], "texture": "#0"},
				"east": {"uv": [9.5, 1.5, 9.625, 1.875], "texture": "#0"},
				"south": {"uv": [1.75, 9.5, 1.875, 9.875], "texture": "#0"},
				"west": {"uv": [9.5, 2, 9.625, 2.375], "texture": "#0"},
				"up": {"uv": [6.375, 10.125, 6.25, 10], "texture": "#0"},
				"down": {"uv": [10.125, 6.25, 10, 6.375], "texture": "#0"}
			}
		},
		{
			"from": [4.12154, 2.36967, 4.24341],
			"to": [4.55248, 3.71886, 4.98342],
			"rotation": {"angle": 0, "axis": "y", "origin": [4.55248, -3.75857, 4.55248]},
			"faces": {
				"north": {"uv": [2.5, 9.5, 2.625, 9.875], "texture": "#0"},
				"east": {"uv": [9.5, 2.5, 9.625, 2.875], "texture": "#0"},
				"south": {"uv": [9.5, 3, 9.625, 3.375], "texture": "#0"},
				"west": {"uv": [3.25, 9.5, 3.375, 9.875], "texture": "#0"},
				"up": {"uv": [6.625, 10.125, 6.5, 10], "texture": "#0"},
				"down": {"uv": [10.125, 6.5, 10, 6.625], "texture": "#0"}
			}
		},
		{
			"from": [11.01658, 2.36967, 3.81247],
			"to": [11.44752, 3.71886, 4.55248],
			"rotation": {"angle": 0, "axis": "y", "origin": [-5.79009, -3.97404, -5.79009]},
			"faces": {
				"north": {"uv": [3.5, 9.5, 3.625, 9.875], "texture": "#0"},
				"east": {"uv": [9.5, 3.5, 9.625, 3.875], "texture": "#0"},
				"south": {"uv": [3.75, 9.5, 3.875, 9.875], "texture": "#0"},
				"west": {"uv": [9.5, 4, 9.625, 4.375], "texture": "#0"},
				"up": {"uv": [6.875, 10.125, 6.75, 10], "texture": "#0"},
				"down": {"uv": [10.125, 6.75, 10, 6.875], "texture": "#0"}
			}
		},
		{
			"from": [4.98342, 2.36967, 3.6906],
			"to": [11.01658, 3.71886, 4.12999],
			"rotation": {"angle": 0, "axis": "y", "origin": [-5.79009, -3.97404, -5.79009]},
			"faces": {
				"north": {"uv": [3.5, 4, 5, 4.375], "texture": "#0"},
				"east": {"uv": [9.5, 4.5, 9.625, 4.875], "texture": "#0"},
				"south": {"uv": [0, 4.5, 1.5, 4.875], "texture": "#0"},
				"west": {"uv": [5, 9.5, 5.125, 9.875], "texture": "#0"},
				"up": {"uv": [4.25, 5.625, 2.75, 5.5], "texture": "#0"},
				"down": {"uv": [7, 4, 5.5, 4.125], "texture": "#0"}
			}
		},
		{
			"from": [4.98342, 2.36967, 11.87001],
			"to": [11.01658, 3.71886, 12.3094],
			"rotation": {"angle": 0, "axis": "y", "origin": [-5.79009, -3.97404, -5.79009]},
			"faces": {
				"north": {"uv": [1.5, 4.5, 3, 4.875], "texture": "#0"},
				"east": {"uv": [9.5, 5, 9.625, 5.375], "texture": "#0"},
				"south": {"uv": [3, 4.5, 4.5, 4.875], "texture": "#0"},
				"west": {"uv": [5.25, 9.5, 5.375, 9.875], "texture": "#0"},
				"up": {"uv": [7, 4.375, 5.5, 4.25], "texture": "#0"},
				"down": {"uv": [6.75, 5.5, 5.25, 5.625], "texture": "#0"}
			}
		},
		{
			"from": [11.87001, 2.36967, 4.67435],
			"to": [12.3094, 3.71886, 11.32565],
			"rotation": {"angle": 0, "axis": "y", "origin": [8, -3.75857, -19.58019]},
			"faces": {
				"north": {"uv": [5.5, 9.5, 5.625, 9.875], "texture": "#0"},
				"east": {"uv": [3.5, 3.5, 5.125, 3.875], "texture": "#0"},
				"south": {"uv": [9.5, 5.5, 9.625, 5.875], "texture": "#0"},
				"west": {"uv": [0, 4, 1.625, 4.375], "texture": "#0"},
				"up": {"uv": [1.875, 6.875, 1.75, 5.25], "texture": "#0"},
				"down": {"uv": [2.125, 5.25, 2, 6.875], "texture": "#0"}
			}
		},
		{
			"from": [3.6906, 2.36967, 4.67435],
			"to": [4.12999, 3.71886, 11.32565],
			"rotation": {"angle": 0, "axis": "y", "origin": [8, -3.75857, -19.58019]},
			"faces": {
				"north": {"uv": [6, 9.5, 6.125, 9.875], "texture": "#0"},
				"east": {"uv": [1.75, 4, 3.375, 4.375], "texture": "#0"},
				"south": {"uv": [9.5, 6, 9.625, 6.375], "texture": "#0"},
				"west": {"uv": [4, 3, 5.625, 3.375], "texture": "#0"},
				"up": {"uv": [2.375, 6.875, 2.25, 5.25], "texture": "#0"},
				"down": {"uv": [2.625, 5.25, 2.5, 6.875], "texture": "#0"}
			}
		},
		{
			"from": [11.22254, 1.41834, 4.48856],
			"to": [11.62536, 2.4469, 5.18028],
			"rotation": {"angle": 0, "axis": "y", "origin": [-4.89017, -3.76755, -4.89017]},
			"faces": {
				"north": {"uv": [9.75, 0.75, 9.875, 1], "texture": "#0"},
				"east": {"uv": [1, 9.75, 1.125, 10], "texture": "#0"},
				"south": {"uv": [9.75, 1, 9.875, 1.25], "texture": "#0"},
				"west": {"uv": [1.25, 9.75, 1.375, 10], "texture": "#0"},
				"up": {"uv": [7.125, 10.125, 7, 10], "texture": "#0"},
				"down": {"uv": [10.125, 7, 10, 7.125], "texture": "#0"}
			}
		},
		{
			"from": [11.22254, 1.41834, 10.81972],
			"to": [11.62536, 2.4469, 11.51144],
			"rotation": {"angle": 0, "axis": "y", "origin": [4.77746, -3.56615, 12.83381]},
			"faces": {
				"north": {"uv": [9.75, 1.25, 9.875, 1.5], "texture": "#0"},
				"east": {"uv": [9.75, 1.5, 9.875, 1.75], "texture": "#0"},
				"south": {"uv": [9.75, 1.75, 9.875, 2], "texture": "#0"},
				"west": {"uv": [2, 9.75, 2.125, 10], "texture": "#0"},
				"up": {"uv": [7.375, 10.125, 7.25, 10], "texture": "#0"},
				"down": {"uv": [10.125, 7.25, 10, 7.375], "texture": "#0"}
			}
		},
		{
			"from": [4.77746, 1.41834, 11.22254],
			"to": [5.18028, 2.4469, 11.91426],
			"rotation": {"angle": 0, "axis": "y", "origin": [4.77746, -3.56615, 12.83381]},
			"faces": {
				"north": {"uv": [9.75, 2, 9.875, 2.25], "texture": "#0"},
				"east": {"uv": [2.25, 9.75, 2.375, 10], "texture": "#0"},
				"south": {"uv": [9.75, 2.25, 9.875, 2.5], "texture": "#0"},
				"west": {"uv": [9.75, 2.5, 9.875, 2.75], "texture": "#0"},
				"up": {"uv": [7.625, 10.125, 7.5, 10], "texture": "#0"},
				"down": {"uv": [10.125, 7.5, 10, 7.625], "texture": "#0"}
			}
		},
		{
			"from": [4.37464, 1.41834, 10.81972],
			"to": [4.77746, 2.4469, 11.51144],
			"rotation": {"angle": 0, "axis": "y", "origin": [4.77746, -3.56615, 12.83381]},
			"faces": {
				"north": {"uv": [2.75, 9.75, 2.875, 10], "texture": "#0"},
				"east": {"uv": [9.75, 2.75, 9.875, 3], "texture": "#0"},
				"south": {"uv": [3, 9.75, 3.125, 10], "texture": "#0"},
				"west": {"uv": [9.75, 3, 9.875, 3.25], "texture": "#0"},
				"up": {"uv": [7.875, 10.125, 7.75, 10], "texture": "#0"},
				"down": {"uv": [10.125, 7.75, 10, 7.875], "texture": "#0"}
			}
		},
		{
			"from": [10.81972, 1.41834, 11.22254],
			"to": [11.22254, 2.4469, 11.91426],
			"rotation": {"angle": 0, "axis": "y", "origin": [4.77746, -3.56615, 12.83381]},
			"faces": {
				"north": {"uv": [9.75, 3.25, 9.875, 3.5], "texture": "#0"},
				"east": {"uv": [9.75, 3.5, 9.875, 3.75], "texture": "#0"},
				"south": {"uv": [9.75, 3.75, 9.875, 4], "texture": "#0"},
				"west": {"uv": [4, 9.75, 4.125, 10], "texture": "#0"},
				"up": {"uv": [8.125, 10.125, 8, 10], "texture": "#0"},
				"down": {"uv": [10.125, 8, 10, 8.125], "texture": "#0"}
			}
		},
		{
			"from": [4.77746, 1.41834, 4.08574],
			"to": [5.18028, 2.4469, 4.77746],
			"rotation": {"angle": 0, "axis": "y", "origin": [4.77746, -3.56615, 4.77746]},
			"faces": {
				"north": {"uv": [9.75, 4, 9.875, 4.25], "texture": "#0"},
				"east": {"uv": [4.25, 9.75, 4.375, 10], "texture": "#0"},
				"south": {"uv": [9.75, 4.25, 9.875, 4.5], "texture": "#0"},
				"west": {"uv": [4.5, 9.75, 4.625, 10], "texture": "#0"},
				"up": {"uv": [8.375, 10.125, 8.25, 10], "texture": "#0"},
				"down": {"uv": [10.125, 8.25, 10, 8.375], "texture": "#0"}
			}
		},
		{
			"from": [4.37464, 1.41834, 4.48856],
			"to": [4.77746, 2.4469, 5.18028],
			"rotation": {"angle": 0, "axis": "y", "origin": [4.77746, -3.56615, 4.77746]},
			"faces": {
				"north": {"uv": [9.75, 4.5, 9.875, 4.75], "texture": "#0"},
				"east": {"uv": [4.75, 9.75, 4.875, 10], "texture": "#0"},
				"south": {"uv": [9.75, 4.75, 9.875, 5], "texture": "#0"},
				"west": {"uv": [9.75, 5, 9.875, 5.25], "texture": "#0"},
				"up": {"uv": [8.625, 10.125, 8.5, 10], "texture": "#0"},
				"down": {"uv": [10.125, 8.5, 10, 8.625], "texture": "#0"}
			}
		},
		{
			"from": [10.81972, 1.41834, 4.08574],
			"to": [11.22254, 2.4469, 4.77746],
			"rotation": {"angle": 0, "axis": "y", "origin": [-4.89017, -3.76755, -4.89017]},
			"faces": {
				"north": {"uv": [9.75, 5.25, 9.875, 5.5], "texture": "#0"},
				"east": {"uv": [9.75, 5.5, 9.875, 5.75], "texture": "#0"},
				"south": {"uv": [5.75, 9.75, 5.875, 10], "texture": "#0"},
				"west": {"uv": [9.75, 5.75, 9.875, 6], "texture": "#0"},
				"up": {"uv": [8.875, 10.125, 8.75, 10], "texture": "#0"},
				"down": {"uv": [10.125, 8.75, 10, 8.875], "texture": "#0"}
			}
		},
		{
			"from": [5.18028, 1.41834, 3.97182],
			"to": [10.81972, 2.4469, 4.38254],
			"rotation": {"angle": 0, "axis": "y", "origin": [-4.89017, -3.76755, -4.89017]},
			"faces": {
				"north": {"uv": [5, 1.375, 6.375, 1.625], "texture": "#0"},
				"east": {"uv": [9.75, 6, 9.875, 6.25], "texture": "#0"},
				"south": {"uv": [1.5, 5, 2.875, 5.25], "texture": "#0"},
				"west": {"uv": [6.25, 9.75, 6.375, 10], "texture": "#0"},
				"up": {"uv": [7.875, 4.875, 6.5, 4.75], "texture": "#0"},
				"down": {"uv": [8.125, 3, 6.75, 3.125], "texture": "#0"}
			}
		},
		{
			"from": [5.18028, 1.41834, 11.61746],
			"to": [10.81972, 2.4469, 12.02818],
			"rotation": {"angle": 0, "axis": "y", "origin": [-4.89017, -3.76755, -4.89017]},
			"faces": {
				"north": {"uv": [5, 1.5, 6.375, 1.75], "texture": "#0"},
				"east": {"uv": [9.75, 6.25, 9.875, 6.5], "texture": "#0"},
				"south": {"uv": [5, 1.75, 6.375, 2], "texture": "#0"},
				"west": {"uv": [6.5, 9.75, 6.625, 10], "texture": "#0"},
				"up": {"uv": [8.125, 3.375, 6.75, 3.25], "texture": "#0"},
				"down": {"uv": [8.125, 5.5, 6.75, 5.625], "texture": "#0"}
			}
		},
		{
			"from": [11.61746, 1.41834, 4.89138],
			"to": [12.02818, 2.4469, 11.10862],
			"rotation": {"angle": 0, "axis": "y", "origin": [8, -3.56615, -17.78034]},
			"faces": {
				"north": {"uv": [9.75, 6.5, 9.875, 6.75], "texture": "#0"},
				"east": {"uv": [4.5, 4.5, 6, 4.75], "texture": "#0"},
				"south": {"uv": [6.75, 9.75, 6.875, 10], "texture": "#0"},
				"west": {"uv": [4.5, 4.75, 6, 5], "texture": "#0"},
				"up": {"uv": [4.375, 7, 4.25, 5.5], "texture": "#0"},
				"down": {"uv": [4.625, 5.5, 4.5, 7], "texture": "#0"}
			}
		},
		{
			"from": [3.97182, 1.41834, 4.89138],
			"to": [4.38254, 2.4469, 11.10862],
			"rotation": {"angle": 0, "axis": "y", "origin": [8, -3.56615, -17.78034]},
			"faces": {
				"north": {"uv": [9.75, 6.75, 9.875, 7], "texture": "#0"},
				"east": {"uv": [0, 5, 1.5, 5.25], "texture": "#0"},
				"south": {"uv": [7, 9.75, 7.125, 10], "texture": "#0"},
				"west": {"uv": [5, 0, 6.5, 0.25], "texture": "#0"},
				"up": {"uv": [4.875, 7, 4.75, 5.5], "texture": "#0"},
				"down": {"uv": [2.875, 5.75, 2.75, 7.25], "texture": "#0"}
			}
		},
		{
			"from": [10.98384, 0.90393, 4.74866],
			"to": [11.60681, 1.60861, 5.38914],
			"rotation": {"angle": 0, "axis": "y", "origin": [-3.93534, -3.54848, -3.93534]},
			"faces": {
				"north": {"uv": [9, 10, 9.125, 10.125], "texture": "#0"},
				"east": {"uv": [10, 9, 10.125, 9.125], "texture": "#0"},
				"south": {"uv": [9.25, 10, 9.375, 10.125], "texture": "#0"},
				"west": {"uv": [10, 9.25, 10.125, 9.375], "texture": "#0"},
				"up": {"uv": [9.625, 10.125, 9.5, 10], "texture": "#0"},
				"down": {"uv": [10.125, 9.5, 10, 9.625], "texture": "#0"}
			}
		},
		{
			"from": [10.98384, 0.90393, 10.61086],
			"to": [11.35681, 1.60861, 11.25134],
			"rotation": {"angle": 0, "axis": "y", "origin": [5.01616, -3.36199, 12.47575]},
			"faces": {
				"north": {"uv": [9.75, 10, 9.875, 10.125], "texture": "#0"},
				"east": {"uv": [10, 9.75, 10.125, 9.875], "texture": "#0"},
				"south": {"uv": [10, 10, 10.125, 10.125], "texture": "#0"},
				"west": {"uv": [0, 10.25, 0.125, 10.375], "texture": "#0"},
				"up": {"uv": [10.375, 0.125, 10.25, 0], "texture": "#0"},
				"down": {"uv": [0.375, 10.25, 0.25, 10.375], "texture": "#0"}
			}
		},
		{
			"from": [5.01616, 0.90393, 10.98384],
			"to": [5.38914, 1.60861, 11.62431],
			"rotation": {"angle": 0, "axis": "y", "origin": [5.01616, -3.36199, 12.47575]},
			"faces": {
				"north": {"uv": [10.25, 0.25, 10.375, 0.375], "texture": "#0"},
				"east": {"uv": [0.5, 10.25, 0.625, 10.375], "texture": "#0"},
				"south": {"uv": [10.25, 0.5, 10.375, 0.625], "texture": "#0"},
				"west": {"uv": [0.75, 10.25, 0.875, 10.375], "texture": "#0"},
				"up": {"uv": [10.375, 0.875, 10.25, 0.75], "texture": "#0"},
				"down": {"uv": [1.125, 10.25, 1, 10.375], "texture": "#0"}
			}
		},
		{
			"from": [4.64319, 0.90393, 10.61086],
			"to": [5.01616, 1.60861, 11.25134],
			"rotation": {"angle": 0, "axis": "y", "origin": [5.01616, -3.36199, 12.47575]},
			"faces": {
				"north": {"uv": [10.25, 1, 10.375, 1.125], "texture": "#0"},
				"east": {"uv": [1.25, 10.25, 1.375, 10.375], "texture": "#0"},
				"south": {"uv": [10.25, 1.25, 10.375, 1.375], "texture": "#0"},
				"west": {"uv": [1.5, 10.25, 1.625, 10.375], "texture": "#0"},
				"up": {"uv": [10.375, 1.625, 10.25, 1.5], "texture": "#0"},
				"down": {"uv": [1.875, 10.25, 1.75, 10.375], "texture": "#0"}
			}
		},
		{
			"from": [10.61086, 0.90393, 10.98384],
			"to": [10.98384, 1.60861, 11.62431],
			"rotation": {"angle": 0, "axis": "y", "origin": [5.01616, -3.36199, 12.47575]},
			"faces": {
				"north": {"uv": [10.25, 1.75, 10.375, 1.875], "texture": "#0"},
				"east": {"uv": [2, 10.25, 2.125, 10.375], "texture": "#0"},
				"south": {"uv": [10.25, 2, 10.375, 2.125], "texture": "#0"},
				"west": {"uv": [2.25, 10.25, 2.375, 10.375], "texture": "#0"},
				"up": {"uv": [10.375, 2.375, 10.25, 2.25], "texture": "#0"},
				"down": {"uv": [2.625, 10.25, 2.5, 10.375], "texture": "#0"}
			}
		},
		{
			"from": [5.01616, 0.90393, 4.37569],
			"to": [5.38914, 1.60861, 5.01616],
			"rotation": {"angle": 0, "axis": "y", "origin": [5.01616, -3.36199, 5.01616]},
			"faces": {
				"north": {"uv": [10.25, 2.5, 10.375, 2.625], "texture": "#0"},
				"east": {"uv": [2.75, 10.25, 2.875, 10.375], "texture": "#0"},
				"south": {"uv": [10.25, 2.75, 10.375, 2.875], "texture": "#0"},
				"west": {"uv": [3, 10.25, 3.125, 10.375], "texture": "#0"},
				"up": {"uv": [10.375, 3.125, 10.25, 3], "texture": "#0"},
				"down": {"uv": [3.375, 10.25, 3.25, 10.375], "texture": "#0"}
			}
		},
		{
			"from": [4.64319, 0.90393, 4.74866],
			"to": [5.01616, 1.60861, 5.38914],
			"rotation": {"angle": 0, "axis": "y", "origin": [5.01616, -3.36199, 5.01616]},
			"faces": {
				"north": {"uv": [10.25, 3.25, 10.375, 3.375], "texture": "#0"},
				"east": {"uv": [3.5, 10.25, 3.625, 10.375], "texture": "#0"},
				"south": {"uv": [10.25, 3.5, 10.375, 3.625], "texture": "#0"},
				"west": {"uv": [3.75, 10.25, 3.875, 10.375], "texture": "#0"},
				"up": {"uv": [10.375, 3.875, 10.25, 3.75], "texture": "#0"},
				"down": {"uv": [4.125, 10.25, 4, 10.375], "texture": "#0"}
			}
		},
		{
			"from": [10.61086, 0.90393, 4.37569],
			"to": [11.23384, 1.60861, 5.01616],
			"rotation": {"angle": 0, "axis": "y", "origin": [-3.93534, -3.54848, -3.93534]},
			"faces": {
				"north": {"uv": [10.25, 4, 10.375, 4.125], "texture": "#0"},
				"east": {"uv": [4.25, 10.25, 4.375, 10.375], "texture": "#0"},
				"south": {"uv": [10.25, 4.25, 10.375, 4.375], "texture": "#0"},
				"west": {"uv": [4.5, 10.25, 4.625, 10.375], "texture": "#0"},
				"up": {"uv": [10.375, 4.625, 10.25, 4.5], "texture": "#0"},
				"down": {"uv": [4.875, 10.25, 4.75, 10.375], "texture": "#0"}
			}
		},
		{
			"from": [5.38914, 0.90393, 4.27021],
			"to": [10.61086, 1.60861, 4.6505],
			"rotation": {"angle": 0, "axis": "y", "origin": [-3.93534, -3.54848, -3.93534]},
			"faces": {
				"north": {"uv": [7.25, 1, 8.5, 1.125], "texture": "#0"},
				"east": {"uv": [10.25, 4.75, 10.375, 4.875], "texture": "#0"},
				"south": {"uv": [2.75, 7.25, 4, 7.375], "texture": "#0"},
				"west": {"uv": [5, 10.25, 5.125, 10.375], "texture": "#0"},
				"up": {"uv": [5.25, 7.375, 4, 7.25], "texture": "#0"},
				"down": {"uv": [8.25, 7.25, 7, 7.375], "texture": "#0"}
			}
		},
		{
			"from": [5.38914, 0.90393, 11.3495],
			"to": [10.61086, 1.60861, 11.72979],
			"rotation": {"angle": 0, "axis": "y", "origin": [-3.93534, -3.54848, -3.93534]},
			"faces": {
				"north": {"uv": [0, 7.5, 1.25, 7.625], "texture": "#0"},
				"east": {"uv": [10.25, 5, 10.375, 5.125], "texture": "#0"},
				"south": {"uv": [2.75, 7.5, 4, 7.625], "texture": "#0"},
				"west": {"uv": [5.25, 10.25, 5.375, 10.375], "texture": "#0"},
				"up": {"uv": [5.25, 7.625, 4, 7.5], "texture": "#0"},
				"down": {"uv": [8.25, 7.5, 7, 7.625], "texture": "#0"}
			}
		},
		{
			"from": [11.3495, 0.90393, 5.12164],
			"to": [11.72979, 1.60861, 10.87836],
			"rotation": {"angle": 0, "axis": "y", "origin": [8, -3.36199, -15.87068]},
			"faces": {
				"north": {"uv": [10.25, 5.25, 10.375, 5.375], "texture": "#0"},
				"east": {"uv": [5.75, 0.25, 7.25, 0.375], "texture": "#0"},
				"south": {"uv": [5.5, 10.25, 5.625, 10.375], "texture": "#0"},
				"west": {"uv": [5.75, 0.5, 7.25, 0.625], "texture": "#0"},
				"up": {"uv": [3.125, 7.25, 3, 5.75], "texture": "#0"},
				"down": {"uv": [3.375, 5.75, 3.25, 7.25], "texture": "#0"}
			}
		},
		{
			"from": [4.27021, 0.90393, 5.12164],
			"to": [4.6505, 1.60861, 10.87836],
			"rotation": {"angle": 0, "axis": "y", "origin": [8, -3.36199, -15.87068]},
			"faces": {
				"north": {"uv": [10.25, 5.5, 10.375, 5.625], "texture": "#0"},
				"east": {"uv": [5.75, 0.75, 7.25, 0.875], "texture": "#0"},
				"south": {"uv": [5.75, 10.25, 5.875, 10.375], "texture": "#0"},
				"west": {"uv": [5.75, 1, 7.25, 1.125], "texture": "#0"},
				"up": {"uv": [3.625, 7.25, 3.5, 5.75], "texture": "#0"},
				"down": {"uv": [3.875, 5.75, 3.75, 7.25], "texture": "#0"}
			}
		},
		{
			"from": [11.15991, 0.34826, 5.26943],
			"to": [11.51867, 0.70013, 10.73057],
			"rotation": {"angle": 0, "axis": "y", "origin": [8, -3.33382, -14.51951]},
			"faces": {
				"north": {"uv": [10.25, 5.75, 10.375, 5.875], "texture": "#0"},
				"east": {"uv": [6.75, 6.25, 8.125, 6.375], "texture": "#0"},
				"south": {"uv": [6, 10.25, 6.125, 10.375], "texture": "#0"},
				"west": {"uv": [6.75, 6.5, 8.125, 6.625], "texture": "#0"},
				"up": {"uv": [5.625, 8.125, 5.5, 6.75], "texture": "#0"},
				"down": {"uv": [6.875, 6.75, 6.75, 8.125], "texture": "#0"}
			}
		},
		{
			"from": [5.53693, 0.34826, 11.15991],
			"to": [10.46307, 0.70013, 11.51867],
			"rotation": {"angle": 0, "axis": "y", "origin": [-3.25976, -3.50976, -3.25976]},
			"faces": {
				"north": {"uv": [0, 7.75, 1.25, 7.875], "texture": "#0"},
				"east": {"uv": [10.25, 6, 10.375, 6.125], "texture": "#0"},
				"south": {"uv": [2.75, 7.75, 4, 7.875], "texture": "#0"},
				"west": {"uv": [6.25, 10.25, 6.375, 10.375], "texture": "#0"},
				"up": {"uv": [5.25, 7.875, 4, 7.75], "texture": "#0"},
				"down": {"uv": [9, 6, 7.75, 6.125], "texture": "#0"}
			}
		},
		{
			"from": [5.53693, 0.34826, 4.48133],
			"to": [10.46307, 0.70013, 4.84009],
			"rotation": {"angle": 0, "axis": "y", "origin": [-3.25976, -3.50976, -3.25976]},
			"faces": {
				"north": {"uv": [7, 7.75, 8.25, 7.875], "texture": "#0"},
				"east": {"uv": [10.25, 6.25, 10.375, 6.375], "texture": "#0"},
				"south": {"uv": [0, 8, 1.25, 8.125], "texture": "#0"},
				"west": {"uv": [6.5, 10.25, 6.625, 10.375], "texture": "#0"},
				"up": {"uv": [9.25, 0.125, 8, 0], "texture": "#0"},
				"down": {"uv": [9.25, 1.25, 8, 1.375], "texture": "#0"}
			}
		},
		{
			"from": [10.46307, 0.34826, 4.56569],
			"to": [11.06494, 0.70013, 5.18506],
			"rotation": {"angle": 0, "axis": "y", "origin": [-3.25976, -3.50976, -3.25976]},
			"faces": {
				"north": {"uv": [10.25, 6.5, 10.375, 6.625], "texture": "#0"},
				"east": {"uv": [6.75, 10.25, 6.875, 10.375], "texture": "#0"},
				"south": {"uv": [10.25, 6.75, 10.375, 6.875], "texture": "#0"},
				"west": {"uv": [7, 10.25, 7.125, 10.375], "texture": "#0"},
				"up": {"uv": [10.375, 7.125, 10.25, 7], "texture": "#0"},
				"down": {"uv": [7.375, 10.25, 7.25, 10.375], "texture": "#0"}
			}
		},
		{
			"from": [4.83319, 0.34826, 4.93506],
			"to": [5.18506, 0.70013, 5.53693],
			"rotation": {"angle": 0, "axis": "y", "origin": [5.18506, -3.33382, 5.18506]},
			"faces": {
				"north": {"uv": [10.25, 7.25, 10.375, 7.375], "texture": "#0"},
				"east": {"uv": [7.5, 10.25, 7.625, 10.375], "texture": "#0"},
				"south": {"uv": [10.25, 7.5, 10.375, 7.625], "texture": "#0"},
				"west": {"uv": [7.75, 10.25, 7.875, 10.375], "texture": "#0"},
				"up": {"uv": [10.375, 7.875, 10.25, 7.75], "texture": "#0"},
				"down": {"uv": [8.125, 10.25, 8, 10.375], "texture": "#0"}
			}
		},
		{
			"from": [5.18506, 0.34826, 4.58319],
			"to": [5.53693, 0.70013, 5.18506],
			"rotation": {"angle": 0, "axis": "y", "origin": [5.18506, -3.33382, 5.18506]},
			"faces": {
				"north": {"uv": [10.25, 8, 10.375, 8.125], "texture": "#0"},
				"east": {"uv": [8.25, 10.25, 8.375, 10.375], "texture": "#0"},
				"south": {"uv": [10.25, 8.25, 10.375, 8.375], "texture": "#0"},
				"west": {"uv": [8.5, 10.25, 8.625, 10.375], "texture": "#0"},
				"up": {"uv": [10.375, 8.625, 10.25, 8.5], "texture": "#0"},
				"down": {"uv": [8.875, 10.25, 8.75, 10.375], "texture": "#0"}
			}
		},
		{
			"from": [10.46307, 0.34826, 10.81494],
			"to": [10.81494, 0.70013, 11.43431],
			"rotation": {"angle": 0, "axis": "y", "origin": [5.18506, -3.33382, 12.22241]},
			"faces": {
				"north": {"uv": [10.25, 8.75, 10.375, 8.875], "texture": "#0"},
				"east": {"uv": [9, 10.25, 9.125, 10.375], "texture": "#0"},
				"south": {"uv": [10.25, 9, 10.375, 9.125], "texture": "#0"},
				"west": {"uv": [9.25, 10.25, 9.375, 10.375], "texture": "#0"},
				"up": {"uv": [10.375, 9.375, 10.25, 9.25], "texture": "#0"},
				"down": {"uv": [9.625, 10.25, 9.5, 10.375], "texture": "#0"}
			}
		},
		{
			"from": [4.83319, 0.34826, 10.46307],
			"to": [5.18506, 0.70013, 11.06494],
			"rotation": {"angle": 0, "axis": "y", "origin": [5.18506, -3.33382, 12.22241]},
			"faces": {
				"north": {"uv": [10.25, 9.5, 10.375, 9.625], "texture": "#0"},
				"east": {"uv": [9.75, 10.25, 9.875, 10.375], "texture": "#0"},
				"south": {"uv": [10.25, 9.75, 10.375, 9.875], "texture": "#0"},
				"west": {"uv": [10, 10.25, 10.125, 10.375], "texture": "#0"},
				"up": {"uv": [10.375, 10.125, 10.25, 10], "texture": "#0"},
				"down": {"uv": [10.375, 10.25, 10.25, 10.375], "texture": "#0"}
			}
		},
		{
			"from": [5.18506, 0.34826, 10.81494],
			"to": [5.53693, 0.70013, 11.43431],
			"rotation": {"angle": 0, "axis": "y", "origin": [5.18506, -3.33382, 12.22241]},
			"faces": {
				"north": {"uv": [0, 10.5, 0.125, 10.625], "texture": "#0"},
				"east": {"uv": [10.5, 0, 10.625, 0.125], "texture": "#0"},
				"south": {"uv": [0.25, 10.5, 0.375, 10.625], "texture": "#0"},
				"west": {"uv": [10.5, 0.25, 10.625, 0.375], "texture": "#0"},
				"up": {"uv": [0.625, 10.625, 0.5, 10.5], "texture": "#0"},
				"down": {"uv": [10.625, 0.5, 10.5, 0.625], "texture": "#0"}
			}
		},
		{
			"from": [10.81494, 0.34826, 10.46307],
			"to": [11.16681, 0.70013, 11.08244],
			"rotation": {"angle": 0, "axis": "y", "origin": [5.18506, -3.33382, 12.22241]},
			"faces": {
				"north": {"uv": [0.75, 10.5, 0.875, 10.625], "texture": "#0"},
				"east": {"uv": [10.5, 0.75, 10.625, 0.875], "texture": "#0"},
				"south": {"uv": [1, 10.5, 1.125, 10.625], "texture": "#0"},
				"west": {"uv": [10.5, 1, 10.625, 1.125], "texture": "#0"},
				"up": {"uv": [1.375, 10.625, 1.25, 10.5], "texture": "#0"},
				"down": {"uv": [10.625, 1.25, 10.5, 1.375], "texture": "#0"}
			}
		},
		{
			"from": [10.81494, 0.34826, 4.91756],
			"to": [11.41681, 0.70013, 5.53693],
			"rotation": {"angle": 0, "axis": "y", "origin": [-3.25976, -3.50976, -3.25976]},
			"faces": {
				"north": {"uv": [1.5, 10.5, 1.625, 10.625], "texture": "#0"},
				"east": {"uv": [10.5, 1.5, 10.625, 1.625], "texture": "#0"},
				"south": {"uv": [1.75, 10.5, 1.875, 10.625], "texture": "#0"},
				"west": {"uv": [10.5, 1.75, 10.625, 1.875], "texture": "#0"},
				"up": {"uv": [2.125, 10.625, 2, 10.5], "texture": "#0"},
				"down": {"uv": [10.625, 2, 10.5, 2.125], "texture": "#0"}
			}
		},
		{
			"from": [4.683, -0.2244, 5.4106],
			"to": [5.3464, 0.1073, 10.5894],
			"rotation": {"angle": 0, "axis": "y", "origin": [8, -2.69855, -13.2288]},
			"faces": {
				"north": {"uv": [2.25, 10.5, 2.375, 10.625], "texture": "#0"},
				"east": {"uv": [8, 1.5, 9.25, 1.625], "texture": "#0"},
				"south": {"uv": [10.5, 2.25, 10.625, 2.375], "texture": "#0"},
				"west": {"uv": [8, 1.75, 9.25, 1.875], "texture": "#0"},
				"up": {"uv": [1.375, 8.5, 1.25, 7.25], "texture": "#0"},
				"down": {"uv": [1.625, 7.25, 1.5, 8.5], "texture": "#0"}
			}
		},
		{
			"from": [10.6536, -0.2244, 5.4106],
			"to": [11.317, 0.1073, 10.5894],
			"rotation": {"angle": 0, "axis": "y", "origin": [8, -2.69855, -13.2288]},
			"faces": {
				"north": {"uv": [2.5, 10.5, 2.625, 10.625], "texture": "#0"},
				"east": {"uv": [2.75, 8, 4, 8.125], "texture": "#0"},
				"south": {"uv": [10.5, 2.5, 10.625, 2.625], "texture": "#0"},
				"west": {"uv": [4, 8, 5.25, 8.125], "texture": "#0"},
				"up": {"uv": [1.875, 8.5, 1.75, 7.25], "texture": "#0"},
				"down": {"uv": [2.125, 7.25, 2, 8.5], "texture": "#0"}
			}
		},
		{
			"from": [5.6781, -0.2244, 10.6536],
			"to": [10.3219, 0.1073, 11.317],
			"rotation": {"angle": 0, "axis": "y", "origin": [-2.6144, -2.8644, -2.6144]},
			"faces": {
				"north": {"uv": [7.75, 8, 8.875, 8.125], "texture": "#0"},
				"east": {"uv": [2.75, 10.5, 2.875, 10.625], "texture": "#0"},
				"south": {"uv": [0, 8.25, 1.125, 8.375], "texture": "#0"},
				"west": {"uv": [10.5, 2.75, 10.625, 2.875], "texture": "#0"},
				"up": {"uv": [3.875, 8.375, 2.75, 8.25], "texture": "#0"},
				"down": {"uv": [9.375, 3, 8.25, 3.125], "texture": "#0"}
			}
		},
		{
			"from": [5.6781, -0.2244, 4.683],
			"to": [10.3219, 0.1073, 5.3464],
			"rotation": {"angle": 0, "axis": "y", "origin": [-2.6144, -2.8644, -2.6144]},
			"faces": {
				"north": {"uv": [8.25, 3.25, 9.375, 3.375], "texture": "#0"},
				"east": {"uv": [3, 10.5, 3.125, 10.625], "texture": "#0"},
				"south": {"uv": [4, 8.25, 5.125, 8.375], "texture": "#0"},
				"west": {"uv": [10.5, 3, 10.625, 3.125], "texture": "#0"},
				"up": {"uv": [9.375, 5.375, 8.25, 5.25], "texture": "#0"},
				"down": {"uv": [9.375, 5.5, 8.25, 5.625], "texture": "#0"}
			}
		},
		{
			"from": [10.3219, -0.2244, 4.7472],
			"to": [10.6536, 0.1073, 5.3464],
			"rotation": {"angle": 0, "axis": "y", "origin": [-2.6144, -2.8644, -2.6144]},
			"faces": {
				"north": {"uv": [3.25, 10.5, 3.375, 10.625], "texture": "#0"},
				"east": {"uv": [10.5, 3.25, 10.625, 3.375], "texture": "#0"},
				"south": {"uv": [3.5, 10.5, 3.625, 10.625], "texture": "#0"},
				"west": {"uv": [10.5, 3.5, 10.625, 3.625], "texture": "#0"},
				"up": {"uv": [3.875, 10.625, 3.75, 10.5], "texture": "#0"},
				"down": {"uv": [10.625, 3.75, 10.5, 3.875], "texture": "#0"}
			}
		},
		{
			"from": [5.0147, -0.2244, 5.0789],
			"to": [5.3464, 0.1073, 5.6781],
			"rotation": {"angle": 0, "axis": "y", "origin": [5.3464, -2.69855, 5.3464]},
			"faces": {
				"north": {"uv": [4, 10.5, 4.125, 10.625], "texture": "#0"},
				"east": {"uv": [10.5, 4, 10.625, 4.125], "texture": "#0"},
				"south": {"uv": [4.25, 10.5, 4.375, 10.625], "texture": "#0"},
				"west": {"uv": [10.5, 4.25, 10.625, 4.375], "texture": "#0"},
				"up": {"uv": [4.625, 10.625, 4.5, 10.5], "texture": "#0"},
				"down": {"uv": [10.625, 4.5, 10.5, 4.625], "texture": "#0"}
			}
		},
		{
			"from": [5.3464, -0.2244, 4.7472],
			"to": [5.6781, 0.1073, 5.3464],
			"rotation": {"angle": 0, "axis": "y", "origin": [5.3464, -2.69855, 5.3464]},
			"faces": {
				"north": {"uv": [4.75, 10.5, 4.875, 10.625], "texture": "#0"},
				"east": {"uv": [10.5, 4.75, 10.625, 4.875], "texture": "#0"},
				"south": {"uv": [5, 10.5, 5.125, 10.625], "texture": "#0"},
				"west": {"uv": [10.5, 5, 10.625, 5.125], "texture": "#0"},
				"up": {"uv": [5.375, 10.625, 5.25, 10.5], "texture": "#0"},
				"down": {"uv": [10.625, 5.25, 10.5, 5.375], "texture": "#0"}
			}
		},
		{
			"from": [10.3219, -0.2244, 10.6536],
			"to": [10.6536, 0.1073, 11.2528],
			"rotation": {"angle": 0, "axis": "y", "origin": [5.3464, -2.69855, 11.9804]},
			"faces": {
				"north": {"uv": [5.5, 10.5, 5.625, 10.625], "texture": "#0"},
				"east": {"uv": [10.5, 5.5, 10.625, 5.625], "texture": "#0"},
				"south": {"uv": [5.75, 10.5, 5.875, 10.625], "texture": "#0"},
				"west": {"uv": [10.5, 5.75, 10.625, 5.875], "texture": "#0"},
				"up": {"uv": [6.125, 10.625, 6, 10.5], "texture": "#0"},
				"down": {"uv": [10.625, 6, 10.5, 6.125], "texture": "#0"}
			}
		},
		{
			"from": [4.61666, 0.1073, 5.36416],
			"to": [4.96163, 0.44563, 10.63584],
			"rotation": {"angle": 0, "axis": "y", "origin": [8, -2.90752, -13.65338]},
			"faces": {
				"north": {"uv": [6.25, 10.5, 6.375, 10.625], "texture": "#0"},
				"east": {"uv": [0.75, 7, 2.125, 7.125], "texture": "#0"},
				"south": {"uv": [10.5, 6.25, 10.625, 6.375], "texture": "#0"},
				"west": {"uv": [7, 2, 8.375, 2.125], "texture": "#0"},
				"up": {"uv": [2.375, 8.375, 2.25, 7], "texture": "#0"},
				"down": {"uv": [2.625, 7, 2.5, 8.375], "texture": "#0"}
			}
		},
		{
			"from": [11.03837, 0.1073, 5.63166],
			"to": [11.38334, 0.44563, 10.61834],
			"rotation": {"angle": 0, "axis": "y", "origin": [8, -2.90752, -13.65338]},
			"faces": {
				"north": {"uv": [6.5, 10.5, 6.625, 10.625], "texture": "#0"},
				"east": {"uv": [8, 4.5, 9.25, 4.625], "texture": "#0"},
				"south": {"uv": [10.5, 6.5, 10.625, 6.625], "texture": "#0"},
				"west": {"uv": [8, 4.75, 9.25, 4.875], "texture": "#0"},
				"up": {"uv": [6.625, 9, 6.5, 7.75], "texture": "#0"},
				"down": {"uv": [5.875, 8, 5.75, 9.25], "texture": "#0"}
			}
		},
		{
			"from": [5.63166, 0.1073, 11.03837],
			"to": [10.36834, 0.44563, 11.38334],
			"rotation": {"angle": 0, "axis": "y", "origin": [-2.82669, -3.07669, -2.82669]},
			"faces": {
				"north": {"uv": [8.25, 5.75, 9.375, 5.875], "texture": "#0"},
				"east": {"uv": [6.75, 10.5, 6.875, 10.625], "texture": "#0"},
				"south": {"uv": [8.25, 6.25, 9.375, 6.375], "texture": "#0"},
				"west": {"uv": [10.5, 6.75, 10.625, 6.875], "texture": "#0"},
				"up": {"uv": [9.375, 6.625, 8.25, 6.5], "texture": "#0"},
				"down": {"uv": [7.875, 8.25, 6.75, 8.375], "texture": "#0"}
			}
		},
		{
			"from": [5.63166, 0.1073, 4.61666],
			"to": [10.88584, 0.44563, 4.96163],
			"rotation": {"angle": 0, "axis": "y", "origin": [-2.82669, -3.07669, -2.82669]},
			"faces": {
				"north": {"uv": [7, 2.25, 8.375, 2.375], "texture": "#0"},
				"east": {"uv": [7, 10.5, 7.125, 10.625], "texture": "#0"},
				"south": {"uv": [7, 2.5, 8.375, 2.625], "texture": "#0"},
				"west": {"uv": [10.5, 7, 10.625, 7.125], "texture": "#0"},
				"up": {"uv": [8.375, 2.875, 7, 2.75], "texture": "#0"},
				"down": {"uv": [8.375, 3.5, 7, 3.625], "texture": "#0"}
			}
		},
		{
			"from": [10.36834, 0.1073, 4.95499],
			"to": [11.22417, 0.44563, 5.29333],
			"rotation": {"angle": 0, "axis": "y", "origin": [-2.82669, -3.07669, -2.82669]},
			"faces": {
				"north": {"uv": [9.75, 7, 10, 7.125], "texture": "#0"},
				"east": {"uv": [7.25, 10.5, 7.375, 10.625], "texture": "#0"},
				"south": {"uv": [7.25, 9.75, 7.5, 9.875], "texture": "#0"},
				"west": {"uv": [10.5, 7.25, 10.625, 7.375], "texture": "#0"},
				"up": {"uv": [10, 7.375, 9.75, 7.25], "texture": "#0"},
				"down": {"uv": [7.75, 9.75, 7.5, 9.875], "texture": "#0"}
			}
		},
		{
			"from": [4.95499, 0.1073, 5.02583],
			"to": [5.29333, 0.44563, 5.63166],
			"rotation": {"angle": 0, "axis": "y", "origin": [5.29333, -2.90752, 5.29333]},
			"faces": {
				"north": {"uv": [7.5, 10.5, 7.625, 10.625], "texture": "#0"},
				"east": {"uv": [10.5, 7.5, 10.625, 7.625], "texture": "#0"},
				"south": {"uv": [7.75, 10.5, 7.875, 10.625], "texture": "#0"},
				"west": {"uv": [10.5, 7.75, 10.625, 7.875], "texture": "#0"},
				"up": {"uv": [8.125, 10.625, 8, 10.5], "texture": "#0"},
				"down": {"uv": [10.625, 8, 10.5, 8.125], "texture": "#0"}
			}
		},
		{
			"from": [5.29333, 0.1073, 4.68749],
			"to": [5.63166, 0.44563, 5.29333],
			"rotation": {"angle": 0, "axis": "y", "origin": [5.29333, -2.90752, 5.29333]},
			"faces": {
				"north": {"uv": [8.25, 10.5, 8.375, 10.625], "texture": "#0"},
				"east": {"uv": [10.5, 8.25, 10.625, 8.375], "texture": "#0"},
				"south": {"uv": [8.5, 10.5, 8.625, 10.625], "texture": "#0"},
				"west": {"uv": [10.5, 8.5, 10.625, 8.625], "texture": "#0"},
				"up": {"uv": [8.875, 10.625, 8.75, 10.5], "texture": "#0"},
				"down": {"uv": [10.625, 8.75, 10.5, 8.875], "texture": "#0"}
			}
		},
		{
			"from": [10.36834, 0.1073, 10.70667],
			"to": [10.70667, 0.44563, 11.29501],
			"rotation": {"angle": 0, "axis": "y", "origin": [5.29333, -2.90752, 12.06001]},
			"faces": {
				"north": {"uv": [9, 10.5, 9.125, 10.625], "texture": "#0"},
				"east": {"uv": [10.5, 9, 10.625, 9.125], "texture": "#0"},
				"south": {"uv": [9.25, 10.5, 9.375, 10.625], "texture": "#0"},
				"west": {"uv": [10.5, 9.25, 10.625, 9.375], "texture": "#0"},
				"up": {"uv": [9.625, 10.625, 9.5, 10.5], "texture": "#0"},
				"down": {"uv": [10.625, 9.5, 10.5, 9.625], "texture": "#0"}
			}
		},
		{
			"from": [4.95499, 0.1073, 10.36834],
			"to": [5.29333, 0.44563, 10.97417],
			"rotation": {"angle": 0, "axis": "y", "origin": [5.29333, -2.90752, 12.06001]},
			"faces": {
				"north": {"uv": [9.75, 10.5, 9.875, 10.625], "texture": "#0"},
				"east": {"uv": [10.5, 9.75, 10.625, 9.875], "texture": "#0"},
				"south": {"uv": [10, 10.5, 10.125, 10.625], "texture": "#0"},
				"west": {"uv": [10.5, 10, 10.625, 10.125], "texture": "#0"},
				"up": {"uv": [10.375, 10.625, 10.25, 10.5], "texture": "#0"},
				"down": {"uv": [10.625, 10.25, 10.5, 10.375], "texture": "#0"}
			}
		},
		{
			"from": [5.29333, 0.1073, 10.70667],
			"to": [5.63166, 0.44563, 11.29501],
			"rotation": {"angle": 0, "axis": "y", "origin": [5.29333, -2.90752, 12.06001]},
			"faces": {
				"north": {"uv": [10.5, 10.5, 10.625, 10.625], "texture": "#0"},
				"east": {"uv": [0, 10.75, 0.125, 10.875], "texture": "#0"},
				"south": {"uv": [10.75, 0, 10.875, 0.125], "texture": "#0"},
				"west": {"uv": [0.25, 10.75, 0.375, 10.875], "texture": "#0"},
				"up": {"uv": [10.875, 0.375, 10.75, 0.25], "texture": "#0"},
				"down": {"uv": [0.625, 10.75, 0.5, 10.875], "texture": "#0"}
			}
		},
		{
			"from": [10.70667, 0.1073, 10.36834],
			"to": [11.04501, 0.44563, 10.95667],
			"rotation": {"angle": 0, "axis": "y", "origin": [5.29333, -2.90752, 12.06001]},
			"faces": {
				"north": {"uv": [10.75, 0.5, 10.875, 0.625], "texture": "#0"},
				"east": {"uv": [0.75, 10.75, 0.875, 10.875], "texture": "#0"},
				"south": {"uv": [10.75, 0.75, 10.875, 0.875], "texture": "#0"},
				"west": {"uv": [1, 10.75, 1.125, 10.875], "texture": "#0"},
				"up": {"uv": [10.875, 1.125, 10.75, 1], "texture": "#0"},
				"down": {"uv": [1.375, 10.75, 1.25, 10.875], "texture": "#0"}
			}
		},
		{
			"from": [10.70667, 0.1073, 5.29333],
			"to": [11.31251, 0.44563, 5.63166],
			"rotation": {"angle": 0, "axis": "y", "origin": [-2.82669, -3.07669, -2.82669]},
			"faces": {
				"north": {"uv": [10.75, 1.25, 10.875, 1.375], "texture": "#0"},
				"east": {"uv": [1.5, 10.75, 1.625, 10.875], "texture": "#0"},
				"south": {"uv": [10.75, 1.5, 10.875, 1.625], "texture": "#0"},
				"west": {"uv": [1.75, 10.75, 1.875, 10.875], "texture": "#0"},
				"up": {"uv": [10.875, 1.875, 10.75, 1.75], "texture": "#0"},
				"down": {"uv": [2.125, 10.75, 2, 10.875], "texture": "#0"}
			}
		},
		{
			"from": [5.0147, -0.2244, 10.3219],
			"to": [5.3464, 0.1073, 10.9211],
			"rotation": {"angle": 0, "axis": "y", "origin": [5.3464, -2.69855, 11.9804]},
			"faces": {
				"north": {"uv": [10.75, 2, 10.875, 2.125], "texture": "#0"},
				"east": {"uv": [2.25, 10.75, 2.375, 10.875], "texture": "#0"},
				"south": {"uv": [10.75, 2.25, 10.875, 2.375], "texture": "#0"},
				"west": {"uv": [2.5, 10.75, 2.625, 10.875], "texture": "#0"},
				"up": {"uv": [10.875, 2.625, 10.75, 2.5], "texture": "#0"},
				"down": {"uv": [2.875, 10.75, 2.75, 10.875], "texture": "#0"}
			}
		},
		{
			"from": [5.3464, -0.2244, 10.6536],
			"to": [5.6781, 0.1073, 11.2528],
			"rotation": {"angle": 0, "axis": "y", "origin": [5.3464, -2.69855, 11.9804]},
			"faces": {
				"north": {"uv": [10.75, 2.75, 10.875, 2.875], "texture": "#0"},
				"east": {"uv": [3, 10.75, 3.125, 10.875], "texture": "#0"},
				"south": {"uv": [10.75, 3, 10.875, 3.125], "texture": "#0"},
				"west": {"uv": [3.25, 10.75, 3.375, 10.875], "texture": "#0"},
				"up": {"uv": [10.875, 3.375, 10.75, 3.25], "texture": "#0"},
				"down": {"uv": [3.625, 10.75, 3.5, 10.875], "texture": "#0"}
			}
		},
		{
			"from": [10.6536, -0.2244, 10.3219],
			"to": [10.9853, 0.1073, 10.9211],
			"rotation": {"angle": 0, "axis": "y", "origin": [5.3464, -2.69855, 11.9804]},
			"faces": {
				"north": {"uv": [10.75, 3.5, 10.875, 3.625], "texture": "#0"},
				"east": {"uv": [3.75, 10.75, 3.875, 10.875], "texture": "#0"},
				"south": {"uv": [10.75, 3.75, 10.875, 3.875], "texture": "#0"},
				"west": {"uv": [4, 10.75, 4.125, 10.875], "texture": "#0"},
				"up": {"uv": [10.875, 4.125, 10.75, 4], "texture": "#0"},
				"down": {"uv": [4.375, 10.75, 4.25, 10.875], "texture": "#0"}
			}
		},
		{
			"from": [10.6536, -0.2244, 5.0789],
			"to": [10.9853, 0.1073, 5.6781],
			"rotation": {"angle": 0, "axis": "y", "origin": [-2.6144, -2.8644, -2.6144]},
			"faces": {
				"north": {"uv": [10.75, 4.25, 10.875, 4.375], "texture": "#0"},
				"east": {"uv": [4.5, 10.75, 4.625, 10.875], "texture": "#0"},
				"south": {"uv": [10.75, 4.5, 10.875, 4.625], "texture": "#0"},
				"west": {"uv": [4.75, 10.75, 4.875, 10.875], "texture": "#0"},
				"up": {"uv": [10.875, 4.875, 10.75, 4.75], "texture": "#0"},
				"down": {"uv": [5.125, 10.75, 5, 10.875], "texture": "#0"}
			}
		},
		{
			"from": [5.3464, -0.2244, 5.3464],
			"to": [10.6536, 0.1073, 10.6536],
			"rotation": {"angle": 0, "axis": "y", "origin": [-2.6144, -2.8644, -2.6144]},
			"faces": {
				"north": {"uv": [7, 3.75, 8.375, 3.875], "texture": "#0"},
				"east": {"uv": [7, 4, 8.375, 4.125], "texture": "#0"},
				"south": {"uv": [7, 4.25, 8.375, 4.375], "texture": "#0"},
				"west": {"uv": [7, 5, 8.375, 5.125], "texture": "#0"},
				"up": {"uv": [1.375, 1.375, 0, 0], "texture": "#0"},
				"down": {"uv": [1.375, 1.5, 0, 2.875], "texture": "#0"}
			}
		},
		{
			"from": [0.58144, 3.5572, 7.5182],
			"to": [1.22384, 4.6814, 8.803],
			"rotation": {"angle": 0, "axis": "y", "origin": [1.4808, 1.63, 2.8608]},
			"faces": {
				"north": {"uv": [2.75, 8.5, 3, 9], "texture": "#0"},
				"east": {"uv": [5, 4, 5.5, 4.5], "texture": "#0"},
				"south": {"uv": [3, 8.5, 3.25, 9], "texture": "#0"},
				"west": {"uv": [4.5, 5, 5, 5.5], "texture": "#0"},
				"up": {"uv": [3.5, 9, 3.25, 8.5], "texture": "#0"},
				"down": {"uv": [3.75, 8.5, 3.5, 9], "texture": "#0"}
			}
		},
		{
			"from": [2.2838, 2.40088, 7.5182],
			"to": [4.211, 3.04328, 8.803],
			"rotation": {"angle": 0, "axis": "y", "origin": [1.4808, 1.63, 2.8608]},
			"faces": {
				"north": {"uv": [5.75, 6.25, 6.5, 6.5], "texture": "#0"},
				"east": {"uv": [4.5, 8.5, 5, 8.75], "texture": "#0"},
				"south": {"uv": [6.25, 5.75, 7, 6], "texture": "#0"},
				"west": {"uv": [8.5, 5, 9, 5.25], "texture": "#0"},
				"up": {"uv": [5.75, 0.75, 5, 0.25], "texture": "#0"},
				"down": {"uv": [5.75, 0.75, 5, 1.25], "texture": "#0"}
			}
		},
		{
			"from": [0.32448, 2.62572, 7.5182],
			"to": [1.93048, 3.26812, 8.803],
			"rotation": {"angle": -22.5, "axis": "z", "origin": [1.4808, 1.63, 2.8608]},
			"faces": {
				"north": {"uv": [4.25, 7, 4.875, 7.25], "texture": "#0"},
				"east": {"uv": [4, 8.5, 4.5, 8.75], "texture": "#0"},
				"south": {"uv": [7, 8, 7.625, 8.25], "texture": "#0"},
				"west": {"uv": [8.5, 4.25, 9, 4.5], "texture": "#0"},
				"up": {"uv": [3.625, 5.5, 3, 5], "texture": "#0"},
				"down": {"uv": [4.375, 5, 3.75, 5.5], "texture": "#0"}
			}
		},
		{
			"from": [1.41656, 3.236, 7.5182],
			"to": [2.05896, 3.7178, 8.803],
			"rotation": {"angle": 22.5, "axis": "z", "origin": [1.4808, 1.63, 2.8608]},
			"faces": {
				"north": {"uv": [9, 2.75, 9.25, 3], "texture": "#0"},
				"east": {"uv": [8.5, 2.75, 9, 3], "texture": "#0"},
				"south": {"uv": [3, 9, 3.25, 9.25], "texture": "#0"},
				"west": {"uv": [8.5, 3.5, 9, 3.75], "texture": "#0"},
				"up": {"uv": [4, 9, 3.75, 8.5], "texture": "#0"},
				"down": {"uv": [8.75, 3.75, 8.5, 4.25], "texture": "#0"}
			}
		},
		{
			"from": [-0.51064, 4.07112, 7.5182],
			"to": [0.13176, 4.71352, 8.803],
			"rotation": {"angle": -22.5, "axis": "z", "origin": [1.4808, 1.63, 2.8608]},
			"faces": {
				"north": {"uv": [9, 2.5, 9.25, 2.75], "texture": "#0"},
				"east": {"uv": [2, 8.5, 2.5, 8.75], "texture": "#0"},
				"south": {"uv": [2.75, 9, 3, 9.25], "texture": "#0"},
				"west": {"uv": [8.5, 2, 9, 2.25], "texture": "#0"},
				"up": {"uv": [8.75, 2.75, 8.5, 2.25], "texture": "#0"},
				"down": {"uv": [2.75, 8.5, 2.5, 9], "texture": "#0"}
			}
		},
		{
			"from": [3.5686, 4.00688, 7.5182],
			"to": [4.211, 4.64928, 8.803],
			"rotation": {"angle": 45, "axis": "z", "origin": [1.4808, 1.63, 2.8608]},
			"faces": {
				"north": {"uv": [2.75, 5.25, 3, 5.5], "texture": "#0"},
				"east": {"uv": [1, 8.5, 1.5, 8.75], "texture": "#0"},
				"south": {"uv": [5, 7, 5.25, 7.25], "texture": "#0"},
				"west": {"uv": [8.5, 1, 9, 1.25], "texture": "#0"},
				"up": {"uv": [1.75, 9, 1.5, 8.5], "texture": "#0"},
				"down": {"uv": [2, 8.5, 1.75, 9], "texture": "#0"}
			}
		},
		{
			"from": [2.82984, 4.842, 7.5182],
			"to": [3.63284, 5.4844, 8.803],
			"rotation": {"angle": 22.5, "axis": "z", "origin": [1.4808, 1.63, 2.8608]},
			"faces": {
				"north": {"uv": [8.75, 7.5, 9.125, 7.75], "texture": "#0"},
				"east": {"uv": [8.5, 0.5, 9, 0.75], "texture": "#0"},
				"south": {"uv": [8.75, 7.75, 9.125, 8], "texture": "#0"},
				"west": {"uv": [8.5, 0.75, 9, 1], "texture": "#0"},
				"up": {"uv": [6.625, 3.5, 6.25, 3], "texture": "#0"},
				"down": {"uv": [5.625, 6.25, 5.25, 6.75], "texture": "#0"}
			}
		},
		{
			"from": [1.9626, 5.35592, 7.5182],
			"to": [2.9262, 5.99832, 8.803],
			"rotation": {"angle": 0, "axis": "y", "origin": [1.4808, 1.63, 2.8608]},
			"faces": {
				"north": {"uv": [8.75, 7, 9.125, 7.25], "texture": "#0"},
				"east": {"uv": [8.5, 0.25, 9, 0.5], "texture": "#0"},
				"south": {"uv": [8.75, 7.25, 9.125, 7.5], "texture": "#0"},
				"west": {"uv": [0.5, 8.5, 1, 8.75], "texture": "#0"},
				"up": {"uv": [6.125, 6.25, 5.75, 5.75], "texture": "#0"},
				"down": {"uv": [6.375, 4.5, 6, 5], "texture": "#0"}
			}
		},
		{
			"from": [1.1596, 5.54864, 7.5182],
			"to": [1.9626, 6.19104, 8.803],
			"rotation": {"angle": -22.5, "axis": "z", "origin": [1.4808, 1.63, 2.8608]},
			"faces": {
				"north": {"uv": [5.25, 8.75, 5.625, 9], "texture": "#0"},
				"east": {"uv": [8.25, 7.75, 8.75, 8], "texture": "#0"},
				"south": {"uv": [8.75, 6.75, 9.125, 7], "texture": "#0"},
				"west": {"uv": [0, 8.5, 0.5, 8.75], "texture": "#0"},
				"up": {"uv": [6.125, 3.5, 5.75, 3], "texture": "#0"},
				"down": {"uv": [5.625, 5.75, 5.25, 6.25], "texture": "#0"}
			}
		},
		{
			"from": [4.75, 4, 3.75],
			"to": [11.25, 5.75, 12.25],
			"rotation": {"angle": 0, "axis": "y", "origin": [0, -0.25, 0]},
			"faces": {
				"north": {"uv": [7, 0, 10.25, 1], "texture": "#1"},
				"east": {"uv": [0, 4.5, 4.25, 5.5], "texture": "#1"},
				"south": {"uv": [7, 1, 10.25, 2], "texture": "#1"},
				"west": {"uv": [4.5, 4.5, 8.75, 5.5], "texture": "#1"},
				"up": {"uv": [3.25, 4.25, 0, 0], "texture": "#1"},
				"down": {"uv": [3.25, 0, 0, 4.25], "texture": "#1"}
			}
		},
		{
			"from": [4.25, 3.75, 4.25],
			"to": [4.75, 5.75, 11.75],
			"rotation": {"angle": 0, "axis": "y", "origin": [0, -0.25, 0]},
			"faces": {
				"north": {"uv": [2.5, 8.5, 2.75, 9.5], "texture": "#1"},
				"east": {"uv": [0, 5.5, 3.75, 6.5], "texture": "#1"},
				"south": {"uv": [3, 8.5, 3.25, 9.5], "texture": "#1"},
				"west": {"uv": [4, 5.5, 7.75, 6.5], "texture": "#1"},
				"up": {"uv": [7.25, 11.25, 7, 7.5], "texture": "#1"},
				"down": {"uv": [7.25, 7.5, 7, 11.25], "texture": "#1"}
			}
		},
		{
			"from": [11.25, 3.75, 4.25],
			"to": [11.75, 5.75, 11.75],
			"rotation": {"angle": 0, "axis": "y", "origin": [0, -0.25, 0]},
			"faces": {
				"north": {"uv": [3.5, 8.5, 3.75, 9.5], "texture": "#1"},
				"east": {"uv": [0, 6.5, 3.75, 7.5], "texture": "#1"},
				"south": {"uv": [4, 8.5, 4.25, 9.5], "texture": "#1"},
				"west": {"uv": [4, 6.5, 7.75, 7.5], "texture": "#1"},
				"up": {"uv": [8.25, 9.25, 8, 5.5], "texture": "#1"},
				"down": {"uv": [8.25, 5.75, 8, 9.5], "texture": "#1"}
			}
		},
		{
			"from": [4, 3.75, 4.75],
			"to": [4.25, 5.75, 11.25],
			"rotation": {"angle": 0, "axis": "y", "origin": [0, -0.25, 0]},
			"faces": {
				"north": {"uv": [4.5, 8.5, 4.75, 9.5], "texture": "#1"},
				"east": {"uv": [7, 2, 10.25, 3], "texture": "#1"},
				"south": {"uv": [5, 8.5, 5.25, 9.5], "texture": "#1"},
				"west": {"uv": [7, 3, 10.25, 4], "texture": "#1"},
				"up": {"uv": [0.75, 11.75, 0.5, 8.5], "texture": "#1"},
				"down": {"uv": [0.75, 8.5, 0.5, 11.75], "texture": "#1"}
			}
		},
		{
			"from": [11.75, 3.75, 4.75],
			"to": [12, 5.75, 11.25],
			"rotation": {"angle": 0, "axis": "y", "origin": [0, -0.25, 0]},
			"faces": {
				"north": {"uv": [5.5, 8.5, 5.75, 9.5], "texture": "#1"},
				"east": {"uv": [0, 7.5, 3.25, 8.5], "texture": "#1"},
				"south": {"uv": [8.5, 5.5, 8.75, 6.5], "texture": "#1"},
				"west": {"uv": [3.5, 7.5, 6.75, 8.5], "texture": "#1"},
				"up": {"uv": [1.75, 11.75, 1.5, 8.5], "texture": "#1"},
				"down": {"uv": [1.75, 8.5, 1.5, 11.75], "texture": "#1"}
			}
		},
		{
			"from": [7.406, 5.5998, 7.6996],
			"to": [8.3004, 5.8234, 8.4822],
			"rotation": {"angle": 0, "axis": "y", "origin": [7.1824, -1.22, 7.2524]},
			"faces": {
				"north": {"uv": [6, 7, 7, 7.5], "texture": "#2"},
				"east": {"uv": [7, 7, 8, 7.5], "texture": "#2"},
				"south": {"uv": [0, 8, 1, 8.5], "texture": "#2"},
				"west": {"uv": [1, 8, 2, 8.5], "texture": "#2"},
				"up": {"uv": [1, 7, 0, 6], "texture": "#2"},
				"down": {"uv": [7, 0, 6, 1], "texture": "#2"}
			}
		},
		{
			"from": [7.406, 4.929, 10.1592],
			"to": [8.3004, 5.5998, 10.3828],
			"rotation": {"angle": -22.5, "axis": "x", "origin": [7.1824, -1.22, 7.2524]},
			"faces": {
				"north": {"uv": [8, 1, 9, 1.5], "texture": "#2"},
				"east": {"uv": [5, 10, 5.5, 10.5], "texture": "#2"},
				"south": {"uv": [2, 8, 3, 8.5], "texture": "#2"},
				"west": {"uv": [10, 5, 10.5, 5.5], "texture": "#2"},
				"up": {"uv": [4, 8.5, 3, 8], "texture": "#2"},
				"down": {"uv": [9, 3, 8, 3.5], "texture": "#2"}
			}
		},
		{
			"from": [9.06898, 5.8234, 7.35018],
			"to": [10.18698, 6.047, 8.69178],
			"rotation": {"angle": -22.5, "axis": "z", "origin": [9.62798, 6.1588, 8.02098]},
			"faces": {
				"north": {"uv": [8, 4, 9, 4.5], "texture": "#2"},
				"east": {"uv": [1, 6, 2.5, 6.5], "texture": "#2"},
				"south": {"uv": [8, 5, 9, 5.5], "texture": "#2"},
				"west": {"uv": [6, 1, 7.5, 1.5], "texture": "#2"},
				"up": {"uv": [3, 5.5, 2, 4], "texture": "#2"},
				"down": {"uv": [5, 2, 4, 3.5], "texture": "#2"}
			}
		},
		{
			"from": [5.51761, 5.84042, 7.35018],
			"to": [6.63561, 6.06402, 8.69178],
			"rotation": {"angle": 22.5, "axis": "z", "origin": [5.96481, 5.95222, 8.02098]},
			"faces": {
				"north": {"uv": [6, 8, 7, 8.5], "texture": "#2"},
				"east": {"uv": [3, 6, 4.5, 6.5], "texture": "#2"},
				"south": {"uv": [8, 6, 9, 6.5], "texture": "#2"},
				"west": {"uv": [5, 6, 6.5, 6.5], "texture": "#2"},
				"up": {"uv": [4, 5.5, 3, 4], "texture": "#2"},
				"down": {"uv": [5, 4, 4, 5.5], "texture": "#2"}
			}
		},
		{
			"from": [8.39818, 6.047, 7.476],
			"to": [9.06898, 6.2706, 8.594],
			"rotation": {"angle": 0, "axis": "y", "origin": [7.8532, 6.04239, 6.90298]},
			"faces": {
				"north": {"uv": [6, 10, 6.5, 10.5], "texture": "#2"},
				"east": {"uv": [7, 8, 8, 8.5], "texture": "#2"},
				"south": {"uv": [10, 6, 10.5, 6.5], "texture": "#2"},
				"west": {"uv": [8, 7, 9, 7.5], "texture": "#2"},
				"up": {"uv": [8.5, 9, 8, 8], "texture": "#2"},
				"down": {"uv": [0.5, 9, 0, 10], "texture": "#2"}
			}
		},
		{
			"from": [6.49758, 6.047, 7.476],
			"to": [7.16838, 6.2706, 8.594],
			"rotation": {"angle": 0, "axis": "y", "origin": [8.73358, 6.1588, 8.035]},
			"faces": {
				"north": {"uv": [7, 10, 7.5, 10.5], "texture": "#2"},
				"east": {"uv": [9, 0, 10, 0.5], "texture": "#2"},
				"south": {"uv": [10, 7, 10.5, 7.5], "texture": "#2"},
				"west": {"uv": [1, 9, 2, 9.5], "texture": "#2"},
				"up": {"uv": [9.5, 2, 9, 1], "texture": "#2"},
				"down": {"uv": [2.5, 9, 2, 10], "texture": "#2"}
			}
		},
		{
			"from": [7.05658, 5.95, 9.13898],
			"to": [8.39818, 6.1736, 10.25698],
			"rotation": {"angle": 22.5, "axis": "x", "origin": [7.72738, 5.9352, 9.69798]},
			"faces": {
				"north": {"uv": [0, 7, 1.5, 7.5], "texture": "#2"},
				"east": {"uv": [9, 2, 10, 2.5], "texture": "#2"},
				"south": {"uv": [7, 0, 8.5, 0.5], "texture": "#2"},
				"west": {"uv": [3, 9, 4, 9.5], "texture": "#2"},
				"up": {"uv": [6.5, 3, 5, 2], "texture": "#2"},
				"down": {"uv": [6.5, 3, 5, 4], "texture": "#2"}
			}
		},
		{
			"from": [7.1824, 6.047, 8.67775],
			"to": [8.3004, 6.2706, 9.34855],
			"rotation": {"angle": 0, "axis": "y", "origin": [7.8532, 6.04239, 8.13278]},
			"faces": {
				"north": {"uv": [9, 3, 10, 3.5], "texture": "#2"},
				"east": {"uv": [8, 10, 8.5, 10.5], "texture": "#2"},
				"south": {"uv": [4, 9, 5, 9.5], "texture": "#2"},
				"west": {"uv": [10, 8, 10.5, 8.5], "texture": "#2"},
				"up": {"uv": [10, 4.5, 9, 4], "texture": "#2"},
				"down": {"uv": [6, 9, 5, 9.5], "texture": "#2"}
			}
		},
		{
			"from": [8.29717, 5.7953, 7.61016],
			"to": [8.52077, 6.4661, 8.50456],
			"rotation": {"angle": -22.5, "axis": "z", "origin": [7.8532, 6.04239, 6.90298]},
			"faces": {
				"north": {"uv": [9, 10, 9.5, 10.5], "texture": "#2"},
				"east": {"uv": [9, 5, 10, 5.5], "texture": "#2"},
				"south": {"uv": [10, 9, 10.5, 9.5], "texture": "#2"},
				"west": {"uv": [6, 9, 7, 9.5], "texture": "#2"},
				"up": {"uv": [9.5, 7, 9, 6], "texture": "#2"},
				"down": {"uv": [7.5, 9, 7, 10], "texture": "#2"}
			}
		},
		{
			"from": [7.28246, 6.02309, 7.61016],
			"to": [7.50606, 6.69389, 8.50456],
			"rotation": {"angle": 22.5, "axis": "z", "origin": [8.40046, 5.91129, 8.05736]},
			"faces": {
				"north": {"uv": [10, 10, 10.5, 10.5], "texture": "#2"},
				"east": {"uv": [9, 7, 10, 7.5], "texture": "#2"},
				"south": {"uv": [0, 11, 0.5, 11.5], "texture": "#2"},
				"west": {"uv": [8, 9, 9, 9.5], "texture": "#2"},
				"up": {"uv": [9.5, 9, 9, 8], "texture": "#2"},
				"down": {"uv": [9.5, 9, 9, 10], "texture": "#2"}
			}
		},
		{
			"from": [7.39426, 5.79949, 8.46818],
			"to": [8.28866, 6.47029, 8.69178],
			"rotation": {"angle": 22.5, "axis": "x", "origin": [8.40046, 5.91129, 8.02098]},
			"faces": {
				"north": {"uv": [0, 10, 1, 10.5], "texture": "#2"},
				"east": {"uv": [11, 0, 11.5, 0.5], "texture": "#2"},
				"south": {"uv": [10, 0, 11, 0.5], "texture": "#2"},
				"west": {"uv": [1, 11, 1.5, 11.5], "texture": "#2"},
				"up": {"uv": [2, 10.5, 1, 10], "texture": "#2"},
				"down": {"uv": [11, 1, 10, 1.5], "texture": "#2"}
			}
		},
		{
			"from": [7.2942, 6.047, 6.8052],
			"to": [8.4122, 6.2706, 7.476],
			"rotation": {"angle": 0, "axis": "y", "origin": [7.1824, -1.22, 7.2524]},
			"faces": {
				"north": {"uv": [2, 10, 3, 10.5], "texture": "#2"},
				"east": {"uv": [11, 1, 11.5, 1.5], "texture": "#2"},
				"south": {"uv": [10, 2, 11, 2.5], "texture": "#2"},
				"west": {"uv": [2, 11, 2.5, 11.5], "texture": "#2"},
				"up": {"uv": [4, 10.5, 3, 10], "texture": "#2"},
				"down": {"uv": [11, 3, 10, 3.5], "texture": "#2"}
			}
		},
		{
			"from": [7.1824, 5.5998, 8.594],
			"to": [8.524, 5.8234, 9.712],
			"rotation": {"angle": -22.5, "axis": "x", "origin": [7.1824, -1.22, 7.2524]},
			"faces": {
				"north": {"uv": [2, 7, 3.5, 7.5], "texture": "#2"},
				"east": {"uv": [4, 10, 5, 10.5], "texture": "#2"},
				"south": {"uv": [7, 2, 8.5, 2.5], "texture": "#2"},
				"west": {"uv": [10, 4, 11, 4.5], "texture": "#2"},
				"up": {"uv": [6.5, 5, 5, 4], "texture": "#2"},
				"down": {"uv": [6.5, 5, 5, 6], "texture": "#2"}
			}
		},
		{
			"from": [7.7414, 5.8234, 8.035],
			"to": [7.965, 6.665, 8.1468],
			"rotation": {"angle": 0, "axis": "y", "origin": [7.1824, -1.22, 7.2524]},
			"faces": {
				"north": {"uv": [7, 3, 7.5, 4.5], "texture": "#2"},
				"east": {"uv": [4, 7, 4.5, 8.5], "texture": "#2"},
				"south": {"uv": [5, 7, 5.5, 8.5], "texture": "#2"},
				"west": {"uv": [7, 5, 7.5, 6.5], "texture": "#2"},
				"up": {"uv": [11.5, 2.5, 11, 2], "texture": "#2"},
				"down": {"uv": [3.5, 11, 3, 11.5], "texture": "#2"}
			}
		},
		{
			"from": [7.6296, 6.665, 7.9232],
			"to": [8.0768, 6.974, 8.2586],
			"rotation": {"angle": 0, "axis": "y", "origin": [7.1824, -1.22, 7.2524]},
			"faces": {
				"north": {"uv": [11, 3, 11.5, 3.5], "texture": "#2"},
				"east": {"uv": [4, 11, 4.5, 11.5], "texture": "#2"},
				"south": {"uv": [11, 4, 11.5, 4.5], "texture": "#2"},
				"west": {"uv": [5, 11, 5.5, 11.5], "texture": "#2"},
				"up": {"uv": [11.5, 5.5, 11, 5], "texture": "#2"},
				"down": {"uv": [6.5, 11, 6, 11.5], "texture": "#2"}
			}
		},
		{
			"from": [4.25, 5.125, 4.5],
			"to": [4.875, 5.75, 5.125],
			"rotation": {"angle": -22.5, "axis": "x", "origin": [4.5625, 5.6875, 4.5625]},
			"faces": {
				"north": {"uv": [0, 0, 1.5, 1.5], "texture": "#2"},
				"east": {"uv": [0, 2, 1.5, 3.5], "texture": "#2"},
				"south": {"uv": [2, 0, 3.5, 1.5], "texture": "#2"},
				"west": {"uv": [2, 2, 3.5, 3.5], "texture": "#2"},
				"up": {"uv": [1.5, 5.5, 0, 4], "texture": "#2"},
				"down": {"uv": [5.5, 0, 4, 1.5], "texture": "#2"}
			}
		},
		{
			"from": [5.5, 5.375, 3.75],
			"to": [6.125, 6, 4.375],
			"rotation": {"angle": -22.5, "axis": "x", "origin": [5.3125, 5.9375, 4.3125]},
			"faces": {
				"north": {"uv": [0, 0, 1.5, 1.5], "texture": "#2"},
				"east": {"uv": [0, 2, 1.5, 3.5], "texture": "#2"},
				"south": {"uv": [2, 0, 3.5, 1.5], "texture": "#2"},
				"west": {"uv": [2, 2, 3.5, 3.5], "texture": "#2"},
				"up": {"uv": [1.5, 5.5, 0, 4], "texture": "#2"},
				"down": {"uv": [5.5, 0, 4, 1.5], "texture": "#2"}
			}
		},
		{
			"from": [10.25, 5.625, 11],
			"to": [10.875, 6.25, 11.625],
			"rotation": {"angle": 0, "axis": "y", "origin": [10.5625, 5.9375, 11.3125]},
			"faces": {
				"north": {"uv": [0, 0, 1.5, 1.5], "texture": "#2"},
				"east": {"uv": [0, 2, 1.5, 3.5], "texture": "#2"},
				"south": {"uv": [2, 0, 3.5, 1.5], "texture": "#2"},
				"west": {"uv": [2, 2, 3.5, 3.5], "texture": "#2"},
				"up": {"uv": [1.5, 5.5, 0, 4], "texture": "#2"},
				"down": {"uv": [5.5, 0, 4, 1.5], "texture": "#2"}
			}
		},
		{
			"from": [10.5, 5.375, 11.5],
			"to": [11.125, 6, 12.125],
			"rotation": {"angle": -22.5, "axis": "y", "origin": [10.5625, 5.9375, 11.3125]},
			"faces": {
				"north": {"uv": [0, 0, 1.5, 1.5], "texture": "#2"},
				"east": {"uv": [0, 2, 1.5, 3.5], "texture": "#2"},
				"south": {"uv": [2, 0, 3.5, 1.5], "texture": "#2"},
				"west": {"uv": [2, 2, 3.5, 3.5], "texture": "#2"},
				"up": {"uv": [1.5, 5.5, 0, 4], "texture": "#2"},
				"down": {"uv": [5.5, 0, 4, 1.5], "texture": "#2"}
			}
		},
		{
			"from": [10.75, 5.375, 11.25],
			"to": [11.375, 6, 11.875],
			"rotation": {"angle": 22.5, "axis": "y", "origin": [10.5625, 5.9375, 11.3125]},
			"faces": {
				"north": {"uv": [0, 0, 1.5, 1.5], "texture": "#2"},
				"east": {"uv": [0, 2, 1.5, 3.5], "texture": "#2"},
				"south": {"uv": [2, 0, 3.5, 1.5], "texture": "#2"},
				"west": {"uv": [2, 2, 3.5, 3.5], "texture": "#2"},
				"up": {"uv": [1.5, 5.5, 0, 4], "texture": "#2"},
				"down": {"uv": [5.5, 0, 4, 1.5], "texture": "#2"}
			}
		},
		{
			"from": [4.75, 5.375, 4.25],
			"to": [5.375, 6, 4.875],
			"rotation": {"angle": 45, "axis": "x", "origin": [5.3125, 5.9375, 4.3125]},
			"faces": {
				"north": {"uv": [0, 0, 1.5, 1.5], "texture": "#2"},
				"east": {"uv": [0, 2, 1.5, 3.5], "texture": "#2"},
				"south": {"uv": [2, 0, 3.5, 1.5], "texture": "#2"},
				"west": {"uv": [2, 2, 3.5, 3.5], "texture": "#2"},
				"up": {"uv": [1.5, 5.5, 0, 4], "texture": "#2"},
				"down": {"uv": [5.5, 0, 4, 1.5], "texture": "#2"}
			}
		},
		{
			"from": [9.5, 5.375, 11.25],
			"to": [10.125, 6, 11.875],
			"rotation": {"angle": -22.5, "axis": "y", "origin": [9.8125, 5.6875, 9.8125]},
			"faces": {
				"north": {"uv": [0, 0, 1.5, 1.5], "texture": "#2"},
				"east": {"uv": [0, 2, 1.5, 3.5], "texture": "#2"},
				"south": {"uv": [2, 0, 3.5, 1.5], "texture": "#2"},
				"west": {"uv": [2, 2, 3.5, 3.5], "texture": "#2"},
				"up": {"uv": [1.5, 5.5, 0, 4], "texture": "#2"},
				"down": {"uv": [5.5, 0, 4, 1.5], "texture": "#2"}
			}
		},
		{
			"from": [5, 5.49636, 4.53541],
			"to": [5.625, 6.12136, 5.16041],
			"rotation": {"angle": 22.5, "axis": "z", "origin": [6.3125, 5.80886, 6.84791]},
			"faces": {
				"north": {"uv": [0, 0, 1.5, 1.5], "texture": "#2"},
				"east": {"uv": [0, 2, 1.5, 3.5], "texture": "#2"},
				"south": {"uv": [2, 0, 3.5, 1.5], "texture": "#2"},
				"west": {"uv": [2, 2, 3.5, 3.5], "texture": "#2"},
				"up": {"uv": [1.5, 5.5, 0, 4], "texture": "#2"},
				"down": {"uv": [5.5, 0, 4, 1.5], "texture": "#2"}
			}
		},
		{
			"from": [4.25, 5.625, 11],
			"to": [4.875, 6.25, 11.625],
			"rotation": {"angle": 22.5, "axis": "z", "origin": [4.8125, 5.9375, 11.3125]},
			"faces": {
				"north": {"uv": [0, 0, 1.5, 1.5], "texture": "#2"},
				"east": {"uv": [0, 2, 1.5, 3.5], "texture": "#2"},
				"south": {"uv": [2, 0, 3.5, 1.5], "texture": "#2"},
				"west": {"uv": [2, 2, 3.5, 3.5], "texture": "#2"},
				"up": {"uv": [1.5, 5.5, 0, 4], "texture": "#2"},
				"down": {"uv": [5.5, 0, 4, 1.5], "texture": "#2"}
			}
		},
		{
			"from": [5, 5.375, 10.5],
			"to": [5.625, 6, 11.125],
			"rotation": {"angle": -45, "axis": "z", "origin": [5.3125, 5.9375, 9.3125]},
			"faces": {
				"north": {"uv": [0, 0, 1.5, 1.5], "texture": "#2"},
				"east": {"uv": [0, 2, 1.5, 3.5], "texture": "#2"},
				"south": {"uv": [2, 0, 3.5, 1.5], "texture": "#2"},
				"west": {"uv": [2, 2, 3.5, 3.5], "texture": "#2"},
				"up": {"uv": [1.5, 5.5, 0, 4], "texture": "#2"},
				"down": {"uv": [5.5, 0, 4, 1.5], "texture": "#2"}
			}
		},
		{
			"from": [10.25, 5.375, 3.75],
			"to": [10.875, 6, 4.375],
			"rotation": {"angle": 0, "axis": "y", "origin": [4, -0.25, 4]},
			"faces": {
				"north": {"uv": [0, 0, 1.5, 1.5], "texture": "#2"},
				"east": {"uv": [0, 2, 1.5, 3.5], "texture": "#2"},
				"south": {"uv": [2, 0, 3.5, 1.5], "texture": "#2"},
				"west": {"uv": [2, 2, 3.5, 3.5], "texture": "#2"},
				"up": {"uv": [1.5, 5.5, 0, 4], "texture": "#2"},
				"down": {"uv": [5.5, 0, 4, 1.5], "texture": "#2"}
			}
		},
		{
			"from": [11, 5.375, 4.5],
			"to": [11.625, 6, 5.125],
			"rotation": {"angle": 22.5, "axis": "z", "origin": [11.3125, 5.6875, 4.8125]},
			"faces": {
				"north": {"uv": [0, 0, 1.5, 1.5], "texture": "#2"},
				"east": {"uv": [0, 2, 1.5, 3.5], "texture": "#2"},
				"south": {"uv": [2, 0, 3.5, 1.5], "texture": "#2"},
				"west": {"uv": [2, 2, 3.5, 3.5], "texture": "#2"},
				"up": {"uv": [1.5, 5.5, 0, 4], "texture": "#2"},
				"down": {"uv": [5.5, 0, 4, 1.5], "texture": "#2"}
			}
		},
		{
			"from": [10.75, 5.375, 4],
			"to": [11.375, 6, 4.625],
			"rotation": {"angle": 22.5, "axis": "z", "origin": [11.0625, 5.9375, 4.3125]},
			"faces": {
				"north": {"uv": [0, 0, 1.5, 1.5], "texture": "#2"},
				"east": {"uv": [0, 2, 1.5, 3.5], "texture": "#2"},
				"south": {"uv": [2, 0, 3.5, 1.5], "texture": "#2"},
				"west": {"uv": [2, 2, 3.5, 3.5], "texture": "#2"},
				"up": {"uv": [1.5, 5.5, 0, 4], "texture": "#2"},
				"down": {"uv": [5.5, 0, 4, 1.5], "texture": "#2"}
			}
		},
		{
			"from": [10.25, 5.375, 4.5],
			"to": [10.875, 6, 5.125],
			"rotation": {"angle": -22.5, "axis": "x", "origin": [10.5625, 5.6875, 5.0625]},
			"faces": {
				"north": {"uv": [0, 0, 1.5, 1.5], "texture": "#2"},
				"east": {"uv": [0, 2, 1.5, 3.5], "texture": "#2"},
				"south": {"uv": [2, 0, 3.5, 1.5], "texture": "#2"},
				"west": {"uv": [2, 2, 3.5, 3.5], "texture": "#2"},
				"up": {"uv": [1.5, 5.5, 0, 4], "texture": "#2"},
				"down": {"uv": [5.5, 0, 4, 1.5], "texture": "#2"}
			}
		},
		{
			"from": [4, 6.875, 10.25],
			"to": [4.625, 7.5, 10.875],
			"rotation": {"angle": 22.5, "axis": "x", "origin": [8.8125, 5.9375, 6.5625]},
			"faces": {
				"north": {"uv": [0, 0, 1.5, 1.5], "texture": "#2"},
				"east": {"uv": [0, 2, 1.5, 3.5], "texture": "#2"},
				"south": {"uv": [2, 0, 3.5, 1.5], "texture": "#2"},
				"west": {"uv": [2, 2, 3.5, 3.5], "texture": "#2"},
				"up": {"uv": [1.5, 5.5, 0, 4], "texture": "#2"},
				"down": {"uv": [5.5, 0, 4, 1.5], "texture": "#2"}
			}
		}
	],
	"display": {
		"thirdperson_righthand": {
			"rotation": [-175.23, 88.05, -129.94],
			"translation": [0, 2.75, 0],
			"scale": [0.44, 0.44, 0.44]
		},
		"thirdperson_lefthand": {
			"rotation": [-68, -86, -129.94],
			"translation": [0, 3, 0.5],
			"scale": [0.41, 0.41, 0.41]
		},
		"firstperson_righthand": {
			"rotation": [0, 106, 0],
			"translation": [-2.5, 6.75, 1.5],
			"scale": [0.91, 0.91, 0.91]
		},
		"firstperson_lefthand": {
			"rotation": [0, 106, 0],
			"translation": [-2.5, 6.75, 1.5],
			"scale": [0.91, 0.91, 0.91]
		},
		"ground": {
			"translation": [0, 2.75, 0],
			"scale": [0.63, 0.63, 0.63]
		},
		"gui": {
			"rotation": [31, -90, 0],
			"translation": [0, 5.5, 0],
			"scale": [1.45, 1.45, 1.45]
		},
		"head": {
			"rotation": [0, 90, 0],
			"translation": [0, 5.25, 0],
			"scale": [1.88, 1.88, 1.88]
		},
		"fixed": {
			"rotation": [-90, 0, 0],
			"translation": [0, 0, -10],
			"scale": [1.22, 1.22, 1.22]
		}
	},
	"groups": [
		{
			"name": "group",
			"origin": [1.16, 1.25, 2.16],
			"color": 0,
			"children": [
				{
					"name": "group",
					"origin": [8, 8, 8],
					"color": 0,
					"children": [
						0,
						1,
						2,
						3,
						4,
						5,
						6,
						7,
						8,
						9,
						10,
						11,
						12,
						13,
						14,
						15,
						16,
						17,
						18,
						19,
						20,
						21,
						22,
						23,
						24,
						25,
						26,
						27,
						28,
						29,
						30,
						31,
						32,
						33,
						34,
						35,
						36,
						37,
						38,
						39,
						40,
						41,
						42,
						43,
						44,
						45,
						46,
						47,
						48,
						49,
						50,
						51,
						52,
						53,
						54,
						55,
						56,
						57,
						58,
						59,
						60,
						61,
						62,
						63,
						64,
						65,
						66,
						67,
						68,
						69,
						70,
						71,
						72,
						73,
						74,
						75,
						76,
						77,
						78,
						79,
						80,
						81,
						82,
						83,
						84,
						85,
						86,
						87,
						88,
						89,
						90,
						91,
						92,
						93,
						94,
						95,
						96,
						97,
						98,
						99,
						100,
						101,
						102,
						103,
						104,
						105,
						106,
						107,
						108,
						109,
						110,
						111,
						112,
						113,
						114,
						115,
						116,
						117
					]
				},
				{
					"name": "group",
					"origin": [8, 8, 8],
					"color": 0,
					"children": [118, 119, 120, 121, 122]
				},
				{
					"name": "group",
					"origin": [8, 8, 8],
					"color": 0,
					"children": [123, 124, 125, 126, 127, 128, 129, 130, 131, 132, 133, 134, 135, 136, 137, 138, 139, 140, 141, 142, 143, 144, 145, 146, 147, 148, 149, 150, 151, 152]
				}
			]
		}
	]
}