{
	"credit": "Made with Blockbench",
	"texture_size": [8, 8],
	"textures": {
		"0": "politmine/item/brewery/gasoline/kanistra",
		"1": "politmine/item/brewery/gasoline/krishkakanistri",
		"particle": "politmine/item/brewery/gasoline/kanistra"
	},
	"elements": [
		{
			"from": [5.25, 0, 7],
			"to": [11.75, 0.75, 9],
			"faces": {
				"north": {"uv": [9.5, 5, 12.75, 5.25], "texture": "#0"},
				"east": {"uv": [12, 4.5, 13, 4.75], "texture": "#0"},
				"south": {"uv": [9.5, 5.5, 12.75, 5.75], "texture": "#0"},
				"west": {"uv": [8, 12, 9, 12.25], "texture": "#0"},
				"up": {"uv": [6.25, 9, 3, 8], "texture": "#0"},
				"down": {"uv": [9.75, 8, 6.5, 9], "texture": "#0"}
			}
		},
		{
			"from": [5, 0.25, 7],
			"to": [5.25, 0.5, 9],
			"faces": {
				"north": {"uv": [7, 14.5, 7.125, 14.625], "texture": "#0"},
				"east": {"uv": [14, 3.5, 15, 3.625], "texture": "#0"},
				"south": {"uv": [7.5, 14.5, 7.625, 14.625], "texture": "#0"},
				"west": {"uv": [14, 4, 15, 4.125], "texture": "#0"},
				"up": {"uv": [11.125, 14.5, 11, 13.5], "texture": "#0"},
				"down": {"uv": [4.625, 14, 4.5, 15], "texture": "#0"}
			}
		},
		{
			"from": [11.75, 0.25, 7],
			"to": [12, 0.5, 9],
			"faces": {
				"north": {"uv": [8, 14.5, 8.125, 14.625], "texture": "#0"},
				"east": {"uv": [14, 4.5, 15, 4.625], "texture": "#0"},
				"south": {"uv": [8.5, 14.5, 8.625, 14.625], "texture": "#0"},
				"west": {"uv": [5, 14, 6, 14.125], "texture": "#0"},
				"up": {"uv": [14.125, 6, 14, 5], "texture": "#0"},
				"down": {"uv": [14.125, 6, 14, 7], "texture": "#0"}
			}
		},
		{
			"from": [10.65, 7.9, 7],
			"to": [11.75, 8.25, 9],
			"faces": {
				"north": {"uv": [14, 10, 14.5, 10.125], "texture": "#0"},
				"east": {"uv": [14, 7, 15, 7.125], "texture": "#0"},
				"south": {"uv": [14, 12, 14.5, 12.125], "texture": "#0"},
				"west": {"uv": [14, 7.5, 15, 7.625], "texture": "#0"},
				"up": {"uv": [10.5, 12, 10, 11], "texture": "#0"},
				"down": {"uv": [11, 11, 10.5, 12], "texture": "#0"}
			}
		},
		{
			"from": [4.75, 7.9, 7],
			"to": [10.75, 8.5, 9],
			"faces": {
				"north": {"uv": [11, 2, 14, 2.25], "texture": "#0"},
				"east": {"uv": [9, 12, 10, 12.25], "texture": "#0"},
				"south": {"uv": [11, 2.5, 14, 2.75], "texture": "#0"},
				"west": {"uv": [10, 12, 11, 12.25], "texture": "#0"},
				"up": {"uv": [11.5, 1, 8.5, 0], "texture": "#0"},
				"down": {"uv": [11.5, 1, 8.5, 2], "texture": "#0"}
			}
		},
		{
			"from": [4.75, 8.4, 7],
			"to": [5.75, 9.75, 9],
			"faces": {
				"north": {"uv": [7, 12, 7.5, 12.625], "texture": "#0"},
				"east": {"uv": [11, 3, 12, 3.625], "texture": "#0"},
				"south": {"uv": [7.5, 12, 8, 12.625], "texture": "#0"},
				"west": {"uv": [11, 4, 12, 4.625], "texture": "#0"},
				"up": {"uv": [11.5, 12, 11, 11], "texture": "#0"},
				"down": {"uv": [12, 0, 11.5, 1], "texture": "#0"}
			}
		},
		{
			"from": [5.25, 9.4, 8.45],
			"to": [9, 9.65, 8.95],
			"rotation": {"angle": 0, "axis": "z", "origin": [5.5, 9.5, 8]},
			"faces": {
				"north": {"uv": [12, 11, 13.875, 11.125], "texture": "#0"},
				"east": {"uv": [14.5, 0.5, 14.75, 0.625], "texture": "#0"},
				"south": {"uv": [12, 11.5, 13.875, 11.625], "texture": "#0"},
				"west": {"uv": [14.5, 1, 14.75, 1.125], "texture": "#0"},
				"up": {"uv": [13.375, 8.25, 11.5, 8], "texture": "#0"},
				"down": {"uv": [13.375, 8.5, 11.5, 8.75], "texture": "#0"}
			}
		},
		{
			"from": [5.25, 9.4, 7.05],
			"to": [9, 9.65, 7.55],
			"rotation": {"angle": 0, "axis": "z", "origin": [5.5, 9.5, 8]},
			"faces": {
				"north": {"uv": [12, 12, 13.875, 12.125], "texture": "#0"},
				"east": {"uv": [14.5, 1.5, 14.75, 1.625], "texture": "#0"},
				"south": {"uv": [12.5, 1, 14.375, 1.125], "texture": "#0"},
				"west": {"uv": [3, 14.5, 3.25, 14.625], "texture": "#0"},
				"up": {"uv": [13.375, 9.25, 11.5, 9], "texture": "#0"},
				"down": {"uv": [13.375, 9.5, 11.5, 9.75], "texture": "#0"}
			}
		},
		{
			"from": [5.25, 9.4, 7.75],
			"to": [9, 9.65, 8.25],
			"rotation": {"angle": 0, "axis": "z", "origin": [5.5, 9.5, 8]},
			"faces": {
				"north": {"uv": [12.5, 1.5, 14.375, 1.625], "texture": "#0"},
				"east": {"uv": [14.5, 3, 14.75, 3.125], "texture": "#0"},
				"south": {"uv": [12.5, 3, 14.375, 3.125], "texture": "#0"},
				"west": {"uv": [3.5, 14.5, 3.75, 14.625], "texture": "#0"},
				"up": {"uv": [13.375, 10.25, 11.5, 10], "texture": "#0"},
				"down": {"uv": [13.375, 10.5, 11.5, 10.75], "texture": "#0"}
			}
		},
		{
			"from": [8.76142, 6.8426, 8.45],
			"to": [9.01142, 9.5926, 8.95],
			"rotation": {"angle": 22.5, "axis": "z", "origin": [8.86142, 9.5926, 8]},
			"faces": {
				"north": {"uv": [11, 12, 11.125, 13.375], "texture": "#0"},
				"east": {"uv": [12, 3, 12.25, 4.375], "texture": "#0"},
				"south": {"uv": [12, 12.5, 12.125, 13.875], "texture": "#0"},
				"west": {"uv": [4.5, 12, 4.75, 13.375], "texture": "#0"},
				"up": {"uv": [5.125, 14.75, 5, 14.5], "texture": "#0"},
				"down": {"uv": [14.625, 5, 14.5, 5.25], "texture": "#0"}
			}
		},
		{
			"from": [8.76142, 6.8426, 7.05],
			"to": [9.01142, 9.5926, 7.55],
			"rotation": {"angle": 22.5, "axis": "z", "origin": [8.86142, 9.5926, 8]},
			"faces": {
				"north": {"uv": [12.5, 12.5, 12.625, 13.875], "texture": "#0"},
				"east": {"uv": [5, 12, 5.25, 13.375], "texture": "#0"},
				"south": {"uv": [3, 13, 3.125, 14.375], "texture": "#0"},
				"west": {"uv": [5.5, 12, 5.75, 13.375], "texture": "#0"},
				"up": {"uv": [5.625, 14.75, 5.5, 14.5], "texture": "#0"},
				"down": {"uv": [14.625, 5.5, 14.5, 5.75], "texture": "#0"}
			}
		},
		{
			"from": [8.76142, 6.8426, 7.75],
			"to": [9.01142, 9.5926, 8.25],
			"rotation": {"angle": 22.5, "axis": "z", "origin": [8.86142, 9.5926, 8]},
			"faces": {
				"north": {"uv": [3.5, 13, 3.625, 14.375], "texture": "#0"},
				"east": {"uv": [6, 12, 6.25, 13.375], "texture": "#0"},
				"south": {"uv": [13, 4.5, 13.125, 5.875], "texture": "#0"},
				"west": {"uv": [6.5, 12, 6.75, 13.375], "texture": "#0"},
				"up": {"uv": [14.625, 6.25, 14.5, 6], "texture": "#0"},
				"down": {"uv": [14.625, 6.5, 14.5, 6.75], "texture": "#0"}
			}
		},
		{
			"from": [8.76142, 8.0426, 7],
			"to": [9.01142, 9.0426, 9],
			"rotation": {"angle": 22.5, "axis": "z", "origin": [8.86142, 9.5926, 8]},
			"faces": {
				"north": {"uv": [13, 14, 13.125, 14.5], "texture": "#0"},
				"east": {"uv": [11.5, 1, 12.5, 1.5], "texture": "#0"},
				"south": {"uv": [13.5, 14, 13.625, 14.5], "texture": "#0"},
				"west": {"uv": [11.5, 1.5, 12.5, 2], "texture": "#0"},
				"up": {"uv": [14.125, 10, 14, 9], "texture": "#0"},
				"down": {"uv": [14.125, 11, 14, 12], "texture": "#0"}
			}
		},
		{
			"from": [5.65, 8.4, 7],
			"to": [6, 9.25, 9],
			"faces": {
				"north": {"uv": [14, 14, 14.125, 14.375], "texture": "#0"},
				"east": {"uv": [12, 0, 13, 0.375], "texture": "#0"},
				"south": {"uv": [14.5, 0, 14.625, 0.375], "texture": "#0"},
				"west": {"uv": [12, 0.5, 13, 0.875], "texture": "#0"},
				"up": {"uv": [12.125, 15, 12, 14], "texture": "#0"},
				"down": {"uv": [12.625, 14, 12.5, 15], "texture": "#0"}
			}
		},
		{
			"from": [4.75, 0.5, 7.15],
			"to": [12.25, 8, 8.85],
			"faces": {
				"north": {"uv": [0, 0, 3.75, 3.75], "texture": "#0"},
				"east": {"uv": [8.5, 2, 9.25, 5.75], "texture": "#0"},
				"south": {"uv": [0, 4, 3.75, 7.75], "texture": "#0"},
				"west": {"uv": [3, 9, 3.75, 12.75], "texture": "#0"},
				"up": {"uv": [12.25, 6.75, 8.5, 6], "texture": "#0"},
				"down": {"uv": [12.25, 7, 8.5, 7.75], "texture": "#0"}
			}
		},
		{
			"from": [7.25, 3, 7],
			"to": [9.75, 5.5, 7.25],
			"faces": {
				"north": {"uv": [4, 10.5, 5.25, 11.75], "texture": "#0"},
				"east": {"uv": [7, 13, 7.125, 14.25], "texture": "#0"},
				"south": {"uv": [5.5, 10.5, 6.75, 11.75], "texture": "#0"},
				"west": {"uv": [7.5, 13, 7.625, 14.25], "texture": "#0"},
				"up": {"uv": [14.25, 0.125, 13, 0], "texture": "#0"},
				"down": {"uv": [14.25, 0.5, 13, 0.625], "texture": "#0"}
			}
		},
		{
			"from": [4.75, 0.5, 8.75],
			"to": [7, 8, 9],
			"faces": {
				"north": {"uv": [4, 0, 5.125, 3.75], "texture": "#0"},
				"east": {"uv": [11.5, 11, 11.625, 14.75], "texture": "#0"},
				"south": {"uv": [4, 4, 5.125, 7.75], "texture": "#0"},
				"west": {"uv": [0, 12, 0.125, 15.75], "texture": "#0"},
				"up": {"uv": [14.125, 13.125, 13, 13], "texture": "#0"},
				"down": {"uv": [5.625, 13.5, 4.5, 13.625], "texture": "#0"}
			}
		},
		{
			"from": [6.75, 0.5, 8.75],
			"to": [10.25, 2.75, 9],
			"faces": {
				"north": {"uv": [4, 9, 5.5, 10.125], "texture": "#0"},
				"east": {"uv": [10.5, 13, 10.625, 14.125], "texture": "#0"},
				"south": {"uv": [5.5, 9, 7, 10.125], "texture": "#0"},
				"west": {"uv": [13.5, 4.5, 13.625, 5.625], "texture": "#0"},
				"up": {"uv": [14, 3.625, 12.5, 3.5], "texture": "#0"},
				"down": {"uv": [14, 4, 12.5, 4.125], "texture": "#0"}
			}
		},
		{
			"from": [6.75, 5.75, 8.75],
			"to": [10.25, 8, 9],
			"faces": {
				"north": {"uv": [7, 9, 8.5, 10.125], "texture": "#0"},
				"east": {"uv": [6, 13.5, 6.125, 14.625], "texture": "#0"},
				"south": {"uv": [8.5, 9, 10, 10.125], "texture": "#0"},
				"west": {"uv": [6.5, 13.5, 6.625, 14.625], "texture": "#0"},
				"up": {"uv": [14, 6.125, 12.5, 6], "texture": "#0"},
				"down": {"uv": [14, 6.5, 12.5, 6.625], "texture": "#0"}
			}
		},
		{
			"from": [10, 0.5, 8.75],
			"to": [12.25, 8, 9],
			"faces": {
				"north": {"uv": [5.5, 0, 6.625, 3.75], "texture": "#0"},
				"east": {"uv": [0.5, 12, 0.625, 15.75], "texture": "#0"},
				"south": {"uv": [5.5, 4, 6.625, 7.75], "texture": "#0"},
				"west": {"uv": [1, 12, 1.125, 15.75], "texture": "#0"},
				"up": {"uv": [14.625, 8.125, 13.5, 8], "texture": "#0"},
				"down": {"uv": [14.625, 8.5, 13.5, 8.625], "texture": "#0"}
			}
		},
		{
			"from": [7.25, 3, 8.75],
			"to": [9.75, 5.5, 9],
			"faces": {
				"north": {"uv": [7, 10.5, 8.25, 11.75], "texture": "#0"},
				"east": {"uv": [8, 13, 8.125, 14.25], "texture": "#0"},
				"south": {"uv": [8.5, 10.5, 9.75, 11.75], "texture": "#0"},
				"west": {"uv": [8.5, 13, 8.625, 14.25], "texture": "#0"},
				"up": {"uv": [10.25, 13.125, 9, 13], "texture": "#0"},
				"down": {"uv": [14.25, 12.5, 13, 12.625], "texture": "#0"}
			}
		},
		{
			"from": [6.9, 5.75, 7],
			"to": [10.1, 8, 7.25],
			"faces": {
				"north": {"uv": [9.5, 2, 11, 3.125], "texture": "#0"},
				"east": {"uv": [9, 13.5, 9.125, 14.625], "texture": "#0"},
				"south": {"uv": [9.5, 3.5, 11, 4.625], "texture": "#0"},
				"west": {"uv": [13.5, 9, 13.625, 10.125], "texture": "#0"},
				"up": {"uv": [14, 7.125, 12.5, 7], "texture": "#0"},
				"down": {"uv": [14, 7.5, 12.5, 7.625], "texture": "#0"}
			}
		},
		{
			"from": [6.9, 0.5, 7],
			"to": [10.1, 2.75, 7.25],
			"faces": {
				"north": {"uv": [10, 8, 11.5, 9.125], "texture": "#0"},
				"east": {"uv": [9.5, 13.5, 9.625, 14.625], "texture": "#0"},
				"south": {"uv": [10, 9.5, 11.5, 10.625], "texture": "#0"},
				"west": {"uv": [10, 13.5, 10.125, 14.625], "texture": "#0"},
				"up": {"uv": [9.5, 12.625, 8, 12.5], "texture": "#0"},
				"down": {"uv": [11, 12.5, 9.5, 12.625], "texture": "#0"}
			}
		},
		{
			"from": [10, 0.5, 7],
			"to": [12.25, 8, 7.25],
			"faces": {
				"north": {"uv": [7, 0, 8.125, 3.75], "texture": "#0"},
				"east": {"uv": [1.5, 12, 1.625, 15.75], "texture": "#0"},
				"south": {"uv": [7, 4, 8.125, 7.75], "texture": "#0"},
				"west": {"uv": [2, 12, 2.125, 15.75], "texture": "#0"},
				"up": {"uv": [14.625, 10.625, 13.5, 10.5], "texture": "#0"},
				"down": {"uv": [14.125, 13.5, 13, 13.625], "texture": "#0"}
			}
		},
		{
			"from": [4.75, 0.5, 7],
			"to": [7, 8, 7.25],
			"faces": {
				"north": {"uv": [0, 8, 1.125, 11.75], "texture": "#0"},
				"east": {"uv": [2.5, 12, 2.625, 15.75], "texture": "#0"},
				"south": {"uv": [1.5, 8, 2.625, 11.75], "texture": "#0"},
				"west": {"uv": [4, 12, 4.125, 15.75], "texture": "#0"},
				"up": {"uv": [15.125, 2.125, 14, 2], "texture": "#0"},
				"down": {"uv": [15.125, 2.5, 14, 2.625], "texture": "#0"}
			}
		},
		{
			"from": [11, 7.75, 7.5],
			"to": [12, 8.75, 8.5],
			"rotation": {"angle": -22.5, "axis": "z", "origin": [11.5, 8.25, 8]},
			"faces": {
				"north": {"uv": [4, 0, 6, 2], "texture": "#1"},
				"east": {"uv": [4, 2, 6, 4], "texture": "#1"},
				"south": {"uv": [4, 4, 6, 6], "texture": "#1"},
				"west": {"uv": [6, 0, 8, 2], "texture": "#1"},
				"up": {"uv": [8, 4, 6, 2], "texture": "#1"},
				"down": {"uv": [6, 6, 4, 8], "texture": "#1"}
			}
		},
		{
			"from": [10.9, 8.5, 7.4],
			"to": [12.1, 9, 8.6],
			"rotation": {"angle": -22.5, "axis": "z", "origin": [11.5, 8.25, 8]},
			"faces": {
				"north": {"uv": [6, 4, 8.5, 5], "texture": "#1"},
				"east": {"uv": [6, 6, 8.5, 7], "texture": "#1"},
				"south": {"uv": [0, 8, 2.5, 9], "texture": "#1"},
				"west": {"uv": [8, 0, 10.5, 1], "texture": "#1"},
				"up": {"uv": [2.5, 2.5, 0, 0], "texture": "#1"},
				"down": {"uv": [2.5, 4, 0, 6.5], "texture": "#1"}
			}
		}
	],
	"display": {
		"thirdperson_righthand": {
			"rotation": [60, 90, 0],
			"translation": [0, -2.25, -1],
			"scale": [1.11, 1.11, 1.11]
		},
		"thirdperson_lefthand": {
			"rotation": [60, 90, 0],
			"translation": [0, -2.25, -1],
			"scale": [1.11, 1.11, 1.11]
		},
		"firstperson_righthand": {
			"rotation": [0, 90, 0],
			"translation": [1.25, 4.5, 0],
			"scale": [1.48, 1.48, 1.48]
		},
		"firstperson_lefthand": {
			"rotation": [0, -91, 0],
			"translation": [1.25, 4.5, 0],
			"scale": [1.48, 1.48, 1.48]
		},
		"ground": {
			"translation": [0, 5, 0],
			"scale": [1.18, 1.18, 1.18]
		},
		"gui": {
			"rotation": [-172.03, -39.5, -157.08],
			"translation": [1.75, 4.5, 0],
			"scale": [1.42, 1.42, 1.42]
		},
		"head": {
			"rotation": [-90, 0, 0],
			"translation": [-0.75, 7, -6.5],
			"scale": [1.62, 1.62, 1.62]
		},
		"fixed": {
			"rotation": [-90, 0, 0],
			"translation": [-1.5, 0, -17.75],
			"scale": [2.22, 2.22, 2.22]
		}
	},
	"groups": [
		{
			"name": "group",
			"origin": [0, 0, 0],
			"color": 0,
			"children": [0, 1, 2, 3, 4, 5, 6, 7, 8, 9, 10, 11, 12, 13, 14, 15, 16, 17, 18, 19, 20, 21, 22, 23, 24]
		},
		{
			"name": "group",
			"origin": [11.5, 8.25, 8],
			"color": 0,
			"children": [25, 26]
		}
	]
}