{
	"credit": "Made with Blockbench",
	"texture_size": [32, 32],
	"textures": {
		"1": "politmine/item/brewery/hun_cha_red_tea/16",
		"2": "politmine/item/brewery/hun_cha_red_tea/15",
		"3": "politmine/item/brewery/hun_cha_red_tea/17",
		"4": "politmine/item/brewery/hun_cha_red_tea/18",
		"particle": "politmine/item/brewery/hun_cha_red_tea/15"
	},
	"elements": [
		{
			"from": [8.95836, 5.99457, 10.80952],
			"to": [9.46457, 6.53338, 11.25246],
			"rotation": {"angle": 22.5, "axis": "y", "origin": [9.35668, 6.32705, 10.42932]},
			"faces": {
				"north": {"uv": [0, 0, 0.5, 0.5], "texture": "#3"},
				"east": {"uv": [0, 1, 0.5, 1.5], "texture": "#3"},
				"south": {"uv": [1, 0, 1.5, 0.5], "texture": "#3"},
				"west": {"uv": [1, 1, 1.5, 1.5], "texture": "#3"},
				"up": {"uv": [0.5, 2.5, 0, 2], "texture": "#3"},
				"down": {"uv": [2.5, 0, 2, 0.5], "texture": "#3"}
			}
		},
		{
			"from": [9.84141, 5.99457, 9.54802],
			"to": [10.34762, 6.53338, 9.99096],
			"rotation": {"angle": 22.5, "axis": "y", "origin": [9.35668, 6.32705, 10.42932]},
			"faces": {
				"north": {"uv": [1, 2, 1.5, 2.5], "texture": "#3"},
				"east": {"uv": [2, 1, 2.5, 1.5], "texture": "#3"},
				"south": {"uv": [2, 2, 2.5, 2.5], "texture": "#3"},
				"west": {"uv": [0, 3, 0.5, 3.5], "texture": "#3"},
				"up": {"uv": [3.5, 0.5, 3, 0], "texture": "#3"},
				"down": {"uv": [1.5, 3, 1, 3.5], "texture": "#3"}
			}
		},
		{
			"from": [8.80265, 5.99457, 9.73731],
			"to": [9.30887, 6.53338, 10.18025],
			"rotation": {"angle": 0, "axis": "y", "origin": [9.35668, 6.32705, 10.42932]},
			"faces": {
				"north": {"uv": [3, 1, 3.5, 1.5], "texture": "#3"},
				"east": {"uv": [2, 3, 2.5, 3.5], "texture": "#3"},
				"south": {"uv": [3, 2, 3.5, 2.5], "texture": "#3"},
				"west": {"uv": [3, 3, 3.5, 3.5], "texture": "#3"},
				"up": {"uv": [0.5, 4.5, 0, 4], "texture": "#3"},
				"down": {"uv": [4.5, 0, 4, 0.5], "texture": "#3"}
			}
		},
		{
			"from": [10.08258, 5.99457, 8.85758],
			"to": [10.52551, 6.53338, 9.3638],
			"rotation": {"angle": -22.5, "axis": "y", "origin": [9.35668, 6.32705, 10.42932]},
			"faces": {
				"north": {"uv": [1, 4, 1.5, 4.5], "texture": "#3"},
				"east": {"uv": [4, 1, 4.5, 1.5], "texture": "#3"},
				"south": {"uv": [2, 4, 2.5, 4.5], "texture": "#3"},
				"west": {"uv": [4, 2, 4.5, 2.5], "texture": "#3"},
				"up": {"uv": [3.5, 4.5, 3, 4], "texture": "#3"},
				"down": {"uv": [4.5, 3, 4, 3.5], "texture": "#3"}
			}
		},
		{
			"from": [7.88328, 5.99457, 10.20672],
			"to": [8.3895, 6.53338, 10.64966],
			"rotation": {"angle": 45, "axis": "y", "origin": [9.35668, 6.32705, 10.42932]},
			"faces": {
				"north": {"uv": [4, 4, 4.5, 4.5], "texture": "#3"},
				"east": {"uv": [0, 5, 0.5, 5.5], "texture": "#3"},
				"south": {"uv": [5, 0, 5.5, 0.5], "texture": "#3"},
				"west": {"uv": [1, 5, 1.5, 5.5], "texture": "#3"},
				"up": {"uv": [5.5, 1.5, 5, 1], "texture": "#3"},
				"down": {"uv": [2.5, 5, 2, 5.5], "texture": "#3"}
			}
		},
		{
			"from": [8.26173, 5.99457, 9.07137],
			"to": [8.76795, 6.53338, 9.51431],
			"rotation": {"angle": 45, "axis": "y", "origin": [9.35668, 6.32705, 10.42932]},
			"faces": {
				"north": {"uv": [5, 2, 5.5, 2.5], "texture": "#3"},
				"east": {"uv": [3, 5, 3.5, 5.5], "texture": "#3"},
				"south": {"uv": [5, 3, 5.5, 3.5], "texture": "#3"},
				"west": {"uv": [4, 5, 4.5, 5.5], "texture": "#3"},
				"up": {"uv": [5.5, 4.5, 5, 4], "texture": "#3"},
				"down": {"uv": [5.5, 5, 5, 5.5], "texture": "#3"}
			}
		},
		{
			"from": [9.52323, 5.99457, 10.33287],
			"to": [10.02945, 6.53338, 10.77581],
			"rotation": {"angle": 45, "axis": "y", "origin": [9.35668, 6.32705, 10.42932]},
			"faces": {
				"north": {"uv": [0, 6, 0.5, 6.5], "texture": "#3"},
				"east": {"uv": [6, 0, 6.5, 0.5], "texture": "#3"},
				"south": {"uv": [1, 6, 1.5, 6.5], "texture": "#3"},
				"west": {"uv": [6, 1, 6.5, 1.5], "texture": "#3"},
				"up": {"uv": [2.5, 6.5, 2, 6], "texture": "#3"},
				"down": {"uv": [6.5, 2, 6, 2.5], "texture": "#3"}
			}
		},
		{
			"from": [7.63098, 5.99457, 9.57597],
			"to": [8.1372, 6.53338, 10.01891],
			"rotation": {"angle": 45, "axis": "y", "origin": [9.35668, 6.32705, 10.42932]},
			"faces": {
				"north": {"uv": [3, 6, 3.5, 6.5], "texture": "#3"},
				"east": {"uv": [6, 3, 6.5, 3.5], "texture": "#3"},
				"south": {"uv": [4, 6, 4.5, 6.5], "texture": "#3"},
				"west": {"uv": [6, 4, 6.5, 4.5], "texture": "#3"},
				"up": {"uv": [5.5, 6.5, 5, 6], "texture": "#3"},
				"down": {"uv": [6.5, 5, 6, 5.5], "texture": "#3"}
			}
		},
		{
			"from": [10.47216, 5.99457, 10.93567],
			"to": [10.97837, 6.53338, 11.37861],
			"rotation": {"angle": 22.5, "axis": "y", "origin": [9.35668, 6.32705, 10.42932]},
			"faces": {
				"north": {"uv": [6, 6, 6.5, 6.5], "texture": "#3"},
				"east": {"uv": [0, 7, 0.5, 7.5], "texture": "#3"},
				"south": {"uv": [7, 0, 7.5, 0.5], "texture": "#3"},
				"west": {"uv": [1, 7, 1.5, 7.5], "texture": "#3"},
				"up": {"uv": [7.5, 1.5, 7, 1], "texture": "#3"},
				"down": {"uv": [2.5, 7, 2, 7.5], "texture": "#3"}
			}
		},
		{
			"from": [8.35447, 6.12072, 10.25665],
			"to": [8.7974, 6.65953, 10.76286],
			"rotation": {"angle": 0, "axis": "y", "origin": [9.35668, 6.32705, 10.42932]},
			"faces": {
				"north": {"uv": [7, 2, 7.5, 2.5], "texture": "#3"},
				"east": {"uv": [3, 7, 3.5, 7.5], "texture": "#3"},
				"south": {"uv": [7, 3, 7.5, 3.5], "texture": "#3"},
				"west": {"uv": [4, 7, 4.5, 7.5], "texture": "#3"},
				"up": {"uv": [7.5, 4.5, 7, 4], "texture": "#3"},
				"down": {"uv": [5.5, 7, 5, 7.5], "texture": "#3"}
			}
		},
		{
			"from": [5.47836, 5.99457, 10.80952],
			"to": [5.98457, 6.53338, 11.25246],
			"rotation": {"angle": -45, "axis": "y", "origin": [5.87668, 6.32705, 10.42932]},
			"faces": {
				"north": {"uv": [7, 5, 7.5, 5.5], "texture": "#3"},
				"east": {"uv": [6, 7, 6.5, 7.5], "texture": "#3"},
				"south": {"uv": [7, 6, 7.5, 6.5], "texture": "#3"},
				"west": {"uv": [7, 7, 7.5, 7.5], "texture": "#3"},
				"up": {"uv": [0.5, 8.5, 0, 8], "texture": "#3"},
				"down": {"uv": [8.5, 0, 8, 0.5], "texture": "#3"}
			}
		},
		{
			"from": [6.36141, 5.99457, 9.54802],
			"to": [6.86762, 6.53338, 9.99096],
			"rotation": {"angle": -45, "axis": "y", "origin": [5.87668, 6.32705, 10.42932]},
			"faces": {
				"north": {"uv": [1, 8, 1.5, 8.5], "texture": "#3"},
				"east": {"uv": [8, 1, 8.5, 1.5], "texture": "#3"},
				"south": {"uv": [2, 8, 2.5, 8.5], "texture": "#3"},
				"west": {"uv": [8, 2, 8.5, 2.5], "texture": "#3"},
				"up": {"uv": [3.5, 8.5, 3, 8], "texture": "#3"},
				"down": {"uv": [8.5, 3, 8, 3.5], "texture": "#3"}
			}
		},
		{
			"from": [6.12575, 5.99457, 9.8753],
			"to": [6.56869, 6.53338, 10.38151],
			"rotation": {"angle": 22.5, "axis": "y", "origin": [5.87668, 6.32705, 10.42932]},
			"faces": {
				"north": {"uv": [4, 8, 4.5, 8.5], "texture": "#3"},
				"east": {"uv": [8, 4, 8.5, 4.5], "texture": "#3"},
				"south": {"uv": [5, 8, 5.5, 8.5], "texture": "#3"},
				"west": {"uv": [8, 5, 8.5, 5.5], "texture": "#3"},
				"up": {"uv": [6.5, 8.5, 6, 8], "texture": "#3"},
				"down": {"uv": [8.5, 6, 8, 6.5], "texture": "#3"}
			}
		},
		{
			"from": [6.9422, 5.99457, 11.15522],
			"to": [7.44842, 6.53338, 11.59816],
			"rotation": {"angle": 0, "axis": "y", "origin": [5.87668, 6.32705, 10.42932]},
			"faces": {
				"north": {"uv": [7, 8, 7.5, 8.5], "texture": "#3"},
				"east": {"uv": [8, 7, 8.5, 7.5], "texture": "#3"},
				"south": {"uv": [8, 8, 8.5, 8.5], "texture": "#3"},
				"west": {"uv": [0, 9, 0.5, 9.5], "texture": "#3"},
				"up": {"uv": [9.5, 0.5, 9, 0], "texture": "#3"},
				"down": {"uv": [1.5, 9, 1, 9.5], "texture": "#3"}
			}
		},
		{
			"from": [4.40328, 5.99457, 10.20672],
			"to": [4.9095, 6.53338, 10.64966],
			"rotation": {"angle": -22.5, "axis": "y", "origin": [5.87668, 6.32705, 10.42932]},
			"faces": {
				"north": {"uv": [9, 1, 9.5, 1.5], "texture": "#3"},
				"east": {"uv": [2, 9, 2.5, 9.5], "texture": "#3"},
				"south": {"uv": [9, 2, 9.5, 2.5], "texture": "#3"},
				"west": {"uv": [3, 9, 3.5, 9.5], "texture": "#3"},
				"up": {"uv": [9.5, 3.5, 9, 3], "texture": "#3"},
				"down": {"uv": [4.5, 9, 4, 9.5], "texture": "#3"}
			}
		},
		{
			"from": [4.78173, 5.99457, 9.07137],
			"to": [5.28795, 6.53338, 9.51431],
			"rotation": {"angle": -22.5, "axis": "y", "origin": [5.87668, 6.32705, 10.42932]},
			"faces": {
				"north": {"uv": [9, 4, 9.5, 4.5], "texture": "#3"},
				"east": {"uv": [5, 9, 5.5, 9.5], "texture": "#3"},
				"south": {"uv": [9, 5, 9.5, 5.5], "texture": "#3"},
				"west": {"uv": [6, 9, 6.5, 9.5], "texture": "#3"},
				"up": {"uv": [9.5, 6.5, 9, 6], "texture": "#3"},
				"down": {"uv": [7.5, 9, 7, 9.5], "texture": "#3"}
			}
		},
		{
			"from": [6.04323, 5.99457, 10.33287],
			"to": [6.54945, 6.53338, 10.77581],
			"rotation": {"angle": -22.5, "axis": "y", "origin": [5.87668, 6.32705, 10.42932]},
			"faces": {
				"north": {"uv": [9, 7, 9.5, 7.5], "texture": "#3"},
				"east": {"uv": [8, 9, 8.5, 9.5], "texture": "#3"},
				"south": {"uv": [9, 8, 9.5, 8.5], "texture": "#3"},
				"west": {"uv": [9, 9, 9.5, 9.5], "texture": "#3"},
				"up": {"uv": [0.5, 10.5, 0, 10], "texture": "#3"},
				"down": {"uv": [10.5, 0, 10, 0.5], "texture": "#3"}
			}
		},
		{
			"from": [4.15098, 5.99457, 9.57597],
			"to": [4.6572, 6.53338, 10.01891],
			"rotation": {"angle": -22.5, "axis": "y", "origin": [5.87668, 6.32705, 10.42932]},
			"faces": {
				"north": {"uv": [1, 10, 1.5, 10.5], "texture": "#3"},
				"east": {"uv": [10, 1, 10.5, 1.5], "texture": "#3"},
				"south": {"uv": [2, 10, 2.5, 10.5], "texture": "#3"},
				"west": {"uv": [10, 2, 10.5, 2.5], "texture": "#3"},
				"up": {"uv": [3.5, 10.5, 3, 10], "texture": "#3"},
				"down": {"uv": [10.5, 3, 10, 3.5], "texture": "#3"}
			}
		},
		{
			"from": [6.99216, 5.99457, 10.93567],
			"to": [7.49837, 6.53338, 11.37861],
			"rotation": {"angle": -45, "axis": "y", "origin": [5.87668, 6.32705, 10.42932]},
			"faces": {
				"north": {"uv": [4, 10, 4.5, 10.5], "texture": "#3"},
				"east": {"uv": [10, 4, 10.5, 4.5], "texture": "#3"},
				"south": {"uv": [5, 10, 5.5, 10.5], "texture": "#3"},
				"west": {"uv": [10, 5, 10.5, 5.5], "texture": "#3"},
				"up": {"uv": [6.5, 10.5, 6, 10], "texture": "#3"},
				"down": {"uv": [10.5, 6, 10, 6.5], "texture": "#3"}
			}
		},
		{
			"from": [5.54314, 6.12072, 9.42711],
			"to": [6.04935, 6.65953, 9.87005],
			"rotation": {"angle": 22.5, "axis": "y", "origin": [5.87668, 6.32705, 10.42932]},
			"faces": {
				"north": {"uv": [7, 10, 7.5, 10.5], "texture": "#3"},
				"east": {"uv": [10, 7, 10.5, 7.5], "texture": "#3"},
				"south": {"uv": [8, 10, 8.5, 10.5], "texture": "#3"},
				"west": {"uv": [10, 8, 10.5, 8.5], "texture": "#3"},
				"up": {"uv": [9.5, 10.5, 9, 10], "texture": "#3"},
				"down": {"uv": [10.5, 9, 10, 9.5], "texture": "#3"}
			}
		},
		{
			"from": [4.5, 4.5, 4.5],
			"to": [11.75, 6, 11.75],
			"faces": {
				"north": {"uv": [4, 0, 8, 1], "texture": "#1"},
				"east": {"uv": [4, 1, 8, 2], "texture": "#1"},
				"south": {"uv": [4, 2, 8, 3], "texture": "#1"},
				"west": {"uv": [4, 3, 8, 4], "texture": "#1"},
				"up": {"uv": [4, 4, 0, 0], "texture": "#1"},
				"down": {"uv": [4, 0, 0, 4], "texture": "#1"}
			}
		},
		{
			"from": [4.75, 4.5, 11.75],
			"to": [11.5, 6, 12.25],
			"faces": {
				"north": {"uv": [8, 0.5, 11.5, 1], "texture": "#1"},
				"east": {"uv": [4.5, 8, 5, 9], "texture": "#1"},
				"south": {"uv": [8, 0.5, 11.5, 1], "texture": "#1"},
				"west": {"uv": [4.5, 8, 5, 9], "texture": "#1"},
				"up": {"uv": [3.5, 8.5, 0, 8], "texture": "#1"},
				"down": {"uv": [11.5, 0.5, 8, 1], "texture": "#1"}
			}
		},
		{
			"from": [4.75, 4.5, 4],
			"to": [11.5, 6, 4.5],
			"faces": {
				"north": {"uv": [8, 0.5, 11.5, 1], "texture": "#1"},
				"east": {"uv": [4.5, 8, 5, 9], "texture": "#1"},
				"south": {"uv": [8, 0.5, 11.5, 1], "texture": "#1"},
				"west": {"uv": [4.5, 8, 5, 9], "texture": "#1"},
				"up": {"uv": [11.5, 1, 8, 0.5], "texture": "#1"},
				"down": {"uv": [11.5, 0.5, 8, 1], "texture": "#1"}
			}
		},
		{
			"from": [3.75, 4.5, 4.75],
			"to": [4.5, 6, 11.5],
			"faces": {
				"north": {"uv": [3.5, 8, 4, 9], "texture": "#1"},
				"east": {"uv": [8, 0.5, 11.5, 1], "texture": "#1"},
				"south": {"uv": [3.5, 8, 4, 9], "texture": "#1"},
				"west": {"uv": [8, 0.5, 11.5, 1], "texture": "#1"},
				"up": {"uv": [4, 11.5, 3.5, 8], "texture": "#1"},
				"down": {"uv": [4, 8, 3.5, 11.5], "texture": "#1"}
			}
		},
		{
			"from": [11.75, 4.5, 4.75],
			"to": [12, 6, 11.5],
			"faces": {
				"north": {"uv": [4.5, 8, 5, 9], "texture": "#1"},
				"east": {"uv": [8, 0.5, 11.5, 1], "texture": "#1"},
				"south": {"uv": [4.5, 8, 5, 9], "texture": "#1"},
				"west": {"uv": [8, 0.5, 11.5, 1], "texture": "#1"},
				"up": {"uv": [5, 11.5, 4.5, 8], "texture": "#1"},
				"down": {"uv": [5, 8, 4.5, 11.5], "texture": "#1"}
			}
		},
		{
			"from": [4.23133, 0.59826, 5.28693],
			"to": [4.59009, 0.95013, 10.71307],
			"rotation": {"angle": 0, "axis": "y", "origin": [7.75, -3.08382, -14.51951]},
			"faces": {
				"north": {"uv": [9.75, 7.5, 9.875, 7.625], "texture": "#2"},
				"east": {"uv": [6.25, 6, 7.625, 6.125], "texture": "#2"},
				"south": {"uv": [7.75, 9.75, 7.875, 9.875], "texture": "#2"},
				"west": {"uv": [6.5, 0, 7.875, 0.125], "texture": "#2"},
				"up": {"uv": [4.125, 7.125, 4, 5.75], "texture": "#2"},
				"down": {"uv": [5.875, 6.5, 5.75, 7.875], "texture": "#2"}
			}
		},
		{
			"from": [10.67754, 0.83603, 4.80496],
			"to": [11.29348, 1.20197, 5.43841],
			"rotation": {"angle": 0, "axis": "y", "origin": [-3.96015, -3.28557, -3.71015]},
			"faces": {
				"north": {"uv": [9.75, 7.75, 9.875, 7.875], "texture": "#2"},
				"east": {"uv": [8, 9.75, 8.125, 9.875], "texture": "#2"},
				"south": {"uv": [9.75, 8, 9.875, 8.125], "texture": "#2"},
				"west": {"uv": [8.25, 9.75, 8.375, 9.875], "texture": "#2"},
				"up": {"uv": [9.875, 8.375, 9.75, 8.25], "texture": "#2"},
				"down": {"uv": [8.625, 9.75, 8.5, 9.875], "texture": "#2"}
			}
		},
		{
			"from": [10.67754, 0.83603, 10.56159],
			"to": [11.04348, 1.20197, 11.19504],
			"rotation": {"angle": 0, "axis": "y", "origin": [4.82246, -3.1026, 12.3913]},
			"faces": {
				"north": {"uv": [9.75, 8.5, 9.875, 8.625], "texture": "#2"},
				"east": {"uv": [8.75, 9.75, 8.875, 9.875], "texture": "#2"},
				"south": {"uv": [9.75, 8.75, 9.875, 8.875], "texture": "#2"},
				"west": {"uv": [9, 9.75, 9.125, 9.875], "texture": "#2"},
				"up": {"uv": [9.875, 9.125, 9.75, 9], "texture": "#2"},
				"down": {"uv": [9.375, 9.75, 9.25, 9.875], "texture": "#2"}
			}
		},
		{
			"from": [4.82246, 0.83603, 10.92754],
			"to": [5.18841, 1.20197, 11.56098],
			"rotation": {"angle": 0, "axis": "y", "origin": [4.82246, -3.1026, 12.3913]},
			"faces": {
				"north": {"uv": [9.75, 9.25, 9.875, 9.375], "texture": "#2"},
				"east": {"uv": [9.5, 9.75, 9.625, 9.875], "texture": "#2"},
				"south": {"uv": [9.75, 9.5, 9.875, 9.625], "texture": "#2"},
				"west": {"uv": [9.75, 9.75, 9.875, 9.875], "texture": "#2"},
				"up": {"uv": [0.125, 10.125, 0, 10], "texture": "#2"},
				"down": {"uv": [10.125, 0, 10, 0.125], "texture": "#2"}
			}
		},
		{
			"from": [4.45652, 0.83603, 10.56159],
			"to": [4.82246, 1.20197, 11.19504],
			"rotation": {"angle": 0, "axis": "y", "origin": [4.82246, -3.1026, 12.3913]},
			"faces": {
				"north": {"uv": [0.25, 10, 0.375, 10.125], "texture": "#2"},
				"east": {"uv": [10, 0.25, 10.125, 0.375], "texture": "#2"},
				"south": {"uv": [0.5, 10, 0.625, 10.125], "texture": "#2"},
				"west": {"uv": [10, 0.5, 10.125, 0.625], "texture": "#2"},
				"up": {"uv": [0.875, 10.125, 0.75, 10], "texture": "#2"},
				"down": {"uv": [10.125, 0.75, 10, 0.875], "texture": "#2"}
			}
		},
		{
			"from": [10.31159, 0.83603, 10.92754],
			"to": [10.67754, 1.20197, 11.56098],
			"rotation": {"angle": 0, "axis": "y", "origin": [4.82246, -3.1026, 12.3913]},
			"faces": {
				"north": {"uv": [1, 10, 1.125, 10.125], "texture": "#2"},
				"east": {"uv": [10, 1, 10.125, 1.125], "texture": "#2"},
				"south": {"uv": [1.25, 10, 1.375, 10.125], "texture": "#2"},
				"west": {"uv": [10, 1.25, 10.125, 1.375], "texture": "#2"},
				"up": {"uv": [1.625, 10.125, 1.5, 10], "texture": "#2"},
				"down": {"uv": [10.125, 1.5, 10, 1.625], "texture": "#2"}
			}
		},
		{
			"from": [4.82246, 0.83603, 4.43902],
			"to": [5.18841, 1.20197, 5.07246],
			"rotation": {"angle": 0, "axis": "y", "origin": [4.82246, -3.1026, 5.07246]},
			"faces": {
				"north": {"uv": [1.75, 10, 1.875, 10.125], "texture": "#2"},
				"east": {"uv": [10, 1.75, 10.125, 1.875], "texture": "#2"},
				"south": {"uv": [2, 10, 2.125, 10.125], "texture": "#2"},
				"west": {"uv": [10, 2, 10.125, 2.125], "texture": "#2"},
				"up": {"uv": [2.375, 10.125, 2.25, 10], "texture": "#2"},
				"down": {"uv": [10.125, 2.25, 10, 2.375], "texture": "#2"}
			}
		},
		{
			"from": [4.45652, 0.83603, 4.80496],
			"to": [4.82246, 1.20197, 5.43841],
			"rotation": {"angle": 0, "axis": "y", "origin": [4.82246, -3.1026, 5.07246]},
			"faces": {
				"north": {"uv": [2.5, 10, 2.625, 10.125], "texture": "#2"},
				"east": {"uv": [10, 2.5, 10.125, 2.625], "texture": "#2"},
				"south": {"uv": [2.75, 10, 2.875, 10.125], "texture": "#2"},
				"west": {"uv": [10, 2.75, 10.125, 2.875], "texture": "#2"},
				"up": {"uv": [3.125, 10.125, 3, 10], "texture": "#2"},
				"down": {"uv": [10.125, 3, 10, 3.125], "texture": "#2"}
			}
		},
		{
			"from": [10.31159, 0.83603, 4.43902],
			"to": [10.92754, 1.20197, 5.07246],
			"rotation": {"angle": 0, "axis": "y", "origin": [-3.96015, -3.28557, -3.71015]},
			"faces": {
				"north": {"uv": [3.25, 10, 3.375, 10.125], "texture": "#2"},
				"east": {"uv": [10, 3.25, 10.125, 3.375], "texture": "#2"},
				"south": {"uv": [3.5, 10, 3.625, 10.125], "texture": "#2"},
				"west": {"uv": [10, 3.5, 10.125, 3.625], "texture": "#2"},
				"up": {"uv": [3.875, 10.125, 3.75, 10], "texture": "#2"},
				"down": {"uv": [10.125, 3.75, 10, 3.875], "texture": "#2"}
			}
		},
		{
			"from": [5.18841, 0.83603, 4.34058],
			"to": [10.31159, 1.20197, 4.7137],
			"rotation": {"angle": 0, "axis": "y", "origin": [-3.96015, -3.28557, -3.71015]},
			"faces": {
				"north": {"uv": [7, 5.25, 8.25, 5.375], "texture": "#2"},
				"east": {"uv": [4, 10, 4.125, 10.125], "texture": "#2"},
				"south": {"uv": [7, 5.75, 8.25, 5.875], "texture": "#2"},
				"west": {"uv": [10, 4, 10.125, 4.125], "texture": "#2"},
				"up": {"uv": [8.25, 6.875, 7, 6.75], "texture": "#2"},
				"down": {"uv": [8.25, 7, 7, 7.125], "texture": "#2"}
			}
		},
		{
			"from": [5.18841, 0.83603, 11.2863],
			"to": [10.31159, 1.20197, 11.65942],
			"rotation": {"angle": 0, "axis": "y", "origin": [-3.96015, -3.28557, -3.71015]},
			"faces": {
				"north": {"uv": [0, 7.25, 1.25, 7.375], "texture": "#2"},
				"east": {"uv": [4.25, 10, 4.375, 10.125], "texture": "#2"},
				"south": {"uv": [7.25, 0.25, 8.5, 0.375], "texture": "#2"},
				"west": {"uv": [10, 4.25, 10.125, 4.375], "texture": "#2"},
				"up": {"uv": [8.5, 0.625, 7.25, 0.5], "texture": "#2"},
				"down": {"uv": [8.5, 0.75, 7.25, 0.875], "texture": "#2"}
			}
		},
		{
			"from": [11.0363, 0.83603, 5.17091],
			"to": [11.40942, 1.20197, 10.82909],
			"rotation": {"angle": 0, "axis": "y", "origin": [7.75, -3.1026, -15.42029]},
			"faces": {
				"north": {"uv": [4.5, 10, 4.625, 10.125], "texture": "#2"},
				"east": {"uv": [6.5, 1.25, 7.875, 1.375], "texture": "#2"},
				"south": {"uv": [10, 4.5, 10.125, 4.625], "texture": "#2"},
				"west": {"uv": [6.5, 1.5, 7.875, 1.625], "texture": "#2"},
				"up": {"uv": [6.125, 7.875, 6, 6.5], "texture": "#2"},
				"down": {"uv": [6.375, 6.5, 6.25, 7.875], "texture": "#2"}
			}
		},
		{
			"from": [4.09058, 0.83603, 5.17091],
			"to": [4.4637, 1.20197, 10.82909],
			"rotation": {"angle": 0, "axis": "y", "origin": [7.75, -3.1026, -15.42029]},
			"faces": {
				"north": {"uv": [4.75, 10, 4.875, 10.125], "texture": "#2"},
				"east": {"uv": [6.5, 1.75, 7.875, 1.875], "texture": "#2"},
				"south": {"uv": [10, 4.75, 10.125, 4.875], "texture": "#2"},
				"west": {"uv": [6.5, 4.5, 7.875, 4.625], "texture": "#2"},
				"up": {"uv": [6.625, 7.625, 6.5, 6.25], "texture": "#2"},
				"down": {"uv": [5.375, 6.75, 5.25, 8.125], "texture": "#2"}
			}
		},
		{
			"from": [11.54228, 5.02229, 3.86775],
			"to": [12.01631, 6.45289, 4.68176],
			"rotation": {"angle": 0, "axis": "y", "origin": [-7.4191, -4.04044, -7.1691]},
			"faces": {
				"north": {"uv": [3.25, 9, 3.375, 9.375], "texture": "#2"},
				"east": {"uv": [5, 8.5, 5.25, 8.875], "texture": "#2"},
				"south": {"uv": [3.5, 9, 3.625, 9.375], "texture": "#2"},
				"west": {"uv": [6, 8.5, 6.25, 8.875], "texture": "#2"},
				"up": {"uv": [9.125, 5.25, 9, 5], "texture": "#2"},
				"down": {"uv": [9.125, 6, 9, 6.25], "texture": "#2"}
			}
		},
		{
			"from": [11.54228, 5.02229, 11.31824],
			"to": [12.01631, 6.45289, 12.13225],
			"rotation": {"angle": 0, "axis": "y", "origin": [3.95772, -3.80342, 13.68841]},
			"faces": {
				"north": {"uv": [9, 3.5, 9.125, 3.875], "texture": "#2"},
				"east": {"uv": [6.25, 8.5, 6.5, 8.875], "texture": "#2"},
				"south": {"uv": [3.75, 9, 3.875, 9.375], "texture": "#2"},
				"west": {"uv": [6.75, 8.5, 7, 8.875], "texture": "#2"},
				"up": {"uv": [9.375, 5.25, 9.25, 5], "texture": "#2"},
				"down": {"uv": [9.375, 6, 9.25, 6.25], "texture": "#2"}
			}
		},
		{
			"from": [3.95772, 5.02229, 11.79228],
			"to": [4.43176, 6.45289, 12.60629],
			"rotation": {"angle": 0, "axis": "y", "origin": [3.95772, -3.80342, 13.68841]},
			"faces": {
				"north": {"uv": [9, 4, 9.125, 4.375], "texture": "#2"},
				"east": {"uv": [8.5, 6.75, 8.75, 7.125], "texture": "#2"},
				"south": {"uv": [5, 9, 5.125, 9.375], "texture": "#2"},
				"west": {"uv": [7, 8.5, 7.25, 8.875], "texture": "#2"},
				"up": {"uv": [6.375, 9.75, 6.25, 9.5], "texture": "#2"},
				"down": {"uv": [6.625, 9.5, 6.5, 9.75], "texture": "#2"}
			}
		},
		{
			"from": [3.48369, 5.02229, 11.31824],
			"to": [3.95772, 6.45289, 12.13225],
			"rotation": {"angle": 0, "axis": "y", "origin": [3.95772, -3.80342, 13.68841]},
			"faces": {
				"north": {"uv": [5.25, 9, 5.375, 9.375], "texture": "#2"},
				"east": {"uv": [7.25, 8.5, 7.5, 8.875], "texture": "#2"},
				"south": {"uv": [5.5, 9, 5.625, 9.375], "texture": "#2"},
				"west": {"uv": [8.5, 7.25, 8.75, 7.625], "texture": "#2"},
				"up": {"uv": [9.625, 6.75, 9.5, 6.5], "texture": "#2"},
				"down": {"uv": [6.875, 9.5, 6.75, 9.75], "texture": "#2"}
			}
		},
		{
			"from": [11.06824, 5.02229, 11.79228],
			"to": [11.54228, 6.45289, 12.60629],
			"rotation": {"angle": 0, "axis": "y", "origin": [3.95772, -3.80342, 13.68841]},
			"faces": {
				"north": {"uv": [6, 9, 6.125, 9.375], "texture": "#2"},
				"east": {"uv": [7.5, 8.5, 7.75, 8.875], "texture": "#2"},
				"south": {"uv": [6.25, 9, 6.375, 9.375], "texture": "#2"},
				"west": {"uv": [7.75, 8.5, 8, 8.875], "texture": "#2"},
				"up": {"uv": [9.625, 7, 9.5, 6.75], "texture": "#2"},
				"down": {"uv": [7.125, 9.5, 7, 9.75], "texture": "#2"}
			}
		},
		{
			"from": [3.95772, 5.02229, 3.39371],
			"to": [4.43176, 6.45289, 4.20772],
			"rotation": {"angle": 0, "axis": "y", "origin": [3.95772, -3.80342, 4.20772]},
			"faces": {
				"north": {"uv": [6.5, 9, 6.625, 9.375], "texture": "#2"},
				"east": {"uv": [8.5, 8.25, 8.75, 8.625], "texture": "#2"},
				"south": {"uv": [6.75, 9, 6.875, 9.375], "texture": "#2"},
				"west": {"uv": [0, 8.75, 0.25, 9.125], "texture": "#2"},
				"up": {"uv": [9.625, 7.25, 9.5, 7], "texture": "#2"},
				"down": {"uv": [7.375, 9.5, 7.25, 9.75], "texture": "#2"}
			}
		},
		{
			"from": [3.48369, 5.02229, 3.86775],
			"to": [3.95772, 6.45289, 4.68176],
			"rotation": {"angle": 0, "axis": "y", "origin": [3.95772, -3.80342, 4.20772]},
			"faces": {
				"north": {"uv": [7, 9, 7.125, 9.375], "texture": "#2"},
				"east": {"uv": [0.25, 8.75, 0.5, 9.125], "texture": "#2"},
				"south": {"uv": [7.25, 9, 7.375, 9.375], "texture": "#2"},
				"west": {"uv": [0.5, 8.75, 0.75, 9.125], "texture": "#2"},
				"up": {"uv": [9.625, 7.5, 9.5, 7.25], "texture": "#2"},
				"down": {"uv": [7.625, 9.5, 7.5, 9.75], "texture": "#2"}
			}
		},
		{
			"from": [11.06824, 5.02229, 3.39371],
			"to": [11.54228, 6.45289, 4.20772],
			"rotation": {"angle": 0, "axis": "y", "origin": [-7.4191, -4.04044, -7.1691]},
			"faces": {
				"north": {"uv": [7.5, 9, 7.625, 9.375], "texture": "#2"},
				"east": {"uv": [0.75, 8.75, 1, 9.125], "texture": "#2"},
				"south": {"uv": [7.75, 9, 7.875, 9.375], "texture": "#2"},
				"west": {"uv": [1, 8.75, 1.25, 9.125], "texture": "#2"},
				"up": {"uv": [9.625, 7.75, 9.5, 7.5], "texture": "#2"},
				"down": {"uv": [7.875, 9.5, 7.75, 9.75], "texture": "#2"}
			}
		},
		{
			"from": [4.43176, 5.02229, 3.25966],
			"to": [11.06824, 6.45289, 3.74298],
			"rotation": {"angle": 0, "axis": "y", "origin": [-7.4191, -4.04044, -7.1691]},
			"faces": {
				"north": {"uv": [2.125, 3, 3.75, 3.375], "texture": "#2"},
				"east": {"uv": [9, 8, 9.125, 8.375], "texture": "#2"},
				"south": {"uv": [3.25, 1.5, 4.875, 1.875], "texture": "#2"},
				"west": {"uv": [9, 8.5, 9.125, 8.875], "texture": "#2"},
				"up": {"uv": [6.875, 2.125, 5.25, 2], "texture": "#2"},
				"down": {"uv": [6.875, 2.25, 5.25, 2.375], "texture": "#2"}
			}
		},
		{
			"from": [4.43176, 5.02229, 12.25702],
			"to": [11.06824, 6.45289, 12.74034],
			"rotation": {"angle": 0, "axis": "y", "origin": [-7.4191, -4.04044, -7.1691]},
			"faces": {
				"north": {"uv": [0, 3.5, 1.625, 3.875], "texture": "#2"},
				"east": {"uv": [9, 9, 9.125, 9.375], "texture": "#2"},
				"south": {"uv": [2.125, 3, 3.75, 3.375], "texture": "#2"},
				"west": {"uv": [0, 9.25, 0.125, 9.625], "texture": "#2"},
				"up": {"uv": [6.875, 2.625, 5.25, 2.5], "texture": "#2"},
				"down": {"uv": [6.875, 2.75, 5.25, 2.875], "texture": "#2"}
			}
		},
		{
			"from": [12.00702, 5.02229, 4.34178],
			"to": [12.49034, 6.45289, 11.65822],
			"rotation": {"angle": 0, "axis": "y", "origin": [7.75, -3.80342, -22.3382]},
			"faces": {
				"north": {"uv": [9.25, 0, 9.375, 0.375], "texture": "#2"},
				"east": {"uv": [1.5, 2, 3.375, 2.375], "texture": "#2"},
				"south": {"uv": [0.25, 9.25, 0.375, 9.625], "texture": "#2"},
				"west": {"uv": [1.5, 2.5, 3.375, 2.875], "texture": "#2"},
				"up": {"uv": [5.125, 6.875, 5, 5], "texture": "#2"},
				"down": {"uv": [0.125, 5.25, 0, 7.125], "texture": "#2"}
			}
		},
		{
			"from": [3.00966, 5.02229, 4.34178],
			"to": [3.49298, 6.45289, 11.65822],
			"rotation": {"angle": 0, "axis": "y", "origin": [7.75, -3.80342, -22.3382]},
			"faces": {
				"north": {"uv": [0.5, 9.25, 0.625, 9.625], "texture": "#2"},
				"east": {"uv": [0, 3, 1.875, 3.375], "texture": "#2"},
				"south": {"uv": [9.25, 0.5, 9.375, 0.875], "texture": "#2"},
				"west": {"uv": [3.25, 1, 4.875, 1.375], "texture": "#2"},
				"up": {"uv": [0.375, 7.125, 0.25, 5.25], "texture": "#2"},
				"down": {"uv": [0.625, 5.25, 0.5, 7.125], "texture": "#2"}
			}
		},
		{
			"from": [11.3699, 3.82098, 4.05558],
			"to": [11.82239, 5.74588, 4.83259],
			"rotation": {"angle": 0, "axis": "y", "origin": [-6.7296, -3.88224, -6.4796]},
			"faces": {
				"north": {"uv": [4.75, 8.75, 4.875, 9.25], "texture": "#2"},
				"east": {"uv": [6, 8, 6.25, 8.5], "texture": "#2"},
				"south": {"uv": [8, 8.75, 8.125, 9.25], "texture": "#2"},
				"west": {"uv": [6.25, 8, 6.5, 8.5], "texture": "#2"},
				"up": {"uv": [9.625, 8, 9.5, 7.75], "texture": "#2"},
				"down": {"uv": [9.625, 8, 9.5, 8.25], "texture": "#2"}
			}
		},
		{
			"from": [11.3699, 3.82098, 11.16741],
			"to": [11.82239, 5.21088, 11.94442],
			"rotation": {"angle": 0, "axis": "y", "origin": [4.1301, -3.65599, 13.42985]},
			"faces": {
				"north": {"uv": [0.75, 9.25, 0.875, 9.625], "texture": "#2"},
				"east": {"uv": [1.25, 8.75, 1.5, 9.125], "texture": "#2"},
				"south": {"uv": [1, 9.25, 1.125, 9.625], "texture": "#2"},
				"west": {"uv": [2, 8.75, 2.25, 9.125], "texture": "#2"},
				"up": {"uv": [9.625, 8.5, 9.5, 8.25], "texture": "#2"},
				"down": {"uv": [9.625, 8.5, 9.5, 8.75], "texture": "#2"}
			}
		},
		{
			"from": [4.1301, 3.82098, 11.6199],
			"to": [4.58259, 5.21088, 12.39691],
			"rotation": {"angle": 0, "axis": "y", "origin": [4.1301, -3.65599, 13.42985]},
			"faces": {
				"north": {"uv": [9.25, 1, 9.375, 1.375], "texture": "#2"},
				"east": {"uv": [2.25, 8.75, 2.5, 9.125], "texture": "#2"},
				"south": {"uv": [1.25, 9.25, 1.375, 9.625], "texture": "#2"},
				"west": {"uv": [8.75, 2.25, 9, 2.625], "texture": "#2"},
				"up": {"uv": [9.625, 9, 9.5, 8.75], "texture": "#2"},
				"down": {"uv": [9.125, 9.5, 9, 9.75], "texture": "#2"}
			}
		},
		{
			"from": [3.67761, 3.82098, 11.16741],
			"to": [4.1301, 5.21088, 11.94442],
			"rotation": {"angle": 0, "axis": "y", "origin": [4.1301, -3.65599, 13.42985]},
			"faces": {
				"north": {"uv": [9.25, 1.5, 9.375, 1.875], "texture": "#2"},
				"east": {"uv": [8.75, 3.75, 9, 4.125], "texture": "#2"},
				"south": {"uv": [2, 9.25, 2.125, 9.625], "texture": "#2"},
				"west": {"uv": [4, 8.75, 4.25, 9.125], "texture": "#2"},
				"up": {"uv": [9.625, 9.25, 9.5, 9], "texture": "#2"},
				"down": {"uv": [9.625, 9.25, 9.5, 9.5], "texture": "#2"}
			}
		},
		{
			"from": [10.91741, 3.82098, 11.6199],
			"to": [11.3699, 5.21088, 12.39691],
			"rotation": {"angle": 0, "axis": "y", "origin": [4.1301, -3.65599, 13.42985]},
			"faces": {
				"north": {"uv": [9.25, 2, 9.375, 2.375], "texture": "#2"},
				"east": {"uv": [4.25, 8.75, 4.5, 9.125], "texture": "#2"},
				"south": {"uv": [2.25, 9.25, 2.375, 9.625], "texture": "#2"},
				"west": {"uv": [4.5, 8.75, 4.75, 9.125], "texture": "#2"},
				"up": {"uv": [9.625, 9.75, 9.5, 9.5], "texture": "#2"},
				"down": {"uv": [0.125, 9.75, 0, 10], "texture": "#2"}
			}
		},
		{
			"from": [4.1301, 3.82098, 3.60309],
			"to": [4.58259, 5.74588, 4.3801],
			"rotation": {"angle": 0, "axis": "y", "origin": [4.1301, -3.65599, 4.3801]},
			"faces": {
				"north": {"uv": [8.25, 8.75, 8.375, 9.25], "texture": "#2"},
				"east": {"uv": [5.25, 8.25, 5.5, 8.75], "texture": "#2"},
				"south": {"uv": [8.75, 8.25, 8.875, 8.75], "texture": "#2"},
				"west": {"uv": [5.5, 8.25, 5.75, 8.75], "texture": "#2"},
				"up": {"uv": [9.875, 0.25, 9.75, 0], "texture": "#2"},
				"down": {"uv": [0.375, 9.75, 0.25, 10], "texture": "#2"}
			}
		},
		{
			"from": [3.67761, 3.82098, 4.05558],
			"to": [4.1301, 5.74588, 4.83259],
			"rotation": {"angle": 0, "axis": "y", "origin": [4.1301, -3.65599, 4.3801]},
			"faces": {
				"north": {"uv": [8.5, 8.75, 8.625, 9.25], "texture": "#2"},
				"east": {"uv": [8.25, 6.75, 8.5, 7.25], "texture": "#2"},
				"south": {"uv": [8.75, 8.75, 8.875, 9.25], "texture": "#2"},
				"west": {"uv": [8.25, 7.25, 8.5, 7.75], "texture": "#2"},
				"up": {"uv": [9.875, 0.5, 9.75, 0.25], "texture": "#2"},
				"down": {"uv": [0.625, 9.75, 0.5, 10], "texture": "#2"}
			}
		},
		{
			"from": [10.91741, 3.82098, 3.60309],
			"to": [11.3699, 5.74588, 4.3801],
			"rotation": {"angle": 0, "axis": "y", "origin": [-6.7296, -3.88224, -6.4796]},
			"faces": {
				"north": {"uv": [9, 0.25, 9.125, 0.75], "texture": "#2"},
				"east": {"uv": [8, 8.25, 8.25, 8.75], "texture": "#2"},
				"south": {"uv": [9, 0.75, 9.125, 1.25], "texture": "#2"},
				"west": {"uv": [8.25, 8.25, 8.5, 8.75], "texture": "#2"},
				"up": {"uv": [9.875, 0.75, 9.75, 0.5], "texture": "#2"},
				"down": {"uv": [0.875, 9.75, 0.75, 10], "texture": "#2"}
			}
		},
		{
			"from": [4.58259, 3.82098, 3.47513],
			"to": [10.91741, 5.74588, 3.93649],
			"rotation": {"angle": 0, "axis": "y", "origin": [-6.7296, -3.88224, -6.4796]},
			"faces": {
				"north": {"uv": [1.5, 1, 3.125, 1.5], "texture": "#2"},
				"east": {"uv": [1.5, 9, 1.625, 9.5], "texture": "#2"},
				"south": {"uv": [1.5, 1.5, 3.125, 2], "texture": "#2"},
				"west": {"uv": [1.75, 9, 1.875, 9.5], "texture": "#2"},
				"up": {"uv": [6.875, 3.625, 5.25, 3.5], "texture": "#2"},
				"down": {"uv": [6.875, 3.75, 5.25, 3.875], "texture": "#2"}
			}
		},
		{
			"from": [4.58259, 3.82098, 12.06351],
			"to": [10.91741, 5.21088, 12.52487],
			"rotation": {"angle": 0, "axis": "y", "origin": [-6.7296, -3.88224, -6.4796]},
			"faces": {
				"north": {"uv": [3.5, 2, 5.125, 2.375], "texture": "#2"},
				"east": {"uv": [9.25, 2.5, 9.375, 2.875], "texture": "#2"},
				"south": {"uv": [1.5, 1.125, 3.125, 1.5], "texture": "#2"},
				"west": {"uv": [2.75, 9.25, 2.875, 9.625], "texture": "#2"},
				"up": {"uv": [6.875, 5.125, 5.25, 5], "texture": "#2"},
				"down": {"uv": [6.875, 5.25, 5.25, 5.375], "texture": "#2"}
			}
		},
		{
			"from": [11.81351, 3.82098, 4.50807],
			"to": [12.27487, 5.74588, 11.49193],
			"rotation": {"angle": 0, "axis": "y", "origin": [7.75, -3.65599, -20.95919]},
			"faces": {
				"north": {"uv": [9, 2, 9.125, 2.5], "texture": "#2"},
				"east": {"uv": [1.5, 0, 3.25, 0.5], "texture": "#2"},
				"south": {"uv": [2.5, 9, 2.625, 9.5], "texture": "#2"},
				"west": {"uv": [1.5, 0.5, 3.25, 1], "texture": "#2"},
				"up": {"uv": [0.875, 7, 0.75, 5.25], "texture": "#2"},
				"down": {"uv": [1.125, 5.25, 1, 7], "texture": "#2"}
			}
		},
		{
			"from": [3.22513, 3.82098, 4.50807],
			"to": [3.68649, 5.21088, 11.49193],
			"rotation": {"angle": 0, "axis": "y", "origin": [7.75, -3.65599, -20.95919]},
			"faces": {
				"north": {"uv": [3, 9.25, 3.125, 9.625], "texture": "#2"},
				"east": {"uv": [3.25, 0, 5, 0.375], "texture": "#2"},
				"south": {"uv": [9.25, 3.5, 9.375, 3.875], "texture": "#2"},
				"west": {"uv": [3.25, 0.5, 5, 0.875], "texture": "#2"},
				"up": {"uv": [1.375, 7, 1.25, 5.25], "texture": "#2"},
				"down": {"uv": [1.625, 5.25, 1.5, 7], "texture": "#2"}
			}
		},
		{
			"from": [11.19752, 2.61967, 4.24341],
			"to": [11.62846, 3.96886, 4.98342],
			"rotation": {"angle": 0, "axis": "y", "origin": [-6.04009, -3.72404, -5.79009]},
			"faces": {
				"north": {"uv": [4, 9.25, 4.125, 9.625], "texture": "#2"},
				"east": {"uv": [9.25, 4, 9.375, 4.375], "texture": "#2"},
				"south": {"uv": [4.25, 9.25, 4.375, 9.625], "texture": "#2"},
				"west": {"uv": [4.5, 9.25, 4.625, 9.625], "texture": "#2"},
				"up": {"uv": [5.125, 10.125, 5, 10], "texture": "#2"},
				"down": {"uv": [10.125, 5, 10, 5.125], "texture": "#2"}
			}
		},
		{
			"from": [11.19752, 2.61967, 11.01658],
			"to": [11.62846, 3.96886, 11.75659],
			"rotation": {"angle": 0, "axis": "y", "origin": [4.30248, -3.50857, 13.17128]},
			"faces": {
				"north": {"uv": [9.25, 4.5, 9.375, 4.875], "texture": "#2"},
				"east": {"uv": [4.75, 9.25, 4.875, 9.625], "texture": "#2"},
				"south": {"uv": [5.75, 9.25, 5.875, 9.625], "texture": "#2"},
				"west": {"uv": [9.25, 6.75, 9.375, 7.125], "texture": "#2"},
				"up": {"uv": [5.375, 10.125, 5.25, 10], "texture": "#2"},
				"down": {"uv": [10.125, 5.25, 10, 5.375], "texture": "#2"}
			}
		},
		{
			"from": [4.30248, 2.61967, 11.44752],
			"to": [4.73342, 3.96886, 12.18753],
			"rotation": {"angle": 0, "axis": "y", "origin": [4.30248, -3.50857, 13.17128]},
			"faces": {
				"north": {"uv": [9.25, 7.25, 9.375, 7.625], "texture": "#2"},
				"east": {"uv": [9.25, 7.75, 9.375, 8.125], "texture": "#2"},
				"south": {"uv": [8, 9.25, 8.125, 9.625], "texture": "#2"},
				"west": {"uv": [8.25, 9.25, 8.375, 9.625], "texture": "#2"},
				"up": {"uv": [5.625, 10.125, 5.5, 10], "texture": "#2"},
				"down": {"uv": [10.125, 5.5, 10, 5.625], "texture": "#2"}
			}
		},
		{
			"from": [3.87154, 2.61967, 11.01658],
			"to": [4.30248, 3.96886, 11.75659],
			"rotation": {"angle": 0, "axis": "y", "origin": [4.30248, -3.50857, 13.17128]},
			"faces": {
				"north": {"uv": [9.25, 8.25, 9.375, 8.625], "texture": "#2"},
				"east": {"uv": [8.5, 9.25, 8.625, 9.625], "texture": "#2"},
				"south": {"uv": [8.75, 9.25, 8.875, 9.625], "texture": "#2"},
				"west": {"uv": [9.25, 8.75, 9.375, 9.125], "texture": "#2"},
				"up": {"uv": [5.875, 10.125, 5.75, 10], "texture": "#2"},
				"down": {"uv": [10.125, 5.75, 10, 5.875], "texture": "#2"}
			}
		},
		{
			"from": [10.76658, 2.61967, 11.44752],
			"to": [11.19752, 3.96886, 12.18753],
			"rotation": {"angle": 0, "axis": "y", "origin": [4.30248, -3.50857, 13.17128]},
			"faces": {
				"north": {"uv": [9.25, 9.25, 9.375, 9.625], "texture": "#2"},
				"east": {"uv": [9.5, 0, 9.625, 0.375], "texture": "#2"},
				"south": {"uv": [9.5, 0.5, 9.625, 0.875], "texture": "#2"},
				"west": {"uv": [9.5, 1, 9.625, 1.375], "texture": "#2"},
				"up": {"uv": [6.125, 10.125, 6, 10], "texture": "#2"},
				"down": {"uv": [10.125, 6, 10, 6.125], "texture": "#2"}
			}
		},
		{
			"from": [4.30248, 2.61967, 3.81247],
			"to": [4.73342, 3.96886, 4.55248],
			"rotation": {"angle": 0, "axis": "y", "origin": [4.30248, -3.50857, 4.55248]},
			"faces": {
				"north": {"uv": [1.5, 9.5, 1.625, 9.875], "texture": "#2"},
				"east": {"uv": [9.5, 1.5, 9.625, 1.875], "texture": "#2"},
				"south": {"uv": [1.75, 9.5, 1.875, 9.875], "texture": "#2"},
				"west": {"uv": [9.5, 2, 9.625, 2.375], "texture": "#2"},
				"up": {"uv": [6.375, 10.125, 6.25, 10], "texture": "#2"},
				"down": {"uv": [10.125, 6.25, 10, 6.375], "texture": "#2"}
			}
		},
		{
			"from": [3.87154, 2.61967, 4.24341],
			"to": [4.30248, 3.96886, 4.98342],
			"rotation": {"angle": 0, "axis": "y", "origin": [4.30248, -3.50857, 4.55248]},
			"faces": {
				"north": {"uv": [2.5, 9.5, 2.625, 9.875], "texture": "#2"},
				"east": {"uv": [9.5, 2.5, 9.625, 2.875], "texture": "#2"},
				"south": {"uv": [9.5, 3, 9.625, 3.375], "texture": "#2"},
				"west": {"uv": [3.25, 9.5, 3.375, 9.875], "texture": "#2"},
				"up": {"uv": [6.625, 10.125, 6.5, 10], "texture": "#2"},
				"down": {"uv": [10.125, 6.5, 10, 6.625], "texture": "#2"}
			}
		},
		{
			"from": [10.76658, 2.61967, 3.81247],
			"to": [11.19752, 3.96886, 4.55248],
			"rotation": {"angle": 0, "axis": "y", "origin": [-6.04009, -3.72404, -5.79009]},
			"faces": {
				"north": {"uv": [3.5, 9.5, 3.625, 9.875], "texture": "#2"},
				"east": {"uv": [9.5, 3.5, 9.625, 3.875], "texture": "#2"},
				"south": {"uv": [3.75, 9.5, 3.875, 9.875], "texture": "#2"},
				"west": {"uv": [9.5, 4, 9.625, 4.375], "texture": "#2"},
				"up": {"uv": [6.875, 10.125, 6.75, 10], "texture": "#2"},
				"down": {"uv": [10.125, 6.75, 10, 6.875], "texture": "#2"}
			}
		},
		{
			"from": [4.73342, 2.61967, 3.6906],
			"to": [10.76658, 3.96886, 4.12999],
			"rotation": {"angle": 0, "axis": "y", "origin": [-6.04009, -3.72404, -5.79009]},
			"faces": {
				"north": {"uv": [3.5, 4, 5, 4.375], "texture": "#2"},
				"east": {"uv": [9.5, 4.5, 9.625, 4.875], "texture": "#2"},
				"south": {"uv": [0, 4.5, 1.5, 4.875], "texture": "#2"},
				"west": {"uv": [5, 9.5, 5.125, 9.875], "texture": "#2"},
				"up": {"uv": [4.25, 5.625, 2.75, 5.5], "texture": "#2"},
				"down": {"uv": [7, 4, 5.5, 4.125], "texture": "#2"}
			}
		},
		{
			"from": [4.73342, 2.61967, 11.87001],
			"to": [10.76658, 3.96886, 12.3094],
			"rotation": {"angle": 0, "axis": "y", "origin": [-6.04009, -3.72404, -5.79009]},
			"faces": {
				"north": {"uv": [1.5, 4.5, 3, 4.875], "texture": "#2"},
				"east": {"uv": [9.5, 5, 9.625, 5.375], "texture": "#2"},
				"south": {"uv": [3.5, 4, 5, 4.375], "texture": "#2"},
				"west": {"uv": [5.25, 9.5, 5.375, 9.875], "texture": "#2"},
				"up": {"uv": [7, 4.375, 5.5, 4.25], "texture": "#2"},
				"down": {"uv": [6.75, 5.5, 5.25, 5.625], "texture": "#2"}
			}
		},
		{
			"from": [11.62001, 2.61967, 4.67435],
			"to": [12.0594, 3.96886, 11.32565],
			"rotation": {"angle": 0, "axis": "y", "origin": [7.75, -3.50857, -19.58019]},
			"faces": {
				"north": {"uv": [5.5, 9.5, 5.625, 9.875], "texture": "#2"},
				"east": {"uv": [3.5, 3.5, 5.125, 3.875], "texture": "#2"},
				"south": {"uv": [9.5, 5.5, 9.625, 5.875], "texture": "#2"},
				"west": {"uv": [0, 4, 1.625, 4.375], "texture": "#2"},
				"up": {"uv": [1.875, 6.875, 1.75, 5.25], "texture": "#2"},
				"down": {"uv": [2.125, 5.25, 2, 6.875], "texture": "#2"}
			}
		},
		{
			"from": [3.4406, 2.61967, 4.67435],
			"to": [3.87999, 3.96886, 11.32565],
			"rotation": {"angle": 0, "axis": "y", "origin": [7.75, -3.50857, -19.58019]},
			"faces": {
				"north": {"uv": [6, 9.5, 6.125, 9.875], "texture": "#2"},
				"east": {"uv": [1.75, 4, 3.375, 4.375], "texture": "#2"},
				"south": {"uv": [9.5, 6, 9.625, 6.375], "texture": "#2"},
				"west": {"uv": [4, 3, 5.625, 3.375], "texture": "#2"},
				"up": {"uv": [2.375, 6.875, 2.25, 5.25], "texture": "#2"},
				"down": {"uv": [2.625, 5.25, 2.5, 6.875], "texture": "#2"}
			}
		},
		{
			"from": [10.97254, 1.66834, 4.48856],
			"to": [11.37536, 2.6969, 5.18028],
			"rotation": {"angle": 0, "axis": "y", "origin": [-5.14017, -3.51755, -4.89017]},
			"faces": {
				"north": {"uv": [9.75, 0.75, 9.875, 1], "texture": "#2"},
				"east": {"uv": [1, 9.75, 1.125, 10], "texture": "#2"},
				"south": {"uv": [9.75, 1, 9.875, 1.25], "texture": "#2"},
				"west": {"uv": [1.25, 9.75, 1.375, 10], "texture": "#2"},
				"up": {"uv": [7.125, 10.125, 7, 10], "texture": "#2"},
				"down": {"uv": [10.125, 7, 10, 7.125], "texture": "#2"}
			}
		},
		{
			"from": [10.97254, 1.66834, 10.81972],
			"to": [11.37536, 2.6969, 11.51144],
			"rotation": {"angle": 0, "axis": "y", "origin": [4.52746, -3.31615, 12.83381]},
			"faces": {
				"north": {"uv": [9.75, 1.25, 9.875, 1.5], "texture": "#2"},
				"east": {"uv": [9.75, 1.5, 9.875, 1.75], "texture": "#2"},
				"south": {"uv": [9.75, 1.75, 9.875, 2], "texture": "#2"},
				"west": {"uv": [2, 9.75, 2.125, 10], "texture": "#2"},
				"up": {"uv": [7.375, 10.125, 7.25, 10], "texture": "#2"},
				"down": {"uv": [10.125, 7.25, 10, 7.375], "texture": "#2"}
			}
		},
		{
			"from": [4.52746, 1.66834, 11.22254],
			"to": [4.93028, 2.6969, 11.91426],
			"rotation": {"angle": 0, "axis": "y", "origin": [4.52746, -3.31615, 12.83381]},
			"faces": {
				"north": {"uv": [9.75, 2, 9.875, 2.25], "texture": "#2"},
				"east": {"uv": [2.25, 9.75, 2.375, 10], "texture": "#2"},
				"south": {"uv": [9.75, 2.25, 9.875, 2.5], "texture": "#2"},
				"west": {"uv": [9.75, 2.5, 9.875, 2.75], "texture": "#2"},
				"up": {"uv": [7.625, 10.125, 7.5, 10], "texture": "#2"},
				"down": {"uv": [10.125, 7.5, 10, 7.625], "texture": "#2"}
			}
		},
		{
			"from": [4.12464, 1.66834, 10.81972],
			"to": [4.52746, 2.6969, 11.51144],
			"rotation": {"angle": 0, "axis": "y", "origin": [4.52746, -3.31615, 12.83381]},
			"faces": {
				"north": {"uv": [2.75, 9.75, 2.875, 10], "texture": "#2"},
				"east": {"uv": [9.75, 2.75, 9.875, 3], "texture": "#2"},
				"south": {"uv": [3, 9.75, 3.125, 10], "texture": "#2"},
				"west": {"uv": [9.75, 3, 9.875, 3.25], "texture": "#2"},
				"up": {"uv": [7.875, 10.125, 7.75, 10], "texture": "#2"},
				"down": {"uv": [10.125, 7.75, 10, 7.875], "texture": "#2"}
			}
		},
		{
			"from": [10.56972, 1.66834, 11.22254],
			"to": [10.97254, 2.6969, 11.91426],
			"rotation": {"angle": 0, "axis": "y", "origin": [4.52746, -3.31615, 12.83381]},
			"faces": {
				"north": {"uv": [9.75, 3.25, 9.875, 3.5], "texture": "#2"},
				"east": {"uv": [9.75, 3.5, 9.875, 3.75], "texture": "#2"},
				"south": {"uv": [9.75, 3.75, 9.875, 4], "texture": "#2"},
				"west": {"uv": [4, 9.75, 4.125, 10], "texture": "#2"},
				"up": {"uv": [8.125, 10.125, 8, 10], "texture": "#2"},
				"down": {"uv": [10.125, 8, 10, 8.125], "texture": "#2"}
			}
		},
		{
			"from": [4.52746, 1.66834, 4.08574],
			"to": [4.93028, 2.6969, 4.77746],
			"rotation": {"angle": 0, "axis": "y", "origin": [4.52746, -3.31615, 4.77746]},
			"faces": {
				"north": {"uv": [9.75, 4, 9.875, 4.25], "texture": "#2"},
				"east": {"uv": [4.25, 9.75, 4.375, 10], "texture": "#2"},
				"south": {"uv": [9.75, 4.25, 9.875, 4.5], "texture": "#2"},
				"west": {"uv": [4.5, 9.75, 4.625, 10], "texture": "#2"},
				"up": {"uv": [8.375, 10.125, 8.25, 10], "texture": "#2"},
				"down": {"uv": [10.125, 8.25, 10, 8.375], "texture": "#2"}
			}
		},
		{
			"from": [4.12464, 1.66834, 4.48856],
			"to": [4.52746, 2.6969, 5.18028],
			"rotation": {"angle": 0, "axis": "y", "origin": [4.52746, -3.31615, 4.77746]},
			"faces": {
				"north": {"uv": [9.75, 4.5, 9.875, 4.75], "texture": "#2"},
				"east": {"uv": [4.75, 9.75, 4.875, 10], "texture": "#2"},
				"south": {"uv": [9.75, 4.75, 9.875, 5], "texture": "#2"},
				"west": {"uv": [9.75, 5, 9.875, 5.25], "texture": "#2"},
				"up": {"uv": [8.625, 10.125, 8.5, 10], "texture": "#2"},
				"down": {"uv": [10.125, 8.5, 10, 8.625], "texture": "#2"}
			}
		},
		{
			"from": [10.56972, 1.66834, 4.08574],
			"to": [10.97254, 2.6969, 4.77746],
			"rotation": {"angle": 0, "axis": "y", "origin": [-5.14017, -3.51755, -4.89017]},
			"faces": {
				"north": {"uv": [9.75, 5.25, 9.875, 5.5], "texture": "#2"},
				"east": {"uv": [9.75, 5.5, 9.875, 5.75], "texture": "#2"},
				"south": {"uv": [5.75, 9.75, 5.875, 10], "texture": "#2"},
				"west": {"uv": [9.75, 5.75, 9.875, 6], "texture": "#2"},
				"up": {"uv": [8.875, 10.125, 8.75, 10], "texture": "#2"},
				"down": {"uv": [10.125, 8.75, 10, 8.875], "texture": "#2"}
			}
		},
		{
			"from": [4.93028, 1.66834, 3.97182],
			"to": [10.56972, 2.6969, 4.38254],
			"rotation": {"angle": 0, "axis": "y", "origin": [-5.14017, -3.51755, -4.89017]},
			"faces": {
				"north": {"uv": [5, 1.375, 6.375, 1.625], "texture": "#2"},
				"east": {"uv": [9.75, 6, 9.875, 6.25], "texture": "#2"},
				"south": {"uv": [1.5, 5, 2.875, 5.25], "texture": "#2"},
				"west": {"uv": [6.25, 9.75, 6.375, 10], "texture": "#2"},
				"up": {"uv": [7.875, 4.875, 6.5, 4.75], "texture": "#2"},
				"down": {"uv": [8.125, 3, 6.75, 3.125], "texture": "#2"}
			}
		},
		{
			"from": [4.93028, 1.66834, 11.61746],
			"to": [10.56972, 2.6969, 12.02818],
			"rotation": {"angle": 0, "axis": "y", "origin": [-5.14017, -3.51755, -4.89017]},
			"faces": {
				"north": {"uv": [5, 1.75, 6.375, 2], "texture": "#2"},
				"east": {"uv": [9.75, 6.25, 9.875, 6.5], "texture": "#2"},
				"south": {"uv": [5, 1.375, 6.375, 1.625], "texture": "#2"},
				"west": {"uv": [6.5, 9.75, 6.625, 10], "texture": "#2"},
				"up": {"uv": [8.125, 3.375, 6.75, 3.25], "texture": "#2"},
				"down": {"uv": [8.125, 5.5, 6.75, 5.625], "texture": "#2"}
			}
		},
		{
			"from": [11.36746, 1.66834, 4.89138],
			"to": [11.77818, 2.6969, 11.10862],
			"rotation": {"angle": 0, "axis": "y", "origin": [7.75, -3.31615, -17.78034]},
			"faces": {
				"north": {"uv": [9.75, 6.5, 9.875, 6.75], "texture": "#2"},
				"east": {"uv": [4.5, 4.5, 6, 4.75], "texture": "#2"},
				"south": {"uv": [6.75, 9.75, 6.875, 10], "texture": "#2"},
				"west": {"uv": [4.5, 4.75, 6, 5], "texture": "#2"},
				"up": {"uv": [4.375, 7, 4.25, 5.5], "texture": "#2"},
				"down": {"uv": [4.625, 5.5, 4.5, 7], "texture": "#2"}
			}
		},
		{
			"from": [3.72182, 1.66834, 4.89138],
			"to": [4.13254, 2.6969, 11.10862],
			"rotation": {"angle": 0, "axis": "y", "origin": [7.75, -3.31615, -17.78034]},
			"faces": {
				"north": {"uv": [9.75, 6.75, 9.875, 7], "texture": "#2"},
				"east": {"uv": [0, 5, 1.5, 5.25], "texture": "#2"},
				"south": {"uv": [7, 9.75, 7.125, 10], "texture": "#2"},
				"west": {"uv": [5, 0, 6.5, 0.25], "texture": "#2"},
				"up": {"uv": [4.875, 7, 4.75, 5.5], "texture": "#2"},
				"down": {"uv": [2.875, 5.75, 2.75, 7.25], "texture": "#2"}
			}
		},
		{
			"from": [10.73384, 1.15393, 4.74866],
			"to": [11.35681, 1.85861, 5.38914],
			"rotation": {"angle": 0, "axis": "y", "origin": [-4.18534, -3.29848, -3.93534]},
			"faces": {
				"north": {"uv": [9, 10, 9.125, 10.125], "texture": "#2"},
				"east": {"uv": [10, 9, 10.125, 9.125], "texture": "#2"},
				"south": {"uv": [9.25, 10, 9.375, 10.125], "texture": "#2"},
				"west": {"uv": [10, 9.25, 10.125, 9.375], "texture": "#2"},
				"up": {"uv": [9.625, 10.125, 9.5, 10], "texture": "#2"},
				"down": {"uv": [10.125, 9.5, 10, 9.625], "texture": "#2"}
			}
		},
		{
			"from": [10.73384, 1.15393, 10.61086],
			"to": [11.10681, 1.85861, 11.25134],
			"rotation": {"angle": 0, "axis": "y", "origin": [4.76616, -3.11199, 12.47575]},
			"faces": {
				"north": {"uv": [9.75, 10, 9.875, 10.125], "texture": "#2"},
				"east": {"uv": [10, 9.75, 10.125, 9.875], "texture": "#2"},
				"south": {"uv": [10, 10, 10.125, 10.125], "texture": "#2"},
				"west": {"uv": [0, 10.25, 0.125, 10.375], "texture": "#2"},
				"up": {"uv": [10.375, 0.125, 10.25, 0], "texture": "#2"},
				"down": {"uv": [0.375, 10.25, 0.25, 10.375], "texture": "#2"}
			}
		},
		{
			"from": [4.76616, 1.15393, 10.98384],
			"to": [5.13914, 1.85861, 11.62431],
			"rotation": {"angle": 0, "axis": "y", "origin": [4.76616, -3.11199, 12.47575]},
			"faces": {
				"north": {"uv": [10.25, 0.25, 10.375, 0.375], "texture": "#2"},
				"east": {"uv": [0.5, 10.25, 0.625, 10.375], "texture": "#2"},
				"south": {"uv": [10.25, 0.5, 10.375, 0.625], "texture": "#2"},
				"west": {"uv": [0.75, 10.25, 0.875, 10.375], "texture": "#2"},
				"up": {"uv": [10.375, 0.875, 10.25, 0.75], "texture": "#2"},
				"down": {"uv": [1.125, 10.25, 1, 10.375], "texture": "#2"}
			}
		},
		{
			"from": [4.39319, 1.15393, 10.61086],
			"to": [4.76616, 1.85861, 11.25134],
			"rotation": {"angle": 0, "axis": "y", "origin": [4.76616, -3.11199, 12.47575]},
			"faces": {
				"north": {"uv": [10.25, 1, 10.375, 1.125], "texture": "#2"},
				"east": {"uv": [1.25, 10.25, 1.375, 10.375], "texture": "#2"},
				"south": {"uv": [10.25, 1.25, 10.375, 1.375], "texture": "#2"},
				"west": {"uv": [1.5, 10.25, 1.625, 10.375], "texture": "#2"},
				"up": {"uv": [10.375, 1.625, 10.25, 1.5], "texture": "#2"},
				"down": {"uv": [1.875, 10.25, 1.75, 10.375], "texture": "#2"}
			}
		},
		{
			"from": [10.36086, 1.15393, 10.98384],
			"to": [10.73384, 1.85861, 11.62431],
			"rotation": {"angle": 0, "axis": "y", "origin": [4.76616, -3.11199, 12.47575]},
			"faces": {
				"north": {"uv": [10.25, 1.75, 10.375, 1.875], "texture": "#2"},
				"east": {"uv": [2, 10.25, 2.125, 10.375], "texture": "#2"},
				"south": {"uv": [10.25, 2, 10.375, 2.125], "texture": "#2"},
				"west": {"uv": [2.25, 10.25, 2.375, 10.375], "texture": "#2"},
				"up": {"uv": [10.375, 2.375, 10.25, 2.25], "texture": "#2"},
				"down": {"uv": [2.625, 10.25, 2.5, 10.375], "texture": "#2"}
			}
		},
		{
			"from": [4.76616, 1.15393, 4.37569],
			"to": [5.13914, 1.85861, 5.01616],
			"rotation": {"angle": 0, "axis": "y", "origin": [4.76616, -3.11199, 5.01616]},
			"faces": {
				"north": {"uv": [10.25, 2.5, 10.375, 2.625], "texture": "#2"},
				"east": {"uv": [2.75, 10.25, 2.875, 10.375], "texture": "#2"},
				"south": {"uv": [10.25, 2.75, 10.375, 2.875], "texture": "#2"},
				"west": {"uv": [3, 10.25, 3.125, 10.375], "texture": "#2"},
				"up": {"uv": [10.375, 3.125, 10.25, 3], "texture": "#2"},
				"down": {"uv": [3.375, 10.25, 3.25, 10.375], "texture": "#2"}
			}
		},
		{
			"from": [4.39319, 1.15393, 4.74866],
			"to": [4.76616, 1.85861, 5.38914],
			"rotation": {"angle": 0, "axis": "y", "origin": [4.76616, -3.11199, 5.01616]},
			"faces": {
				"north": {"uv": [10.25, 3.25, 10.375, 3.375], "texture": "#2"},
				"east": {"uv": [3.5, 10.25, 3.625, 10.375], "texture": "#2"},
				"south": {"uv": [10.25, 3.5, 10.375, 3.625], "texture": "#2"},
				"west": {"uv": [3.75, 10.25, 3.875, 10.375], "texture": "#2"},
				"up": {"uv": [10.375, 3.875, 10.25, 3.75], "texture": "#2"},
				"down": {"uv": [4.125, 10.25, 4, 10.375], "texture": "#2"}
			}
		},
		{
			"from": [10.36086, 1.15393, 4.37569],
			"to": [10.98384, 1.85861, 5.01616],
			"rotation": {"angle": 0, "axis": "y", "origin": [-4.18534, -3.29848, -3.93534]},
			"faces": {
				"north": {"uv": [10.25, 4, 10.375, 4.125], "texture": "#2"},
				"east": {"uv": [4.25, 10.25, 4.375, 10.375], "texture": "#2"},
				"south": {"uv": [10.25, 4.25, 10.375, 4.375], "texture": "#2"},
				"west": {"uv": [4.5, 10.25, 4.625, 10.375], "texture": "#2"},
				"up": {"uv": [10.375, 4.625, 10.25, 4.5], "texture": "#2"},
				"down": {"uv": [4.875, 10.25, 4.75, 10.375], "texture": "#2"}
			}
		},
		{
			"from": [5.13914, 1.15393, 4.27021],
			"to": [10.36086, 1.85861, 4.6505],
			"rotation": {"angle": 0, "axis": "y", "origin": [-4.18534, -3.29848, -3.93534]},
			"faces": {
				"north": {"uv": [7.125, 1, 8.375, 1.125], "texture": "#2"},
				"east": {"uv": [10.25, 4.75, 10.375, 4.875], "texture": "#2"},
				"south": {"uv": [2.75, 7.25, 4, 7.375], "texture": "#2"},
				"west": {"uv": [5, 10.25, 5.125, 10.375], "texture": "#2"},
				"up": {"uv": [5.25, 7.375, 4, 7.25], "texture": "#2"},
				"down": {"uv": [8.25, 7.25, 7, 7.375], "texture": "#2"}
			}
		},
		{
			"from": [5.13914, 1.15393, 11.3495],
			"to": [10.36086, 1.85861, 11.72979],
			"rotation": {"angle": 0, "axis": "y", "origin": [-4.18534, -3.29848, -3.93534]},
			"faces": {
				"north": {"uv": [0, 7.5, 1.25, 7.625], "texture": "#2"},
				"east": {"uv": [10.25, 5, 10.375, 5.125], "texture": "#2"},
				"south": {"uv": [7.125, 1, 8.375, 1.125], "texture": "#2"},
				"west": {"uv": [5.25, 10.25, 5.375, 10.375], "texture": "#2"},
				"up": {"uv": [5.25, 7.625, 4, 7.5], "texture": "#2"},
				"down": {"uv": [8.25, 7.5, 7, 7.625], "texture": "#2"}
			}
		},
		{
			"from": [11.0995, 1.15393, 5.12164],
			"to": [11.47979, 1.85861, 10.87836],
			"rotation": {"angle": 0, "axis": "y", "origin": [7.75, -3.11199, -15.87068]},
			"faces": {
				"north": {"uv": [10.25, 5.25, 10.375, 5.375], "texture": "#2"},
				"east": {"uv": [5.75, 0.25, 7.25, 0.375], "texture": "#2"},
				"south": {"uv": [5.5, 10.25, 5.625, 10.375], "texture": "#2"},
				"west": {"uv": [5.75, 0.5, 7.25, 0.625], "texture": "#2"},
				"up": {"uv": [3.125, 7.25, 3, 5.75], "texture": "#2"},
				"down": {"uv": [3.375, 5.75, 3.25, 7.25], "texture": "#2"}
			}
		},
		{
			"from": [4.02021, 1.15393, 5.12164],
			"to": [4.4005, 1.85861, 10.87836],
			"rotation": {"angle": 0, "axis": "y", "origin": [7.75, -3.11199, -15.87068]},
			"faces": {
				"north": {"uv": [10.25, 5.5, 10.375, 5.625], "texture": "#2"},
				"east": {"uv": [5.75, 0.75, 7.25, 0.875], "texture": "#2"},
				"south": {"uv": [5.75, 10.25, 5.875, 10.375], "texture": "#2"},
				"west": {"uv": [5.75, 1, 7.25, 1.125], "texture": "#2"},
				"up": {"uv": [3.625, 7.25, 3.5, 5.75], "texture": "#2"},
				"down": {"uv": [3.875, 5.75, 3.75, 7.25], "texture": "#2"}
			}
		},
		{
			"from": [10.90991, 0.59826, 5.26943],
			"to": [11.26867, 0.95013, 10.73057],
			"rotation": {"angle": 0, "axis": "y", "origin": [7.75, -3.08382, -14.51951]},
			"faces": {
				"north": {"uv": [10.25, 5.75, 10.375, 5.875], "texture": "#2"},
				"east": {"uv": [6.75, 6.25, 8.125, 6.375], "texture": "#2"},
				"south": {"uv": [6, 10.25, 6.125, 10.375], "texture": "#2"},
				"west": {"uv": [6.75, 6.5, 8.125, 6.625], "texture": "#2"},
				"up": {"uv": [5.625, 8.125, 5.5, 6.75], "texture": "#2"},
				"down": {"uv": [6.875, 6.75, 6.75, 8.125], "texture": "#2"}
			}
		},
		{
			"from": [5.28693, 0.59826, 11.15991],
			"to": [10.21307, 0.95013, 11.51867],
			"rotation": {"angle": 0, "axis": "y", "origin": [-3.50976, -3.25976, -3.25976]},
			"faces": {
				"north": {"uv": [0, 7.75, 1.25, 7.875], "texture": "#2"},
				"east": {"uv": [10.25, 6, 10.375, 6.125], "texture": "#2"},
				"south": {"uv": [2.75, 7.75, 4, 7.875], "texture": "#2"},
				"west": {"uv": [6.25, 10.25, 6.375, 10.375], "texture": "#2"},
				"up": {"uv": [5.25, 7.875, 4, 7.75], "texture": "#2"},
				"down": {"uv": [9, 6, 7.75, 6.125], "texture": "#2"}
			}
		},
		{
			"from": [5.28693, 0.59826, 4.48133],
			"to": [10.21307, 0.95013, 4.84009],
			"rotation": {"angle": 0, "axis": "y", "origin": [-3.50976, -3.25976, -3.25976]},
			"faces": {
				"north": {"uv": [7, 7.75, 8.25, 7.875], "texture": "#2"},
				"east": {"uv": [10.25, 6.25, 10.375, 6.375], "texture": "#2"},
				"south": {"uv": [0, 8, 1.25, 8.125], "texture": "#2"},
				"west": {"uv": [6.5, 10.25, 6.625, 10.375], "texture": "#2"},
				"up": {"uv": [9.25, 0.125, 8, 0], "texture": "#2"},
				"down": {"uv": [9.25, 1.25, 8, 1.375], "texture": "#2"}
			}
		},
		{
			"from": [10.21307, 0.59826, 4.56569],
			"to": [10.81494, 0.95013, 5.18506],
			"rotation": {"angle": 0, "axis": "y", "origin": [-3.50976, -3.25976, -3.25976]},
			"faces": {
				"north": {"uv": [10.25, 6.5, 10.375, 6.625], "texture": "#2"},
				"east": {"uv": [6.75, 10.25, 6.875, 10.375], "texture": "#2"},
				"south": {"uv": [10.25, 6.75, 10.375, 6.875], "texture": "#2"},
				"west": {"uv": [7, 10.25, 7.125, 10.375], "texture": "#2"},
				"up": {"uv": [10.375, 7.125, 10.25, 7], "texture": "#2"},
				"down": {"uv": [7.375, 10.25, 7.25, 10.375], "texture": "#2"}
			}
		},
		{
			"from": [4.58319, 0.59826, 4.93506],
			"to": [4.93506, 0.95013, 5.53693],
			"rotation": {"angle": 0, "axis": "y", "origin": [4.93506, -3.08382, 5.18506]},
			"faces": {
				"north": {"uv": [10.25, 7.25, 10.375, 7.375], "texture": "#2"},
				"east": {"uv": [7.5, 10.25, 7.625, 10.375], "texture": "#2"},
				"south": {"uv": [10.25, 7.5, 10.375, 7.625], "texture": "#2"},
				"west": {"uv": [7.75, 10.25, 7.875, 10.375], "texture": "#2"},
				"up": {"uv": [10.375, 7.875, 10.25, 7.75], "texture": "#2"},
				"down": {"uv": [8.125, 10.25, 8, 10.375], "texture": "#2"}
			}
		},
		{
			"from": [4.93506, 0.59826, 4.58319],
			"to": [5.28693, 0.95013, 5.18506],
			"rotation": {"angle": 0, "axis": "y", "origin": [4.93506, -3.08382, 5.18506]},
			"faces": {
				"north": {"uv": [10.25, 8, 10.375, 8.125], "texture": "#2"},
				"east": {"uv": [8.25, 10.25, 8.375, 10.375], "texture": "#2"},
				"south": {"uv": [10.25, 8.25, 10.375, 8.375], "texture": "#2"},
				"west": {"uv": [8.5, 10.25, 8.625, 10.375], "texture": "#2"},
				"up": {"uv": [10.375, 8.625, 10.25, 8.5], "texture": "#2"},
				"down": {"uv": [8.875, 10.25, 8.75, 10.375], "texture": "#2"}
			}
		},
		{
			"from": [10.21307, 0.59826, 10.81494],
			"to": [10.56494, 0.95013, 11.43431],
			"rotation": {"angle": 0, "axis": "y", "origin": [4.93506, -3.08382, 12.22241]},
			"faces": {
				"north": {"uv": [10.25, 8.75, 10.375, 8.875], "texture": "#2"},
				"east": {"uv": [9, 10.25, 9.125, 10.375], "texture": "#2"},
				"south": {"uv": [10.25, 9, 10.375, 9.125], "texture": "#2"},
				"west": {"uv": [9.25, 10.25, 9.375, 10.375], "texture": "#2"},
				"up": {"uv": [10.375, 9.375, 10.25, 9.25], "texture": "#2"},
				"down": {"uv": [9.625, 10.25, 9.5, 10.375], "texture": "#2"}
			}
		},
		{
			"from": [4.58319, 0.59826, 10.46307],
			"to": [4.93506, 0.95013, 11.06494],
			"rotation": {"angle": 0, "axis": "y", "origin": [4.93506, -3.08382, 12.22241]},
			"faces": {
				"north": {"uv": [10.25, 9.5, 10.375, 9.625], "texture": "#2"},
				"east": {"uv": [9.75, 10.25, 9.875, 10.375], "texture": "#2"},
				"south": {"uv": [10.25, 9.75, 10.375, 9.875], "texture": "#2"},
				"west": {"uv": [10, 10.25, 10.125, 10.375], "texture": "#2"},
				"up": {"uv": [10.375, 10.125, 10.25, 10], "texture": "#2"},
				"down": {"uv": [10.375, 10.25, 10.25, 10.375], "texture": "#2"}
			}
		},
		{
			"from": [4.93506, 0.59826, 10.81494],
			"to": [5.28693, 0.95013, 11.43431],
			"rotation": {"angle": 0, "axis": "y", "origin": [4.93506, -3.08382, 12.22241]},
			"faces": {
				"north": {"uv": [0, 10.5, 0.125, 10.625], "texture": "#2"},
				"east": {"uv": [10.5, 0, 10.625, 0.125], "texture": "#2"},
				"south": {"uv": [0.25, 10.5, 0.375, 10.625], "texture": "#2"},
				"west": {"uv": [10.5, 0.25, 10.625, 0.375], "texture": "#2"},
				"up": {"uv": [0.625, 10.625, 0.5, 10.5], "texture": "#2"},
				"down": {"uv": [10.625, 0.5, 10.5, 0.625], "texture": "#2"}
			}
		},
		{
			"from": [10.56494, 0.59826, 10.46307],
			"to": [10.91681, 0.95013, 11.08244],
			"rotation": {"angle": 0, "axis": "y", "origin": [4.93506, -3.08382, 12.22241]},
			"faces": {
				"north": {"uv": [0.75, 10.5, 0.875, 10.625], "texture": "#2"},
				"east": {"uv": [10.5, 0.75, 10.625, 0.875], "texture": "#2"},
				"south": {"uv": [1, 10.5, 1.125, 10.625], "texture": "#2"},
				"west": {"uv": [10.5, 1, 10.625, 1.125], "texture": "#2"},
				"up": {"uv": [1.375, 10.625, 1.25, 10.5], "texture": "#2"},
				"down": {"uv": [10.625, 1.25, 10.5, 1.375], "texture": "#2"}
			}
		},
		{
			"from": [10.56494, 0.59826, 4.91756],
			"to": [11.16681, 0.95013, 5.53693],
			"rotation": {"angle": 0, "axis": "y", "origin": [-3.50976, -3.25976, -3.25976]},
			"faces": {
				"north": {"uv": [1.5, 10.5, 1.625, 10.625], "texture": "#2"},
				"east": {"uv": [10.5, 1.5, 10.625, 1.625], "texture": "#2"},
				"south": {"uv": [1.75, 10.5, 1.875, 10.625], "texture": "#2"},
				"west": {"uv": [10.5, 1.75, 10.625, 1.875], "texture": "#2"},
				"up": {"uv": [2.125, 10.625, 2, 10.5], "texture": "#2"},
				"down": {"uv": [10.625, 2, 10.5, 2.125], "texture": "#2"}
			}
		},
		{
			"from": [4.433, 0.0256, 5.4106],
			"to": [5.0964, 0.3573, 10.5894],
			"rotation": {"angle": 0, "axis": "y", "origin": [7.75, -2.44855, -13.2288]},
			"faces": {
				"north": {"uv": [2.25, 10.5, 2.375, 10.625], "texture": "#2"},
				"east": {"uv": [8, 1.5, 9.25, 1.625], "texture": "#2"},
				"south": {"uv": [10.5, 2.25, 10.625, 2.375], "texture": "#2"},
				"west": {"uv": [8, 1.75, 9.25, 1.875], "texture": "#2"},
				"up": {"uv": [1.375, 8.5, 1.25, 7.25], "texture": "#2"},
				"down": {"uv": [1.625, 7.25, 1.5, 8.5], "texture": "#2"}
			}
		},
		{
			"from": [10.4036, 0.0256, 5.4106],
			"to": [11.067, 0.3573, 10.5894],
			"rotation": {"angle": 0, "axis": "y", "origin": [7.75, -2.44855, -13.2288]},
			"faces": {
				"north": {"uv": [2.5, 10.5, 2.625, 10.625], "texture": "#2"},
				"east": {"uv": [2.75, 8, 4, 8.125], "texture": "#2"},
				"south": {"uv": [10.5, 2.5, 10.625, 2.625], "texture": "#2"},
				"west": {"uv": [4, 8, 5.25, 8.125], "texture": "#2"},
				"up": {"uv": [1.875, 8.5, 1.75, 7.25], "texture": "#2"},
				"down": {"uv": [2.125, 7.25, 2, 8.5], "texture": "#2"}
			}
		},
		{
			"from": [5.4281, 0.0256, 10.6536],
			"to": [10.0719, 0.3573, 11.317],
			"rotation": {"angle": 0, "axis": "y", "origin": [-2.8644, -2.6144, -2.6144]},
			"faces": {
				"north": {"uv": [7.75, 8, 8.875, 8.125], "texture": "#2"},
				"east": {"uv": [2.75, 10.5, 2.875, 10.625], "texture": "#2"},
				"south": {"uv": [0, 8.25, 1.125, 8.375], "texture": "#2"},
				"west": {"uv": [10.5, 2.75, 10.625, 2.875], "texture": "#2"},
				"up": {"uv": [3.875, 8.375, 2.75, 8.25], "texture": "#2"},
				"down": {"uv": [9.375, 3, 8.25, 3.125], "texture": "#2"}
			}
		},
		{
			"from": [5.4281, 0.0256, 4.683],
			"to": [10.0719, 0.3573, 5.3464],
			"rotation": {"angle": 0, "axis": "y", "origin": [-2.8644, -2.6144, -2.6144]},
			"faces": {
				"north": {"uv": [8.25, 3.25, 9.375, 3.375], "texture": "#2"},
				"east": {"uv": [3, 10.5, 3.125, 10.625], "texture": "#2"},
				"south": {"uv": [4, 8.25, 5.125, 8.375], "texture": "#2"},
				"west": {"uv": [10.5, 3, 10.625, 3.125], "texture": "#2"},
				"up": {"uv": [9.375, 5.375, 8.25, 5.25], "texture": "#2"},
				"down": {"uv": [9.375, 5.5, 8.25, 5.625], "texture": "#2"}
			}
		},
		{
			"from": [10.0719, 0.0256, 4.7472],
			"to": [10.4036, 0.3573, 5.3464],
			"rotation": {"angle": 0, "axis": "y", "origin": [-2.8644, -2.6144, -2.6144]},
			"faces": {
				"north": {"uv": [3.25, 10.5, 3.375, 10.625], "texture": "#2"},
				"east": {"uv": [10.5, 3.25, 10.625, 3.375], "texture": "#2"},
				"south": {"uv": [3.5, 10.5, 3.625, 10.625], "texture": "#2"},
				"west": {"uv": [10.5, 3.5, 10.625, 3.625], "texture": "#2"},
				"up": {"uv": [3.875, 10.625, 3.75, 10.5], "texture": "#2"},
				"down": {"uv": [10.625, 3.75, 10.5, 3.875], "texture": "#2"}
			}
		},
		{
			"from": [4.7647, 0.0256, 5.0789],
			"to": [5.0964, 0.3573, 5.6781],
			"rotation": {"angle": 0, "axis": "y", "origin": [5.0964, -2.44855, 5.3464]},
			"faces": {
				"north": {"uv": [4, 10.5, 4.125, 10.625], "texture": "#2"},
				"east": {"uv": [10.5, 4, 10.625, 4.125], "texture": "#2"},
				"south": {"uv": [4.25, 10.5, 4.375, 10.625], "texture": "#2"},
				"west": {"uv": [10.5, 4.25, 10.625, 4.375], "texture": "#2"},
				"up": {"uv": [4.625, 10.625, 4.5, 10.5], "texture": "#2"},
				"down": {"uv": [10.625, 4.5, 10.5, 4.625], "texture": "#2"}
			}
		},
		{
			"from": [5.0964, 0.0256, 4.7472],
			"to": [5.4281, 0.3573, 5.3464],
			"rotation": {"angle": 0, "axis": "y", "origin": [5.0964, -2.44855, 5.3464]},
			"faces": {
				"north": {"uv": [4.75, 10.5, 4.875, 10.625], "texture": "#2"},
				"east": {"uv": [10.5, 4.75, 10.625, 4.875], "texture": "#2"},
				"south": {"uv": [5, 10.5, 5.125, 10.625], "texture": "#2"},
				"west": {"uv": [10.5, 5, 10.625, 5.125], "texture": "#2"},
				"up": {"uv": [5.375, 10.625, 5.25, 10.5], "texture": "#2"},
				"down": {"uv": [10.625, 5.25, 10.5, 5.375], "texture": "#2"}
			}
		},
		{
			"from": [10.0719, 0.0256, 10.6536],
			"to": [10.4036, 0.3573, 11.2528],
			"rotation": {"angle": 0, "axis": "y", "origin": [5.0964, -2.44855, 11.9804]},
			"faces": {
				"north": {"uv": [5.5, 10.5, 5.625, 10.625], "texture": "#2"},
				"east": {"uv": [10.5, 5.5, 10.625, 5.625], "texture": "#2"},
				"south": {"uv": [5.75, 10.5, 5.875, 10.625], "texture": "#2"},
				"west": {"uv": [10.5, 5.75, 10.625, 5.875], "texture": "#2"},
				"up": {"uv": [6.125, 10.625, 6, 10.5], "texture": "#2"},
				"down": {"uv": [10.625, 6, 10.5, 6.125], "texture": "#2"}
			}
		},
		{
			"from": [4.36666, 0.3573, 5.36416],
			"to": [4.71163, 0.69563, 10.63584],
			"rotation": {"angle": 0, "axis": "y", "origin": [7.75, -2.65752, -13.65338]},
			"faces": {
				"north": {"uv": [6.25, 10.5, 6.375, 10.625], "texture": "#2"},
				"east": {"uv": [0.75, 7, 2.125, 7.125], "texture": "#2"},
				"south": {"uv": [10.5, 6.25, 10.625, 6.375], "texture": "#2"},
				"west": {"uv": [7, 2, 8.375, 2.125], "texture": "#2"},
				"up": {"uv": [2.375, 8.375, 2.25, 7], "texture": "#2"},
				"down": {"uv": [2.625, 7, 2.5, 8.375], "texture": "#2"}
			}
		},
		{
			"from": [10.78837, 0.3573, 5.63166],
			"to": [11.13334, 0.69563, 10.61834],
			"rotation": {"angle": 0, "axis": "y", "origin": [7.75, -2.65752, -13.65338]},
			"faces": {
				"north": {"uv": [6.5, 10.5, 6.625, 10.625], "texture": "#2"},
				"east": {"uv": [8, 4.5, 9.25, 4.625], "texture": "#2"},
				"south": {"uv": [10.5, 6.5, 10.625, 6.625], "texture": "#2"},
				"west": {"uv": [8, 4.75, 9.25, 4.875], "texture": "#2"},
				"up": {"uv": [6.625, 9, 6.5, 7.75], "texture": "#2"},
				"down": {"uv": [5.875, 8, 5.75, 9.25], "texture": "#2"}
			}
		},
		{
			"from": [5.38166, 0.3573, 11.03837],
			"to": [10.11834, 0.69563, 11.38334],
			"rotation": {"angle": 0, "axis": "y", "origin": [-3.07669, -2.82669, -2.82669]},
			"faces": {
				"north": {"uv": [8.25, 5.75, 9.375, 5.875], "texture": "#2"},
				"east": {"uv": [6.75, 10.5, 6.875, 10.625], "texture": "#2"},
				"south": {"uv": [8.25, 6.25, 9.375, 6.375], "texture": "#2"},
				"west": {"uv": [10.5, 6.75, 10.625, 6.875], "texture": "#2"},
				"up": {"uv": [9.375, 6.625, 8.25, 6.5], "texture": "#2"},
				"down": {"uv": [7.875, 8.25, 6.75, 8.375], "texture": "#2"}
			}
		},
		{
			"from": [5.38166, 0.3573, 4.61666],
			"to": [10.63584, 0.69563, 4.96163],
			"rotation": {"angle": 0, "axis": "y", "origin": [-3.07669, -2.82669, -2.82669]},
			"faces": {
				"north": {"uv": [7, 2.25, 8.375, 2.375], "texture": "#2"},
				"east": {"uv": [7, 10.5, 7.125, 10.625], "texture": "#2"},
				"south": {"uv": [7, 2.5, 8.375, 2.625], "texture": "#2"},
				"west": {"uv": [10.5, 7, 10.625, 7.125], "texture": "#2"},
				"up": {"uv": [8.375, 2.875, 7, 2.75], "texture": "#2"},
				"down": {"uv": [8.375, 3.5, 7, 3.625], "texture": "#2"}
			}
		},
		{
			"from": [10.11834, 0.3573, 4.95499],
			"to": [10.97417, 0.69563, 5.29333],
			"rotation": {"angle": 0, "axis": "y", "origin": [-3.07669, -2.82669, -2.82669]},
			"faces": {
				"north": {"uv": [9.75, 7, 10, 7.125], "texture": "#2"},
				"east": {"uv": [7.25, 10.5, 7.375, 10.625], "texture": "#2"},
				"south": {"uv": [7.25, 9.75, 7.5, 9.875], "texture": "#2"},
				"west": {"uv": [10.5, 7.25, 10.625, 7.375], "texture": "#2"},
				"up": {"uv": [10, 7.375, 9.75, 7.25], "texture": "#2"},
				"down": {"uv": [7.75, 9.75, 7.5, 9.875], "texture": "#2"}
			}
		},
		{
			"from": [4.70499, 0.3573, 5.02583],
			"to": [5.04333, 0.69563, 5.63166],
			"rotation": {"angle": 0, "axis": "y", "origin": [5.04333, -2.65752, 5.29333]},
			"faces": {
				"north": {"uv": [7.5, 10.5, 7.625, 10.625], "texture": "#2"},
				"east": {"uv": [10.5, 7.5, 10.625, 7.625], "texture": "#2"},
				"south": {"uv": [7.75, 10.5, 7.875, 10.625], "texture": "#2"},
				"west": {"uv": [10.5, 7.75, 10.625, 7.875], "texture": "#2"},
				"up": {"uv": [8.125, 10.625, 8, 10.5], "texture": "#2"},
				"down": {"uv": [10.625, 8, 10.5, 8.125], "texture": "#2"}
			}
		},
		{
			"from": [5.04333, 0.3573, 4.68749],
			"to": [5.38166, 0.69563, 5.29333],
			"rotation": {"angle": 0, "axis": "y", "origin": [5.04333, -2.65752, 5.29333]},
			"faces": {
				"north": {"uv": [8.25, 10.5, 8.375, 10.625], "texture": "#2"},
				"east": {"uv": [10.5, 8.25, 10.625, 8.375], "texture": "#2"},
				"south": {"uv": [8.5, 10.5, 8.625, 10.625], "texture": "#2"},
				"west": {"uv": [10.5, 8.5, 10.625, 8.625], "texture": "#2"},
				"up": {"uv": [8.875, 10.625, 8.75, 10.5], "texture": "#2"},
				"down": {"uv": [10.625, 8.75, 10.5, 8.875], "texture": "#2"}
			}
		},
		{
			"from": [10.11834, 0.3573, 10.70667],
			"to": [10.45667, 0.69563, 11.29501],
			"rotation": {"angle": 0, "axis": "y", "origin": [5.04333, -2.65752, 12.06001]},
			"faces": {
				"north": {"uv": [9, 10.5, 9.125, 10.625], "texture": "#2"},
				"east": {"uv": [10.5, 9, 10.625, 9.125], "texture": "#2"},
				"south": {"uv": [9.25, 10.5, 9.375, 10.625], "texture": "#2"},
				"west": {"uv": [10.5, 9.25, 10.625, 9.375], "texture": "#2"},
				"up": {"uv": [9.625, 10.625, 9.5, 10.5], "texture": "#2"},
				"down": {"uv": [10.625, 9.5, 10.5, 9.625], "texture": "#2"}
			}
		},
		{
			"from": [4.70499, 0.3573, 10.36834],
			"to": [5.04333, 0.69563, 10.97417],
			"rotation": {"angle": 0, "axis": "y", "origin": [5.04333, -2.65752, 12.06001]},
			"faces": {
				"north": {"uv": [9.75, 10.5, 9.875, 10.625], "texture": "#2"},
				"east": {"uv": [10.5, 9.75, 10.625, 9.875], "texture": "#2"},
				"south": {"uv": [10, 10.5, 10.125, 10.625], "texture": "#2"},
				"west": {"uv": [10.5, 10, 10.625, 10.125], "texture": "#2"},
				"up": {"uv": [10.375, 10.625, 10.25, 10.5], "texture": "#2"},
				"down": {"uv": [10.625, 10.25, 10.5, 10.375], "texture": "#2"}
			}
		},
		{
			"from": [5.04333, 0.3573, 10.70667],
			"to": [5.38166, 0.69563, 11.29501],
			"rotation": {"angle": 0, "axis": "y", "origin": [5.04333, -2.65752, 12.06001]},
			"faces": {
				"north": {"uv": [10.5, 10.5, 10.625, 10.625], "texture": "#2"},
				"east": {"uv": [0, 10.75, 0.125, 10.875], "texture": "#2"},
				"south": {"uv": [10.75, 0, 10.875, 0.125], "texture": "#2"},
				"west": {"uv": [0.25, 10.75, 0.375, 10.875], "texture": "#2"},
				"up": {"uv": [10.875, 0.375, 10.75, 0.25], "texture": "#2"},
				"down": {"uv": [0.625, 10.75, 0.5, 10.875], "texture": "#2"}
			}
		},
		{
			"from": [10.45667, 0.3573, 10.36834],
			"to": [10.79501, 0.69563, 10.95667],
			"rotation": {"angle": 0, "axis": "y", "origin": [5.04333, -2.65752, 12.06001]},
			"faces": {
				"north": {"uv": [10.75, 0.5, 10.875, 0.625], "texture": "#2"},
				"east": {"uv": [0.75, 10.75, 0.875, 10.875], "texture": "#2"},
				"south": {"uv": [10.75, 0.75, 10.875, 0.875], "texture": "#2"},
				"west": {"uv": [1, 10.75, 1.125, 10.875], "texture": "#2"},
				"up": {"uv": [10.875, 1.125, 10.75, 1], "texture": "#2"},
				"down": {"uv": [1.375, 10.75, 1.25, 10.875], "texture": "#2"}
			}
		},
		{
			"from": [10.45667, 0.3573, 5.29333],
			"to": [11.06251, 0.69563, 5.63166],
			"rotation": {"angle": 0, "axis": "y", "origin": [-3.07669, -2.82669, -2.82669]},
			"faces": {
				"north": {"uv": [10.75, 1.25, 10.875, 1.375], "texture": "#2"},
				"east": {"uv": [1.5, 10.75, 1.625, 10.875], "texture": "#2"},
				"south": {"uv": [10.75, 1.5, 10.875, 1.625], "texture": "#2"},
				"west": {"uv": [1.75, 10.75, 1.875, 10.875], "texture": "#2"},
				"up": {"uv": [10.875, 1.875, 10.75, 1.75], "texture": "#2"},
				"down": {"uv": [2.125, 10.75, 2, 10.875], "texture": "#2"}
			}
		},
		{
			"from": [4.7647, 0.0256, 10.3219],
			"to": [5.0964, 0.3573, 10.9211],
			"rotation": {"angle": 0, "axis": "y", "origin": [5.0964, -2.44855, 11.9804]},
			"faces": {
				"north": {"uv": [10.75, 2, 10.875, 2.125], "texture": "#2"},
				"east": {"uv": [2.25, 10.75, 2.375, 10.875], "texture": "#2"},
				"south": {"uv": [10.75, 2.25, 10.875, 2.375], "texture": "#2"},
				"west": {"uv": [2.5, 10.75, 2.625, 10.875], "texture": "#2"},
				"up": {"uv": [10.875, 2.625, 10.75, 2.5], "texture": "#2"},
				"down": {"uv": [2.875, 10.75, 2.75, 10.875], "texture": "#2"}
			}
		},
		{
			"from": [5.0964, 0.0256, 10.6536],
			"to": [5.4281, 0.3573, 11.2528],
			"rotation": {"angle": 0, "axis": "y", "origin": [5.0964, -2.44855, 11.9804]},
			"faces": {
				"north": {"uv": [10.75, 2.75, 10.875, 2.875], "texture": "#2"},
				"east": {"uv": [3, 10.75, 3.125, 10.875], "texture": "#2"},
				"south": {"uv": [10.75, 3, 10.875, 3.125], "texture": "#2"},
				"west": {"uv": [3.25, 10.75, 3.375, 10.875], "texture": "#2"},
				"up": {"uv": [10.875, 3.375, 10.75, 3.25], "texture": "#2"},
				"down": {"uv": [3.625, 10.75, 3.5, 10.875], "texture": "#2"}
			}
		},
		{
			"from": [10.4036, 0.0256, 10.3219],
			"to": [10.7353, 0.3573, 10.9211],
			"rotation": {"angle": 0, "axis": "y", "origin": [5.0964, -2.44855, 11.9804]},
			"faces": {
				"north": {"uv": [10.75, 3.5, 10.875, 3.625], "texture": "#2"},
				"east": {"uv": [3.75, 10.75, 3.875, 10.875], "texture": "#2"},
				"south": {"uv": [10.75, 3.75, 10.875, 3.875], "texture": "#2"},
				"west": {"uv": [4, 10.75, 4.125, 10.875], "texture": "#2"},
				"up": {"uv": [10.875, 4.125, 10.75, 4], "texture": "#2"},
				"down": {"uv": [4.375, 10.75, 4.25, 10.875], "texture": "#2"}
			}
		},
		{
			"from": [10.4036, 0.0256, 5.0789],
			"to": [10.7353, 0.3573, 5.6781],
			"rotation": {"angle": 0, "axis": "y", "origin": [-2.8644, -2.6144, -2.6144]},
			"faces": {
				"north": {"uv": [10.75, 4.25, 10.875, 4.375], "texture": "#2"},
				"east": {"uv": [4.5, 10.75, 4.625, 10.875], "texture": "#2"},
				"south": {"uv": [10.75, 4.5, 10.875, 4.625], "texture": "#2"},
				"west": {"uv": [4.75, 10.75, 4.875, 10.875], "texture": "#2"},
				"up": {"uv": [10.875, 4.875, 10.75, 4.75], "texture": "#2"},
				"down": {"uv": [5.125, 10.75, 5, 10.875], "texture": "#2"}
			}
		},
		{
			"from": [5.0964, 0.0256, 5.3464],
			"to": [10.4036, 0.3573, 10.6536],
			"rotation": {"angle": 0, "axis": "y", "origin": [-2.8644, -2.6144, -2.6144]},
			"faces": {
				"north": {"uv": [7, 3.75, 8.375, 3.875], "texture": "#2"},
				"east": {"uv": [7, 4, 8.375, 4.125], "texture": "#2"},
				"south": {"uv": [7, 4.25, 8.375, 4.375], "texture": "#2"},
				"west": {"uv": [7, 5, 8.375, 5.125], "texture": "#2"},
				"up": {"uv": [1.375, 1.375, 0, 0], "texture": "#2"},
				"down": {"uv": [1.375, 1.5, 0, 2.875], "texture": "#2"}
			}
		},
		{
			"from": [0.63, 5.642, 7.46],
			"to": [1.53, 6.362, 8.9],
			"rotation": {"angle": -22.5, "axis": "z", "origin": [0.99, 1.25, 2.24]},
			"faces": {
				"north": {"uv": [5.25, 8.75, 5.625, 9], "texture": "#2"},
				"east": {"uv": [8.25, 7.75, 8.75, 8], "texture": "#2"},
				"south": {"uv": [8.75, 6.75, 9.125, 7], "texture": "#2"},
				"west": {"uv": [0, 8.5, 0.5, 8.75], "texture": "#2"},
				"up": {"uv": [6.125, 3.5, 5.75, 3], "texture": "#2"},
				"down": {"uv": [5.625, 5.75, 5.25, 6.25], "texture": "#2"}
			}
		},
		{
			"from": [1.53, 5.426, 7.46],
			"to": [2.61, 6.146, 8.9],
			"rotation": {"angle": 0, "axis": "y", "origin": [0.99, 1.25, 2.24]},
			"faces": {
				"north": {"uv": [8.75, 7, 9.125, 7.25], "texture": "#2"},
				"east": {"uv": [8.5, 0.25, 9, 0.5], "texture": "#2"},
				"south": {"uv": [8.75, 7.25, 9.125, 7.5], "texture": "#2"},
				"west": {"uv": [0.5, 8.5, 1, 8.75], "texture": "#2"},
				"up": {"uv": [6.125, 6.25, 5.75, 5.75], "texture": "#2"},
				"down": {"uv": [6.375, 4.5, 6, 5], "texture": "#2"}
			}
		},
		{
			"from": [2.502, 4.85, 7.46],
			"to": [3.402, 5.57, 8.9],
			"rotation": {"angle": 22.5, "axis": "z", "origin": [0.99, 1.25, 2.24]},
			"faces": {
				"north": {"uv": [8.75, 7.5, 9.125, 7.75], "texture": "#2"},
				"east": {"uv": [8.5, 0.5, 9, 0.75], "texture": "#2"},
				"south": {"uv": [8.75, 7.75, 9.125, 8], "texture": "#2"},
				"west": {"uv": [8.5, 0.75, 9, 1], "texture": "#2"},
				"up": {"uv": [6.625, 3.5, 6.25, 3], "texture": "#2"},
				"down": {"uv": [5.625, 6.25, 5.25, 6.75], "texture": "#2"}
			}
		},
		{
			"from": [3.33, 3.914, 7.46],
			"to": [4.05, 4.634, 8.9],
			"rotation": {"angle": 45, "axis": "z", "origin": [0.99, 1.25, 2.24]},
			"faces": {
				"north": {"uv": [2.75, 5.25, 3, 5.5], "texture": "#2"},
				"east": {"uv": [1, 8.5, 1.5, 8.75], "texture": "#2"},
				"south": {"uv": [5, 7, 5.25, 7.25], "texture": "#2"},
				"west": {"uv": [8.5, 1, 9, 1.25], "texture": "#2"},
				"up": {"uv": [1.75, 9, 1.5, 8.5], "texture": "#2"},
				"down": {"uv": [2, 8.5, 1.75, 9], "texture": "#2"}
			}
		},
		{
			"from": [-1.242, 3.986, 7.46],
			"to": [-0.522, 4.706, 8.9],
			"rotation": {"angle": -22.5, "axis": "z", "origin": [0.99, 1.25, 2.24]},
			"faces": {
				"north": {"uv": [9, 2.5, 9.25, 2.75], "texture": "#2"},
				"east": {"uv": [2, 8.5, 2.5, 8.75], "texture": "#2"},
				"south": {"uv": [2.75, 9, 3, 9.25], "texture": "#2"},
				"west": {"uv": [8.5, 2, 9, 2.25], "texture": "#2"},
				"up": {"uv": [8.75, 2.75, 8.5, 2.25], "texture": "#2"},
				"down": {"uv": [2.75, 8.5, 2.5, 9], "texture": "#2"}
			}
		},
		{
			"from": [-0.018, 3.41, 7.46],
			"to": [0.702, 4.67, 8.9],
			"rotation": {"angle": 0, "axis": "y", "origin": [0.99, 1.25, 2.24]},
			"faces": {
				"north": {"uv": [2.75, 8.5, 3, 9], "texture": "#2"},
				"east": {"uv": [5, 4, 5.5, 4.5], "texture": "#2"},
				"south": {"uv": [3, 8.5, 3.25, 9], "texture": "#2"},
				"west": {"uv": [4.5, 5, 5, 5.5], "texture": "#2"},
				"up": {"uv": [3.5, 9, 3.25, 8.5], "texture": "#2"},
				"down": {"uv": [3.75, 8.5, 3.5, 9], "texture": "#2"}
			}
		},
		{
			"from": [0.918, 3.05, 7.46],
			"to": [1.638, 3.59, 8.9],
			"rotation": {"angle": 22.5, "axis": "z", "origin": [0.99, 1.25, 2.24]},
			"faces": {
				"north": {"uv": [9, 2.75, 9.25, 3], "texture": "#2"},
				"east": {"uv": [8.5, 2.75, 9, 3], "texture": "#2"},
				"south": {"uv": [3, 9, 3.25, 9.25], "texture": "#2"},
				"west": {"uv": [8.5, 3.5, 9, 3.75], "texture": "#2"},
				"up": {"uv": [4, 9, 3.75, 8.5], "texture": "#2"},
				"down": {"uv": [8.75, 3.75, 8.5, 4.25], "texture": "#2"}
			}
		},
		{
			"from": [-0.306, 2.366, 7.46],
			"to": [1.494, 3.086, 8.9],
			"rotation": {"angle": -22.5, "axis": "z", "origin": [0.99, 1.25, 2.24]},
			"faces": {
				"north": {"uv": [4.25, 7, 4.875, 7.25], "texture": "#2"},
				"east": {"uv": [4, 8.5, 4.5, 8.75], "texture": "#2"},
				"south": {"uv": [7, 8, 7.625, 8.25], "texture": "#2"},
				"west": {"uv": [8.5, 4.25, 9, 4.5], "texture": "#2"},
				"up": {"uv": [3.625, 5.5, 3, 5], "texture": "#2"},
				"down": {"uv": [4.375, 5, 3.75, 5.5], "texture": "#2"}
			}
		},
		{
			"from": [1.89, 2.114, 7.46],
			"to": [4.05, 2.834, 8.9],
			"rotation": {"angle": 0, "axis": "y", "origin": [0.99, 1.25, 2.24]},
			"faces": {
				"north": {"uv": [5.75, 6.25, 6.5, 6.5], "texture": "#2"},
				"east": {"uv": [4.5, 8.5, 5, 8.75], "texture": "#2"},
				"south": {"uv": [6.25, 5.75, 7, 6], "texture": "#2"},
				"west": {"uv": [8.5, 5, 9, 5.25], "texture": "#2"},
				"up": {"uv": [5.75, 0.75, 5, 0.25], "texture": "#2"},
				"down": {"uv": [5.75, 0.75, 5, 1.25], "texture": "#2"}
			}
		},
		{
			"from": [7.45398, 6.14097, 5.64816],
			"to": [9.28428, 6.56148, 7.36407],
			"rotation": {"angle": 0, "axis": "y", "origin": [4.59413, 13.41537, 2.90271]},
			"faces": {
				"north": {"uv": [6, 2, 7.25, 2.25], "texture": "#4"},
				"east": {"uv": [5.5, 6.5, 6.625, 6.75], "texture": "#4"},
				"south": {"uv": [2.5, 6, 3.75, 6.25], "texture": "#4"},
				"west": {"uv": [6.5, 6, 7.625, 6.25], "texture": "#4"},
				"up": {"uv": [1.25, 1.125, 0, 0], "texture": "#4"},
				"down": {"uv": [1.25, 0, 0, 1.125], "texture": "#4"}
			}
		},
		{
			"from": [9.51307, 6.08269, 2.55953],
			"to": [10.19943, 6.19708, 3.70346],
			"rotation": {"angle": -22.5, "axis": "y", "origin": [4.59413, 1.96451, 2.90271]},
			"faces": {
				"north": {"uv": [0, 7, 0.5, 7.125], "texture": "#4"},
				"east": {"uv": [3, 7, 3.75, 7.125], "texture": "#4"},
				"south": {"uv": [4, 7, 4.5, 7.125], "texture": "#4"},
				"west": {"uv": [7, 3, 7.75, 3.125], "texture": "#4"},
				"up": {"uv": [0.5, 3.75, 0, 3], "texture": "#4"},
				"down": {"uv": [3.5, 0, 3, 0.75], "texture": "#4"}
			}
		},
		{
			"from": [6.9964, 6.08269, 4.61861],
			"to": [7.68277, 6.19708, 5.76255],
			"rotation": {"angle": 22.5, "axis": "y", "origin": [7.33958, 6.19708, 5.07619]},
			"faces": {
				"north": {"uv": [0, 9.5, 0.5, 9.625], "texture": "#4"},
				"east": {"uv": [7, 3.5, 7.75, 3.625], "texture": "#4"},
				"south": {"uv": [9.5, 0, 10, 0.125], "texture": "#4"},
				"west": {"uv": [7, 4, 7.75, 4.125], "texture": "#4"},
				"up": {"uv": [3, 4.25, 2.5, 3.5], "texture": "#4"},
				"down": {"uv": [1.5, 3, 1, 3.75], "texture": "#4"}
			}
		},
		{
			"from": [8.93239, 6.08269, 7.32029],
			"to": [9.61875, 6.19708, 8.46423],
			"rotation": {"angle": 22.5, "axis": "y", "origin": [9.27557, 6.13989, 7.89226]},
			"faces": {
				"north": {"uv": [0.5, 9.5, 1, 9.625], "texture": "#4"},
				"east": {"uv": [7, 4.5, 7.75, 4.625], "texture": "#4"},
				"south": {"uv": [9.5, 0.5, 10, 0.625], "texture": "#4"},
				"west": {"uv": [5, 7, 5.75, 7.125], "texture": "#4"},
				"up": {"uv": [1, 4.75, 0.5, 4], "texture": "#4"},
				"down": {"uv": [2, 3, 1.5, 3.75], "texture": "#4"}
			}
		},
		{
			"from": [6.31004, 6.19708, 5.30498],
			"to": [7.45398, 6.31148, 5.99134],
			"rotation": {"angle": -22.5, "axis": "y", "origin": [6.88201, 6.25428, 5.99134]},
			"faces": {
				"north": {"uv": [7, 5, 7.75, 5.125], "texture": "#4"},
				"east": {"uv": [1, 9.5, 1.5, 9.625], "texture": "#4"},
				"south": {"uv": [7, 5.5, 7.75, 5.625], "texture": "#4"},
				"west": {"uv": [9.5, 1, 10, 1.125], "texture": "#4"},
				"up": {"uv": [2.75, 3.5, 2, 3], "texture": "#4"},
				"down": {"uv": [3.75, 2, 3, 2.5], "texture": "#4"}
			}
		},
		{
			"from": [9.19424, 6.19708, 6.88324],
			"to": [10.33817, 6.31148, 7.5696],
			"rotation": {"angle": -22.5, "axis": "y", "origin": [9.76621, 6.25428, 7.22642]},
			"faces": {
				"north": {"uv": [6, 7, 6.75, 7.125], "texture": "#4"},
				"east": {"uv": [1.5, 9.5, 2, 9.625], "texture": "#4"},
				"south": {"uv": [7, 6.5, 7.75, 6.625], "texture": "#4"},
				"west": {"uv": [9.5, 1.5, 10, 1.625], "texture": "#4"},
				"up": {"uv": [3.75, 3, 3, 2.5], "texture": "#4"},
				"down": {"uv": [3.75, 3, 3, 3.5], "texture": "#4"}
			}
		},
		{
			"from": [9.19113, 6.19708, 5.39612],
			"to": [10.33506, 6.31148, 6.08249],
			"rotation": {"angle": 22.5, "axis": "y", "origin": [9.76309, 6.25428, 5.73931]},
			"faces": {
				"north": {"uv": [7, 7, 7.75, 7.125], "texture": "#4"},
				"east": {"uv": [2, 9.5, 2.5, 9.625], "texture": "#4"},
				"south": {"uv": [0, 7.5, 0.75, 7.625], "texture": "#4"},
				"west": {"uv": [9.5, 2, 10, 2.125], "texture": "#4"},
				"up": {"uv": [3.75, 3, 3, 2.5], "texture": "#4"},
				"down": {"uv": [4.25, 0.5, 3.5, 1], "texture": "#4"}
			}
		},
		{
			"from": [7.68277, 6.19708, 4.38983],
			"to": [8.36913, 6.31148, 5.53376],
			"rotation": {"angle": -22.5, "axis": "y", "origin": [8.25473, 6.25428, 7.47846]},
			"faces": {
				"north": {"uv": [3, 9.5, 3.5, 9.625], "texture": "#4"},
				"east": {"uv": [7.5, 1.5, 8.25, 1.625], "texture": "#4"},
				"south": {"uv": [3.5, 9.5, 4, 9.625], "texture": "#4"},
				"west": {"uv": [2, 7.5, 2.75, 7.625], "texture": "#4"},
				"up": {"uv": [3, 4.25, 2.5, 3.5], "texture": "#4"},
				"down": {"uv": [3.5, 3.5, 3, 4.25], "texture": "#4"}
			}
		},
		{
			"from": [8.59696, 6.19708, 7.3655],
			"to": [9.28332, 6.31148, 8.50944],
			"rotation": {"angle": 22.5, "axis": "y", "origin": [8.94014, 6.25428, 7.93747]},
			"faces": {
				"north": {"uv": [4, 9.5, 4.5, 9.625], "texture": "#4"},
				"east": {"uv": [7.5, 2, 8.25, 2.125], "texture": "#4"},
				"south": {"uv": [4.5, 9.5, 5, 9.625], "texture": "#4"},
				"west": {"uv": [3, 7.5, 3.75, 7.625], "texture": "#4"},
				"up": {"uv": [1, 4.75, 0.5, 4], "texture": "#4"},
				"down": {"uv": [0.5, 4, 0, 4.75], "texture": "#4"}
			}
		},
		{
			"from": [7.4813, 6.19708, 7.34737],
			"to": [8.16766, 6.31148, 8.49131],
			"rotation": {"angle": -22.5, "axis": "y", "origin": [7.82448, 6.25428, 7.91934]},
			"faces": {
				"north": {"uv": [5, 9.5, 5.5, 9.625], "texture": "#4"},
				"east": {"uv": [4, 7.5, 4.75, 7.625], "texture": "#4"},
				"south": {"uv": [5.5, 9.5, 6, 9.625], "texture": "#4"},
				"west": {"uv": [5, 7.5, 5.75, 7.625], "texture": "#4"},
				"up": {"uv": [1, 4.75, 0.5, 4], "texture": "#4"},
				"down": {"uv": [1.5, 4, 1, 4.75], "texture": "#4"}
			}
		},
		{
			"from": [6.31004, 6.19708, 6.90649],
			"to": [7.45398, 6.31148, 7.59285],
			"rotation": {"angle": 22.5, "axis": "y", "origin": [6.88201, 6.25428, 7.02088]},
			"faces": {
				"north": {"uv": [6, 7.5, 6.75, 7.625], "texture": "#4"},
				"east": {"uv": [6, 9.5, 6.5, 9.625], "texture": "#4"},
				"south": {"uv": [7, 7.5, 7.75, 7.625], "texture": "#4"},
				"west": {"uv": [6.5, 9.5, 7, 9.625], "texture": "#4"},
				"up": {"uv": [4.75, 1.5, 4, 1], "texture": "#4"},
				"down": {"uv": [4.75, 1.5, 4, 2], "texture": "#4"}
			}
		},
		{
			"from": [6.31004, 6.08269, 6.10573],
			"to": [7.45398, 6.19708, 6.7921],
			"rotation": {"angle": 0, "axis": "y", "origin": [7.1108, 6.19708, 6.44892]},
			"faces": {
				"north": {"uv": [0, 8, 0.75, 8.125], "texture": "#4"},
				"east": {"uv": [7, 9.5, 7.5, 9.625], "texture": "#4"},
				"south": {"uv": [1, 8, 1.75, 8.125], "texture": "#4"},
				"west": {"uv": [7.5, 9.5, 8, 9.625], "texture": "#4"},
				"up": {"uv": [4.75, 2.5, 4, 2], "texture": "#4"},
				"down": {"uv": [4.75, 2.5, 4, 3], "texture": "#4"}
			}
		},
		{
			"from": [7.01382, 6.08269, 7.27651],
			"to": [7.70018, 6.19708, 8.42045],
			"rotation": {"angle": -22.5, "axis": "y", "origin": [7.357, 6.13989, 7.84848]},
			"faces": {
				"north": {"uv": [8, 9.5, 8.5, 9.625], "texture": "#4"},
				"east": {"uv": [2, 8, 2.75, 8.125], "texture": "#4"},
				"south": {"uv": [8.5, 9.5, 9, 9.625], "texture": "#4"},
				"west": {"uv": [3, 8, 3.75, 8.125], "texture": "#4"},
				"up": {"uv": [2, 4.75, 1.5, 4], "texture": "#4"},
				"down": {"uv": [4.5, 3, 4, 3.75], "texture": "#4"}
			}
		},
		{
			"from": [8.02595, 6.08269, 7.36407],
			"to": [8.71231, 6.19708, 8.508],
			"rotation": {"angle": 0, "axis": "y", "origin": [8.36913, 6.13989, 7.93603]},
			"faces": {
				"north": {"uv": [9, 9.5, 9.5, 9.625], "texture": "#4"},
				"east": {"uv": [8, 3, 8.75, 3.125], "texture": "#4"},
				"south": {"uv": [9.5, 9.5, 10, 9.625], "texture": "#4"},
				"west": {"uv": [8, 3.5, 8.75, 3.625], "texture": "#4"},
				"up": {"uv": [1, 4.75, 0.5, 4], "texture": "#4"},
				"down": {"uv": [5, 0, 4.5, 0.75], "texture": "#4"}
			}
		},
		{
			"from": [9.25863, 6.08269, 6.09119],
			"to": [10.40257, 6.19708, 6.77755],
			"rotation": {"angle": 0, "axis": "y", "origin": [9.8306, 6.13989, 6.43437]},
			"faces": {
				"north": {"uv": [4, 8, 4.75, 8.125], "texture": "#4"},
				"east": {"uv": [0, 10, 0.5, 10.125], "texture": "#4"},
				"south": {"uv": [8, 4, 8.75, 4.125], "texture": "#4"},
				"west": {"uv": [10, 0, 10.5, 0.125], "texture": "#4"},
				"up": {"uv": [3.75, 3, 3, 2.5], "texture": "#4"},
				"down": {"uv": [3.75, 4.5, 3, 5], "texture": "#4"}
			}
		},
		{
			"from": [8.02595, 6.08269, 4.50422],
			"to": [8.71231, 6.19708, 5.64816],
			"rotation": {"angle": 0, "axis": "y", "origin": [4.59413, 1.96451, 2.90271]},
			"faces": {
				"north": {"uv": [1, 10, 1.5, 10.125], "texture": "#4"},
				"east": {"uv": [8, 5, 8.75, 5.125], "texture": "#4"},
				"south": {"uv": [10, 1, 10.5, 1.125], "texture": "#4"},
				"west": {"uv": [8, 5.5, 8.75, 5.625], "texture": "#4"},
				"up": {"uv": [3, 4.25, 2.5, 3.5], "texture": "#4"},
				"down": {"uv": [5.5, 0, 5, 0.75], "texture": "#4"}
			}
		},
		{
			"from": [7.51933, 6.19708, 4.03627],
			"to": [8.20569, 6.31148, 5.18021],
			"rotation": {"angle": 22.5, "axis": "y", "origin": [9.00645, 6.25428, 5.06581]},
			"faces": {
				"north": {"uv": [5.5, 10, 6, 10.125], "texture": "#4"},
				"east": {"uv": [3, 8.5, 3.75, 8.625], "texture": "#4"},
				"south": {"uv": [10, 5.5, 10.5, 5.625], "texture": "#4"},
				"west": {"uv": [4, 8.5, 4.75, 8.625], "texture": "#4"},
				"up": {"uv": [3, 4.25, 2.5, 3.5], "texture": "#4"},
				"down": {"uv": [6, 1.5, 5.5, 2.25], "texture": "#4"}
			}
		},
		{
			"from": [9.57455, 6.44708, 6.54641],
			"to": [10.52678, 6.56148, 7.23277],
			"rotation": {"angle": -22.5, "axis": "y", "origin": [9.76309, 3.56256, 5.73931]},
			"faces": {
				"north": {"uv": [4, 9, 4.625, 9.125], "texture": "#4"},
				"east": {"uv": [6, 10, 6.5, 10.125], "texture": "#4"},
				"south": {"uv": [9, 4, 9.625, 4.125], "texture": "#4"},
				"west": {"uv": [10, 6, 10.5, 6.125], "texture": "#4"},
				"up": {"uv": [6.625, 3, 6, 2.5], "texture": "#4"},
				"down": {"uv": [6.625, 3, 6, 3.5], "texture": "#4"}
			}
		},
		{
			"from": [8.99941, 6.44708, 5.58784],
			"to": [9.95163, 6.56148, 6.2742],
			"rotation": {"angle": 22.5, "axis": "y", "origin": [9.76309, 3.56256, 5.73931]},
			"faces": {
				"north": {"uv": [9, 4.5, 9.625, 4.625], "texture": "#4"},
				"east": {"uv": [6.5, 10, 7, 10.125], "texture": "#4"},
				"south": {"uv": [5, 9, 5.625, 9.125], "texture": "#4"},
				"west": {"uv": [10, 6.5, 10.5, 6.625], "texture": "#4"},
				"up": {"uv": [6.625, 4, 6, 3.5], "texture": "#4"},
				"down": {"uv": [4.625, 6, 4, 6.5], "texture": "#4"}
			}
		},
		{
			"from": [7.61002, 6.44708, 7.42613],
			"to": [8.29639, 6.56148, 8.37835],
			"rotation": {"angle": -22.5, "axis": "y", "origin": [8.58663, 5.00428, 7.3271]},
			"faces": {
				"north": {"uv": [7, 10, 7.5, 10.125], "texture": "#4"},
				"east": {"uv": [9, 5, 9.625, 5.125], "texture": "#4"},
				"south": {"uv": [10, 7, 10.5, 7.125], "texture": "#4"},
				"west": {"uv": [9, 5.5, 9.625, 5.625], "texture": "#4"},
				"up": {"uv": [5.5, 6.625, 5, 6], "texture": "#4"},
				"down": {"uv": [6.5, 5.5, 6, 6.125], "texture": "#4"}
			}
		},
		{
			"from": [8.43597, 6.44708, 7.42733],
			"to": [9.12233, 6.56148, 8.37956],
			"rotation": {"angle": 22.5, "axis": "y", "origin": [8.01229, 3.75428, 7.71173]},
			"faces": {
				"north": {"uv": [7.5, 10, 8, 10.125], "texture": "#4"},
				"east": {"uv": [6, 9, 6.625, 9.125], "texture": "#4"},
				"south": {"uv": [10, 7.5, 10.5, 7.625], "texture": "#4"},
				"west": {"uv": [9, 6, 9.625, 6.125], "texture": "#4"},
				"up": {"uv": [7, 0.625, 6.5, 0], "texture": "#4"},
				"down": {"uv": [1, 6.5, 0.5, 7.125], "texture": "#4"}
			}
		},
		{
			"from": [6.8443, 6.44708, 6.58469],
			"to": [7.79652, 6.56148, 7.27106],
			"rotation": {"angle": 22.5, "axis": "y", "origin": [6.93698, 3.75428, 7.11959]},
			"faces": {
				"north": {"uv": [9, 6.5, 9.625, 6.625], "texture": "#4"},
				"east": {"uv": [8, 10, 8.5, 10.125], "texture": "#4"},
				"south": {"uv": [7, 9, 7.625, 9.125], "texture": "#4"},
				"west": {"uv": [10, 8, 10.5, 8.125], "texture": "#4"},
				"up": {"uv": [7.125, 1.5, 6.5, 1], "texture": "#4"},
				"down": {"uv": [7.125, 1.5, 6.5, 2], "texture": "#4"}
			}
		},
		{
			"from": [6.50705, 6.44708, 5.65611],
			"to": [7.45928, 6.56148, 6.34248],
			"rotation": {"angle": -22.5, "axis": "y", "origin": [7.17488, 3.75428, 6.19101]},
			"faces": {
				"north": {"uv": [9, 7, 9.625, 7.125], "texture": "#4"},
				"east": {"uv": [8.5, 10, 9, 10.125], "texture": "#4"},
				"south": {"uv": [9, 7.5, 9.625, 7.625], "texture": "#4"},
				"west": {"uv": [10, 8.5, 10.5, 8.625], "texture": "#4"},
				"up": {"uv": [3.125, 7, 2.5, 6.5], "texture": "#4"},
				"down": {"uv": [4.125, 6.5, 3.5, 7], "texture": "#4"}
			}
		},
		{
			"from": [7.55598, 6.44708, 4.72875],
			"to": [8.24234, 6.56148, 5.68097],
			"rotation": {"angle": 22.5, "axis": "y", "origin": [8.09087, 5.00428, 5.39657]},
			"faces": {
				"north": {"uv": [9, 10, 9.5, 10.125], "texture": "#4"},
				"east": {"uv": [8, 9, 8.625, 9.125], "texture": "#4"},
				"south": {"uv": [10, 9, 10.5, 9.125], "texture": "#4"},
				"west": {"uv": [9, 8, 9.625, 8.125], "texture": "#4"},
				"up": {"uv": [1.5, 7.125, 1, 6.5], "texture": "#4"},
				"down": {"uv": [7, 4, 6.5, 4.625], "texture": "#4"}
			}
		},
		{
			"from": [8.52954, 6.44708, 4.80412],
			"to": [9.2159, 6.56148, 5.75634],
			"rotation": {"angle": -45, "axis": "y", "origin": [8.87272, 3.75428, 5.28023]},
			"faces": {
				"north": {"uv": [9.5, 10, 10, 10.125], "texture": "#4"},
				"east": {"uv": [9, 8.5, 9.625, 8.625], "texture": "#4"},
				"south": {"uv": [10, 9.5, 10.5, 9.625], "texture": "#4"},
				"west": {"uv": [9, 9, 9.625, 9.125], "texture": "#4"},
				"up": {"uv": [5, 7.125, 4.5, 6.5], "texture": "#4"},
				"down": {"uv": [7, 5, 6.5, 5.625], "texture": "#4"}
			}
		}
	],
	"display": {
		"thirdperson_righthand": {
			"rotation": [-175.23, 88.05, -129.94],
			"translation": [0, 2.75, 0],
			"scale": [0.44, 0.44, 0.44]
		},
		"thirdperson_lefthand": {
			"rotation": [-68, -86, -129.94],
			"translation": [0, 3, 0.5],
			"scale": [0.41, 0.41, 0.41]
		},
		"firstperson_righthand": {
			"rotation": [0, 106, 0],
			"translation": [-2.5, 6.75, 1.5],
			"scale": [0.91, 0.91, 0.91]
		},
		"firstperson_lefthand": {
			"rotation": [0, 106, 0],
			"translation": [-2.5, 6.75, 1.5],
			"scale": [0.91, 0.91, 0.91]
		},
		"ground": {
			"translation": [0, 2.75, 0],
			"scale": [0.63, 0.63, 0.63]
		},
		"gui": {
			"rotation": [-162.58, -149, 169.95],
			"translation": [1.5, 4.25, 0],
			"scale": [1.14, 1.14, 1.14]
		},
		"head": {
			"rotation": [0, 90, 0],
			"translation": [0, 5.25, 0],
			"scale": [1.88, 1.88, 1.88]
		},
		"fixed": {
			"rotation": [-90, 0, 0],
			"translation": [0, 0, -9.75],
			"scale": [1.21, 1.21, 1.21]
		}
	},
	"groups": [
		{
			"name": "group",
			"origin": [8, 8, 8],
			"color": 0,
			"children": [0, 1, 2, 3, 4, 5, 6, 7, 8, 9, 10, 11, 12, 13, 14, 15, 16, 17, 18, 19]
		},
		{
			"name": "group",
			"origin": [8, 8, 8],
			"color": 0,
			"children": [20, 21, 22, 23, 24]
		},
		{
			"name": "group",
			"origin": [8, 8, 8],
			"color": 0,
			"children": [
				25,
				26,
				27,
				28,
				29,
				30,
				31,
				32,
				33,
				34,
				35,
				36,
				37,
				38,
				39,
				40,
				41,
				42,
				43,
				44,
				45,
				46,
				47,
				48,
				49,
				50,
				51,
				52,
				53,
				54,
				55,
				56,
				57,
				58,
				59,
				60,
				61,
				62,
				63,
				64,
				65,
				66,
				67,
				68,
				69,
				70,
				71,
				72,
				73,
				74,
				75,
				76,
				77,
				78,
				79,
				80,
				81,
				82,
				83,
				84,
				85,
				86,
				87,
				88,
				89,
				90,
				91,
				92,
				93,
				94,
				95,
				96,
				97,
				98,
				99,
				100,
				101,
				102,
				103,
				104,
				105,
				106,
				107,
				108,
				109,
				110,
				111,
				112,
				113,
				114,
				115,
				116,
				117,
				118,
				119,
				120,
				121,
				122,
				123,
				124,
				125,
				126,
				127,
				128,
				129,
				130,
				131,
				132,
				133,
				134,
				135,
				136,
				137,
				138,
				139,
				140,
				141,
				142
			]
		},
		{
			"name": "group",
			"origin": [-6.4796, -3.88224, -6.4796],
			"color": 0,
			"children": [143, 144, 145, 146, 147, 148, 149, 150, 151, 152, 153, 154, 155, 156, 157, 158, 159, 160, 161, 162, 163, 164, 165, 166, 167]
		}
	]
}