{
	"credit": "Made with Blockbench",
	"textures": {
		"1": "politmine/item/brewery/loot_chest_egg/gold_slitok_kr4",
		"2": "politmine/item/brewery/loot_chest_egg/egggg11",
		"3": "politmine/item/brewery/loot_chest_egg/texture23",
		"4": "politmine/item/brewery/loot_chest_egg/texture13",
		"particle": "politmine/item/brewery/loot_chest_egg/texture23"
	},
	"elements": [
		{
			"from": [10, 4, 12],
			"to": [11, 7, 13],
			"faces": {
				"north": {"uv": [0, 0, 1, 3], "texture": "#3"},
				"east": {"uv": [0, 0, 32, 32], "texture": "#3"},
				"south": {"uv": [0, 0, 32, 32], "texture": "#3"},
				"west": {"uv": [0, 0, 32, 32], "texture": "#3"},
				"up": {"uv": [32, 0, 0, 32], "texture": "#3"},
				"down": {"uv": [32, 0, 0, 32], "texture": "#3"}
			}
		},
		{
			"from": [7, 0, 6],
			"to": [10, 1, 11],
			"faces": {
				"north": {"uv": [0, 0, 3, 1], "texture": "#4"},
				"east": {"uv": [0, 0, 16, 16], "texture": "#4"},
				"south": {"uv": [0, 0, 16, 16], "texture": "#4"},
				"west": {"uv": [0, 0, 16, 16], "texture": "#4"},
				"up": {"uv": [16, 0, 0, 16], "texture": "#4"},
				"down": {"uv": [16, 0, 0, 16], "texture": "#4"}
			}
		},
		{
			"from": [4.95, 4.5, 4.975],
			"to": [11.975, 5.5, 12.025],
			"faces": {
				"north": {"uv": [0, 0, 7.025, 1], "texture": "#3"},
				"east": {"uv": [0, 0, 32, 32], "texture": "#3"},
				"south": {"uv": [0, 0, 32, 32], "texture": "#3"},
				"west": {"uv": [0, 0, 32, 32], "texture": "#3"},
				"up": {"uv": [32, 0, 0, 32], "texture": "#3"},
				"down": {"uv": [32, 0, 0, 32], "texture": "#3"}
			}
		},
		{
			"from": [6, 0, 7],
			"to": [7, 1, 10],
			"faces": {
				"north": {"uv": [0, 0, 1, 1], "texture": "#4"},
				"east": {"uv": [0, 0, 16, 16], "texture": "#4"},
				"south": {"uv": [0, 0, 16, 16], "texture": "#4"},
				"west": {"uv": [0, 0, 16, 16], "texture": "#4"},
				"up": {"uv": [16, 0, 0, 16], "texture": "#4"},
				"down": {"uv": [16, 0, 0, 16], "texture": "#4"}
			}
		},
		{
			"from": [10, 0, 7],
			"to": [11, 1, 10],
			"faces": {
				"north": {"uv": [0, 0, 1, 1], "texture": "#4"},
				"east": {"uv": [0, 0, 16, 16], "texture": "#4"},
				"south": {"uv": [-12, 0, 4, 16], "texture": "#4"},
				"west": {"uv": [0, 0, 16, 16], "texture": "#4"},
				"up": {"uv": [16, 0, 0, 16], "texture": "#4"},
				"down": {"uv": [16, 0, 0, 16], "texture": "#4"}
			}
		},
		{
			"from": [7, 1, 5],
			"to": [10, 2, 6],
			"faces": {
				"north": {"uv": [0, 0, 3, 1], "texture": "#3"},
				"east": {"uv": [0, 0, 32, 32], "texture": "#3"},
				"south": {"uv": [0, 0, 32, 32], "texture": "#3"},
				"west": {"uv": [0, 0, 32, 32], "texture": "#3"},
				"up": {"uv": [32, 0, 0, 32], "texture": "#3"},
				"down": {"uv": [32, 0, 0, 32], "texture": "#3"}
			}
		},
		{
			"from": [7, 1, 11],
			"to": [10, 2, 12],
			"faces": {
				"north": {"uv": [0, 0, 3, 1], "texture": "#3"},
				"east": {"uv": [0, 0, 32, 32], "texture": "#3"},
				"south": {"uv": [0, 0, 32, 32], "texture": "#3"},
				"west": {"uv": [0, 0, 32, 32], "texture": "#3"},
				"up": {"uv": [32, 0, 0, 32], "texture": "#3"},
				"down": {"uv": [32, 0, 0, 32], "texture": "#3"}
			}
		},
		{
			"from": [11, 1, 7],
			"to": [12, 2, 10],
			"faces": {
				"north": {"uv": [0, 0, 1, 1], "texture": "#4"},
				"east": {"uv": [0, 0, 16, 16], "texture": "#4"},
				"south": {"uv": [0, 0, 16, 16], "texture": "#4"},
				"west": {"uv": [0, 0, 16, 16], "texture": "#4"},
				"up": {"uv": [16, 0, 0, 16], "texture": "#4"},
				"down": {"uv": [16, 0, 0, 16], "texture": "#4"}
			}
		},
		{
			"from": [4.25, 2, 7],
			"to": [5.25, 4, 10],
			"faces": {
				"north": {"uv": [0, 0, 1, 2], "texture": "#4"},
				"east": {"uv": [0, 0, 16, 16], "texture": "#4"},
				"south": {"uv": [0, 0, 16, 16], "texture": "#4"},
				"west": {"uv": [0, 0, 16, 16], "texture": "#4"},
				"up": {"uv": [16, 0, 0, 16], "texture": "#4"},
				"down": {"uv": [16, 0, 0, 16], "texture": "#4"}
			}
		},
		{
			"from": [5.25, 1, 7],
			"to": [6, 2, 10],
			"faces": {
				"north": {"uv": [0, 0, 0.75, 1], "texture": "#4"},
				"east": {"uv": [0, 0, 16, 16], "texture": "#4"},
				"south": {"uv": [0, 0, 16, 16], "texture": "#4"},
				"west": {"uv": [0, 0, 16, 16], "texture": "#4"},
				"up": {"uv": [16, 0, 0, 16], "texture": "#4"},
				"down": {"uv": [16, 0, 0, 16], "texture": "#4"}
			}
		},
		{
			"from": [7, 4, 3.5],
			"to": [10, 7, 5.5],
			"faces": {
				"north": {"uv": [0, 0, 3, 3], "texture": "#3"},
				"east": {"uv": [6, 0, 10, 6], "texture": "#3"},
				"south": {"uv": [0, 6, 6, 12], "texture": "#3"},
				"west": {"uv": [6, 6, 10, 12], "texture": "#3"},
				"up": {"uv": [16, 4, 10, 0], "texture": "#3"},
				"down": {"uv": [16, 4, 10, 8], "texture": "#3"}
			}
		},
		{
			"from": [6, 2, 5],
			"to": [7, 4, 6],
			"faces": {
				"north": {"uv": [0, 0, 1, 2], "texture": "#3"},
				"east": {"uv": [0, 0, 32, 32], "texture": "#3"},
				"south": {"uv": [0, 0, 32, 32], "texture": "#3"},
				"west": {"uv": [0, 0, 32, 32], "texture": "#3"},
				"up": {"uv": [32, 0, 0, 32], "texture": "#3"},
				"down": {"uv": [32, 0, 0, 32], "texture": "#3"}
			}
		},
		{
			"from": [4.25, 4, 7],
			"to": [5.5, 7, 10],
			"faces": {
				"north": {"uv": [0, 8, 1.25, 11], "texture": "#2"},
				"east": {"uv": [0, 8.625, 32, 32], "texture": "#2"},
				"south": {"uv": [0, 8.25, 32, 32], "texture": "#2"},
				"west": {"uv": [0.125, 8.5, 32, 32], "texture": "#2"},
				"up": {"uv": [32, 8.375, 0, 32], "texture": "#2"},
				"down": {"uv": [32, 8.5, 0.25, 32], "texture": "#2"}
			}
		},
		{
			"from": [3.75, 3.25, 6.25],
			"to": [4.5, 5.5, 7],
			"rotation": {"angle": 45, "axis": "x", "origin": [2, 4, 9]},
			"faces": {
				"north": {"uv": [0, 0.125, 0.75, 2.375], "texture": "#2"},
				"east": {"uv": [0, 0, 6, 6.875], "texture": "#2"},
				"south": {"uv": [0, 0, 5.75, 6.75], "texture": "#2"},
				"west": {"uv": [0, 0, 6, 6.875], "texture": "#2"},
				"up": {"uv": [6, 0, 0, 6.75], "texture": "#2"},
				"down": {"uv": [5.875, 0, 0, 6.875], "texture": "#2"}
			}
		},
		{
			"from": [13.0112, 16, 8.57317],
			"to": [15.2612, 16.75, 9.32317],
			"rotation": {"angle": 45, "axis": "y", "origin": [12, 16, 9]},
			"faces": {
				"north": {"uv": [0, 0, 5.875, 6.875], "texture": "#2"},
				"east": {"uv": [0, 0, 6, 6.875], "texture": "#2"},
				"south": {"uv": [0, 0, 6, 6.625], "texture": "#2"},
				"west": {"uv": [0, 0, 6, 6.625], "texture": "#2"},
				"up": {"uv": [6, 6.875, 0, 0], "texture": "#2"},
				"down": {"uv": [5.875, 0, 0, 6.75], "texture": "#2"}
			}
		},
		{
			"from": [12.61233, 16, 8.70952],
			"to": [14.86233, 16.75, 9.45952],
			"rotation": {"angle": -45, "axis": "y", "origin": [13, 16, 9]},
			"faces": {
				"north": {"uv": [0, 0, 6, 6.875], "texture": "#2"},
				"east": {"uv": [0, 0, 5.875, 6.75], "texture": "#2"},
				"south": {"uv": [0, 0, 6, 6.75], "texture": "#2"},
				"west": {"uv": [0, 0, 6, 6.75], "texture": "#2"},
				"up": {"uv": [6, 6.75, 0, 0], "texture": "#2"},
				"down": {"uv": [5.875, 0, 0, 6.75], "texture": "#2"}
			}
		},
		{
			"from": [3.775, 4, 10.25],
			"to": [4.525, 6.25, 11],
			"rotation": {"angle": -45, "axis": "x", "origin": [2, 4, 9]},
			"faces": {
				"north": {"uv": [0, 0, 0.75, 2.25], "texture": "#2"},
				"east": {"uv": [0, 0, 6, 6.85], "texture": "#2"},
				"south": {"uv": [0, 0, 6, 6.85], "texture": "#2"},
				"west": {"uv": [0, 0, 6, 6.85], "texture": "#2"},
				"up": {"uv": [5.875, 0, 0, 6.85], "texture": "#2"},
				"down": {"uv": [5.75, 0, 0, 6.85], "texture": "#2"}
			}
		},
		{
			"from": [7, 4, 11.5],
			"to": [10, 7, 13.5],
			"faces": {
				"north": {"uv": [0, 0, 3, 3], "texture": "#3"},
				"east": {"uv": [0, 0, 32, 32], "texture": "#3"},
				"south": {"uv": [0, 0, 32, 32], "texture": "#3"},
				"west": {"uv": [0, 0, 32, 32], "texture": "#3"},
				"up": {"uv": [32, 0, 0, 32], "texture": "#3"},
				"down": {"uv": [32, 0, 0, 32], "texture": "#3"}
			}
		},
		{
			"from": [11.5, 4, 7],
			"to": [13.5, 7, 10],
			"faces": {
				"north": {"uv": [0, 0, 2, 3], "texture": "#4"},
				"east": {"uv": [0, 0, 16, 16], "texture": "#4"},
				"south": {"uv": [0, 0, 16, 16], "texture": "#4"},
				"west": {"uv": [0, 0, 16, 16], "texture": "#4"},
				"up": {"uv": [16, 0, 0, 16], "texture": "#4"},
				"down": {"uv": [16, 0, 0, 16], "texture": "#4"}
			}
		},
		{
			"from": [11.5, 7, 7],
			"to": [12, 7.5, 10],
			"faces": {
				"north": {"uv": [0, 0, 0.5, 0.5], "texture": "#4"},
				"east": {"uv": [0, 0, 16, 16], "texture": "#4"},
				"south": {"uv": [0, 0, 16, 16], "texture": "#4"},
				"west": {"uv": [0, 0, 16, 16], "texture": "#4"},
				"up": {"uv": [16, 0, 0, 16], "texture": "#4"},
				"down": {"uv": [16, 0, 0, 16], "texture": "#4"}
			}
		},
		{
			"from": [7, 2, 4],
			"to": [10, 4, 5],
			"faces": {
				"north": {"uv": [0, 0, 3, 2], "texture": "#3"},
				"east": {"uv": [0, 0, 32, 32], "texture": "#3"},
				"south": {"uv": [0, 0, 32, 32], "texture": "#3"},
				"west": {"uv": [0, 0, 32, 32], "texture": "#3"},
				"up": {"uv": [32, 0, 0, 32], "texture": "#3"},
				"down": {"uv": [32, 0, 0, 32], "texture": "#3"}
			}
		},
		{
			"from": [10, 1, 10],
			"to": [11, 2, 11],
			"faces": {
				"north": {"uv": [0, 0, 1, 1], "texture": "#3"},
				"east": {"uv": [0, 0, 32, 32], "texture": "#3"},
				"south": {"uv": [0, 0, 32, 32], "texture": "#3"},
				"west": {"uv": [0, 0, 32, 32], "texture": "#3"},
				"up": {"uv": [32, 0, 0, 32], "texture": "#3"},
				"down": {"uv": [32, 0, 0, 32], "texture": "#3"}
			}
		},
		{
			"from": [10, 2, 5],
			"to": [11, 4, 6],
			"faces": {
				"north": {"uv": [0, 0, 1, 2], "texture": "#3"},
				"east": {"uv": [0, 0, 32, 32], "texture": "#3"},
				"south": {"uv": [0, 0, 32, 32], "texture": "#3"},
				"west": {"uv": [0, 0, 32, 32], "texture": "#3"},
				"up": {"uv": [32, 0, 0, 32], "texture": "#3"},
				"down": {"uv": [32, 0, 0, 32], "texture": "#3"}
			}
		},
		{
			"from": [7, 2, 12],
			"to": [10, 4, 13],
			"faces": {
				"north": {"uv": [0, 0, 3, 2], "texture": "#3"},
				"east": {"uv": [0, 0, 32, 32], "texture": "#3"},
				"south": {"uv": [0, 0, 32, 32], "texture": "#3"},
				"west": {"uv": [0, 0, 32, 32], "texture": "#3"},
				"up": {"uv": [32, 0, 0, 32], "texture": "#3"},
				"down": {"uv": [32, 0, 0, 32], "texture": "#3"}
			}
		},
		{
			"from": [10, 1, 6],
			"to": [11, 2, 7],
			"faces": {
				"north": {"uv": [0, 0, 1, 1], "texture": "#3"},
				"east": {"uv": [0, 0, 32, 32], "texture": "#3"},
				"south": {"uv": [0, 0, 32, 32], "texture": "#3"},
				"west": {"uv": [0, 0, 32, 32], "texture": "#3"},
				"up": {"uv": [32, 0, 0, 32], "texture": "#3"},
				"down": {"uv": [32, 0, 0, 32], "texture": "#3"}
			}
		},
		{
			"from": [12, 2, 7],
			"to": [13, 4, 10],
			"faces": {
				"north": {"uv": [0, 0, 1, 2], "texture": "#4"},
				"east": {"uv": [0, 0, 16, 16], "texture": "#4"},
				"south": {"uv": [0, 0, 16, 16], "texture": "#4"},
				"west": {"uv": [0, 0, 16, 16], "texture": "#4"},
				"up": {"uv": [16, 0, 0, 16], "texture": "#4"},
				"down": {"uv": [16, 0, 0, 16], "texture": "#4"}
			}
		},
		{
			"from": [6, 2, 11],
			"to": [7, 4, 12],
			"faces": {
				"north": {"uv": [0, 0, 1, 2], "texture": "#3"},
				"east": {"uv": [0, 0, 32, 32], "texture": "#3"},
				"south": {"uv": [0, 0, 32, 32], "texture": "#3"},
				"west": {"uv": [0, 0, 32, 32], "texture": "#3"},
				"up": {"uv": [32, 0, 0, 32], "texture": "#3"},
				"down": {"uv": [32, 0, 0, 32], "texture": "#3"}
			}
		},
		{
			"from": [10, 2, 11],
			"to": [11, 4, 12],
			"faces": {
				"north": {"uv": [0, 0, 1, 2], "texture": "#3"},
				"east": {"uv": [0, 0, 32, 32], "texture": "#3"},
				"south": {"uv": [0, 0, 32, 32], "texture": "#3"},
				"west": {"uv": [0, 0, 32, 32], "texture": "#3"},
				"up": {"uv": [32, 0, 0, 32], "texture": "#3"},
				"down": {"uv": [32, 0, 0, 32], "texture": "#3"}
			}
		},
		{
			"from": [11, 2, 6],
			"to": [12, 4, 7],
			"faces": {
				"north": {"uv": [0, 0, 1, 2], "texture": "#4"},
				"east": {"uv": [0, 0, 16, 16], "texture": "#4"},
				"south": {"uv": [0, 0, 16, 16], "texture": "#4"},
				"west": {"uv": [0, 0, 16, 16], "texture": "#4"},
				"up": {"uv": [16, 0, 0, 16], "texture": "#4"},
				"down": {"uv": [16, 0, 0, 16], "texture": "#4"}
			}
		},
		{
			"from": [5, 2, 10],
			"to": [6, 4, 11],
			"faces": {
				"north": {"uv": [0, 0, 1, 2], "texture": "#4"},
				"east": {"uv": [0, 0, 32, 32], "texture": "#4"},
				"south": {"uv": [0, 0, 32, 32], "texture": "#4"},
				"west": {"uv": [0, 0, 32, 32], "texture": "#4"},
				"up": {"uv": [32, 0, 0, 32], "texture": "#4"},
				"down": {"uv": [32, 0, 0, 32], "texture": "#4"}
			}
		},
		{
			"from": [11, 2, 10],
			"to": [12, 4, 11],
			"faces": {
				"north": {"uv": [0, 0, 1, 2], "texture": "#4"},
				"east": {"uv": [0, 0, 16, 16], "texture": "#4"},
				"south": {"uv": [0, 0, 16, 16], "texture": "#4"},
				"west": {"uv": [0, 0, 16, 16], "texture": "#4"},
				"up": {"uv": [16, 0, 0, 16], "texture": "#4"},
				"down": {"uv": [16, 0, 0, 16], "texture": "#4"}
			}
		},
		{
			"from": [4, 4, 10],
			"to": [5, 7, 11],
			"faces": {
				"north": {"uv": [0, 8.875, 1, 11.875], "texture": "#2"},
				"east": {"uv": [0, 9, 32, 32], "texture": "#2"},
				"south": {"uv": [0, 8.875, 32, 32], "texture": "#2"},
				"west": {"uv": [0, 8.5, 32, 32], "texture": "#2"},
				"up": {"uv": [32, 8.75, 0.125, 32], "texture": "#2"},
				"down": {"uv": [32, 8.875, 0.25, 32], "texture": "#2"}
			}
		},
		{
			"from": [5, 2, 6],
			"to": [6, 4, 7],
			"faces": {
				"north": {"uv": [0, 0, 1, 2], "texture": "#4"},
				"east": {"uv": [0, 0, 32, 32], "texture": "#4"},
				"south": {"uv": [0, 0, 32, 32], "texture": "#4"},
				"west": {"uv": [0, 0, 32, 32], "texture": "#4"},
				"up": {"uv": [32, 0, 0, 32], "texture": "#4"},
				"down": {"uv": [32, 0, 0, 32], "texture": "#4"}
			}
		},
		{
			"from": [5, 4, 11],
			"to": [6, 7, 12],
			"faces": {
				"north": {"uv": [0, 0, 1, 3], "texture": "#3"},
				"east": {"uv": [0, 0, 32, 32], "texture": "#3"},
				"south": {"uv": [0, 0, 32, 32], "texture": "#3"},
				"west": {"uv": [0, 0, 32, 32], "texture": "#3"},
				"up": {"uv": [32, 0, 0, 32], "texture": "#3"},
				"down": {"uv": [32, 0, 0, 32], "texture": "#3"}
			}
		},
		{
			"from": [6, 4, 12],
			"to": [7, 7, 13],
			"faces": {
				"north": {"uv": [0, 0, 1, 3], "texture": "#3"},
				"east": {"uv": [0, 0, 32, 32], "texture": "#3"},
				"south": {"uv": [0, 0, 32, 32], "texture": "#3"},
				"west": {"uv": [0, 0, 32, 32], "texture": "#3"},
				"up": {"uv": [32, 0, 0, 32], "texture": "#3"},
				"down": {"uv": [32, 0, 0, 32], "texture": "#3"}
			}
		},
		{
			"from": [6, 4, 4],
			"to": [7, 7, 5],
			"faces": {
				"north": {"uv": [0, 0, 1, 3], "texture": "#3"},
				"east": {"uv": [0, 0, 32, 32], "texture": "#3"},
				"south": {"uv": [0, 0, 32, 32], "texture": "#3"},
				"west": {"uv": [0, 0, 32, 32], "texture": "#3"},
				"up": {"uv": [32, 0, 0, 32], "texture": "#3"},
				"down": {"uv": [32, 0, 0, 32], "texture": "#3"}
			}
		},
		{
			"from": [11.5, 4, 6],
			"to": [13, 7, 7],
			"faces": {
				"north": {"uv": [0, 0, 1.5, 3], "texture": "#4"},
				"east": {"uv": [0, 0, 16, 16], "texture": "#4"},
				"south": {"uv": [0, 0, 16, 16], "texture": "#4"},
				"west": {"uv": [0, 0, 16, 16], "texture": "#4"},
				"up": {"uv": [16, 0, 0, 16], "texture": "#4"},
				"down": {"uv": [16, 0, 0, 16], "texture": "#4"}
			}
		},
		{
			"from": [10, 4, 4],
			"to": [11, 7, 5],
			"faces": {
				"north": {"uv": [0, 0, 1, 3], "texture": "#3"},
				"east": {"uv": [0, 0, 32, 32], "texture": "#3"},
				"south": {"uv": [0, 0, 32, 32], "texture": "#3"},
				"west": {"uv": [0, 0, 32, 32], "texture": "#3"},
				"up": {"uv": [32, 0, 0, 32], "texture": "#3"},
				"down": {"uv": [32, 0, 0, 32], "texture": "#3"}
			}
		},
		{
			"from": [5, 4, 5],
			"to": [6, 7, 6],
			"faces": {
				"north": {"uv": [0, 0, 1, 3], "texture": "#3"},
				"east": {"uv": [0, 0, 32, 32], "texture": "#3"},
				"south": {"uv": [0, 0, 32, 32], "texture": "#3"},
				"west": {"uv": [0, 0, 32, 32], "texture": "#3"},
				"up": {"uv": [32, 0, 0, 32], "texture": "#3"},
				"down": {"uv": [32, 0, 0, 32], "texture": "#3"}
			}
		},
		{
			"from": [6, 1, 10],
			"to": [7, 2, 11],
			"faces": {
				"north": {"uv": [1, 0, 0, 1], "texture": "#4"},
				"east": {"uv": [0, 0, 32, 32], "texture": "#4"},
				"south": {"uv": [32, 0, 0, 32], "texture": "#4"},
				"west": {"uv": [0, 0, 32, 32], "texture": "#4"},
				"up": {"uv": [32, 0, 0, 32], "texture": "#4"},
				"down": {"uv": [32, 0, 0, 32], "texture": "#4"}
			}
		},
		{
			"from": [11, 4, 5],
			"to": [12, 7, 6],
			"faces": {
				"north": {"uv": [0, 0, 1, 3], "texture": "#3"},
				"east": {"uv": [0, 0, 32, 32], "texture": "#3"},
				"south": {"uv": [0, 0, 32, 32], "texture": "#3"},
				"west": {"uv": [0, 0, 32, 32], "texture": "#3"},
				"up": {"uv": [32, 0, 0, 32], "texture": "#3"},
				"down": {"uv": [32, 0, 0, 32], "texture": "#3"}
			}
		},
		{
			"from": [6, 1, 6],
			"to": [7, 2, 7],
			"faces": {
				"north": {"uv": [1, 0, 0, 1], "texture": "#4"},
				"east": {"uv": [0, 0, 32, 32], "texture": "#4"},
				"south": {"uv": [32, 0, 0, 32], "texture": "#4"},
				"west": {"uv": [0, 0, 32, 32], "texture": "#4"},
				"up": {"uv": [32, 0, 0, 32], "texture": "#4"},
				"down": {"uv": [32, 0, 0, 32], "texture": "#4"}
			}
		},
		{
			"from": [11, 4, 11],
			"to": [12, 7, 12],
			"faces": {
				"north": {"uv": [0, 0, 1, 3], "texture": "#3"},
				"east": {"uv": [0, 0, 32, 32], "texture": "#3"},
				"south": {"uv": [0, 0, 32, 32], "texture": "#3"},
				"west": {"uv": [0, 0, 32, 32], "texture": "#3"},
				"up": {"uv": [32, 0, 0, 32], "texture": "#3"},
				"down": {"uv": [32, 0, 0, 32], "texture": "#3"}
			}
		},
		{
			"from": [11.5, 4, 10],
			"to": [13, 7, 11],
			"faces": {
				"north": {"uv": [0, 0, 1.5, 3], "texture": "#4"},
				"east": {"uv": [0, 0, 16, 16], "texture": "#4"},
				"south": {"uv": [0, 0, 16, 16], "texture": "#4"},
				"west": {"uv": [0, 0, 16, 16], "texture": "#4"},
				"up": {"uv": [16, 0, 0, 16], "texture": "#4"},
				"down": {"uv": [16, 0, 0, 16], "texture": "#4"}
			}
		},
		{
			"from": [4, 4, 6],
			"to": [5, 7, 7],
			"faces": {
				"north": {"uv": [0, 8, 1, 11], "texture": "#2"},
				"east": {"uv": [0, 8, 32, 32], "texture": "#2"},
				"south": {"uv": [0, 8, 32, 32], "texture": "#2"},
				"west": {"uv": [0, 8, 32, 32], "texture": "#2"},
				"up": {"uv": [32, 8, 0, 32], "texture": "#2"},
				"down": {"uv": [32, 8, 0, 32], "texture": "#2"}
			}
		},
		{
			"from": [18.35757, 10.43431, 6],
			"to": [19.35757, 13.43431, 11],
			"rotation": {"angle": 0, "axis": "z", "origin": [8.5, 11.25, 8]},
			"faces": {
				"north": {"uv": [0, 6, 1, 9], "texture": "#4"},
				"east": {"uv": [0, 0, 5, 3], "texture": "#4"},
				"south": {"uv": [6, 0, 7, 3], "texture": "#4"},
				"west": {"uv": [0, 3, 5, 6], "texture": "#4"},
				"up": {"uv": [6, 5, 5, 0], "texture": "#4"},
				"down": {"uv": [6, 5, 5, 10], "texture": "#4"}
			}
		},
		{
			"from": [18.35757, 9.43431, 7],
			"to": [19.35757, 10.43431, 10],
			"rotation": {"angle": 0, "axis": "z", "origin": [8.5, 11.25, 8]},
			"faces": {
				"north": {"uv": [0, 0, 1, 1], "rotation": 90, "texture": "#4"},
				"east": {"uv": [16, 0, 0, 16], "rotation": 270, "texture": "#4"},
				"south": {"uv": [0, 0, 16, 16], "rotation": 270, "texture": "#4"},
				"west": {"uv": [16, 0, 0, 16], "rotation": 270, "texture": "#4"},
				"up": {"uv": [0, 0, 16, 16], "rotation": 270, "texture": "#4"},
				"down": {"uv": [0, 0, 16, 16], "rotation": 270, "texture": "#4"}
			}
		},
		{
			"from": [18.35757, 13.43431, 7],
			"to": [19.35757, 14.43431, 10],
			"rotation": {"angle": 0, "axis": "z", "origin": [8.5, 11.25, 8]},
			"faces": {
				"north": {"uv": [0, 0, 1, 1], "rotation": 90, "texture": "#4"},
				"east": {"uv": [16, 0, 0, 16], "rotation": 270, "texture": "#4"},
				"south": {"uv": [0, 0, 16, 16], "rotation": 270, "texture": "#4"},
				"west": {"uv": [16, 0, 0, 16], "rotation": 270, "texture": "#4"},
				"up": {"uv": [0, 0, 16, 16], "rotation": 270, "texture": "#4"},
				"down": {"uv": [0, 0, 16, 16], "rotation": 270, "texture": "#4"}
			}
		},
		{
			"from": [17.35757, 10.43431, 5],
			"to": [18.35757, 13.43431, 6],
			"rotation": {"angle": 0, "axis": "z", "origin": [8.5, 11.25, 8]},
			"faces": {
				"north": {"uv": [0, 0, 3, 1], "rotation": 90, "texture": "#3"},
				"east": {"uv": [32, 0, 0, 32], "rotation": 270, "texture": "#3"},
				"south": {"uv": [0, 0, 32, 32], "rotation": 270, "texture": "#3"},
				"west": {"uv": [32, 0, 0, 32], "rotation": 270, "texture": "#3"},
				"up": {"uv": [0, 0, 32, 32], "rotation": 270, "texture": "#3"},
				"down": {"uv": [0, 0, 32, 32], "rotation": 270, "texture": "#3"}
			}
		},
		{
			"from": [17.35757, 10.43431, 11],
			"to": [18.35757, 13.43431, 12],
			"rotation": {"angle": 0, "axis": "z", "origin": [8.5, 11.25, 8]},
			"faces": {
				"north": {"uv": [0, 0, 3, 1], "rotation": 90, "texture": "#3"},
				"east": {"uv": [32, 0, 0, 32], "rotation": 270, "texture": "#3"},
				"south": {"uv": [0, 0, 32, 32], "rotation": 270, "texture": "#3"},
				"west": {"uv": [32, 0, 0, 32], "rotation": 270, "texture": "#3"},
				"up": {"uv": [0, 0, 32, 32], "rotation": 270, "texture": "#3"},
				"down": {"uv": [0, 0, 32, 32], "rotation": 270, "texture": "#3"}
			}
		},
		{
			"from": [17.35757, 8.43431, 7],
			"to": [18.35757, 9.43431, 10],
			"rotation": {"angle": 0, "axis": "z", "origin": [8.5, 11.25, 8]},
			"faces": {
				"north": {"uv": [0, 0, 1, 1], "rotation": 90, "texture": "#4"},
				"east": {"uv": [16, 0, 0, 16], "rotation": 270, "texture": "#4"},
				"south": {"uv": [0, 0, 16, 16], "rotation": 270, "texture": "#4"},
				"west": {"uv": [16, 0, 0, 16], "rotation": 270, "texture": "#4"},
				"up": {"uv": [0, 0, 16, 16], "rotation": 270, "texture": "#4"},
				"down": {"uv": [0, 0, 16, 16], "rotation": 270, "texture": "#4"}
			}
		},
		{
			"from": [17.35757, 14.43431, 7],
			"to": [18.35757, 15.43431, 10],
			"rotation": {"angle": 0, "axis": "z", "origin": [8.5, 11.25, 8]},
			"faces": {
				"north": {"uv": [0, 0, 1, 1], "rotation": 90, "texture": "#4"},
				"east": {"uv": [16, 0, 0, 16], "rotation": 270, "texture": "#4"},
				"south": {"uv": [0, 0, 16, 16], "rotation": 270, "texture": "#4"},
				"west": {"uv": [16, 0, 0, 16], "rotation": 270, "texture": "#4"},
				"up": {"uv": [0, 0, 16, 16], "rotation": 270, "texture": "#4"},
				"down": {"uv": [0, 0, 16, 16], "rotation": 270, "texture": "#4"}
			}
		},
		{
			"from": [17.35757, 13.43431, 10],
			"to": [18.35757, 14.43431, 11],
			"rotation": {"angle": 0, "axis": "z", "origin": [8.5, 11.25, 8]},
			"faces": {
				"north": {"uv": [0, 0, 1, 1], "rotation": 90, "texture": "#4"},
				"east": {"uv": [16, 0, 0, 16], "rotation": 270, "texture": "#4"},
				"south": {"uv": [0, 0, 16, 16], "rotation": 270, "texture": "#4"},
				"west": {"uv": [16, 0, 0, 16], "rotation": 270, "texture": "#4"},
				"up": {"uv": [0, 0, 16, 16], "rotation": 270, "texture": "#4"},
				"down": {"uv": [0, 0, 16, 16], "rotation": 270, "texture": "#4"}
			}
		},
		{
			"from": [17.35757, 13.43431, 6],
			"to": [18.35757, 14.43431, 7],
			"rotation": {"angle": 0, "axis": "z", "origin": [8.5, 11.25, 8]},
			"faces": {
				"north": {"uv": [0, 0, 1, 1], "rotation": 90, "texture": "#4"},
				"east": {"uv": [16, 0, 0, 16], "rotation": 270, "texture": "#4"},
				"south": {"uv": [0, 0, 16, 16], "rotation": 270, "texture": "#4"},
				"west": {"uv": [16, 0, 0, 16], "rotation": 270, "texture": "#4"},
				"up": {"uv": [0, 0, 16, 16], "rotation": 270, "texture": "#4"},
				"down": {"uv": [0, 0, 16, 16], "rotation": 270, "texture": "#4"}
			}
		},
		{
			"from": [17.35757, 9.43431, 6],
			"to": [18.35757, 10.43431, 7],
			"rotation": {"angle": 0, "axis": "z", "origin": [8.5, 11.25, 8]},
			"faces": {
				"north": {"uv": [1, 0, 0, 1], "rotation": 90, "texture": "#4"},
				"east": {"uv": [16, 0, 0, 16], "rotation": 270, "texture": "#4"},
				"south": {"uv": [16, 0, 0, 16], "rotation": 270, "texture": "#4"},
				"west": {"uv": [16, 0, 0, 16], "rotation": 270, "texture": "#4"},
				"up": {"uv": [0, 0, 16, 16], "rotation": 270, "texture": "#4"},
				"down": {"uv": [0, 0, 16, 16], "rotation": 270, "texture": "#4"}
			}
		},
		{
			"from": [17.35757, 9.43431, 10],
			"to": [18.35757, 10.43431, 11],
			"rotation": {"angle": 0, "axis": "z", "origin": [8.5, 11.25, 8]},
			"faces": {
				"north": {"uv": [1, 0, 0, 1], "rotation": 90, "texture": "#4"},
				"east": {"uv": [16, 0, 0, 16], "rotation": 270, "texture": "#4"},
				"south": {"uv": [16, 0, 0, 16], "rotation": 270, "texture": "#4"},
				"west": {"uv": [16, 0, 0, 16], "rotation": 270, "texture": "#4"},
				"up": {"uv": [0, 0, 16, 16], "rotation": 270, "texture": "#4"},
				"down": {"uv": [0, 0, 16, 16], "rotation": 270, "texture": "#4"}
			}
		},
		{
			"from": [15.35757, 7.43431, 7],
			"to": [17.35757, 8.43431, 10],
			"rotation": {"angle": 0, "axis": "z", "origin": [8.5, 11.25, 8]},
			"faces": {
				"north": {"uv": [0, 0, 1, 2], "rotation": 90, "texture": "#4"},
				"east": {"uv": [16, 0, 0, 16], "rotation": 270, "texture": "#4"},
				"south": {"uv": [0, 0, 16, 16], "rotation": 270, "texture": "#4"},
				"west": {"uv": [16, 0, 0, 16], "rotation": 270, "texture": "#4"},
				"up": {"uv": [0, 0, 16, 16], "rotation": 270, "texture": "#4"},
				"down": {"uv": [0, 0, 16, 16], "rotation": 270, "texture": "#4"}
			}
		},
		{
			"from": [15.35757, 15.43431, 7],
			"to": [17.35757, 16.18431, 10],
			"rotation": {"angle": 0, "axis": "z", "origin": [8.5, 11.25, 8]},
			"faces": {
				"north": {"uv": [0, 0, 0.75, 2], "rotation": 90, "texture": "#4"},
				"east": {"uv": [16, 0, 0, 16], "rotation": 270, "texture": "#4"},
				"south": {"uv": [0, 0, 16, 16], "rotation": 270, "texture": "#4"},
				"west": {"uv": [16, 0, 0, 16], "rotation": 270, "texture": "#4"},
				"up": {"uv": [0, 0, 16, 16], "rotation": 270, "texture": "#4"},
				"down": {"uv": [0, 0, 16, 16], "rotation": 270, "texture": "#4"}
			}
		},
		{
			"from": [15.35757, 10.43431, 12],
			"to": [17.35757, 13.43431, 13],
			"rotation": {"angle": 0, "axis": "z", "origin": [8.5, 11.25, 8]},
			"faces": {
				"north": {"uv": [0, 0, 3, 2], "rotation": 90, "texture": "#3"},
				"east": {"uv": [32, 0, 0, 32], "rotation": 270, "texture": "#3"},
				"south": {"uv": [0, 0, 32, 32], "rotation": 270, "texture": "#3"},
				"west": {"uv": [32, 0, 0, 32], "rotation": 270, "texture": "#3"},
				"up": {"uv": [0, 0, 32, 32], "rotation": 270, "texture": "#3"},
				"down": {"uv": [0, 0, 32, 32], "rotation": 270, "texture": "#3"}
			}
		},
		{
			"from": [15.35757, 10.43431, 4],
			"to": [17.35757, 13.43431, 5],
			"rotation": {"angle": 0, "axis": "z", "origin": [8.5, 11.25, 8]},
			"faces": {
				"north": {"uv": [0, 0, 3, 2], "rotation": 90, "texture": "#3"},
				"east": {"uv": [32, 0, 0, 32], "rotation": 270, "texture": "#3"},
				"south": {"uv": [0, 0, 32, 32], "rotation": 270, "texture": "#3"},
				"west": {"uv": [32, 0, 0, 32], "rotation": 270, "texture": "#3"},
				"up": {"uv": [0, 0, 32, 32], "rotation": 270, "texture": "#3"},
				"down": {"uv": [0, 0, 32, 32], "rotation": 270, "texture": "#3"}
			}
		},
		{
			"from": [15.35757, 13.43431, 5],
			"to": [17.35757, 14.43431, 6],
			"rotation": {"angle": 0, "axis": "z", "origin": [8.5, 11.25, 8]},
			"faces": {
				"north": {"uv": [0, 0, 1, 2], "rotation": 90, "texture": "#3"},
				"east": {"uv": [32, 0, 0, 32], "rotation": 270, "texture": "#3"},
				"south": {"uv": [0, 0, 32, 32], "rotation": 270, "texture": "#3"},
				"west": {"uv": [32, 0, 0, 32], "rotation": 270, "texture": "#3"},
				"up": {"uv": [0, 0, 32, 32], "rotation": 270, "texture": "#3"},
				"down": {"uv": [0, 0, 32, 32], "rotation": 270, "texture": "#3"}
			}
		},
		{
			"from": [15.35757, 14.43431, 6],
			"to": [17.35757, 15.43431, 7],
			"rotation": {"angle": 0, "axis": "z", "origin": [8.5, 11.25, 8]},
			"faces": {
				"north": {"uv": [0, 0, 1, 2], "rotation": 90, "texture": "#4"},
				"east": {"uv": [16, 0, 0, 16], "rotation": 270, "texture": "#4"},
				"south": {"uv": [0, 0, 16, 16], "rotation": 270, "texture": "#4"},
				"west": {"uv": [16, 0, 0, 16], "rotation": 270, "texture": "#4"},
				"up": {"uv": [0, 0, 16, 16], "rotation": 270, "texture": "#4"},
				"down": {"uv": [0, 0, 16, 16], "rotation": 270, "texture": "#4"}
			}
		},
		{
			"from": [15.35757, 9.43431, 5],
			"to": [17.35757, 10.43431, 6],
			"rotation": {"angle": 0, "axis": "z", "origin": [8.5, 11.25, 8]},
			"faces": {
				"north": {"uv": [0, 0, 1, 2], "rotation": 90, "texture": "#3"},
				"east": {"uv": [32, 0, 0, 32], "rotation": 270, "texture": "#3"},
				"south": {"uv": [0, 0, 32, 32], "rotation": 270, "texture": "#3"},
				"west": {"uv": [32, 0, 0, 32], "rotation": 270, "texture": "#3"},
				"up": {"uv": [0, 0, 32, 32], "rotation": 270, "texture": "#3"},
				"down": {"uv": [0, 0, 32, 32], "rotation": 270, "texture": "#3"}
			}
		},
		{
			"from": [15.35757, 8.43431, 6],
			"to": [17.35757, 9.43431, 7],
			"rotation": {"angle": 0, "axis": "z", "origin": [8.5, 11.25, 8]},
			"faces": {
				"north": {"uv": [0, 0, 1, 2], "rotation": 90, "texture": "#4"},
				"east": {"uv": [16, 0, 0, 16], "rotation": 270, "texture": "#4"},
				"south": {"uv": [0, 0, 16, 16], "rotation": 270, "texture": "#4"},
				"west": {"uv": [16, 0, 0, 16], "rotation": 270, "texture": "#4"},
				"up": {"uv": [0, 0, 16, 16], "rotation": 270, "texture": "#4"},
				"down": {"uv": [0, 0, 16, 16], "rotation": 270, "texture": "#4"}
			}
		},
		{
			"from": [15.35757, 14.43431, 10],
			"to": [17.35757, 15.43431, 11],
			"rotation": {"angle": 0, "axis": "z", "origin": [8.5, 11.25, 8]},
			"faces": {
				"north": {"uv": [0, 0, 1, 2], "rotation": 90, "texture": "#4"},
				"east": {"uv": [16, 0, 0, 16], "rotation": 270, "texture": "#4"},
				"south": {"uv": [0, 0, 16, 16], "rotation": 270, "texture": "#4"},
				"west": {"uv": [16, 0, 0, 16], "rotation": 270, "texture": "#4"},
				"up": {"uv": [0, 0, 16, 16], "rotation": 270, "texture": "#4"},
				"down": {"uv": [0, 0, 16, 16], "rotation": 270, "texture": "#4"}
			}
		},
		{
			"from": [15.35757, 13.43431, 11],
			"to": [17.35757, 14.43431, 12],
			"rotation": {"angle": 0, "axis": "z", "origin": [8.5, 11.25, 8]},
			"faces": {
				"north": {"uv": [0, 0, 1, 2], "rotation": 90, "texture": "#3"},
				"east": {"uv": [32, 0, 0, 32], "rotation": 270, "texture": "#3"},
				"south": {"uv": [0, 0, 32, 32], "rotation": 270, "texture": "#3"},
				"west": {"uv": [32, 0, 0, 32], "rotation": 270, "texture": "#3"},
				"up": {"uv": [0, 0, 32, 32], "rotation": 270, "texture": "#3"},
				"down": {"uv": [0, 0, 32, 32], "rotation": 270, "texture": "#3"}
			}
		},
		{
			"from": [15.35757, 8.43431, 10],
			"to": [17.35757, 9.43431, 11],
			"rotation": {"angle": 0, "axis": "z", "origin": [8.5, 11.25, 8]},
			"faces": {
				"north": {"uv": [0, 0, 1, 2], "rotation": 90, "texture": "#4"},
				"east": {"uv": [16, 0, 0, 16], "rotation": 270, "texture": "#4"},
				"south": {"uv": [0, 0, 16, 16], "rotation": 270, "texture": "#4"},
				"west": {"uv": [16, 0, 0, 16], "rotation": 270, "texture": "#4"},
				"up": {"uv": [0, 0, 16, 16], "rotation": 270, "texture": "#4"},
				"down": {"uv": [0, 0, 16, 16], "rotation": 270, "texture": "#4"}
			}
		},
		{
			"from": [15.35757, 9.43431, 11],
			"to": [17.35757, 10.43431, 12],
			"rotation": {"angle": 0, "axis": "z", "origin": [8.5, 11.25, 8]},
			"faces": {
				"north": {"uv": [0, 0, 1, 2], "rotation": 90, "texture": "#3"},
				"east": {"uv": [32, 0, 0, 32], "rotation": 270, "texture": "#3"},
				"south": {"uv": [0, 0, 32, 32], "rotation": 270, "texture": "#3"},
				"west": {"uv": [32, 0, 0, 32], "rotation": 270, "texture": "#3"},
				"up": {"uv": [0, 0, 32, 32], "rotation": 270, "texture": "#3"},
				"down": {"uv": [0, 0, 32, 32], "rotation": 270, "texture": "#3"}
			}
		},
		{
			"from": [12.35757, 6.93431, 7],
			"to": [15.35757, 8.43431, 10],
			"rotation": {"angle": 0, "axis": "z", "origin": [8.5, 11.25, 8]},
			"faces": {
				"north": {"uv": [0, 0, 1.5, 3], "rotation": 90, "texture": "#4"},
				"east": {"uv": [16, 0, 0, 16], "rotation": 270, "texture": "#4"},
				"south": {"uv": [0, 0, 16, 16], "rotation": 270, "texture": "#4"},
				"west": {"uv": [16, 0, 0, 16], "rotation": 270, "texture": "#4"},
				"up": {"uv": [0, 0, 16, 16], "rotation": 270, "texture": "#4"},
				"down": {"uv": [0, 0, 16, 16], "rotation": 270, "texture": "#4"}
			}
		},
		{
			"from": [12.35757, 10.43431, 3.5],
			"to": [15.35757, 13.43431, 5],
			"rotation": {"angle": 0, "axis": "z", "origin": [8.5, 11.25, 8]},
			"faces": {
				"north": {"uv": [0, 0, 3, 3], "rotation": 90, "texture": "#3"},
				"east": {"uv": [32, 0, 0, 32], "rotation": 270, "texture": "#3"},
				"south": {"uv": [0, 0, 32, 32], "rotation": 270, "texture": "#3"},
				"west": {"uv": [32, 0, 0, 32], "rotation": 270, "texture": "#3"},
				"up": {"uv": [0, 0, 32, 32], "rotation": 270, "texture": "#3"},
				"down": {"uv": [0, 0, 32, 32], "rotation": 270, "texture": "#3"}
			}
		},
		{
			"from": [13.10757, 8.5, 5.5],
			"to": [15.30757, 15.3, 11.5],
			"rotation": {"angle": 0, "axis": "z", "origin": [8.5, 11.25, 8]},
			"faces": {
				"north": {"uv": [6.125, 0, 8.325, 6.8], "texture": "#2"},
				"east": {"uv": [6.125, 0, 12.125, 6.875], "texture": "#2"},
				"south": {"uv": [6.125, 0, 12.125, 6.875], "texture": "#2"},
				"west": {"uv": [6, 0, 12, 6.875], "texture": "#2"},
				"up": {"uv": [8.25, 13, 6, 7], "texture": "#2"},
				"down": {"uv": [12.125, 0, 6.125, 6.875], "texture": "#2"}
			}
		},
		{
			"from": [13.10757, 9.43431, 11.5],
			"to": [15.60757, 14.43431, 12],
			"rotation": {"angle": 0, "axis": "z", "origin": [8.5, 11.25, 8]},
			"faces": {
				"north": {"uv": [0, 0, 5, 2.5], "rotation": 90, "texture": "#3"},
				"east": {"uv": [32, 0, 0, 32], "rotation": 270, "texture": "#3"},
				"south": {"uv": [0, 0, 32, 32], "rotation": 270, "texture": "#3"},
				"west": {"uv": [32, 0, 0, 32], "rotation": 270, "texture": "#3"},
				"up": {"uv": [0, 0, 32, 32], "rotation": 270, "texture": "#3"},
				"down": {"uv": [0, 0, 32, 32], "rotation": 270, "texture": "#3"}
			}
		},
		{
			"from": [13.10757, 9.43431, 5],
			"to": [15.60757, 14.43431, 5.5],
			"rotation": {"angle": 0, "axis": "z", "origin": [8.5, 11.25, 8]},
			"faces": {
				"north": {"uv": [0, 0, 5, 2.5], "rotation": 90, "texture": "#3"},
				"east": {"uv": [32, 0, 0, 32], "rotation": 270, "texture": "#3"},
				"south": {"uv": [0, 0, 32, 32], "rotation": 270, "texture": "#3"},
				"west": {"uv": [32, 0, 0, 32], "rotation": 270, "texture": "#3"},
				"up": {"uv": [0, 0, 32, 32], "rotation": 270, "texture": "#3"},
				"down": {"uv": [0, 0, 32, 32], "rotation": 270, "texture": "#3"}
			}
		},
		{
			"from": [12.3576, 10.4343, 12],
			"to": [15.3576, 13.4343, 13.5],
			"rotation": {"angle": 0, "axis": "z", "origin": [8.5, 11.25, 8]},
			"faces": {
				"north": {"uv": [0, 0, 3, 3], "rotation": 90, "texture": "#3"},
				"east": {"uv": [32, 0, 0, 32], "rotation": 270, "texture": "#3"},
				"south": {"uv": [-24, -24, 8, 8], "rotation": 270, "texture": "#3"},
				"west": {"uv": [32, 0, 0, 32], "rotation": 270, "texture": "#3"},
				"up": {"uv": [0, 0, 32, 32], "rotation": 270, "texture": "#3"},
				"down": {"uv": [0, 0, 32, 32], "rotation": 270, "texture": "#3"}
			}
		},
		{
			"from": [12.35757, 7.18431, 10],
			"to": [15.35757, 8.43431, 11],
			"rotation": {"angle": 0, "axis": "z", "origin": [8.5, 11.25, 8]},
			"faces": {
				"north": {"uv": [0, 0, 1.25, 3], "rotation": 90, "texture": "#4"},
				"east": {"uv": [16, 0, 0, 16], "rotation": 270, "texture": "#4"},
				"south": {"uv": [0, 0, 16, 16], "rotation": 270, "texture": "#4"},
				"west": {"uv": [16, 0, 0, 16], "rotation": 270, "texture": "#4"},
				"up": {"uv": [0, 0, 16, 16], "rotation": 270, "texture": "#4"},
				"down": {"uv": [0, 0, 16, 16], "rotation": 270, "texture": "#4"}
			}
		},
		{
			"from": [12.35757, 8.43431, 11],
			"to": [15.35757, 9.43431, 12],
			"rotation": {"angle": 0, "axis": "z", "origin": [8.5, 11.25, 8]},
			"faces": {
				"north": {"uv": [0, 0, 1, 3], "rotation": 90, "texture": "#3"},
				"east": {"uv": [32, 0, 0, 32], "rotation": 270, "texture": "#3"},
				"south": {"uv": [0, 0, 32, 32], "rotation": 270, "texture": "#3"},
				"west": {"uv": [32, 0, 0, 32], "rotation": 270, "texture": "#3"},
				"up": {"uv": [0, 0, 32, 32], "rotation": 270, "texture": "#3"},
				"down": {"uv": [0, 0, 32, 32], "rotation": 270, "texture": "#3"}
			}
		},
		{
			"from": [12.35757, 9.43431, 12],
			"to": [15.35757, 10.43431, 13],
			"rotation": {"angle": 0, "axis": "z", "origin": [8.5, 11.25, 8]},
			"faces": {
				"north": {"uv": [0, 0, 1, 3], "rotation": 90, "texture": "#3"},
				"east": {"uv": [32, 0, 0, 32], "rotation": 270, "texture": "#3"},
				"south": {"uv": [0, 0, 32, 32], "rotation": 270, "texture": "#3"},
				"west": {"uv": [32, 0, 0, 32], "rotation": 270, "texture": "#3"},
				"up": {"uv": [0, 0, 32, 32], "rotation": 270, "texture": "#3"},
				"down": {"uv": [0, 0, 32, 32], "rotation": 270, "texture": "#3"}
			}
		},
		{
			"from": [12.35757, 9.43431, 4],
			"to": [15.35757, 10.43431, 5],
			"rotation": {"angle": 0, "axis": "z", "origin": [8.5, 11.25, 8]},
			"faces": {
				"north": {"uv": [0, 0, 1, 3], "rotation": 90, "texture": "#3"},
				"east": {"uv": [32, 0, 0, 32], "rotation": 270, "texture": "#3"},
				"south": {"uv": [0, 0, 32, 32], "rotation": 270, "texture": "#3"},
				"west": {"uv": [32, 0, 0, 32], "rotation": 270, "texture": "#3"},
				"up": {"uv": [0, 0, 32, 32], "rotation": 270, "texture": "#3"},
				"down": {"uv": [0, 0, 32, 32], "rotation": 270, "texture": "#3"}
			}
		},
		{
			"from": [12.35757, 8.43431, 5],
			"to": [15.35757, 9.43431, 6],
			"rotation": {"angle": 0, "axis": "z", "origin": [8.5, 11.25, 8]},
			"faces": {
				"north": {"uv": [0, 0, 1, 3], "rotation": 90, "texture": "#3"},
				"east": {"uv": [32, 0, 0, 32], "rotation": 270, "texture": "#3"},
				"south": {"uv": [0, 0, 32, 32], "rotation": 270, "texture": "#3"},
				"west": {"uv": [32, 0, 0, 32], "rotation": 270, "texture": "#3"},
				"up": {"uv": [0, 0, 32, 32], "rotation": 270, "texture": "#3"},
				"down": {"uv": [0, 0, 32, 32], "rotation": 270, "texture": "#3"}
			}
		},
		{
			"from": [12.35757, 7.18431, 6],
			"to": [15.35757, 8.43431, 7],
			"rotation": {"angle": 0, "axis": "z", "origin": [8.5, 11.25, 8]},
			"faces": {
				"north": {"uv": [0, 0, 1.25, 3], "rotation": 90, "texture": "#4"},
				"east": {"uv": [16, 0, 0, 16], "rotation": 270, "texture": "#4"},
				"south": {"uv": [0, 0, 16, 16], "rotation": 270, "texture": "#4"},
				"west": {"uv": [16, 0, 0, 16], "rotation": 270, "texture": "#4"},
				"up": {"uv": [0, 0, 16, 16], "rotation": 270, "texture": "#4"},
				"down": {"uv": [0, 0, 16, 16], "rotation": 270, "texture": "#4"}
			}
		},
		{
			"from": [12.35757, 15.43431, 6],
			"to": [15.35757, 16.43431, 7],
			"rotation": {"angle": 0, "axis": "z", "origin": [8.5, 11.25, 8]},
			"faces": {
				"north": {"uv": [0, 8.25, 1, 11.25], "rotation": 90, "texture": "#2"},
				"east": {"uv": [32, 8.25, 0, 32], "rotation": 270, "texture": "#2"},
				"south": {"uv": [0, 8.25, 32, 32], "rotation": 270, "texture": "#2"},
				"west": {"uv": [32, 8.25, 0, 32], "rotation": 270, "texture": "#2"},
				"up": {"uv": [0, 8.25, 32, 32], "rotation": 270, "texture": "#2"},
				"down": {"uv": [0, 8.25, 32, 32], "rotation": 270, "texture": "#2"}
			}
		},
		{
			"from": [12.35757, 14.43431, 5],
			"to": [15.35757, 15.43431, 6],
			"rotation": {"angle": 0, "axis": "z", "origin": [8.5, 11.25, 8]},
			"faces": {
				"north": {"uv": [0, 0, 1, 3], "rotation": 90, "texture": "#3"},
				"east": {"uv": [32, 0, 0, 32], "rotation": 270, "texture": "#3"},
				"south": {"uv": [0, 0, 32, 32], "rotation": 270, "texture": "#3"},
				"west": {"uv": [32, 0, 0, 32], "rotation": 270, "texture": "#3"},
				"up": {"uv": [0, 0, 32, 32], "rotation": 270, "texture": "#3"},
				"down": {"uv": [0, 0, 32, 32], "rotation": 270, "texture": "#3"}
			}
		},
		{
			"from": [12.35757, 13.43431, 4],
			"to": [15.35757, 14.43431, 5],
			"rotation": {"angle": 0, "axis": "z", "origin": [8.5, 11.25, 8]},
			"faces": {
				"north": {"uv": [0, 0, 1, 3], "rotation": 90, "texture": "#3"},
				"east": {"uv": [32, 0, 0, 32], "rotation": 270, "texture": "#3"},
				"south": {"uv": [0, 0, 32, 32], "rotation": 270, "texture": "#3"},
				"west": {"uv": [32, 0, 0, 32], "rotation": 270, "texture": "#3"},
				"up": {"uv": [0, 0, 32, 32], "rotation": 270, "texture": "#3"},
				"down": {"uv": [0, 0, 32, 32], "rotation": 270, "texture": "#3"}
			}
		},
		{
			"from": [12.35757, 13.43431, 12],
			"to": [15.35757, 14.43431, 13],
			"rotation": {"angle": 0, "axis": "z", "origin": [8.5, 11.25, 8]},
			"faces": {
				"north": {"uv": [0, 0, 1, 3], "rotation": 90, "texture": "#3"},
				"east": {"uv": [32, 0, 0, 32], "rotation": 270, "texture": "#3"},
				"south": {"uv": [0, 0, 32, 32], "rotation": 270, "texture": "#3"},
				"west": {"uv": [32, 0, 0, 32], "rotation": 270, "texture": "#3"},
				"up": {"uv": [0, 0, 32, 32], "rotation": 270, "texture": "#3"},
				"down": {"uv": [0, 0, 32, 32], "rotation": 270, "texture": "#3"}
			}
		},
		{
			"from": [12.35757, 14.43431, 11],
			"to": [15.35757, 15.43431, 12],
			"rotation": {"angle": 0, "axis": "z", "origin": [8.5, 11.25, 8]},
			"faces": {
				"north": {"uv": [0, 0, 1, 3], "rotation": 90, "texture": "#3"},
				"east": {"uv": [32, 0, 0, 32], "rotation": 270, "texture": "#3"},
				"south": {"uv": [0, 0, 32, 32], "rotation": 270, "texture": "#3"},
				"west": {"uv": [32, 0, 0, 32], "rotation": 270, "texture": "#3"},
				"up": {"uv": [0, 0, 32, 32], "rotation": 270, "texture": "#3"},
				"down": {"uv": [0, 0, 32, 32], "rotation": 270, "texture": "#3"}
			}
		},
		{
			"from": [12.35757, 15.43431, 10],
			"to": [15.35757, 16.43431, 11],
			"rotation": {"angle": 0, "axis": "z", "origin": [8.5, 11.25, 8]},
			"faces": {
				"north": {"uv": [0, 8.125, 1, 11.125], "rotation": 90, "texture": "#2"},
				"east": {"uv": [32, 8.125, 0, 32], "rotation": 270, "texture": "#2"},
				"south": {"uv": [0, 8.125, 32, 32], "rotation": 270, "texture": "#2"},
				"west": {"uv": [32, 8.125, 0, 32], "rotation": 270, "texture": "#2"},
				"up": {"uv": [0, 8.125, 32, 32], "rotation": 270, "texture": "#2"},
				"down": {"uv": [0, 8.125, 32, 32], "rotation": 270, "texture": "#2"}
			}
		},
		{
			"from": [12.35757, 15.43431, 7],
			"to": [15.35757, 16.18431, 10],
			"rotation": {"angle": 0, "axis": "z", "origin": [8.5, 11.25, 8]},
			"faces": {
				"north": {"uv": [0.25, 8.25, 1, 11.25], "rotation": 90, "texture": "#2"},
				"east": {"uv": [32, 8.25, 0.25, 32], "rotation": 270, "texture": "#2"},
				"south": {"uv": [0.25, 8.25, 32, 32], "rotation": 270, "texture": "#2"},
				"west": {"uv": [32, 8.25, 0.25, 32], "rotation": 270, "texture": "#2"},
				"up": {"uv": [0.25, 8.25, 32, 32], "rotation": 270, "texture": "#2"},
				"down": {"uv": [0.25, 8.25, 32, 32], "rotation": 270, "texture": "#2"}
			}
		},
		{
			"from": [5.25, 5.5, 5.25],
			"to": [11.75, 5.675, 11.75],
			"faces": {
				"north": {"uv": [0, 8, 6.5, 8.175], "texture": "#1"},
				"east": {"uv": [8, 4, 12, 7], "texture": "#1"},
				"south": {"uv": [8, 0, 15, 3], "texture": "#1"},
				"west": {"uv": [8, 8, 12, 11], "texture": "#1"},
				"up": {"uv": [7, 4, 0, 0], "texture": "#1"},
				"down": {"uv": [7, 4, 0, 8], "texture": "#1"}
			}
		},
		{
			"from": [6, 5.5, 6],
			"to": [11, 6, 11],
			"faces": {
				"north": {"uv": [0, 8, 5, 8.5], "texture": "#1"},
				"east": {"uv": [8, 4, 12, 7], "texture": "#1"},
				"south": {"uv": [8, 0, 15, 3], "texture": "#1"},
				"west": {"uv": [8, 8, 12, 11], "texture": "#1"},
				"up": {"uv": [7, 4, 0, 0], "texture": "#1"},
				"down": {"uv": [7, 4, 0, 8], "texture": "#1"}
			}
		},
		{
			"from": [6.5, 6, 6.5],
			"to": [10.5, 6.5, 10.5],
			"faces": {
				"north": {"uv": [0, 8, 4, 8.5], "texture": "#1"},
				"east": {"uv": [8, 4, 12, 7], "texture": "#1"},
				"south": {"uv": [8, 0, 15, 3], "texture": "#1"},
				"west": {"uv": [8, 8, 12, 11], "texture": "#1"},
				"up": {"uv": [7, 4, 0, 0], "texture": "#1"},
				"down": {"uv": [7, 4, 0, 8], "texture": "#1"}
			}
		},
		{
			"from": [7, 6.5, 7],
			"to": [10, 7, 10],
			"faces": {
				"north": {"uv": [0, 8, 3, 8.5], "texture": "#1"},
				"east": {"uv": [8, 4, 12, 7], "texture": "#1"},
				"south": {"uv": [8, 0, 15, 3], "texture": "#1"},
				"west": {"uv": [8, 8, 12, 11], "texture": "#1"},
				"up": {"uv": [7, 4, 0, 0], "texture": "#1"},
				"down": {"uv": [7, 4, 0, 8], "texture": "#1"}
			}
		}
	],
	"display": {
		"thirdperson_righthand": {
			"rotation": [0, -90, 0],
			"translation": [0, -0.25, -2],
			"scale": [0.39, 0.39, 0.39]
		},
		"thirdperson_lefthand": {
			"rotation": [0, 88, 0],
			"translation": [0, 0.25, -2],
			"scale": [0.39, 0.39, 0.39]
		},
		"firstperson_righthand": {
			"rotation": [0, 33, 0],
			"translation": [0, 1.75, -0.75],
			"scale": [0.95, 0.95, 0.95]
		},
		"firstperson_lefthand": {
			"rotation": [0, -126, 0],
			"translation": [0, 3.5, -0.75],
			"scale": [0.94, 0.94, 0.94]
		},
		"ground": {
			"translation": [0, 2.25, 0],
			"scale": [0.94, 0.94, 0.94]
		},
		"gui": {
			"rotation": [-3, 90, 0],
			"translation": [0, -0.25, 0],
			"scale": [0.94, 0.94, 0.94]
		},
		"head": {
			"rotation": [0, -90, 0],
			"translation": [1.25, 1.25, -4],
			"scale": [2.69, 2.69, 2.69]
		},
		"fixed": {
			"rotation": [-90, -89, 0],
			"translation": [0.25, -0.5, -8.75],
			"scale": [1.36, 1.36, 1.36]
		}
	},
	"groups": [
		{
			"name": "group",
			"origin": [0, 0, 0],
			"color": 9,
			"children": [
				0,
				1,
				2,
				3,
				4,
				5,
				6,
				7,
				8,
				9,
				10,
				11,
				12,
				13,
				14,
				15,
				16,
				17,
				18,
				19,
				20,
				21,
				22,
				23,
				24,
				25,
				26,
				27,
				28,
				29,
				30,
				31,
				32,
				33,
				34,
				35,
				36,
				37,
				38,
				39,
				40,
				41,
				42,
				43,
				44,
				45,
				46,
				47,
				48,
				49,
				50,
				51,
				52,
				53,
				54,
				55,
				56,
				57,
				58,
				59,
				60,
				61,
				62,
				63,
				64,
				65,
				66,
				67,
				68,
				69,
				70,
				71,
				72,
				73,
				74,
				75,
				76,
				77,
				78,
				79,
				80,
				81,
				82,
				83,
				84,
				85,
				86
			]
		},
		87,
		88,
		89,
		90
	]
}