{
	"credit": "Made with Blockbench",
	"textures": {
		"0": "politmine/item/brewery/miso_soup/texture2",
		"particle": "politmine/item/brewery/miso_soup/texture2"
	},
	"elements": [
		{
			"from": [5, 5, 5],
			"to": [11, 5.5, 11],
			"faces": {
				"north": {"uv": [0, 0, 6, 0.5], "texture": "#0"},
				"east": {"uv": [0, 0, 6, 0.5], "texture": "#0"},
				"south": {"uv": [0, 0, 6, 0.5], "texture": "#0"},
				"west": {"uv": [0, 0, 6, 0.5], "texture": "#0"},
				"up": {"uv": [0, 0, 6, 6], "texture": "#0"},
				"down": {"uv": [11, 2, 16, 4], "texture": "#0"}
			}
		},
		{
			"from": [5.75, 4.5, 5.75],
			"to": [10.25, 5, 10.25],
			"faces": {
				"north": {"uv": [0, 0, 4.5, 0.5], "texture": "#0"},
				"east": {"uv": [0, 0, 4.5, 0.5], "texture": "#0"},
				"south": {"uv": [0, 0, 4.5, 0.5], "texture": "#0"},
				"west": {"uv": [0, 0, 4.5, 0.5], "texture": "#0"},
				"up": {"uv": [0, 0, 4.5, 4.5], "texture": "#0"},
				"down": {"uv": [12.5, 0, 16, 1.5], "texture": "#0"}
			}
		},
		{
			"from": [6.75, 4.25, 6.75],
			"to": [9.25, 4.5, 9.25],
			"faces": {
				"north": {"uv": [11, 1, 13.5, 1.25], "texture": "#0"},
				"east": {"uv": [8, 1, 10.5, 1.25], "texture": "#0"},
				"south": {"uv": [12, 0, 14.5, 0.25], "texture": "#0"},
				"west": {"uv": [13, 1, 15.5, 1.25], "texture": "#0"},
				"up": {"uv": [0, 0, 2.5, 2.5], "texture": "#0"},
				"down": {"uv": [13.5, 4, 16, 6.5], "texture": "#0"}
			}
		},
		{
			"from": [4.75, 5.5, 4.75],
			"to": [11.25, 6, 11.25],
			"faces": {
				"north": {"uv": [0, 0, 5.5, 0.5], "texture": "#0"},
				"east": {"uv": [0, 0, 5.5, 0.5], "texture": "#0"},
				"south": {"uv": [0, 0, 5.5, 0.5], "texture": "#0"},
				"west": {"uv": [0, 0, 5.5, 0.5], "texture": "#0"},
				"up": {"uv": [0, 0, 6.5, 6.5], "texture": "#0"},
				"down": {"uv": [13.5, 4, 16, 6.5], "texture": "#0"}
			}
		},
		{
			"from": [4.5, 6, 4.5],
			"to": [11.5, 6.5, 11.5],
			"faces": {
				"north": {"uv": [0, 0, 6, 0.5], "texture": "#0"},
				"east": {"uv": [0, 0, 5, 0.5], "texture": "#0"},
				"south": {"uv": [0, 0, 6, 0.5], "texture": "#0"},
				"west": {"uv": [0, 0, 6, 0.5], "texture": "#0"},
				"up": {"uv": [0, 0, 7, 7], "texture": "#0"},
				"down": {"uv": [10, 0, 12, 3], "texture": "#0"}
			}
		},
		{
			"from": [4.25, 6.5, 4.25],
			"to": [11.75, 7, 11.75],
			"faces": {
				"north": {"uv": [0, 0, 5.5, 0.5], "texture": "#0"},
				"east": {"uv": [0, 0, 5.5, 0.5], "texture": "#0"},
				"south": {"uv": [0, 0, 5.5, 0.5], "texture": "#0"},
				"west": {"uv": [0, 0, 5.5, 0.5], "texture": "#0"},
				"up": {"uv": [0, 0, 7.5, 7.5], "texture": "#0"},
				"down": {"uv": [14, 5, 15.5, 6.5], "texture": "#0"}
			}
		},
		{
			"from": [4, 7, 4],
			"to": [12, 7.5, 12],
			"faces": {
				"north": {"uv": [0, 0, 6, 0.5], "texture": "#0"},
				"east": {"uv": [0, 0, 6, 0.5], "texture": "#0"},
				"south": {"uv": [0, 0, 6, 0.5], "texture": "#0"},
				"west": {"uv": [0, 0, 6, 0.5], "texture": "#0"},
				"up": {"uv": [0, 0, 8, 8], "texture": "#0"},
				"down": {"uv": [12, 0, 16, 4], "texture": "#0"}
			}
		},
		{
			"from": [3.75, 7.5, 3.75],
			"to": [12.25, 8, 12.25],
			"faces": {
				"north": {"uv": [0, 0, 5.5, 0.5], "texture": "#0"},
				"east": {"uv": [0, 0, 5.5, 0.5], "texture": "#0"},
				"south": {"uv": [0, 0, 5.5, 0.5], "texture": "#0"},
				"west": {"uv": [0, 0, 5.5, 0.5], "texture": "#0"},
				"up": {"uv": [0, 0, 8.5, 8.5], "texture": "#0"},
				"down": {"uv": [9, 1, 11.5, 3.5], "texture": "#0"}
			}
		},
		{
			"from": [12, 9, 4],
			"to": [12.5, 10.25, 12],
			"faces": {
				"north": {"uv": [7, 0, 7.5, 1.25], "texture": "#0"},
				"east": {"uv": [8, 0, 16, 1.25], "texture": "#0"},
				"south": {"uv": [7, 0, 7.5, 1.25], "texture": "#0"},
				"west": {"uv": [8, 0, 16, 1.25], "texture": "#0"},
				"up": {"uv": [7.5, 0, 8, 8], "texture": "#0"},
				"down": {"uv": [0, 0, 0.5, 8], "texture": "#missing"}
			}
		},
		{
			"from": [3.5, 9, 4],
			"to": [4, 10.25, 12],
			"faces": {
				"north": {"uv": [7, 0, 7.5, 1.25], "texture": "#0"},
				"east": {"uv": [8, 0, 16, 1.25], "texture": "#0"},
				"south": {"uv": [7, 0, 7.5, 1.25], "texture": "#0"},
				"west": {"uv": [8, 0, 16, 1.25], "texture": "#0"},
				"up": {"uv": [7.5, 0, 8, 8], "rotation": 180, "texture": "#0"},
				"down": {"uv": [0, 0, 0.5, 8], "rotation": 180, "texture": "#missing"}
			}
		},
		{
			"from": [4, 9, 12],
			"to": [12, 10.25, 12.5],
			"faces": {
				"north": {"uv": [8, 0, 16, 1.25], "texture": "#0"},
				"east": {"uv": [7, 0, 7.5, 1.25], "texture": "#0"},
				"south": {"uv": [8, 0, 16, 1.25], "texture": "#0"},
				"west": {"uv": [7, 0, 7.5, 1.25], "texture": "#0"},
				"up": {"uv": [7.5, 0, 8, 8], "rotation": 90, "texture": "#0"},
				"down": {"uv": [0, 0, 0.5, 8], "rotation": 270, "texture": "#missing"}
			}
		},
		{
			"from": [4, 9, 3.5],
			"to": [12, 10.25, 4],
			"faces": {
				"north": {"uv": [8, 0, 16, 1.25], "texture": "#0"},
				"east": {"uv": [7, 0, 7.5, 1.25], "texture": "#0"},
				"south": {"uv": [8, 0, 16, 1.25], "texture": "#0"},
				"west": {"uv": [7, 0, 7.5, 1.25], "texture": "#0"},
				"up": {"uv": [7.5, 0, 8, 8], "rotation": 270, "texture": "#0"},
				"down": {"uv": [0, 0, 0.5, 8], "rotation": 90, "texture": "#missing"}
			}
		},
		{
			"from": [12, 9, 12],
			"to": [12.5, 10, 12.5],
			"faces": {
				"north": {"uv": [0, 0, 0.5, 1], "texture": "#0"},
				"east": {"uv": [11, 0, 11.5, 1], "texture": "#0"},
				"south": {"uv": [15, 0, 15.5, 1], "texture": "#0"},
				"west": {"uv": [0, 0, 0.5, 1], "texture": "#0"},
				"up": {"uv": [7, 3, 7.5, 3.5], "rotation": 270, "texture": "#0"},
				"down": {"uv": [0, 0, 0.5, 0.5], "rotation": 90, "texture": "#0"}
			}
		},
		{
			"from": [3.5, 9, 3.5],
			"to": [4, 10, 4],
			"faces": {
				"north": {"uv": [14, 1, 14.5, 2], "texture": "#0"},
				"east": {"uv": [0, 0, 0.5, 1], "texture": "#0"},
				"south": {"uv": [0, 0, 0.5, 1], "texture": "#0"},
				"west": {"uv": [10, 0, 10.5, 1], "texture": "#0"},
				"up": {"uv": [7, 2, 7.5, 2.5], "rotation": 270, "texture": "#0"},
				"down": {"uv": [0, 0, 0.5, 0.5], "rotation": 90, "texture": "#0"}
			}
		},
		{
			"from": [3.5, 9, 12],
			"to": [4, 10, 12.5],
			"faces": {
				"north": {"uv": [0, 0, 0.5, 1], "texture": "#0"},
				"east": {"uv": [0, 0, 0.5, 1], "texture": "#0"},
				"south": {"uv": [9, 0, 9.5, 1], "texture": "#0"},
				"west": {"uv": [8, 0, 8.5, 1], "texture": "#0"},
				"up": {"uv": [7, 2, 7.5, 2.5], "rotation": 270, "texture": "#0"},
				"down": {"uv": [0, 0, 0.5, 0.5], "rotation": 90, "texture": "#0"}
			}
		},
		{
			"from": [12, 9, 3.5],
			"to": [12.5, 10, 4],
			"faces": {
				"north": {"uv": [15, 1, 15.5, 2], "texture": "#0"},
				"east": {"uv": [14, 0, 14.5, 1], "texture": "#0"},
				"south": {"uv": [0, 0, 0.5, 1], "texture": "#0"},
				"west": {"uv": [0, 0, 0.5, 1], "texture": "#0"},
				"up": {"uv": [7, 2, 7.5, 2.5], "rotation": 270, "texture": "#0"},
				"down": {"uv": [0, 0, 0.5, 0.5], "rotation": 90, "texture": "#0"}
			}
		},
		{
			"from": [3.5, 8, 3.5],
			"to": [12.5, 9, 12.5],
			"faces": {
				"north": {"uv": [0, 0, 6, 1], "texture": "#0"},
				"east": {"uv": [0, 0, 6, 1], "texture": "#0"},
				"south": {"uv": [0, 0, 6, 1], "texture": "#0"},
				"west": {"uv": [0, 0, 6, 1], "texture": "#0"},
				"up": {"uv": [0, 0, 9, 9], "texture": "#0"},
				"down": {"uv": [13, 1, 15, 3], "texture": "#0"}
			}
		},
		{
			"from": [4, 9.75, 4],
			"to": [12, 9.75, 12],
			"faces": {
				"north": {"uv": [0, 0, 8, 0], "texture": "#missing"},
				"east": {"uv": [0, 0, 8, 0], "texture": "#missing"},
				"south": {"uv": [0, 0, 8, 0], "texture": "#missing"},
				"west": {"uv": [0, 0, 8, 0], "texture": "#missing"},
				"up": {"uv": [12, 10, 16, 14], "texture": "#0"},
				"down": {"uv": [0, 0, 8, 8], "texture": "#missing"}
			}
		},
		{
			"from": [4.25, 6.5, 4.25],
			"to": [11.75, 7, 11.75],
			"color": 6,
			"faces": {
				"north": {"uv": [0, 0, 7.5, 0.5], "texture": "#missing"},
				"east": {"uv": [0, 0, 7.5, 0.5], "texture": "#missing"},
				"south": {"uv": [0, 0, 7.5, 0.5], "texture": "#missing"},
				"west": {"uv": [0, 0, 7.5, 0.5], "texture": "#missing"},
				"up": {"uv": [0, 0, 7.5, 7.5], "texture": "#missing"},
				"down": {"uv": [0, 0, 7.5, 7.5], "texture": "#missing"}
			}
		},
		{
			"from": [4.25, 6.5, 4.25],
			"to": [11.75, 7, 11.75],
			"color": 6,
			"faces": {
				"north": {"uv": [0, 0, 7.5, 0.5], "texture": "#missing"},
				"east": {"uv": [0, 0, 7.5, 0.5], "texture": "#missing"},
				"south": {"uv": [0, 0, 7.5, 0.5], "texture": "#missing"},
				"west": {"uv": [0, 0, 7.5, 0.5], "texture": "#missing"},
				"up": {"uv": [0, 0, 7.5, 7.5], "texture": "#missing"},
				"down": {"uv": [0, 0, 7.5, 7.5], "texture": "#missing"}
			}
		},
		{
			"from": [10.25, 4.5, 6.25],
			"to": [10.5, 5, 9.75],
			"faces": {
				"north": {"uv": [15, 4, 15.25, 4.5], "texture": "#0"},
				"east": {"uv": [13.5, 6, 16, 6.5], "texture": "#0"},
				"south": {"uv": [15, 3, 15.25, 3.5], "texture": "#0"},
				"west": {"uv": [0, 0, 3.5, 0.5], "texture": "#missing"},
				"up": {"uv": [0, 0, 3.5, 0.25], "rotation": 90, "texture": "#missing"},
				"down": {"uv": [12.5, 5, 16, 5.25], "rotation": 270, "texture": "#0"}
			}
		},
		{
			"from": [10.5, 4.5, 6.75],
			"to": [10.75, 5, 9.25],
			"faces": {
				"north": {"uv": [15.75, 6, 16, 6.5], "texture": "#0"},
				"east": {"uv": [13.5, 6, 16, 6.5], "texture": "#0"},
				"south": {"uv": [15.75, 6, 16, 6.5], "texture": "#0"},
				"west": {"uv": [0, 0, 2.5, 0.5], "texture": "#missing"},
				"up": {"uv": [0, 0, 2.5, 0.25], "rotation": 270, "texture": "#missing"},
				"down": {"uv": [13.5, 6, 16, 6.25], "rotation": 90, "texture": "#0"}
			}
		},
		{
			"from": [11.25, 5, 6.5],
			"to": [11.5, 5.5, 9.5],
			"faces": {
				"north": {"uv": [15.75, 6, 16, 6.5], "texture": "#0"},
				"east": {"uv": [13, 6, 16, 6.5], "texture": "#0"},
				"south": {"uv": [15.75, 6, 16, 6.5], "texture": "#0"},
				"west": {"uv": [0, 0, 3, 0.5], "texture": "#missing"},
				"up": {"uv": [0, 0, 3, 0.25], "rotation": 270, "texture": "#missing"},
				"down": {"uv": [13, 6, 16, 6.25], "rotation": 90, "texture": "#0"}
			}
		},
		{
			"from": [11.25, 5.5, 5.5],
			"to": [11.5, 6, 10.5],
			"faces": {
				"north": {"uv": [15, 3, 15.25, 3.5], "texture": "#0"},
				"east": {"uv": [13, 6, 16, 6.5], "texture": "#0"},
				"south": {"uv": [15.75, 3, 16, 3.5], "texture": "#0"},
				"west": {"uv": [0, 0, 5, 0.5], "texture": "#missing"},
				"up": {"uv": [0, 0, 5, 0.25], "rotation": 270, "texture": "#missing"},
				"down": {"uv": [11, 4, 16, 4.25], "rotation": 90, "texture": "#0"}
			}
		},
		{
			"from": [11.5, 5.5, 6.25],
			"to": [11.75, 6, 9.75],
			"faces": {
				"north": {"uv": [14.75, 4, 15, 4.5], "texture": "#0"},
				"east": {"uv": [0, 0, 3.5, 0.5], "texture": "#0"},
				"south": {"uv": [15.75, 4, 16, 4.5], "texture": "#0"},
				"west": {"uv": [0, 0, 3.5, 0.5], "texture": "#missing"},
				"up": {"uv": [0, 0, 3.5, 0.25], "rotation": 270, "texture": "#missing"},
				"down": {"uv": [12, 4, 15.5, 4.25], "rotation": 90, "texture": "#0"}
			}
		},
		{
			"from": [11, 5, 5.75],
			"to": [11.25, 5.5, 10.25],
			"faces": {
				"north": {"uv": [15.75, 5, 16, 5.5], "texture": "#0"},
				"east": {"uv": [11.5, 3, 16, 3.5], "texture": "#0"},
				"south": {"uv": [13, 5, 13.25, 5.5], "texture": "#0"},
				"west": {"uv": [0, 0, 4.5, 0.5], "texture": "#missing"},
				"up": {"uv": [0, 0, 4.5, 0.25], "rotation": 270, "texture": "#missing"},
				"down": {"uv": [11.5, 4, 16, 4.25], "rotation": 90, "texture": "#0"}
			}
		},
		{
			"from": [11.75, 6, 6],
			"to": [12, 6.5, 10],
			"faces": {
				"north": {"uv": [15.75, 4, 16, 4.5], "texture": "#0"},
				"east": {"uv": [11.75, 4.25, 15.75, 4.75], "texture": "#0"},
				"south": {"uv": [15.75, 4, 16, 4.5], "texture": "#0"},
				"west": {"uv": [0, 0, 4, 0.5], "texture": "#missing"},
				"up": {"uv": [0, 0, 4, 0.25], "rotation": 270, "texture": "#missing"},
				"down": {"uv": [12, 4, 16, 4.25], "rotation": 90, "texture": "#0"}
			}
		},
		{
			"from": [11.5, 6, 5.25],
			"to": [11.75, 6.5, 10.75],
			"faces": {
				"north": {"uv": [15, 6, 15.25, 6.5], "texture": "#0"},
				"east": {"uv": [11.5, 4, 16, 4.5], "texture": "#0"},
				"south": {"uv": [15, 5, 15.25, 5.5], "texture": "#0"},
				"west": {"uv": [0, 0, 5.5, 0.5], "texture": "#missing"},
				"up": {"uv": [0, 0, 5.5, 0.25], "rotation": 270, "texture": "#missing"},
				"down": {"uv": [11.5, 4, 16, 4.25], "rotation": 90, "texture": "#0"}
			}
		},
		{
			"from": [11.75, 6.5, 5],
			"to": [12, 7, 11],
			"faces": {
				"north": {"uv": [15.75, 4, 16, 4.5], "texture": "#0"},
				"east": {"uv": [13, 4, 15, 4.5], "texture": "#0"},
				"south": {"uv": [14, 6, 14.25, 6.5], "texture": "#0"},
				"west": {"uv": [0, 0, 6, 0.5], "texture": "#missing"},
				"up": {"uv": [0, 0, 6, 0.25], "rotation": 270, "texture": "#missing"},
				"down": {"uv": [13, 6, 16, 6.25], "rotation": 90, "texture": "#0"}
			}
		},
		{
			"from": [5.75, 6.5, 3.75],
			"to": [10.25, 7, 4],
			"color": 0,
			"faces": {
				"north": {"uv": [0, 0, 4.5, 0.5], "texture": "#missing"},
				"east": {"uv": [0, 0, 0.25, 0.5], "texture": "#missing"},
				"south": {"uv": [0, 0, 4.5, 0.5], "texture": "#missing"},
				"west": {"uv": [0, 0, 0.25, 0.5], "texture": "#missing"},
				"up": {"uv": [0, 0, 4.5, 0.25], "texture": "#missing"},
				"down": {"uv": [0, 0, 4.5, 0.25], "texture": "#missing"}
			}
		},
		{
			"from": [12, 6.5, 5.75],
			"to": [12.25, 7, 10.25],
			"faces": {
				"north": {"uv": [15.75, 5, 16, 5.5], "texture": "#0"},
				"east": {"uv": [11.5, 5.5, 16, 6], "texture": "#0"},
				"south": {"uv": [15.75, 5, 16, 5.5], "texture": "#0"},
				"west": {"uv": [0, 0, 4.5, 0.5], "texture": "#missing"},
				"up": {"uv": [0, 0, 4.5, 0.25], "rotation": 270, "texture": "#missing"},
				"down": {"uv": [11.5, 5, 16, 5.25], "rotation": 90, "texture": "#0"}
			}
		},
		{
			"from": [12.25, 7, 5.5],
			"to": [12.5, 7.5, 10.5],
			"faces": {
				"north": {"uv": [15.75, 4, 16, 4.5], "texture": "#0"},
				"east": {"uv": [11, 4, 16, 4.5], "texture": "#0"},
				"south": {"uv": [15.75, 4, 16, 4.5], "texture": "#0"},
				"west": {"uv": [0, 0, 5, 0.5], "texture": "#missing"},
				"up": {"uv": [0, 0, 5, 0.25], "rotation": 270, "texture": "#missing"},
				"down": {"uv": [11, 4, 16, 4.25], "rotation": 90, "texture": "#0"}
			}
		},
		{
			"from": [12.25, 7.5, 4.5],
			"to": [12.5, 8, 11.5],
			"faces": {
				"north": {"uv": [15, 3, 15.25, 3.5], "texture": "#0"},
				"east": {"uv": [8, 3, 15, 3.5], "texture": "#0"},
				"south": {"uv": [13, 5, 13.25, 5.5], "texture": "#0"},
				"west": {"uv": [0, 0, 7, 0.5], "texture": "#missing"},
				"up": {"uv": [0, 0, 7, 0.25], "rotation": 270, "texture": "#missing"},
				"down": {"uv": [13, 6, 16, 6.25], "rotation": 90, "texture": "#0"}
			}
		},
		{
			"from": [12, 7, 4.75],
			"to": [12.25, 7.5, 11.25],
			"faces": {
				"north": {"uv": [14, 5, 14.25, 5.5], "texture": "#0"},
				"east": {"uv": [9, 0, 15.5, 0.5], "texture": "#0"},
				"south": {"uv": [14, 6, 14.25, 6.5], "texture": "#0"},
				"west": {"uv": [0, 0, 6.5, 0.5], "texture": "#missing"},
				"up": {"uv": [0, 0, 6.5, 0.25], "rotation": 270, "texture": "#missing"},
				"down": {"uv": [9.5, 3, 16, 3.25], "rotation": 90, "texture": "#0"}
			}
		},
		{
			"from": [12.5, 7.5, 5.25],
			"to": [12.75, 8, 10.75],
			"faces": {
				"north": {"uv": [15.75, 3, 16, 3.5], "texture": "#0"},
				"east": {"uv": [9, 2.75, 14.5, 3.25], "texture": "#0"},
				"south": {"uv": [15, 3, 15.25, 3.5], "texture": "#0"},
				"west": {"uv": [0, 0, 5.5, 0.5], "texture": "#missing"},
				"up": {"uv": [0, 0, 5.5, 0.25], "rotation": 270, "texture": "#missing"},
				"down": {"uv": [10.5, 3, 16, 3.25], "rotation": 90, "texture": "#0"}
			}
		},
		{
			"from": [12.5, 8, 4.25],
			"to": [12.75, 10, 11.75],
			"faces": {
				"north": {"uv": [15.75, 2, 16, 4], "texture": "#0"},
				"east": {"uv": [8.5, 2, 16, 4], "texture": "#0"},
				"south": {"uv": [12, 5, 12.25, 7], "texture": "#0"},
				"west": {"uv": [0, 0, 7.5, 2], "texture": "#missing"},
				"up": {"uv": [11.5, 5, 16, 5.25], "rotation": 270, "texture": "#0"},
				"down": {"uv": [8.5, 3, 16, 3.25], "rotation": 90, "texture": "#0"}
			}
		},
		{
			"from": [12.75, 8, 5],
			"to": [13, 9.5, 11],
			"faces": {
				"north": {"uv": [15, 2, 16, 4], "texture": "#0"},
				"east": {"uv": [8, 2, 16, 4], "texture": "#0"},
				"south": {"uv": [15, 2, 16, 4], "texture": "#0"},
				"west": {"uv": [0, 2, 6, 4], "texture": "#0"},
				"up": {"uv": [16, 4, 8, 3], "texture": "#0"},
				"down": {"uv": [9, 2, 16, 4], "texture": "#0"}
			}
		},
		{
			"from": [7, 11.75, 3.25],
			"to": [9, 13.5, 6.5],
			"rotation": {"angle": 22.5, "axis": "x", "origin": [0, 0, 0]},
			"faces": {
				"north": {"uv": [14, 14.25, 16, 16], "texture": "#0"},
				"east": {"uv": [12, 14, 14, 16], "texture": "#0"},
				"south": {"uv": [0, 0, 2, 1.75], "texture": "#missing"},
				"west": {"uv": [14.75, 14.25, 16, 16], "texture": "#0"},
				"up": {"uv": [13, 14, 15, 16], "texture": "#0"},
				"down": {"uv": [0, 0, 2, 3.25], "texture": "#missing"}
			}
		},
		{
			"from": [9, 5, 10],
			"to": [11, 7, 12],
			"rotation": {"angle": -22.5, "axis": "x", "origin": [0, 0, 0]},
			"faces": {
				"north": {"uv": [14, 14, 16, 16], "texture": "#0"},
				"east": {"uv": [12, 14, 14, 16], "texture": "#0"},
				"south": {"uv": [14, 14, 16, 16], "texture": "#0"},
				"west": {"uv": [14, 14, 16, 16], "texture": "#0"},
				"up": {"uv": [12, 14, 14, 16], "texture": "#0"},
				"down": {"uv": [0, 0, 2, 2], "texture": "#missing"}
			}
		},
		{
			"from": [9, 5, 5.5],
			"to": [12, 7, 7.5],
			"rotation": {"angle": 22.5, "axis": "z", "origin": [0, 0, 0]},
			"faces": {
				"north": {"uv": [12, 14, 14, 16], "texture": "#0"},
				"east": {"uv": [14, 14, 16, 16], "texture": "#0"},
				"south": {"uv": [12, 14, 14, 16], "texture": "#0"},
				"west": {"uv": [14, 14, 16, 16], "texture": "#0"},
				"up": {"uv": [14, 14, 16, 16], "texture": "#0"},
				"down": {"uv": [0, 0, 3, 2], "texture": "#missing"}
			}
		},
		{
			"from": [4.25, 8, 3.25],
			"to": [11.75, 10, 3.5],
			"faces": {
				"north": {"uv": [8.5, 2, 16, 4], "texture": "#0"},
				"east": {"uv": [12, 5, 12.25, 7], "texture": "#0"},
				"south": {"uv": [0, 0, 7.5, 2], "texture": "#missing"},
				"west": {"uv": [15.75, 2, 16, 4], "texture": "#0"},
				"up": {"uv": [11.5, 5, 16, 5.25], "rotation": 180, "texture": "#0"},
				"down": {"uv": [8.5, 3, 16, 3.25], "rotation": 180, "texture": "#0"}
			}
		},
		{
			"from": [5, 8, 3],
			"to": [11, 9.5, 3.25],
			"faces": {
				"north": {"uv": [8, 2, 16, 4], "texture": "#0"},
				"east": {"uv": [15, 2, 16, 4], "texture": "#0"},
				"south": {"uv": [0, 2, 6, 4], "texture": "#0"},
				"west": {"uv": [15, 2, 16, 4], "texture": "#0"},
				"up": {"uv": [16, 4, 8, 3], "rotation": 270, "texture": "#0"},
				"down": {"uv": [9, 2, 16, 4], "rotation": 90, "texture": "#0"}
			}
		},
		{
			"from": [4.5, 7.5, 3.5],
			"to": [11.5, 8, 3.75],
			"faces": {
				"north": {"uv": [8, 3, 15, 3.5], "texture": "#0"},
				"east": {"uv": [13, 5, 13.25, 5.5], "texture": "#0"},
				"south": {"uv": [0, 0, 7, 0.5], "texture": "#missing"},
				"west": {"uv": [15, 3, 15.25, 3.5], "texture": "#0"},
				"up": {"uv": [0, 0, 7, 0.25], "rotation": 180, "texture": "#missing"},
				"down": {"uv": [13, 6, 16, 6.25], "rotation": 180, "texture": "#0"}
			}
		},
		{
			"from": [4.75, 7, 3.75],
			"to": [11.25, 7.5, 4],
			"faces": {
				"north": {"uv": [9, 0, 15.5, 0.5], "texture": "#0"},
				"east": {"uv": [14, 6, 14.25, 6.5], "texture": "#0"},
				"south": {"uv": [0, 0, 6.5, 0.5], "texture": "#missing"},
				"west": {"uv": [14, 5, 14.25, 5.5], "texture": "#0"},
				"up": {"uv": [0, 0, 6.5, 0.25], "rotation": 180, "texture": "#missing"},
				"down": {"uv": [9.5, 3, 16, 3.25], "rotation": 180, "texture": "#0"}
			}
		},
		{
			"from": [5, 6.5, 4],
			"to": [11, 7, 4.25],
			"faces": {
				"north": {"uv": [13, 4, 15, 4.5], "texture": "#0"},
				"east": {"uv": [14, 6, 14.25, 6.5], "texture": "#0"},
				"south": {"uv": [0, 0, 6, 0.5], "texture": "#missing"},
				"west": {"uv": [15.75, 4, 16, 4.5], "texture": "#0"},
				"up": {"uv": [0, 0, 6, 0.25], "rotation": 180, "texture": "#missing"},
				"down": {"uv": [13, 6, 16, 6.25], "rotation": 180, "texture": "#0"}
			}
		},
		{
			"from": [5.25, 6, 4.25],
			"to": [10.75, 6.5, 4.5],
			"faces": {
				"north": {"uv": [11.5, 4, 16, 4.5], "texture": "#0"},
				"east": {"uv": [15, 5, 15.25, 5.5], "texture": "#0"},
				"south": {"uv": [0, 0, 5.5, 0.5], "texture": "#missing"},
				"west": {"uv": [15, 6, 15.25, 6.5], "texture": "#0"},
				"up": {"uv": [0, 0, 5.5, 0.25], "rotation": 180, "texture": "#missing"},
				"down": {"uv": [11.5, 4, 16, 4.25], "rotation": 180, "texture": "#0"}
			}
		},
		{
			"from": [5.5, 5.5, 4.5],
			"to": [10.5, 6, 4.75],
			"faces": {
				"north": {"uv": [13, 6, 16, 6.5], "texture": "#0"},
				"east": {"uv": [15.75, 3, 16, 3.5], "texture": "#0"},
				"south": {"uv": [0, 0, 5, 0.5], "texture": "#missing"},
				"west": {"uv": [15, 3, 15.25, 3.5], "texture": "#0"},
				"up": {"uv": [0, 0, 5, 0.25], "rotation": 180, "texture": "#missing"},
				"down": {"uv": [11, 4, 16, 4.25], "rotation": 180, "texture": "#0"}
			}
		},
		{
			"from": [5.75, 5, 4.75],
			"to": [10.25, 5.5, 5],
			"faces": {
				"north": {"uv": [11.5, 3, 16, 3.5], "texture": "#0"},
				"east": {"uv": [13, 5, 13.25, 5.5], "texture": "#0"},
				"south": {"uv": [0, 0, 4.5, 0.5], "texture": "#missing"},
				"west": {"uv": [15.75, 5, 16, 5.5], "texture": "#0"},
				"up": {"uv": [0, 0, 4.5, 0.25], "rotation": 180, "texture": "#missing"},
				"down": {"uv": [11.5, 4, 16, 4.25], "rotation": 180, "texture": "#0"}
			}
		},
		{
			"from": [6.25, 4.5, 5.5],
			"to": [9.75, 5, 5.75],
			"faces": {
				"north": {"uv": [13.5, 6, 16, 6.5], "texture": "#0"},
				"east": {"uv": [15, 3, 15.25, 3.5], "texture": "#0"},
				"south": {"uv": [0, 0, 3.5, 0.5], "texture": "#missing"},
				"west": {"uv": [15, 4, 15.25, 4.5], "texture": "#0"},
				"up": {"uv": [0, 0, 3.5, 0.25], "texture": "#missing"},
				"down": {"uv": [12.5, 5, 16, 5.25], "texture": "#0"}
			}
		},
		{
			"from": [5.25, 7.5, 3.25],
			"to": [10.75, 8, 3.5],
			"faces": {
				"north": {"uv": [9, 2.75, 14.5, 3.25], "texture": "#0"},
				"east": {"uv": [15, 3, 15.25, 3.5], "texture": "#0"},
				"south": {"uv": [0, 0, 5.5, 0.5], "texture": "#missing"},
				"west": {"uv": [15.75, 3, 16, 3.5], "texture": "#0"},
				"up": {"uv": [0, 0, 5.5, 0.25], "rotation": 180, "texture": "#missing"},
				"down": {"uv": [10.5, 3, 16, 3.25], "rotation": 180, "texture": "#0"}
			}
		},
		{
			"from": [5.5, 7, 3.5],
			"to": [10.5, 7.5, 3.75],
			"faces": {
				"north": {"uv": [11, 4, 16, 4.5], "texture": "#0"},
				"east": {"uv": [15.75, 4, 16, 4.5], "texture": "#0"},
				"south": {"uv": [0, 0, 5, 0.5], "texture": "#missing"},
				"west": {"uv": [15.75, 4, 16, 4.5], "texture": "#0"},
				"up": {"uv": [0, 0, 5, 0.25], "rotation": 180, "texture": "#missing"},
				"down": {"uv": [11, 4, 16, 4.25], "rotation": 180, "texture": "#0"}
			}
		},
		{
			"from": [5.75, 6.5, 3.75],
			"to": [10.25, 7, 4],
			"faces": {
				"north": {"uv": [11.5, 5.5, 16, 6], "texture": "#0"},
				"east": {"uv": [15.75, 5, 16, 5.5], "texture": "#0"},
				"south": {"uv": [0, 0, 4.5, 0.5], "texture": "#missing"},
				"west": {"uv": [15.75, 5, 16, 5.5], "texture": "#0"},
				"up": {"uv": [0, 0, 4.5, 0.25], "rotation": 180, "texture": "#missing"},
				"down": {"uv": [11.5, 5, 16, 5.25], "rotation": 180, "texture": "#0"}
			}
		},
		{
			"from": [6, 6, 4],
			"to": [10, 6.5, 4.25],
			"faces": {
				"north": {"uv": [11.75, 4.25, 15.75, 4.75], "texture": "#0"},
				"east": {"uv": [15.75, 4, 16, 4.5], "texture": "#0"},
				"south": {"uv": [0, 0, 4, 0.5], "texture": "#missing"},
				"west": {"uv": [15.75, 4, 16, 4.5], "texture": "#0"},
				"up": {"uv": [0, 0, 4, 0.25], "rotation": 180, "texture": "#missing"},
				"down": {"uv": [12, 4, 16, 4.25], "rotation": 180, "texture": "#0"}
			}
		},
		{
			"from": [6.25, 5.5, 4.25],
			"to": [9.75, 6, 4.5],
			"faces": {
				"north": {"uv": [0, 0, 3.5, 0.5], "texture": "#0"},
				"east": {"uv": [15.75, 4, 16, 4.5], "texture": "#0"},
				"south": {"uv": [0, 0, 3.5, 0.5], "texture": "#missing"},
				"west": {"uv": [14.75, 4, 15, 4.5], "texture": "#0"},
				"up": {"uv": [0, 0, 3.5, 0.25], "rotation": 180, "texture": "#missing"},
				"down": {"uv": [12, 4, 15.5, 4.25], "rotation": 180, "texture": "#0"}
			}
		},
		{
			"from": [6.5, 5, 4.5],
			"to": [9.5, 5.5, 4.75],
			"faces": {
				"north": {"uv": [13, 6, 16, 6.5], "texture": "#0"},
				"east": {"uv": [15.75, 6, 16, 6.5], "texture": "#0"},
				"south": {"uv": [0, 0, 3, 0.5], "texture": "#missing"},
				"west": {"uv": [15.75, 6, 16, 6.5], "texture": "#0"},
				"up": {"uv": [0, 0, 3, 0.25], "rotation": 180, "texture": "#missing"},
				"down": {"uv": [13, 6, 16, 6.25], "rotation": 180, "texture": "#0"}
			}
		},
		{
			"from": [6.75, 4.5, 5.25],
			"to": [9.25, 5, 5.5],
			"faces": {
				"north": {"uv": [13.5, 6, 16, 6.5], "texture": "#0"},
				"east": {"uv": [15.75, 6, 16, 6.5], "texture": "#0"},
				"south": {"uv": [0, 0, 2.5, 0.5], "texture": "#missing"},
				"west": {"uv": [15.75, 6, 16, 6.5], "texture": "#0"},
				"up": {"uv": [0, 0, 2.5, 0.25], "rotation": 180, "texture": "#missing"},
				"down": {"uv": [13.5, 6, 16, 6.25], "rotation": 180, "texture": "#0"}
			}
		},
		{
			"from": [3.25, 8, 4.25],
			"to": [3.5, 10, 11.75],
			"faces": {
				"north": {"uv": [12, 5, 12.25, 7], "texture": "#0"},
				"east": {"uv": [0, 0, 7.5, 2], "texture": "#missing"},
				"south": {"uv": [15.75, 2, 16, 4], "texture": "#0"},
				"west": {"uv": [8.5, 2, 16, 4], "texture": "#0"},
				"up": {"uv": [11.5, 5, 16, 5.25], "rotation": 90, "texture": "#0"},
				"down": {"uv": [8.5, 3, 16, 3.25], "rotation": 270, "texture": "#0"}
			}
		},
		{
			"from": [3, 8, 5],
			"to": [3.25, 9.5, 11],
			"faces": {
				"north": {"uv": [15, 2, 16, 4], "texture": "#0"},
				"east": {"uv": [0, 2, 6, 4], "texture": "#0"},
				"south": {"uv": [15, 2, 16, 4], "texture": "#0"},
				"west": {"uv": [8, 2, 16, 4], "texture": "#0"},
				"up": {"uv": [16, 4, 8, 3], "rotation": 180, "texture": "#0"},
				"down": {"uv": [9, 2, 16, 4], "rotation": 180, "texture": "#0"}
			}
		},
		{
			"from": [3.5, 7.5, 4.5],
			"to": [3.75, 8, 11.5],
			"faces": {
				"north": {"uv": [13, 5, 13.25, 5.5], "texture": "#0"},
				"east": {"uv": [0, 0, 7, 0.5], "texture": "#missing"},
				"south": {"uv": [15, 3, 15.25, 3.5], "texture": "#0"},
				"west": {"uv": [8, 3, 15, 3.5], "texture": "#0"},
				"up": {"uv": [0, 0, 7, 0.25], "rotation": 90, "texture": "#missing"},
				"down": {"uv": [13, 6, 16, 6.25], "rotation": 270, "texture": "#0"}
			}
		},
		{
			"from": [3.75, 7, 4.75],
			"to": [4, 7.5, 11.25],
			"faces": {
				"north": {"uv": [14, 6, 14.25, 6.5], "texture": "#0"},
				"east": {"uv": [0, 0, 6.5, 0.5], "texture": "#missing"},
				"south": {"uv": [14, 5, 14.25, 5.5], "texture": "#0"},
				"west": {"uv": [10, 0, 15.5, 0.5], "texture": "#0"},
				"up": {"uv": [0, 0, 6.5, 0.25], "rotation": 90, "texture": "#missing"},
				"down": {"uv": [9.5, 3, 16, 3.25], "rotation": 270, "texture": "#0"}
			}
		},
		{
			"from": [4, 6.5, 5],
			"to": [4.25, 7, 11],
			"faces": {
				"north": {"uv": [14, 6, 14.25, 6.5], "texture": "#0"},
				"east": {"uv": [0, 0, 6, 0.5], "texture": "#missing"},
				"south": {"uv": [15.75, 4, 16, 4.5], "texture": "#0"},
				"west": {"uv": [13, 4, 15, 4.5], "texture": "#0"},
				"up": {"uv": [0, 0, 6, 0.25], "rotation": 90, "texture": "#missing"},
				"down": {"uv": [13, 6, 16, 6.25], "rotation": 270, "texture": "#0"}
			}
		},
		{
			"from": [4.25, 6, 5.25],
			"to": [4.5, 6.5, 10.75],
			"faces": {
				"north": {"uv": [15, 5, 15.25, 5.5], "texture": "#0"},
				"east": {"uv": [0, 0, 5.5, 0.5], "texture": "#missing"},
				"south": {"uv": [15, 6, 15.25, 6.5], "texture": "#0"},
				"west": {"uv": [11.5, 4, 16, 4.5], "texture": "#0"},
				"up": {"uv": [0, 0, 5.5, 0.25], "rotation": 90, "texture": "#missing"},
				"down": {"uv": [11.5, 4, 16, 4.25], "rotation": 270, "texture": "#0"}
			}
		},
		{
			"from": [4.5, 5.5, 5.5],
			"to": [4.75, 6, 10.5],
			"faces": {
				"north": {"uv": [15.75, 3, 16, 3.5], "texture": "#0"},
				"east": {"uv": [0, 0, 5, 0.5], "texture": "#missing"},
				"south": {"uv": [15, 3, 15.25, 3.5], "texture": "#0"},
				"west": {"uv": [13, 6, 16, 6.5], "texture": "#0"},
				"up": {"uv": [0, 0, 5, 0.25], "rotation": 90, "texture": "#missing"},
				"down": {"uv": [11, 4, 16, 4.25], "rotation": 270, "texture": "#0"}
			}
		},
		{
			"from": [4.75, 5, 5.75],
			"to": [5, 5.5, 10.25],
			"faces": {
				"north": {"uv": [13, 5, 13.25, 5.5], "texture": "#0"},
				"east": {"uv": [0, 0, 4.5, 0.5], "texture": "#missing"},
				"south": {"uv": [15.75, 5, 16, 5.5], "texture": "#0"},
				"west": {"uv": [11.5, 3, 16, 3.5], "texture": "#0"},
				"up": {"uv": [0, 0, 4.5, 0.25], "rotation": 90, "texture": "#missing"},
				"down": {"uv": [11.5, 4, 16, 4.25], "rotation": 270, "texture": "#0"}
			}
		},
		{
			"from": [5.5, 4.5, 6.25],
			"to": [5.75, 5, 9.75],
			"faces": {
				"north": {"uv": [15, 3, 15.25, 3.5], "texture": "#0"},
				"east": {"uv": [0, 0, 3.5, 0.5], "texture": "#missing"},
				"south": {"uv": [15, 4, 15.25, 4.5], "texture": "#0"},
				"west": {"uv": [13.5, 6, 16, 6.5], "texture": "#0"},
				"up": {"uv": [0, 0, 3.5, 0.25], "rotation": 270, "texture": "#missing"},
				"down": {"uv": [12.5, 5, 16, 5.25], "rotation": 90, "texture": "#0"}
			}
		},
		{
			"from": [3.25, 7.5, 5.25],
			"to": [3.5, 8, 10.75],
			"faces": {
				"north": {"uv": [15, 3, 15.25, 3.5], "texture": "#0"},
				"east": {"uv": [0, 0, 5.5, 0.5], "texture": "#missing"},
				"south": {"uv": [15.75, 3, 16, 3.5], "texture": "#0"},
				"west": {"uv": [9, 2.75, 14.5, 3.25], "texture": "#0"},
				"up": {"uv": [0, 0, 5.5, 0.25], "rotation": 90, "texture": "#missing"},
				"down": {"uv": [10.5, 3, 16, 3.25], "rotation": 270, "texture": "#0"}
			}
		},
		{
			"from": [3.5, 7, 5.5],
			"to": [3.75, 7.5, 10.5],
			"faces": {
				"north": {"uv": [15.75, 4, 16, 4.5], "texture": "#0"},
				"east": {"uv": [0, 0, 5, 0.5], "texture": "#missing"},
				"south": {"uv": [15.75, 4, 16, 4.5], "texture": "#0"},
				"west": {"uv": [11, 4, 16, 4.5], "texture": "#0"},
				"up": {"uv": [0, 0, 5, 0.25], "rotation": 90, "texture": "#missing"},
				"down": {"uv": [11, 4, 16, 4.25], "rotation": 270, "texture": "#0"}
			}
		},
		{
			"from": [3.75, 6.5, 5.75],
			"to": [4, 7, 10.25],
			"faces": {
				"north": {"uv": [15.75, 5, 16, 5.5], "texture": "#0"},
				"east": {"uv": [0, 0, 4.5, 0.5], "texture": "#missing"},
				"south": {"uv": [15.75, 5, 16, 5.5], "texture": "#0"},
				"west": {"uv": [11.5, 5.5, 16, 6], "texture": "#0"},
				"up": {"uv": [0, 0, 4.5, 0.25], "rotation": 90, "texture": "#missing"},
				"down": {"uv": [11.5, 5, 16, 5.25], "rotation": 270, "texture": "#0"}
			}
		},
		{
			"from": [4, 6, 6],
			"to": [4.25, 6.5, 10],
			"faces": {
				"north": {"uv": [15.75, 4, 16, 4.5], "texture": "#0"},
				"east": {"uv": [0, 0, 4, 0.5], "texture": "#missing"},
				"south": {"uv": [15.75, 4, 16, 4.5], "texture": "#0"},
				"west": {"uv": [11.75, 4.25, 15.75, 4.75], "texture": "#0"},
				"up": {"uv": [0, 0, 4, 0.25], "rotation": 90, "texture": "#missing"},
				"down": {"uv": [12, 4, 16, 4.25], "rotation": 270, "texture": "#0"}
			}
		},
		{
			"from": [4.25, 5.5, 6.25],
			"to": [4.5, 6, 9.75],
			"faces": {
				"north": {"uv": [15.75, 4, 16, 4.5], "texture": "#0"},
				"east": {"uv": [0, 0, 3.5, 0.5], "texture": "#missing"},
				"south": {"uv": [14.75, 4, 15, 4.5], "texture": "#0"},
				"west": {"uv": [0, 0, 3.5, 0.5], "texture": "#0"},
				"up": {"uv": [0, 0, 3.5, 0.25], "rotation": 90, "texture": "#missing"},
				"down": {"uv": [12, 4, 15.5, 4.25], "rotation": 270, "texture": "#0"}
			}
		},
		{
			"from": [4.5, 5, 6.5],
			"to": [4.75, 5.5, 9.5],
			"faces": {
				"north": {"uv": [15.75, 6, 16, 6.5], "texture": "#0"},
				"east": {"uv": [0, 0, 3, 0.5], "texture": "#missing"},
				"south": {"uv": [15.75, 6, 16, 6.5], "texture": "#0"},
				"west": {"uv": [13, 6, 16, 6.5], "texture": "#0"},
				"up": {"uv": [0, 0, 3, 0.25], "rotation": 90, "texture": "#missing"},
				"down": {"uv": [13, 6, 16, 6.25], "rotation": 270, "texture": "#0"}
			}
		},
		{
			"from": [5.25, 4.5, 6.75],
			"to": [5.5, 5, 9.25],
			"faces": {
				"north": {"uv": [15.75, 6, 16, 6.5], "texture": "#0"},
				"east": {"uv": [0, 0, 2.5, 0.5], "texture": "#missing"},
				"south": {"uv": [15.75, 6, 16, 6.5], "texture": "#0"},
				"west": {"uv": [13.5, 6, 16, 6.5], "texture": "#0"},
				"up": {"uv": [0, 0, 2.5, 0.25], "rotation": 90, "texture": "#missing"},
				"down": {"uv": [13.5, 6, 16, 6.25], "rotation": 270, "texture": "#0"}
			}
		},
		{
			"from": [4.25, 8, 12.5],
			"to": [11.75, 10, 12.75],
			"faces": {
				"north": {"uv": [0, 0, 7.5, 2], "texture": "#missing"},
				"east": {"uv": [15.75, 2, 16, 4], "texture": "#0"},
				"south": {"uv": [8.5, 2, 16, 4], "texture": "#0"},
				"west": {"uv": [12, 5, 12.25, 7], "texture": "#0"},
				"up": {"uv": [11.5, 5, 16, 5.25], "texture": "#0"},
				"down": {"uv": [8.5, 3, 16, 3.25], "texture": "#0"}
			}
		},
		{
			"from": [5, 8, 12.75],
			"to": [11, 9.5, 13],
			"faces": {
				"north": {"uv": [0, 2, 6, 4], "texture": "#0"},
				"east": {"uv": [15, 2, 16, 4], "texture": "#0"},
				"south": {"uv": [8, 2, 16, 4], "texture": "#0"},
				"west": {"uv": [15, 2, 16, 4], "texture": "#0"},
				"up": {"uv": [16, 4, 8, 3], "rotation": 90, "texture": "#0"},
				"down": {"uv": [9, 2, 16, 4], "rotation": 270, "texture": "#0"}
			}
		},
		{
			"from": [4.5, 7.5, 12.25],
			"to": [11.5, 8, 12.5],
			"faces": {
				"north": {"uv": [0, 0, 7, 0.5], "texture": "#missing"},
				"east": {"uv": [15, 3, 15.25, 3.5], "texture": "#0"},
				"south": {"uv": [8, 3, 15, 3.5], "texture": "#0"},
				"west": {"uv": [13, 5, 13.25, 5.5], "texture": "#0"},
				"up": {"uv": [0, 0, 7, 0.25], "texture": "#missing"},
				"down": {"uv": [13, 6, 16, 6.25], "texture": "#0"}
			}
		},
		{
			"from": [4.75, 7, 12],
			"to": [11.25, 7.5, 12.25],
			"faces": {
				"north": {"uv": [0, 0, 6.5, 0.5], "texture": "#missing"},
				"east": {"uv": [14, 5, 14.25, 5.5], "texture": "#0"},
				"south": {"uv": [9, 0, 15.5, 0.5], "texture": "#0"},
				"west": {"uv": [14, 6, 14.25, 6.5], "texture": "#0"},
				"up": {"uv": [0, 0, 6.5, 0.25], "texture": "#missing"},
				"down": {"uv": [9.5, 3, 16, 3.25], "texture": "#0"}
			}
		},
		{
			"from": [5, 6.5, 11.75],
			"to": [11, 7, 12],
			"faces": {
				"north": {"uv": [0, 0, 6, 0.5], "texture": "#missing"},
				"east": {"uv": [15.75, 4, 16, 4.5], "texture": "#0"},
				"south": {"uv": [13, 4, 15, 4.5], "texture": "#0"},
				"west": {"uv": [14, 6, 14.25, 6.5], "texture": "#0"},
				"up": {"uv": [0, 0, 6, 0.25], "texture": "#missing"},
				"down": {"uv": [13, 6, 16, 6.25], "texture": "#0"}
			}
		},
		{
			"from": [5.25, 6, 11.5],
			"to": [10.75, 6.5, 11.75],
			"faces": {
				"north": {"uv": [0, 0, 5.5, 0.5], "texture": "#missing"},
				"east": {"uv": [15, 6, 15.25, 6.5], "texture": "#0"},
				"south": {"uv": [11.5, 4, 16, 4.5], "texture": "#0"},
				"west": {"uv": [15, 5, 15.25, 5.5], "texture": "#0"},
				"up": {"uv": [0, 0, 5.5, 0.25], "texture": "#missing"},
				"down": {"uv": [11.5, 4, 16, 4.25], "texture": "#0"}
			}
		},
		{
			"from": [5.5, 5.5, 11.25],
			"to": [10.5, 6, 11.5],
			"faces": {
				"north": {"uv": [0, 0, 5, 0.5], "texture": "#missing"},
				"east": {"uv": [15, 3, 15.25, 3.5], "texture": "#0"},
				"south": {"uv": [13, 6, 16, 6.5], "texture": "#0"},
				"west": {"uv": [15.75, 3, 16, 3.5], "texture": "#0"},
				"up": {"uv": [0, 0, 5, 0.25], "texture": "#missing"},
				"down": {"uv": [11, 4, 16, 4.25], "texture": "#0"}
			}
		},
		{
			"from": [5.75, 5, 11],
			"to": [10.25, 5.5, 11.25],
			"faces": {
				"north": {"uv": [0, 0, 4.5, 0.5], "texture": "#missing"},
				"east": {"uv": [15.75, 5, 16, 5.5], "texture": "#0"},
				"south": {"uv": [11.5, 3, 16, 3.5], "texture": "#0"},
				"west": {"uv": [13, 5, 13.25, 5.5], "texture": "#0"},
				"up": {"uv": [0, 0, 4.5, 0.25], "texture": "#missing"},
				"down": {"uv": [11.5, 4, 16, 4.25], "texture": "#0"}
			}
		},
		{
			"from": [6.25, 4.5, 10.25],
			"to": [9.75, 5, 10.5],
			"faces": {
				"north": {"uv": [0, 0, 3.5, 0.5], "texture": "#missing"},
				"east": {"uv": [15, 4, 15.25, 4.5], "texture": "#0"},
				"south": {"uv": [13.5, 6, 16, 6.5], "texture": "#0"},
				"west": {"uv": [15, 3, 15.25, 3.5], "texture": "#0"},
				"up": {"uv": [0, 0, 3.5, 0.25], "rotation": 180, "texture": "#missing"},
				"down": {"uv": [12.5, 5, 16, 5.25], "rotation": 180, "texture": "#0"}
			}
		},
		{
			"from": [5.25, 7.5, 12.5],
			"to": [10.75, 8, 12.75],
			"faces": {
				"north": {"uv": [0, 0, 5.5, 0.5], "texture": "#missing"},
				"east": {"uv": [15.75, 3, 16, 3.5], "texture": "#0"},
				"south": {"uv": [9, 2.75, 14.5, 3.25], "texture": "#0"},
				"west": {"uv": [15, 3, 15.25, 3.5], "texture": "#0"},
				"up": {"uv": [0, 0, 5.5, 0.25], "texture": "#missing"},
				"down": {"uv": [10.5, 3, 16, 3.25], "texture": "#0"}
			}
		},
		{
			"from": [5.5, 7, 12.25],
			"to": [10.5, 7.5, 12.5],
			"faces": {
				"north": {"uv": [0, 0, 5, 0.5], "texture": "#missing"},
				"east": {"uv": [15.75, 4, 16, 4.5], "texture": "#0"},
				"south": {"uv": [11, 4, 16, 4.5], "texture": "#0"},
				"west": {"uv": [15.75, 4, 16, 4.5], "texture": "#0"},
				"up": {"uv": [0, 0, 5, 0.25], "texture": "#missing"},
				"down": {"uv": [11, 4, 16, 4.25], "texture": "#0"}
			}
		},
		{
			"from": [5.75, 6.5, 12],
			"to": [10.25, 7, 12.25],
			"faces": {
				"north": {"uv": [0, 0, 4.5, 0.5], "texture": "#missing"},
				"east": {"uv": [15.75, 5, 16, 5.5], "texture": "#0"},
				"south": {"uv": [11.5, 5.5, 16, 6], "texture": "#0"},
				"west": {"uv": [15.75, 5, 16, 5.5], "texture": "#0"},
				"up": {"uv": [0, 0, 4.5, 0.25], "texture": "#missing"},
				"down": {"uv": [11.5, 5, 16, 5.25], "texture": "#0"}
			}
		},
		{
			"from": [6, 6, 11.75],
			"to": [10, 6.5, 12],
			"faces": {
				"north": {"uv": [0, 0, 4, 0.5], "texture": "#missing"},
				"east": {"uv": [15.75, 4, 16, 4.5], "texture": "#0"},
				"south": {"uv": [11.75, 4.25, 15.75, 4.75], "texture": "#0"},
				"west": {"uv": [15.75, 4, 16, 4.5], "texture": "#0"},
				"up": {"uv": [0, 0, 4, 0.25], "texture": "#missing"},
				"down": {"uv": [12, 4, 16, 4.25], "texture": "#0"}
			}
		},
		{
			"from": [6.25, 5.5, 11.5],
			"to": [9.75, 6, 11.75],
			"faces": {
				"north": {"uv": [0, 0, 3.5, 0.5], "texture": "#missing"},
				"east": {"uv": [14.75, 4, 15, 4.5], "texture": "#0"},
				"south": {"uv": [0, 0, 3.5, 0.5], "texture": "#0"},
				"west": {"uv": [15.75, 4, 16, 4.5], "texture": "#0"},
				"up": {"uv": [0, 0, 3.5, 0.25], "texture": "#missing"},
				"down": {"uv": [12, 4, 15.5, 4.25], "texture": "#0"}
			}
		},
		{
			"from": [6.5, 5, 11.25],
			"to": [9.5, 5.5, 11.5],
			"faces": {
				"north": {"uv": [0, 0, 3, 0.5], "texture": "#missing"},
				"east": {"uv": [15.75, 6, 16, 6.5], "texture": "#0"},
				"south": {"uv": [13, 6, 16, 6.5], "texture": "#0"},
				"west": {"uv": [15.75, 6, 16, 6.5], "texture": "#0"},
				"up": {"uv": [0, 0, 3, 0.25], "texture": "#missing"},
				"down": {"uv": [13, 6, 16, 6.25], "texture": "#0"}
			}
		},
		{
			"from": [6.75, 4.5, 10.5],
			"to": [9.25, 5, 10.75],
			"faces": {
				"north": {"uv": [0, 0, 2.5, 0.5], "texture": "#missing"},
				"east": {"uv": [15.75, 6, 16, 6.5], "texture": "#0"},
				"south": {"uv": [13.5, 6, 16, 6.5], "texture": "#0"},
				"west": {"uv": [15.75, 6, 16, 6.5], "texture": "#0"},
				"up": {"uv": [0, 0, 2.5, 0.25], "texture": "#missing"},
				"down": {"uv": [13.5, 6, 16, 6.25], "texture": "#0"}
			}
		},
		{
			"from": [6.5, 9.5, 7.75],
			"to": [7, 10, 8.25],
			"faces": {
				"north": {"uv": [0, 15.5, 0.5, 16], "texture": "#0"},
				"east": {"uv": [0, 0, 0.5, 0.5], "texture": "#missing"},
				"south": {"uv": [0, 15, 0.5, 15.5], "texture": "#0"},
				"west": {"uv": [0, 15.5, 0.5, 16], "texture": "#0"},
				"up": {"uv": [0, 15.5, 0.5, 16], "texture": "#0"},
				"down": {"uv": [0, 0, 0.5, 0.5], "texture": "#missing"}
			}
		},
		{
			"from": [9, 9.5, 8.75],
			"to": [9.5, 10, 9.25],
			"faces": {
				"north": {"uv": [0, 0, 0.5, 0.5], "texture": "#missing"},
				"east": {"uv": [0, 15.5, 0.5, 16], "texture": "#0"},
				"south": {"uv": [0, 15.5, 0.5, 16], "texture": "#0"},
				"west": {"uv": [0, 0, 0.5, 0.5], "texture": "#missing"},
				"up": {"uv": [0, 15.5, 0.5, 16], "texture": "#0"},
				"down": {"uv": [0, 0, 0.5, 0.5], "texture": "#missing"}
			}
		},
		{
			"from": [9.25, 12.25, 4.75],
			"to": [9.75, 12.75, 5.25],
			"rotation": {"angle": 22.5, "axis": "x", "origin": [0, 0, 0]},
			"faces": {
				"north": {"uv": [0, 15.5, 0.5, 16], "texture": "#0"},
				"east": {"uv": [0, 15.5, 0.5, 16], "texture": "#0"},
				"south": {"uv": [0, 0, 0.5, 0.5], "texture": "#0"},
				"west": {"uv": [0, 15.5, 0.5, 16], "texture": "#0"},
				"up": {"uv": [0, 15.5, 0.5, 16], "texture": "#0"},
				"down": {"uv": [0, 0, 0.5, 0.5], "texture": "#0"}
			}
		}
	],
	"display": {
		"thirdperson_righthand": {
			"scale": [0.64, 0.64, 0.64]
		},
		"thirdperson_lefthand": {
			"scale": [0.64, 0.64, 0.64]
		},
		"firstperson_righthand": {
			"rotation": [0, 72, 0],
			"translation": [-0.25, 2.25, 0.25]
		},
		"firstperson_lefthand": {
			"rotation": [0, 72, 0],
			"translation": [0.25, 2.25, -0.25]
		},
		"ground": {
			"scale": [0.78, 0.78, 0.78]
		},
		"gui": {
			"rotation": [29, 13, 0]
		},
		"head": {
			"rotation": [0, 23, 0],
			"translation": [0, 12.25, 0],
			"scale": [1.93, 1.93, 1.92]
		},
		"fixed": {
			"rotation": [-90, 0, 0],
			"translation": [0, 0, -5.75],
			"scale": [1.86, 1.86, 1.86]
		}
	},
	"groups": [
		0,
		1,
		2,
		3,
		4,
		5,
		6,
		7,
		8,
		9,
		10,
		11,
		12,
		13,
		14,
		15,
		16,
		17,
		18,
		19,
		20,
		21,
		22,
		23,
		24,
		25,
		26,
		27,
		28,
		29,
		30,
		31,
		32,
		33,
		34,
		35,
		36,
		37,
		38,
		39,
		{
			"name": "group",
			"origin": [8, 8, 8],
			"color": 0,
			"children": [
				40,
				41,
				42,
				43,
				44,
				45,
				46,
				47,
				48,
				49,
				50,
				51,
				52,
				53,
				54,
				55,
				{
					"name": "group",
					"origin": [8, 8, 8],
					"color": 0,
					"children": [56, 57, 58, 59, 60, 61, 62, 63, 64, 65, 66, 67, 68, 69, 70, 71]
				},
				{
					"name": "group",
					"origin": [8, 8, 8],
					"color": 0,
					"children": [72, 73, 74, 75, 76, 77, 78, 79, 80, 81, 82, 83, 84, 85, 86, 87]
				}
			]
		},
		88,
		89,
		90
	]
}