{
	"credit": "Made with Blockbench",
	"texture_size": [64, 64],
	"textures": {
		"0": "politmine/item/brewery/usual_ice_cream/texture",
		"1": "politmine/item/brewery/usual_ice_cream/texture22",
		"2": "politmine/item/brewery/usual_ice_cream/рож",
		"particle": "politmine/item/brewery/usual_ice_cream/texture"
	},
	"elements": [
		{
			"from": [5.5, 0, 5.5],
			"to": [9.5, 0.5, 9.5],
			"faces": {
				"north": {"uv": [0, 4, 2, 4.5], "texture": "#1"},
				"east": {"uv": [4, 0, 6, 0.5], "texture": "#1"},
				"south": {"uv": [4, 0.5, 6, 1], "texture": "#1"},
				"west": {"uv": [4, 1, 6, 1.5], "texture": "#1"},
				"up": {"uv": [2, 2, 0, 0], "texture": "#0"},
				"down": {"uv": [2, 2, 0, 4], "texture": "#1"}
			}
		},
		{
			"from": [5, 0.5, 5.5],
			"to": [5.5, 1.5, 9.5],
			"faces": {
				"north": {"uv": [2.5, 8.5, 3, 9], "texture": "#1"},
				"east": {"uv": [4, 1.5, 6, 2], "texture": "#1"},
				"south": {"uv": [3, 8.5, 3.5, 9], "texture": "#1"},
				"west": {"uv": [2, 4, 4, 4.5], "texture": "#1"},
				"up": {"uv": [4.5, 4, 4, 2], "texture": "#1"},
				"down": {"uv": [4.5, 4, 4, 6], "texture": "#1"}
			}
		},
		{
			"from": [9.5, 0.5, 5.5],
			"to": [10, 1.5, 9.5],
			"faces": {
				"north": {"uv": [3.5, 8.5, 4, 9], "texture": "#1"},
				"east": {"uv": [0, 4.5, 2, 5], "texture": "#1"},
				"south": {"uv": [9, 2, 9.5, 2.5], "texture": "#1"},
				"west": {"uv": [2, 4.5, 4, 5], "texture": "#1"},
				"up": {"uv": [5, 4, 4.5, 2], "texture": "#1"},
				"down": {"uv": [5, 4, 4.5, 6], "texture": "#1"}
			}
		},
		{
			"from": [5.5, 0.5, 9.5],
			"to": [9.5, 1.5, 10],
			"faces": {
				"north": {"uv": [0, 5, 2, 5.5], "texture": "#1"},
				"east": {"uv": [2.5, 9, 3, 9.5], "texture": "#1"},
				"south": {"uv": [2, 5, 4, 5.5], "texture": "#1"},
				"west": {"uv": [9, 2.5, 9.5, 3], "texture": "#1"},
				"up": {"uv": [7, 2.5, 5, 2], "texture": "#1"},
				"down": {"uv": [7, 2.5, 5, 3], "texture": "#1"}
			}
		},
		{
			"from": [7.15, -1.9, 9.7],
			"to": [7.65, -1.65, 13.2],
			"rotation": {"angle": -22.5, "axis": "x", "origin": [0, 0, 0]},
			"faces": {
				"north": {"uv": [7, 2.5, 5, 2], "texture": "#2"},
				"east": {"uv": [7, 2.5, 5, 2], "texture": "#2"},
				"south": {"uv": [7, 2.5, 5, 2], "texture": "#2"},
				"west": {"uv": [7, 2.5, 5, 2], "texture": "#2"},
				"up": {"uv": [7, 2.5, 5, 2], "rotation": 90, "texture": "#2"},
				"down": {"uv": [7, 2.5, 5, 2], "rotation": 270, "texture": "#2"}
			}
		},
		{
			"from": [6.95, -2, 8.5],
			"to": [7.85, -1.75, 9.7],
			"rotation": {"angle": -22.5, "axis": "x", "origin": [0, 0, 0]},
			"faces": {
				"north": {"uv": [9, 2.5, 9.5, 3], "texture": "#1"},
				"east": {"uv": [0, 5, 2, 5.5], "texture": "#1"},
				"south": {"uv": [2.5, 9, 3, 9.5], "texture": "#1"},
				"west": {"uv": [2, 5, 4, 5.5], "texture": "#1"},
				"up": {"uv": [7, 2.5, 5, 2], "rotation": 90, "texture": "#1"},
				"down": {"uv": [7, 2.5, 5, 3], "rotation": 270, "texture": "#1"}
			}
		},
		{
			"from": [6.95, -1.8, 8.5],
			"to": [7.15, -1.55, 9.7],
			"rotation": {"angle": -22.5, "axis": "x", "origin": [0, 0, 0]},
			"faces": {
				"north": {"uv": [9, 2.5, 9.5, 3], "texture": "#1"},
				"east": {"uv": [0, 5, 2, 5.5], "texture": "#1"},
				"south": {"uv": [2.5, 9, 3, 9.5], "texture": "#1"},
				"west": {"uv": [2, 5, 4, 5.5], "texture": "#1"},
				"up": {"uv": [7, 2.5, 5, 2], "rotation": 90, "texture": "#1"},
				"down": {"uv": [7, 2.5, 5, 3], "rotation": 270, "texture": "#1"}
			}
		},
		{
			"from": [7.65, -1.8, 8.5],
			"to": [7.85, -1.55, 9.7],
			"rotation": {"angle": -22.5, "axis": "x", "origin": [0, 0, 0]},
			"faces": {
				"north": {"uv": [9, 2.5, 9.5, 3], "texture": "#1"},
				"east": {"uv": [0, 5, 2, 5.5], "texture": "#1"},
				"south": {"uv": [2.5, 9, 3, 9.5], "texture": "#1"},
				"west": {"uv": [2, 5, 4, 5.5], "texture": "#1"},
				"up": {"uv": [7, 2.5, 5, 2], "rotation": 90, "texture": "#1"},
				"down": {"uv": [7, 2.5, 5, 3], "rotation": 270, "texture": "#1"}
			}
		},
		{
			"from": [7.15, -1.8, 8.5],
			"to": [7.65, -1.55, 8.7],
			"rotation": {"angle": -22.5, "axis": "x", "origin": [0, 0, 0]},
			"faces": {
				"north": {"uv": [9, 2.5, 9.5, 3], "texture": "#1"},
				"east": {"uv": [0, 5, 2, 5.5], "texture": "#1"},
				"south": {"uv": [2.5, 9, 3, 9.5], "texture": "#1"},
				"west": {"uv": [2, 5, 4, 5.5], "texture": "#1"},
				"up": {"uv": [7, 2.5, 5, 2], "rotation": 90, "texture": "#1"},
				"down": {"uv": [7, 2.5, 5, 3], "rotation": 270, "texture": "#1"}
			}
		},
		{
			"from": [7.15, -1.8, 9.5],
			"to": [7.65, -1.55, 9.7],
			"rotation": {"angle": -22.5, "axis": "x", "origin": [0, 0, 0]},
			"faces": {
				"north": {"uv": [9, 2.5, 9.5, 3], "texture": "#1"},
				"east": {"uv": [0, 5, 2, 5.5], "texture": "#1"},
				"south": {"uv": [2.5, 9, 3, 9.5], "texture": "#1"},
				"west": {"uv": [2, 5, 4, 5.5], "texture": "#1"},
				"up": {"uv": [7, 2.5, 5, 2], "rotation": 90, "texture": "#1"},
				"down": {"uv": [7, 2.5, 5, 3], "rotation": 270, "texture": "#1"}
			}
		},
		{
			"from": [5.5, 0.5, 5],
			"to": [9.5, 1.5, 5.5],
			"faces": {
				"north": {"uv": [5, 3, 7, 3.5], "texture": "#1"},
				"east": {"uv": [3, 9, 3.5, 9.5], "texture": "#1"},
				"south": {"uv": [5, 3.5, 7, 4], "texture": "#1"},
				"west": {"uv": [9, 3, 9.5, 3.5], "texture": "#1"},
				"up": {"uv": [7, 4.5, 5, 4], "texture": "#1"},
				"down": {"uv": [7, 4.5, 5, 5], "texture": "#1"}
			}
		},
		{
			"from": [5.5, 0.3, 5],
			"to": [9.5, 0.5, 5.5],
			"faces": {
				"north": {"uv": [5, 5, 7, 5.5], "texture": "#1"},
				"east": {"uv": [3.5, 9, 4, 9.5], "texture": "#1"},
				"south": {"uv": [0, 5.5, 2, 6], "texture": "#1"},
				"west": {"uv": [9, 3.5, 9.5, 4], "texture": "#1"},
				"up": {"uv": [4, 6, 2, 5.5], "texture": "#1"},
				"down": {"uv": [7, 5.5, 5, 6], "texture": "#1"}
			}
		},
		{
			"from": [5.5, 0.3, 9.5],
			"to": [9.5, 0.5, 10],
			"faces": {
				"north": {"uv": [0, 6, 2, 6.5], "texture": "#1"},
				"east": {"uv": [9, 4, 9.5, 4.5], "texture": "#1"},
				"south": {"uv": [6, 0, 8, 0.5], "texture": "#1"},
				"west": {"uv": [9, 4.5, 9.5, 5], "texture": "#1"},
				"up": {"uv": [8, 1, 6, 0.5], "texture": "#1"},
				"down": {"uv": [8, 1, 6, 1.5], "texture": "#1"}
			}
		},
		{
			"from": [9.5, 0.3, 5.5],
			"to": [10, 0.5, 9.5],
			"faces": {
				"north": {"uv": [5, 9, 5.5, 9.5], "texture": "#1"},
				"east": {"uv": [6, 1.5, 8, 2], "texture": "#1"},
				"south": {"uv": [5.5, 9, 6, 9.5], "texture": "#1"},
				"west": {"uv": [2, 6, 4, 6.5], "texture": "#1"},
				"up": {"uv": [4.5, 8, 4, 6], "texture": "#1"},
				"down": {"uv": [5, 6, 4.5, 8], "texture": "#1"}
			}
		},
		{
			"from": [5, 0.3, 5.5],
			"to": [5.5, 0.5, 9.5],
			"faces": {
				"north": {"uv": [6, 9, 6.5, 9.5], "texture": "#1"},
				"east": {"uv": [5, 6, 7, 6.5], "texture": "#1"},
				"south": {"uv": [6.5, 9, 7, 9.5], "texture": "#1"},
				"west": {"uv": [0, 6.5, 2, 7], "texture": "#1"},
				"up": {"uv": [2.5, 8.5, 2, 6.5], "texture": "#1"},
				"down": {"uv": [3, 6.5, 2.5, 8.5], "texture": "#1"}
			}
		},
		{
			"from": [5.7, -0.2, 5.75],
			"to": [9.3, 0, 9.25],
			"faces": {
				"north": {"uv": [5, 6.5, 7, 7], "texture": "#1"},
				"east": {"uv": [0, 7, 2, 7.5], "texture": "#1"},
				"south": {"uv": [7, 2, 9, 2.5], "texture": "#1"},
				"west": {"uv": [7, 2.5, 9, 3], "texture": "#1"},
				"up": {"uv": [4, 2, 2, 0], "texture": "#1"},
				"down": {"uv": [4, 2, 2, 4], "texture": "#1"}
			}
		},
		{
			"from": [9.5, 0.1, 5.6],
			"to": [9.6, 0.3, 9.4],
			"faces": {
				"north": {"uv": [7, 9, 7.5, 9.5], "texture": "#1"},
				"east": {"uv": [7, 3, 9, 3.5], "texture": "#1"},
				"south": {"uv": [7.5, 9, 8, 9.5], "texture": "#1"},
				"west": {"uv": [7, 3.5, 9, 4], "texture": "#1"},
				"up": {"uv": [3.5, 8.5, 3, 6.5], "texture": "#1"},
				"down": {"uv": [4, 6.5, 3.5, 8.5], "texture": "#1"}
			}
		},
		{
			"from": [5.4, 0.1, 5.6],
			"to": [5.5, 0.3, 9.4],
			"faces": {
				"north": {"uv": [8, 9, 8.5, 9.5], "texture": "#1"},
				"east": {"uv": [7, 4, 9, 4.5], "texture": "#1"},
				"south": {"uv": [8.5, 9, 9, 9.5], "texture": "#1"},
				"west": {"uv": [7, 4.5, 9, 5], "texture": "#1"},
				"up": {"uv": [5.5, 9, 5, 7], "texture": "#1"},
				"down": {"uv": [7.5, 5, 7, 7], "texture": "#1"}
			}
		},
		{
			"from": [5.6, 0.1, 9.5],
			"to": [9.4, 0.3, 9.6],
			"faces": {
				"north": {"uv": [5.5, 7, 7.5, 7.5], "texture": "#1"},
				"east": {"uv": [9, 9, 9.5, 9.5], "texture": "#1"},
				"south": {"uv": [0, 7.5, 2, 8], "texture": "#1"},
				"west": {"uv": [0.5, 9.5, 1, 10], "texture": "#1"},
				"up": {"uv": [9.5, 5.5, 7.5, 5], "texture": "#1"},
				"down": {"uv": [7.5, 7.5, 5.5, 8], "texture": "#1"}
			}
		},
		{
			"from": [5.6, 0.1, 5.4],
			"to": [9.4, 0.3, 5.5],
			"faces": {
				"north": {"uv": [7.5, 5.5, 9.5, 6], "texture": "#1"},
				"east": {"uv": [1, 9.5, 1.5, 10], "texture": "#1"},
				"south": {"uv": [7.5, 6, 9.5, 6.5], "texture": "#1"},
				"west": {"uv": [1.5, 9.5, 2, 10], "texture": "#1"},
				"up": {"uv": [9.5, 7, 7.5, 6.5], "texture": "#1"},
				"down": {"uv": [9.5, 7, 7.5, 7.5], "texture": "#1"}
			}
		},
		{
			"from": [4.75, 0.6, 5.6],
			"to": [5.05, 1.3, 9.4],
			"faces": {
				"north": {"uv": [2, 9.5, 2.5, 10], "texture": "#1"},
				"east": {"uv": [7.5, 7.5, 9.5, 8], "texture": "#1"},
				"south": {"uv": [9.5, 2, 10, 2.5], "texture": "#1"},
				"west": {"uv": [0, 8, 2, 8.5], "texture": "#1"},
				"up": {"uv": [8.5, 2, 8, 0], "texture": "#1"},
				"down": {"uv": [4.5, 8, 4, 10], "texture": "#1"}
			}
		},
		{
			"from": [9.95, 0.6, 5.6],
			"to": [10.25, 1.3, 9.4],
			"faces": {
				"north": {"uv": [2.5, 9.5, 3, 10], "texture": "#1"},
				"east": {"uv": [5.5, 8, 7.5, 8.5], "texture": "#1"},
				"south": {"uv": [9.5, 2.5, 10, 3], "texture": "#1"},
				"west": {"uv": [7.5, 8, 9.5, 8.5], "texture": "#1"},
				"up": {"uv": [5, 10, 4.5, 8], "texture": "#1"},
				"down": {"uv": [0.5, 8.5, 0, 10.5], "texture": "#1"}
			}
		},
		{
			"from": [5.15, 0.4, 9.5],
			"to": [5.55, 1.5, 9.8],
			"faces": {
				"north": {"uv": [3, 9.5, 3.5, 10], "texture": "#1"},
				"east": {"uv": [9.5, 3, 10, 3.5], "texture": "#1"},
				"south": {"uv": [3.5, 9.5, 4, 10], "texture": "#1"},
				"west": {"uv": [9.5, 3.5, 10, 4], "texture": "#1"},
				"up": {"uv": [10, 4.5, 9.5, 4], "texture": "#1"},
				"down": {"uv": [10, 4.5, 9.5, 5], "texture": "#1"}
			}
		},
		{
			"from": [5.15, 0.4, 5.2],
			"to": [5.55, 1.5, 5.5],
			"faces": {
				"north": {"uv": [5, 9.5, 5.5, 10], "texture": "#1"},
				"east": {"uv": [9.5, 5, 10, 5.5], "texture": "#1"},
				"south": {"uv": [5.5, 9.5, 6, 10], "texture": "#1"},
				"west": {"uv": [9.5, 5.5, 10, 6], "texture": "#1"},
				"up": {"uv": [6.5, 10, 6, 9.5], "texture": "#1"},
				"down": {"uv": [10, 6, 9.5, 6.5], "texture": "#1"}
			}
		},
		{
			"from": [9.45, 0.4, 5.2],
			"to": [9.85, 1.5, 5.5],
			"faces": {
				"north": {"uv": [6.5, 9.5, 7, 10], "texture": "#1"},
				"east": {"uv": [9.5, 6.5, 10, 7], "texture": "#1"},
				"south": {"uv": [7, 9.5, 7.5, 10], "texture": "#1"},
				"west": {"uv": [9.5, 7, 10, 7.5], "texture": "#1"},
				"up": {"uv": [8, 10, 7.5, 9.5], "texture": "#1"},
				"down": {"uv": [10, 7.5, 9.5, 8], "texture": "#1"}
			}
		},
		{
			"from": [9.45, 0.4, 9.5],
			"to": [9.85, 1.5, 9.8],
			"faces": {
				"north": {"uv": [8, 9.5, 8.5, 10], "texture": "#1"},
				"east": {"uv": [9.5, 8, 10, 8.5], "texture": "#1"},
				"south": {"uv": [8.5, 9.5, 9, 10], "texture": "#1"},
				"west": {"uv": [9.5, 8.5, 10, 9], "texture": "#1"},
				"up": {"uv": [9.5, 10, 9, 9.5], "texture": "#1"},
				"down": {"uv": [10, 9, 9.5, 9.5], "texture": "#1"}
			}
		},
		{
			"from": [5.6, 0.6, 4.75],
			"to": [9.45, 1.3, 5.05],
			"faces": {
				"north": {"uv": [8.5, 0, 10.5, 0.5], "texture": "#1"},
				"east": {"uv": [9.5, 9.5, 10, 10], "texture": "#1"},
				"south": {"uv": [0.5, 8.5, 2.5, 9], "texture": "#1"},
				"west": {"uv": [0.5, 10, 1, 10.5], "texture": "#1"},
				"up": {"uv": [10.5, 1, 8.5, 0.5], "texture": "#1"},
				"down": {"uv": [10.5, 1, 8.5, 1.5], "texture": "#1"}
			}
		},
		{
			"from": [5.6, 0.6, 9.95],
			"to": [9.45, 1.3, 10.25],
			"faces": {
				"north": {"uv": [8.5, 1.5, 10.5, 2], "texture": "#1"},
				"east": {"uv": [1, 10, 1.5, 10.5], "texture": "#1"},
				"south": {"uv": [5.5, 8.5, 7.5, 9], "texture": "#1"},
				"west": {"uv": [1.5, 10, 2, 10.5], "texture": "#1"},
				"up": {"uv": [9.5, 9, 7.5, 8.5], "texture": "#1"},
				"down": {"uv": [2.5, 9, 0.5, 9.5], "texture": "#1"}
			}
		},
		{
			"from": [8.25, 0.2, 8],
			"to": [8.85, 0.4, 8.6],
			"faces": {
				"north": {"uv": [4, 1, 4.5, 1.5], "texture": "#0"},
				"east": {"uv": [1.5, 4, 2, 4.5], "texture": "#0"},
				"south": {"uv": [4, 1.5, 4.5, 2], "texture": "#0"},
				"west": {"uv": [2, 4, 2.5, 4.5], "texture": "#0"},
				"up": {"uv": [4.5, 2.5, 4, 2], "texture": "#0"},
				"down": {"uv": [3, 4, 2.5, 4.5], "texture": "#0"}
			}
		},
		{
			"from": [8.25, 0.4, 7.7],
			"to": [8.85, 0.6, 8.9],
			"faces": {
				"north": {"uv": [4, 2.5, 4.5, 3], "texture": "#0"},
				"east": {"uv": [3, 4, 3.5, 4.5], "texture": "#0"},
				"south": {"uv": [4, 3, 4.5, 3.5], "texture": "#0"},
				"west": {"uv": [3.5, 4, 4, 4.5], "texture": "#0"},
				"up": {"uv": [4.5, 4, 4, 3.5], "texture": "#0"},
				"down": {"uv": [4.5, 4, 4, 4.5], "texture": "#0"}
			}
		},
		{
			"from": [8.25, 0.6, 7.4],
			"to": [8.85, 1.5, 9.2],
			"faces": {
				"north": {"uv": [4.5, 0, 5, 0.5], "texture": "#0"},
				"east": {"uv": [0, 0, 1, 0.5], "texture": "#0"},
				"south": {"uv": [0.5, 4.5, 1, 5], "texture": "#0"},
				"west": {"uv": [0, 0.5, 1, 1], "texture": "#0"},
				"up": {"uv": [0.5, 2, 0, 1], "texture": "#0"},
				"down": {"uv": [1.5, 0, 1, 1], "texture": "#0"}
			}
		},
		{
			"from": [8.15, 1.5, 7.6],
			"to": [8.95, 1.7, 9],
			"faces": {
				"north": {"uv": [4.5, 1, 5, 1.5], "texture": "#0"},
				"east": {"uv": [1.5, 4.5, 2, 5], "texture": "#0"},
				"south": {"uv": [4.5, 1.5, 5, 2], "texture": "#0"},
				"west": {"uv": [2, 4.5, 2.5, 5], "texture": "#0"},
				"up": {"uv": [5, 2.5, 4.5, 2], "texture": "#0"},
				"down": {"uv": [3, 4.5, 2.5, 5], "texture": "#0"}
			}
		},
		{
			"from": [8.25, 1.7, 8],
			"to": [8.85, 1.9, 8.6],
			"faces": {
				"north": {"uv": [4.5, 2.5, 5, 3], "texture": "#0"},
				"east": {"uv": [3, 4.5, 3.5, 5], "texture": "#0"},
				"south": {"uv": [4.5, 3, 5, 3.5], "texture": "#0"},
				"west": {"uv": [3.5, 4.5, 4, 5], "texture": "#0"},
				"up": {"uv": [5, 4, 4.5, 3.5], "texture": "#0"},
				"down": {"uv": [4.5, 4.5, 4, 5], "texture": "#0"}
			}
		},
		{
			"from": [8.05, 0.6, 7.6],
			"to": [8.35, 1.6, 9],
			"faces": {
				"north": {"uv": [4.5, 4, 5, 4.5], "texture": "#0"},
				"east": {"uv": [4.5, 4.5, 5, 5], "texture": "#0"},
				"south": {"uv": [0, 5, 0.5, 5.5], "texture": "#0"},
				"west": {"uv": [5, 0, 5.5, 0.5], "texture": "#0"},
				"up": {"uv": [1, 5.5, 0.5, 5], "texture": "#0"},
				"down": {"uv": [5.5, 0.5, 5, 1], "texture": "#0"}
			}
		},
		{
			"from": [8.75, 0.6, 7.6],
			"to": [9.05, 1.6, 9],
			"faces": {
				"north": {"uv": [1, 5, 1.5, 5.5], "texture": "#0"},
				"east": {"uv": [5, 1, 5.5, 1.5], "texture": "#0"},
				"south": {"uv": [1.5, 5, 2, 5.5], "texture": "#0"},
				"west": {"uv": [5, 1.5, 5.5, 2], "texture": "#0"},
				"up": {"uv": [2.5, 5.5, 2, 5], "texture": "#0"},
				"down": {"uv": [5.5, 2, 5, 2.5], "texture": "#0"}
			}
		},
		{
			"from": [7.75, 0.7, 7.8],
			"to": [8.05, 1.4, 8.8],
			"faces": {
				"north": {"uv": [2.5, 5, 3, 5.5], "texture": "#0"},
				"east": {"uv": [5, 2.5, 5.5, 3], "texture": "#0"},
				"south": {"uv": [3, 5, 3.5, 5.5], "texture": "#0"},
				"west": {"uv": [5, 3, 5.5, 3.5], "texture": "#0"},
				"up": {"uv": [4, 5.5, 3.5, 5], "texture": "#0"},
				"down": {"uv": [5.5, 3.5, 5, 4], "texture": "#0"}
			}
		},
		{
			"from": [9.05, 0.7, 7.8],
			"to": [9.35, 1.4, 8.8],
			"faces": {
				"north": {"uv": [4, 5, 4.5, 5.5], "texture": "#0"},
				"east": {"uv": [5, 4, 5.5, 4.5], "texture": "#0"},
				"south": {"uv": [4.5, 5, 5, 5.5], "texture": "#0"},
				"west": {"uv": [5, 4.5, 5.5, 5], "texture": "#0"},
				"up": {"uv": [5.5, 5.5, 5, 5], "texture": "#0"},
				"down": {"uv": [0.5, 5.5, 0, 6], "texture": "#0"}
			}
		},
		{
			"from": [7.95, 1.5, 7.8],
			"to": [8.25, 1.7, 8.8],
			"faces": {
				"north": {"uv": [5.5, 0, 6, 0.5], "texture": "#0"},
				"east": {"uv": [0.5, 5.5, 1, 6], "texture": "#0"},
				"south": {"uv": [5.5, 0.5, 6, 1], "texture": "#0"},
				"west": {"uv": [1, 5.5, 1.5, 6], "texture": "#0"},
				"up": {"uv": [6, 1.5, 5.5, 1], "texture": "#0"},
				"down": {"uv": [2, 5.5, 1.5, 6], "texture": "#0"}
			}
		},
		{
			"from": [8.85, 1.5, 7.8],
			"to": [9.15, 1.7, 8.8],
			"faces": {
				"north": {"uv": [5.5, 1.5, 6, 2], "texture": "#0"},
				"east": {"uv": [2, 5.5, 2.5, 6], "texture": "#0"},
				"south": {"uv": [5.5, 2, 6, 2.5], "texture": "#0"},
				"west": {"uv": [2.5, 5.5, 3, 6], "texture": "#0"},
				"up": {"uv": [6, 3, 5.5, 2.5], "texture": "#0"},
				"down": {"uv": [3.5, 5.5, 3, 6], "texture": "#0"}
			}
		},
		{
			"from": [7.85, 1, 7.8],
			"to": [8.05, 1.6, 8.8],
			"faces": {
				"north": {"uv": [5.5, 3, 6, 3.5], "texture": "#0"},
				"east": {"uv": [3.5, 5.5, 4, 6], "texture": "#0"},
				"south": {"uv": [5.5, 3.5, 6, 4], "texture": "#0"},
				"west": {"uv": [4, 5.5, 4.5, 6], "texture": "#0"},
				"up": {"uv": [6, 4.5, 5.5, 4], "texture": "#0"},
				"down": {"uv": [5, 5.5, 4.5, 6], "texture": "#0"}
			}
		},
		{
			"from": [9.05, 1.4, 7.8],
			"to": [9.25, 1.6, 8.8],
			"faces": {
				"north": {"uv": [5.5, 4.5, 6, 5], "texture": "#0"},
				"east": {"uv": [5, 5.5, 5.5, 6], "texture": "#0"},
				"south": {"uv": [5.5, 5, 6, 5.5], "texture": "#0"},
				"west": {"uv": [5.5, 5.5, 6, 6], "texture": "#0"},
				"up": {"uv": [0.5, 6.5, 0, 6], "texture": "#0"},
				"down": {"uv": [6.5, 0, 6, 0.5], "texture": "#0"}
			}
		},
		{
			"from": [8.25, 1.5, 7.5],
			"to": [8.85, 1.6, 7.7],
			"faces": {
				"north": {"uv": [0.5, 6, 1, 6.5], "texture": "#0"},
				"east": {"uv": [6, 0.5, 6.5, 1], "texture": "#0"},
				"south": {"uv": [1, 6, 1.5, 6.5], "texture": "#0"},
				"west": {"uv": [6, 1, 6.5, 1.5], "texture": "#0"},
				"up": {"uv": [2, 6.5, 1.5, 6], "texture": "#0"},
				"down": {"uv": [6.5, 1.5, 6, 2], "texture": "#0"}
			}
		},
		{
			"from": [8.25, 1.5, 8.9],
			"to": [8.85, 1.6, 9.1],
			"faces": {
				"north": {"uv": [2, 6, 2.5, 6.5], "texture": "#0"},
				"east": {"uv": [6, 2, 6.5, 2.5], "texture": "#0"},
				"south": {"uv": [2.5, 6, 3, 6.5], "texture": "#0"},
				"west": {"uv": [6, 2.5, 6.5, 3], "texture": "#0"},
				"up": {"uv": [3.5, 6.5, 3, 6], "texture": "#0"},
				"down": {"uv": [6.5, 3, 6, 3.5], "texture": "#0"}
			}
		},
		{
			"from": [8.15, 1.7, 7.8],
			"to": [8.95, 1.8, 8.8],
			"faces": {
				"north": {"uv": [3.5, 6, 4, 6.5], "texture": "#0"},
				"east": {"uv": [6, 3.5, 6.5, 4], "texture": "#0"},
				"south": {"uv": [4, 6, 4.5, 6.5], "texture": "#0"},
				"west": {"uv": [6, 4, 6.5, 4.5], "texture": "#0"},
				"up": {"uv": [5, 6.5, 4.5, 6], "texture": "#0"},
				"down": {"uv": [6.5, 4.5, 6, 5], "texture": "#0"}
			}
		},
		{
			"from": [8.25, 0.2, 6.1],
			"to": [8.85, 0.4, 6.7],
			"faces": {
				"north": {"uv": [5, 6, 5.5, 6.5], "texture": "#0"},
				"east": {"uv": [6, 5, 6.5, 5.5], "texture": "#0"},
				"south": {"uv": [5.5, 6, 6, 6.5], "texture": "#0"},
				"west": {"uv": [6, 5.5, 6.5, 6], "texture": "#0"},
				"up": {"uv": [6.5, 6.5, 6, 6], "texture": "#0"},
				"down": {"uv": [0.5, 6.5, 0, 7], "texture": "#0"}
			}
		},
		{
			"from": [8.25, 0.4, 5.8],
			"to": [8.85, 0.6, 7],
			"faces": {
				"north": {"uv": [6.5, 0, 7, 0.5], "texture": "#0"},
				"east": {"uv": [0.5, 6.5, 1, 7], "texture": "#0"},
				"south": {"uv": [6.5, 0.5, 7, 1], "texture": "#0"},
				"west": {"uv": [1, 6.5, 1.5, 7], "texture": "#0"},
				"up": {"uv": [7, 1.5, 6.5, 1], "texture": "#0"},
				"down": {"uv": [2, 6.5, 1.5, 7], "texture": "#0"}
			}
		},
		{
			"from": [8.25, 0.6, 5.5],
			"to": [8.85, 1.5, 7.3],
			"faces": {
				"north": {"uv": [6.5, 1.5, 7, 2], "texture": "#0"},
				"east": {"uv": [0.5, 1, 1.5, 1.5], "texture": "#0"},
				"south": {"uv": [2, 6.5, 2.5, 7], "texture": "#0"},
				"west": {"uv": [1.5, 0, 2.5, 0.5], "texture": "#0"},
				"up": {"uv": [1, 2.5, 0.5, 1.5], "texture": "#0"},
				"down": {"uv": [2, 0.5, 1.5, 1.5], "texture": "#0"}
			}
		},
		{
			"from": [8.15, 1.5, 5.7],
			"to": [8.95, 1.7, 7.1],
			"faces": {
				"north": {"uv": [6.5, 2, 7, 2.5], "texture": "#0"},
				"east": {"uv": [2.5, 6.5, 3, 7], "texture": "#0"},
				"south": {"uv": [6.5, 2.5, 7, 3], "texture": "#0"},
				"west": {"uv": [3, 6.5, 3.5, 7], "texture": "#0"},
				"up": {"uv": [7, 3.5, 6.5, 3], "texture": "#0"},
				"down": {"uv": [4, 6.5, 3.5, 7], "texture": "#0"}
			}
		},
		{
			"from": [8.25, 1.7, 6.1],
			"to": [8.85, 1.9, 6.7],
			"faces": {
				"north": {"uv": [6.5, 3.5, 7, 4], "texture": "#0"},
				"east": {"uv": [4, 6.5, 4.5, 7], "texture": "#0"},
				"south": {"uv": [6.5, 4, 7, 4.5], "texture": "#0"},
				"west": {"uv": [4.5, 6.5, 5, 7], "texture": "#0"},
				"up": {"uv": [7, 5, 6.5, 4.5], "texture": "#0"},
				"down": {"uv": [5.5, 6.5, 5, 7], "texture": "#0"}
			}
		},
		{
			"from": [8.05, 0.6, 5.7],
			"to": [8.35, 1.6, 7.1],
			"faces": {
				"north": {"uv": [6.5, 5, 7, 5.5], "texture": "#0"},
				"east": {"uv": [5.5, 6.5, 6, 7], "texture": "#0"},
				"south": {"uv": [6.5, 5.5, 7, 6], "texture": "#0"},
				"west": {"uv": [6, 6.5, 6.5, 7], "texture": "#0"},
				"up": {"uv": [7, 6.5, 6.5, 6], "texture": "#0"},
				"down": {"uv": [7, 6.5, 6.5, 7], "texture": "#0"}
			}
		},
		{
			"from": [8.75, 0.6, 5.7],
			"to": [9.05, 1.6, 7.1],
			"faces": {
				"north": {"uv": [0, 7, 0.5, 7.5], "texture": "#0"},
				"east": {"uv": [7, 0, 7.5, 0.5], "texture": "#0"},
				"south": {"uv": [0.5, 7, 1, 7.5], "texture": "#0"},
				"west": {"uv": [7, 0.5, 7.5, 1], "texture": "#0"},
				"up": {"uv": [1.5, 7.5, 1, 7], "texture": "#0"},
				"down": {"uv": [7.5, 1, 7, 1.5], "texture": "#0"}
			}
		},
		{
			"from": [7.75, 0.7, 5.9],
			"to": [8.05, 1.4, 6.9],
			"faces": {
				"north": {"uv": [1.5, 7, 2, 7.5], "texture": "#0"},
				"east": {"uv": [7, 1.5, 7.5, 2], "texture": "#0"},
				"south": {"uv": [2, 7, 2.5, 7.5], "texture": "#0"},
				"west": {"uv": [7, 2, 7.5, 2.5], "texture": "#0"},
				"up": {"uv": [3, 7.5, 2.5, 7], "texture": "#0"},
				"down": {"uv": [7.5, 2.5, 7, 3], "texture": "#0"}
			}
		},
		{
			"from": [9.05, 0.7, 5.9],
			"to": [9.35, 1.4, 6.9],
			"faces": {
				"north": {"uv": [3, 7, 3.5, 7.5], "texture": "#0"},
				"east": {"uv": [7, 3, 7.5, 3.5], "texture": "#0"},
				"south": {"uv": [3.5, 7, 4, 7.5], "texture": "#0"},
				"west": {"uv": [7, 3.5, 7.5, 4], "texture": "#0"},
				"up": {"uv": [4.5, 7.5, 4, 7], "texture": "#0"},
				"down": {"uv": [7.5, 4, 7, 4.5], "texture": "#0"}
			}
		},
		{
			"from": [7.95, 1.5, 5.9],
			"to": [8.25, 1.7, 6.9],
			"faces": {
				"north": {"uv": [4.5, 7, 5, 7.5], "texture": "#0"},
				"east": {"uv": [7, 4.5, 7.5, 5], "texture": "#0"},
				"south": {"uv": [5, 7, 5.5, 7.5], "texture": "#0"},
				"west": {"uv": [7, 5, 7.5, 5.5], "texture": "#0"},
				"up": {"uv": [6, 7.5, 5.5, 7], "texture": "#0"},
				"down": {"uv": [7.5, 5.5, 7, 6], "texture": "#0"}
			}
		},
		{
			"from": [8.85, 1.5, 5.9],
			"to": [9.15, 1.7, 6.9],
			"faces": {
				"north": {"uv": [6, 7, 6.5, 7.5], "texture": "#0"},
				"east": {"uv": [7, 6, 7.5, 6.5], "texture": "#0"},
				"south": {"uv": [6.5, 7, 7, 7.5], "texture": "#0"},
				"west": {"uv": [7, 6.5, 7.5, 7], "texture": "#0"},
				"up": {"uv": [7.5, 7.5, 7, 7], "texture": "#0"},
				"down": {"uv": [0.5, 7.5, 0, 8], "texture": "#0"}
			}
		},
		{
			"from": [7.85, 1, 5.9],
			"to": [8.05, 1.6, 6.9],
			"faces": {
				"north": {"uv": [7.5, 0, 8, 0.5], "texture": "#0"},
				"east": {"uv": [0.5, 7.5, 1, 8], "texture": "#0"},
				"south": {"uv": [7.5, 0.5, 8, 1], "texture": "#0"},
				"west": {"uv": [1, 7.5, 1.5, 8], "texture": "#0"},
				"up": {"uv": [8, 1.5, 7.5, 1], "texture": "#0"},
				"down": {"uv": [2, 7.5, 1.5, 8], "texture": "#0"}
			}
		},
		{
			"from": [9.05, 1.4, 5.9],
			"to": [9.25, 1.6, 6.9],
			"faces": {
				"north": {"uv": [7.5, 1.5, 8, 2], "texture": "#0"},
				"east": {"uv": [2, 7.5, 2.5, 8], "texture": "#0"},
				"south": {"uv": [7.5, 2, 8, 2.5], "texture": "#0"},
				"west": {"uv": [2.5, 7.5, 3, 8], "texture": "#0"},
				"up": {"uv": [8, 3, 7.5, 2.5], "texture": "#0"},
				"down": {"uv": [3.5, 7.5, 3, 8], "texture": "#0"}
			}
		},
		{
			"from": [8.25, 1.5, 5.6],
			"to": [8.85, 1.6, 5.8],
			"faces": {
				"north": {"uv": [7.5, 3, 8, 3.5], "texture": "#0"},
				"east": {"uv": [3.5, 7.5, 4, 8], "texture": "#0"},
				"south": {"uv": [7.5, 3.5, 8, 4], "texture": "#0"},
				"west": {"uv": [4, 7.5, 4.5, 8], "texture": "#0"},
				"up": {"uv": [8, 4.5, 7.5, 4], "texture": "#0"},
				"down": {"uv": [5, 7.5, 4.5, 8], "texture": "#0"}
			}
		},
		{
			"from": [8.25, 1.5, 7],
			"to": [8.85, 1.6, 7.2],
			"faces": {
				"north": {"uv": [7.5, 4.5, 8, 5], "texture": "#0"},
				"east": {"uv": [5, 7.5, 5.5, 8], "texture": "#0"},
				"south": {"uv": [7.5, 5, 8, 5.5], "texture": "#0"},
				"west": {"uv": [5.5, 7.5, 6, 8], "texture": "#0"},
				"up": {"uv": [8, 6, 7.5, 5.5], "texture": "#0"},
				"down": {"uv": [6.5, 7.5, 6, 8], "texture": "#0"}
			}
		},
		{
			"from": [8.15, 1.7, 5.9],
			"to": [8.95, 1.8, 6.9],
			"faces": {
				"north": {"uv": [7.5, 6, 8, 6.5], "texture": "#0"},
				"east": {"uv": [6.5, 7.5, 7, 8], "texture": "#0"},
				"south": {"uv": [7.5, 6.5, 8, 7], "texture": "#0"},
				"west": {"uv": [7, 7.5, 7.5, 8], "texture": "#0"},
				"up": {"uv": [8, 7.5, 7.5, 7], "texture": "#0"},
				"down": {"uv": [8, 7.5, 7.5, 8], "texture": "#0"}
			}
		},
		{
			"from": [6.25, 0.2, 6.1],
			"to": [6.85, 0.4, 6.7],
			"faces": {
				"north": {"uv": [0, 8, 0.5, 8.5], "texture": "#0"},
				"east": {"uv": [8, 0, 8.5, 0.5], "texture": "#0"},
				"south": {"uv": [0.5, 8, 1, 8.5], "texture": "#0"},
				"west": {"uv": [8, 0.5, 8.5, 1], "texture": "#0"},
				"up": {"uv": [1.5, 8.5, 1, 8], "texture": "#0"},
				"down": {"uv": [8.5, 1, 8, 1.5], "texture": "#0"}
			}
		},
		{
			"from": [6.25, 0.4, 5.8],
			"to": [6.85, 0.6, 7],
			"faces": {
				"north": {"uv": [1.5, 8, 2, 8.5], "texture": "#0"},
				"east": {"uv": [8, 1.5, 8.5, 2], "texture": "#0"},
				"south": {"uv": [2, 8, 2.5, 8.5], "texture": "#0"},
				"west": {"uv": [8, 2, 8.5, 2.5], "texture": "#0"},
				"up": {"uv": [3, 8.5, 2.5, 8], "texture": "#0"},
				"down": {"uv": [8.5, 2.5, 8, 3], "texture": "#0"}
			}
		},
		{
			"from": [6.25, 0.6, 5.5],
			"to": [6.85, 1.5, 7.3],
			"faces": {
				"north": {"uv": [3, 8, 3.5, 8.5], "texture": "#0"},
				"east": {"uv": [1, 1.5, 2, 2], "texture": "#0"},
				"south": {"uv": [8, 3, 8.5, 3.5], "texture": "#0"},
				"west": {"uv": [2, 0.5, 3, 1], "texture": "#0"},
				"up": {"uv": [0.5, 3, 0, 2], "texture": "#0"},
				"down": {"uv": [1.5, 2, 1, 3], "texture": "#0"}
			}
		},
		{
			"from": [6.15, 1.5, 5.7],
			"to": [6.95, 1.7, 7.1],
			"faces": {
				"north": {"uv": [3.5, 8, 4, 8.5], "texture": "#0"},
				"east": {"uv": [8, 3.5, 8.5, 4], "texture": "#0"},
				"south": {"uv": [4, 8, 4.5, 8.5], "texture": "#0"},
				"west": {"uv": [8, 4, 8.5, 4.5], "texture": "#0"},
				"up": {"uv": [5, 8.5, 4.5, 8], "texture": "#0"},
				"down": {"uv": [8.5, 4.5, 8, 5], "texture": "#0"}
			}
		},
		{
			"from": [6.05, 0.6, 5.7],
			"to": [6.35, 1.6, 7.1],
			"faces": {
				"north": {"uv": [5, 8, 5.5, 8.5], "texture": "#0"},
				"east": {"uv": [8, 5, 8.5, 5.5], "texture": "#0"},
				"south": {"uv": [5.5, 8, 6, 8.5], "texture": "#0"},
				"west": {"uv": [8, 5.5, 8.5, 6], "texture": "#0"},
				"up": {"uv": [6.5, 8.5, 6, 8], "texture": "#0"},
				"down": {"uv": [8.5, 6, 8, 6.5], "texture": "#0"}
			}
		},
		{
			"from": [6.75, 0.6, 5.7],
			"to": [7.05, 1.6, 7.1],
			"faces": {
				"north": {"uv": [6.5, 8, 7, 8.5], "texture": "#0"},
				"east": {"uv": [8, 6.5, 8.5, 7], "texture": "#0"},
				"south": {"uv": [7, 8, 7.5, 8.5], "texture": "#0"},
				"west": {"uv": [8, 7, 8.5, 7.5], "texture": "#0"},
				"up": {"uv": [8, 8.5, 7.5, 8], "texture": "#0"},
				"down": {"uv": [8.5, 7.5, 8, 8], "texture": "#0"}
			}
		},
		{
			"from": [5.75, 0.7, 5.9],
			"to": [6.05, 1.4, 6.9],
			"faces": {
				"north": {"uv": [8, 8, 8.5, 8.5], "texture": "#0"},
				"east": {"uv": [0, 8.5, 0.5, 9], "texture": "#0"},
				"south": {"uv": [8.5, 0, 9, 0.5], "texture": "#0"},
				"west": {"uv": [0.5, 8.5, 1, 9], "texture": "#0"},
				"up": {"uv": [9, 1, 8.5, 0.5], "texture": "#0"},
				"down": {"uv": [1.5, 8.5, 1, 9], "texture": "#0"}
			}
		},
		{
			"from": [7.05, 0.7, 5.9],
			"to": [7.35, 1.4, 6.9],
			"faces": {
				"north": {"uv": [8.5, 1, 9, 1.5], "texture": "#0"},
				"east": {"uv": [1.5, 8.5, 2, 9], "texture": "#0"},
				"south": {"uv": [8.5, 1.5, 9, 2], "texture": "#0"},
				"west": {"uv": [2, 8.5, 2.5, 9], "texture": "#0"},
				"up": {"uv": [9, 2.5, 8.5, 2], "texture": "#0"},
				"down": {"uv": [3, 8.5, 2.5, 9], "texture": "#0"}
			}
		},
		{
			"from": [5.95, 1.5, 5.9],
			"to": [6.25, 1.7, 6.9],
			"faces": {
				"north": {"uv": [8.5, 2.5, 9, 3], "texture": "#0"},
				"east": {"uv": [3, 8.5, 3.5, 9], "texture": "#0"},
				"south": {"uv": [8.5, 3, 9, 3.5], "texture": "#0"},
				"west": {"uv": [3.5, 8.5, 4, 9], "texture": "#0"},
				"up": {"uv": [9, 4, 8.5, 3.5], "texture": "#0"},
				"down": {"uv": [4.5, 8.5, 4, 9], "texture": "#0"}
			}
		},
		{
			"from": [6.85, 1.5, 5.9],
			"to": [7.15, 1.7, 6.9],
			"faces": {
				"north": {"uv": [8.5, 4, 9, 4.5], "texture": "#0"},
				"east": {"uv": [4.5, 8.5, 5, 9], "texture": "#0"},
				"south": {"uv": [8.5, 4.5, 9, 5], "texture": "#0"},
				"west": {"uv": [5, 8.5, 5.5, 9], "texture": "#0"},
				"up": {"uv": [9, 5.5, 8.5, 5], "texture": "#0"},
				"down": {"uv": [6, 8.5, 5.5, 9], "texture": "#0"}
			}
		},
		{
			"from": [5.85, 1, 5.9],
			"to": [6.05, 1.6, 6.9],
			"faces": {
				"north": {"uv": [8.5, 5.5, 9, 6], "texture": "#0"},
				"east": {"uv": [6, 8.5, 6.5, 9], "texture": "#0"},
				"south": {"uv": [8.5, 6, 9, 6.5], "texture": "#0"},
				"west": {"uv": [6.5, 8.5, 7, 9], "texture": "#0"},
				"up": {"uv": [9, 7, 8.5, 6.5], "texture": "#0"},
				"down": {"uv": [7.5, 8.5, 7, 9], "texture": "#0"}
			}
		},
		{
			"from": [7.05, 1.4, 5.9],
			"to": [7.25, 1.6, 6.9],
			"faces": {
				"north": {"uv": [8.5, 7, 9, 7.5], "texture": "#0"},
				"east": {"uv": [7.5, 8.5, 8, 9], "texture": "#0"},
				"south": {"uv": [8.5, 7.5, 9, 8], "texture": "#0"},
				"west": {"uv": [8, 8.5, 8.5, 9], "texture": "#0"},
				"up": {"uv": [9, 8.5, 8.5, 8], "texture": "#0"},
				"down": {"uv": [9, 8.5, 8.5, 9], "texture": "#0"}
			}
		},
		{
			"from": [6.25, 1.5, 5.6],
			"to": [6.85, 1.6, 5.8],
			"faces": {
				"north": {"uv": [0, 9, 0.5, 9.5], "texture": "#0"},
				"east": {"uv": [9, 0, 9.5, 0.5], "texture": "#0"},
				"south": {"uv": [0.5, 9, 1, 9.5], "texture": "#0"},
				"west": {"uv": [9, 0.5, 9.5, 1], "texture": "#0"},
				"up": {"uv": [1.5, 9.5, 1, 9], "texture": "#0"},
				"down": {"uv": [9.5, 1, 9, 1.5], "texture": "#0"}
			}
		},
		{
			"from": [6.25, 1.5, 7],
			"to": [6.85, 1.6, 7.2],
			"faces": {
				"north": {"uv": [1.5, 9, 2, 9.5], "texture": "#0"},
				"east": {"uv": [9, 1.5, 9.5, 2], "texture": "#0"},
				"south": {"uv": [2, 9, 2.5, 9.5], "texture": "#0"},
				"west": {"uv": [9, 2, 9.5, 2.5], "texture": "#0"},
				"up": {"uv": [3, 9.5, 2.5, 9], "texture": "#0"},
				"down": {"uv": [9.5, 2.5, 9, 3], "texture": "#0"}
			}
		},
		{
			"from": [6.25, 0.2, 8.1],
			"to": [6.85, 0.4, 8.7],
			"faces": {
				"north": {"uv": [3, 9, 3.5, 9.5], "texture": "#0"},
				"east": {"uv": [9, 3, 9.5, 3.5], "texture": "#0"},
				"south": {"uv": [3.5, 9, 4, 9.5], "texture": "#0"},
				"west": {"uv": [9, 3.5, 9.5, 4], "texture": "#0"},
				"up": {"uv": [4.5, 9.5, 4, 9], "texture": "#0"},
				"down": {"uv": [9.5, 4, 9, 4.5], "texture": "#0"}
			}
		},
		{
			"from": [6.25, 0.4, 7.8],
			"to": [6.85, 0.6, 9],
			"faces": {
				"north": {"uv": [4.5, 9, 5, 9.5], "texture": "#0"},
				"east": {"uv": [9, 4.5, 9.5, 5], "texture": "#0"},
				"south": {"uv": [5, 9, 5.5, 9.5], "texture": "#0"},
				"west": {"uv": [9, 5, 9.5, 5.5], "texture": "#0"},
				"up": {"uv": [6, 9.5, 5.5, 9], "texture": "#0"},
				"down": {"uv": [9.5, 5.5, 9, 6], "texture": "#0"}
			}
		},
		{
			"from": [6.25, 0.6, 7.5],
			"to": [6.85, 1.5, 9.3],
			"faces": {
				"north": {"uv": [6, 9, 6.5, 9.5], "texture": "#0"},
				"east": {"uv": [2, 1, 3, 1.5], "texture": "#0"},
				"south": {"uv": [9, 6, 9.5, 6.5], "texture": "#0"},
				"west": {"uv": [1.5, 2, 2.5, 2.5], "texture": "#0"},
				"up": {"uv": [1, 3.5, 0.5, 2.5], "texture": "#0"},
				"down": {"uv": [2, 2.5, 1.5, 3.5], "texture": "#0"}
			}
		},
		{
			"from": [6.15, 1.5, 7.7],
			"to": [6.95, 1.7, 9.1],
			"faces": {
				"north": {"uv": [6.5, 9, 7, 9.5], "texture": "#0"},
				"east": {"uv": [9, 6.5, 9.5, 7], "texture": "#0"},
				"south": {"uv": [7, 9, 7.5, 9.5], "texture": "#0"},
				"west": {"uv": [9, 7, 9.5, 7.5], "texture": "#0"},
				"up": {"uv": [8, 9.5, 7.5, 9], "texture": "#0"},
				"down": {"uv": [9.5, 7.5, 9, 8], "texture": "#0"}
			}
		},
		{
			"from": [6.25, 1.7, 8.1],
			"to": [6.85, 1.9, 8.7],
			"faces": {
				"north": {"uv": [8, 9, 8.5, 9.5], "texture": "#0"},
				"east": {"uv": [9, 8, 9.5, 8.5], "texture": "#0"},
				"south": {"uv": [8.5, 9, 9, 9.5], "texture": "#0"},
				"west": {"uv": [9, 8.5, 9.5, 9], "texture": "#0"},
				"up": {"uv": [9.5, 9.5, 9, 9], "texture": "#0"},
				"down": {"uv": [0.5, 9.5, 0, 10], "texture": "#0"}
			}
		},
		{
			"from": [6.05, 0.6, 7.7],
			"to": [6.35, 1.6, 9.1],
			"faces": {
				"north": {"uv": [9.5, 0, 10, 0.5], "texture": "#0"},
				"east": {"uv": [0.5, 9.5, 1, 10], "texture": "#0"},
				"south": {"uv": [9.5, 0.5, 10, 1], "texture": "#0"},
				"west": {"uv": [1, 9.5, 1.5, 10], "texture": "#0"},
				"up": {"uv": [10, 1.5, 9.5, 1], "texture": "#0"},
				"down": {"uv": [2, 9.5, 1.5, 10], "texture": "#0"}
			}
		},
		{
			"from": [6.75, 0.6, 7.7],
			"to": [7.05, 1.6, 9.1],
			"faces": {
				"north": {"uv": [9.5, 1.5, 10, 2], "texture": "#0"},
				"east": {"uv": [2, 9.5, 2.5, 10], "texture": "#0"},
				"south": {"uv": [9.5, 2, 10, 2.5], "texture": "#0"},
				"west": {"uv": [2.5, 9.5, 3, 10], "texture": "#0"},
				"up": {"uv": [10, 3, 9.5, 2.5], "texture": "#0"},
				"down": {"uv": [3.5, 9.5, 3, 10], "texture": "#0"}
			}
		},
		{
			"from": [5.75, 0.7, 7.9],
			"to": [6.05, 1.4, 8.9],
			"faces": {
				"north": {"uv": [9.5, 3, 10, 3.5], "texture": "#0"},
				"east": {"uv": [3.5, 9.5, 4, 10], "texture": "#0"},
				"south": {"uv": [9.5, 3.5, 10, 4], "texture": "#0"},
				"west": {"uv": [4, 9.5, 4.5, 10], "texture": "#0"},
				"up": {"uv": [10, 4.5, 9.5, 4], "texture": "#0"},
				"down": {"uv": [5, 9.5, 4.5, 10], "texture": "#0"}
			}
		},
		{
			"from": [7.05, 0.7, 7.9],
			"to": [7.35, 1.4, 8.9],
			"faces": {
				"north": {"uv": [9.5, 4.5, 10, 5], "texture": "#0"},
				"east": {"uv": [5, 9.5, 5.5, 10], "texture": "#0"},
				"south": {"uv": [9.5, 5, 10, 5.5], "texture": "#0"},
				"west": {"uv": [5.5, 9.5, 6, 10], "texture": "#0"},
				"up": {"uv": [10, 6, 9.5, 5.5], "texture": "#0"},
				"down": {"uv": [6.5, 9.5, 6, 10], "texture": "#0"}
			}
		},
		{
			"from": [5.95, 1.5, 7.9],
			"to": [6.25, 1.7, 8.9],
			"faces": {
				"north": {"uv": [9.5, 6, 10, 6.5], "texture": "#0"},
				"east": {"uv": [6.5, 9.5, 7, 10], "texture": "#0"},
				"south": {"uv": [9.5, 6.5, 10, 7], "texture": "#0"},
				"west": {"uv": [7, 9.5, 7.5, 10], "texture": "#0"},
				"up": {"uv": [10, 7.5, 9.5, 7], "texture": "#0"},
				"down": {"uv": [8, 9.5, 7.5, 10], "texture": "#0"}
			}
		},
		{
			"from": [6.85, 1.5, 7.9],
			"to": [7.15, 1.7, 8.9],
			"faces": {
				"north": {"uv": [9.5, 7.5, 10, 8], "texture": "#0"},
				"east": {"uv": [8, 9.5, 8.5, 10], "texture": "#0"},
				"south": {"uv": [9.5, 8, 10, 8.5], "texture": "#0"},
				"west": {"uv": [8.5, 9.5, 9, 10], "texture": "#0"},
				"up": {"uv": [10, 9, 9.5, 8.5], "texture": "#0"},
				"down": {"uv": [9.5, 9.5, 9, 10], "texture": "#0"}
			}
		},
		{
			"from": [5.85, 1, 7.9],
			"to": [6.05, 1.6, 8.9],
			"faces": {
				"north": {"uv": [9.5, 9, 10, 9.5], "texture": "#0"},
				"east": {"uv": [9.5, 9.5, 10, 10], "texture": "#0"},
				"south": {"uv": [0, 10, 0.5, 10.5], "texture": "#0"},
				"west": {"uv": [10, 0, 10.5, 0.5], "texture": "#0"},
				"up": {"uv": [1, 10.5, 0.5, 10], "texture": "#0"},
				"down": {"uv": [10.5, 0.5, 10, 1], "texture": "#0"}
			}
		},
		{
			"from": [7.05, 1.4, 7.9],
			"to": [7.25, 1.6, 8.9],
			"faces": {
				"north": {"uv": [1, 10, 1.5, 10.5], "texture": "#0"},
				"east": {"uv": [10, 1, 10.5, 1.5], "texture": "#0"},
				"south": {"uv": [1.5, 10, 2, 10.5], "texture": "#0"},
				"west": {"uv": [10, 1.5, 10.5, 2], "texture": "#0"},
				"up": {"uv": [2.5, 10.5, 2, 10], "texture": "#0"},
				"down": {"uv": [10.5, 2, 10, 2.5], "texture": "#0"}
			}
		},
		{
			"from": [6.25, 1.5, 7.6],
			"to": [6.85, 1.6, 7.8],
			"faces": {
				"north": {"uv": [2.5, 10, 3, 10.5], "texture": "#0"},
				"east": {"uv": [10, 2.5, 10.5, 3], "texture": "#0"},
				"south": {"uv": [3, 10, 3.5, 10.5], "texture": "#0"},
				"west": {"uv": [10, 3, 10.5, 3.5], "texture": "#0"},
				"up": {"uv": [4, 10.5, 3.5, 10], "texture": "#0"},
				"down": {"uv": [10.5, 3.5, 10, 4], "texture": "#0"}
			}
		},
		{
			"from": [6.25, 1.5, 9],
			"to": [6.85, 1.6, 9.2],
			"faces": {
				"north": {"uv": [4, 10, 4.5, 10.5], "texture": "#0"},
				"east": {"uv": [10, 4, 10.5, 4.5], "texture": "#0"},
				"south": {"uv": [4.5, 10, 5, 10.5], "texture": "#0"},
				"west": {"uv": [10, 4.5, 10.5, 5], "texture": "#0"},
				"up": {"uv": [5.5, 10.5, 5, 10], "texture": "#0"},
				"down": {"uv": [10.5, 5, 10, 5.5], "texture": "#0"}
			}
		},
		{
			"from": [6.15, 1.7, 7.9],
			"to": [6.95, 1.8, 8.9],
			"faces": {
				"north": {"uv": [5.5, 10, 6, 10.5], "texture": "#0"},
				"east": {"uv": [10, 5.5, 10.5, 6], "texture": "#0"},
				"south": {"uv": [6, 10, 6.5, 10.5], "texture": "#0"},
				"west": {"uv": [10, 6, 10.5, 6.5], "texture": "#0"},
				"up": {"uv": [7, 10.5, 6.5, 10], "texture": "#0"},
				"down": {"uv": [10.5, 6.5, 10, 7], "texture": "#0"}
			}
		},
		{
			"from": [7.25, 0.2, 7.2],
			"to": [7.85, 0.4, 7.8],
			"faces": {
				"north": {"uv": [7, 10, 7.5, 10.5], "texture": "#0"},
				"east": {"uv": [10, 7, 10.5, 7.5], "texture": "#0"},
				"south": {"uv": [7.5, 10, 8, 10.5], "texture": "#0"},
				"west": {"uv": [10, 7.5, 10.5, 8], "texture": "#0"},
				"up": {"uv": [8.5, 10.5, 8, 10], "texture": "#0"},
				"down": {"uv": [10.5, 8, 10, 8.5], "texture": "#0"}
			}
		},
		{
			"from": [7.25, 0.4, 6.9],
			"to": [7.85, 0.6, 8.1],
			"faces": {
				"north": {"uv": [8.5, 10, 9, 10.5], "texture": "#0"},
				"east": {"uv": [10, 8.5, 10.5, 9], "texture": "#0"},
				"south": {"uv": [9, 10, 9.5, 10.5], "texture": "#0"},
				"west": {"uv": [10, 9, 10.5, 9.5], "texture": "#0"},
				"up": {"uv": [10, 10.5, 9.5, 10], "texture": "#0"},
				"down": {"uv": [10.5, 9.5, 10, 10], "texture": "#0"}
			}
		},
		{
			"from": [7.25, 0.6, 6.6],
			"to": [7.85, 1.5, 8.4],
			"faces": {
				"north": {"uv": [10, 10, 10.5, 10.5], "texture": "#0"},
				"east": {"uv": [2, 1.5, 3, 2], "texture": "#0"},
				"south": {"uv": [0, 10.5, 0.5, 11], "texture": "#0"},
				"west": {"uv": [2.5, 0, 3.5, 0.5], "texture": "#0"},
				"up": {"uv": [2.5, 3.5, 2, 2.5], "texture": "#0"},
				"down": {"uv": [3, 2, 2.5, 3], "texture": "#0"}
			}
		},
		{
			"from": [7.15, 1.5, 6.8],
			"to": [7.95, 1.7, 8.2],
			"faces": {
				"north": {"uv": [10.5, 0, 11, 0.5], "texture": "#0"},
				"east": {"uv": [0.5, 10.5, 1, 11], "texture": "#0"},
				"south": {"uv": [10.5, 0.5, 11, 1], "texture": "#0"},
				"west": {"uv": [1, 10.5, 1.5, 11], "texture": "#0"},
				"up": {"uv": [11, 1.5, 10.5, 1], "texture": "#0"},
				"down": {"uv": [2, 10.5, 1.5, 11], "texture": "#0"}
			}
		},
		{
			"from": [7.25, 1.7, 7.2],
			"to": [7.85, 1.9, 7.8],
			"faces": {
				"north": {"uv": [10.5, 1.5, 11, 2], "texture": "#0"},
				"east": {"uv": [2, 10.5, 2.5, 11], "texture": "#0"},
				"south": {"uv": [10.5, 2, 11, 2.5], "texture": "#0"},
				"west": {"uv": [2.5, 10.5, 3, 11], "texture": "#0"},
				"up": {"uv": [11, 3, 10.5, 2.5], "texture": "#0"},
				"down": {"uv": [3.5, 10.5, 3, 11], "texture": "#0"}
			}
		},
		{
			"from": [7.05, 0.6, 6.8],
			"to": [7.35, 1.6, 8.2],
			"faces": {
				"north": {"uv": [10.5, 3, 11, 3.5], "texture": "#0"},
				"east": {"uv": [3.5, 10.5, 4, 11], "texture": "#0"},
				"south": {"uv": [10.5, 3.5, 11, 4], "texture": "#0"},
				"west": {"uv": [4, 10.5, 4.5, 11], "texture": "#0"},
				"up": {"uv": [11, 4.5, 10.5, 4], "texture": "#0"},
				"down": {"uv": [5, 10.5, 4.5, 11], "texture": "#0"}
			}
		},
		{
			"from": [7.75, 0.6, 6.8],
			"to": [8.05, 1.6, 8.2],
			"faces": {
				"north": {"uv": [10.5, 4.5, 11, 5], "texture": "#0"},
				"east": {"uv": [5, 10.5, 5.5, 11], "texture": "#0"},
				"south": {"uv": [10.5, 5, 11, 5.5], "texture": "#0"},
				"west": {"uv": [5.5, 10.5, 6, 11], "texture": "#0"},
				"up": {"uv": [11, 6, 10.5, 5.5], "texture": "#0"},
				"down": {"uv": [6.5, 10.5, 6, 11], "texture": "#0"}
			}
		},
		{
			"from": [6.75, 0.7, 7],
			"to": [7.05, 1.4, 8],
			"faces": {
				"north": {"uv": [10.5, 6, 11, 6.5], "texture": "#0"},
				"east": {"uv": [6.5, 10.5, 7, 11], "texture": "#0"},
				"south": {"uv": [10.5, 6.5, 11, 7], "texture": "#0"},
				"west": {"uv": [7, 10.5, 7.5, 11], "texture": "#0"},
				"up": {"uv": [11, 7.5, 10.5, 7], "texture": "#0"},
				"down": {"uv": [8, 10.5, 7.5, 11], "texture": "#0"}
			}
		},
		{
			"from": [8.05, 0.7, 7],
			"to": [8.35, 1.4, 8],
			"faces": {
				"north": {"uv": [10.5, 7.5, 11, 8], "texture": "#0"},
				"east": {"uv": [8, 10.5, 8.5, 11], "texture": "#0"},
				"south": {"uv": [10.5, 8, 11, 8.5], "texture": "#0"},
				"west": {"uv": [8.5, 10.5, 9, 11], "texture": "#0"},
				"up": {"uv": [11, 9, 10.5, 8.5], "texture": "#0"},
				"down": {"uv": [9.5, 10.5, 9, 11], "texture": "#0"}
			}
		},
		{
			"from": [6.95, 1.5, 7],
			"to": [7.25, 1.7, 8],
			"faces": {
				"north": {"uv": [10.5, 9, 11, 9.5], "texture": "#0"},
				"east": {"uv": [9.5, 10.5, 10, 11], "texture": "#0"},
				"south": {"uv": [10.5, 9.5, 11, 10], "texture": "#0"},
				"west": {"uv": [10, 10.5, 10.5, 11], "texture": "#0"},
				"up": {"uv": [11, 10.5, 10.5, 10], "texture": "#0"},
				"down": {"uv": [11, 10.5, 10.5, 11], "texture": "#0"}
			}
		},
		{
			"from": [7.85, 1.5, 7],
			"to": [8.15, 1.7, 8],
			"faces": {
				"north": {"uv": [0, 11, 0.5, 11.5], "texture": "#0"},
				"east": {"uv": [11, 0, 11.5, 0.5], "texture": "#0"},
				"south": {"uv": [0.5, 11, 1, 11.5], "texture": "#0"},
				"west": {"uv": [11, 0.5, 11.5, 1], "texture": "#0"},
				"up": {"uv": [1.5, 11.5, 1, 11], "texture": "#0"},
				"down": {"uv": [11.5, 1, 11, 1.5], "texture": "#0"}
			}
		},
		{
			"from": [6.85, 1, 7],
			"to": [7.05, 1.6, 8],
			"faces": {
				"north": {"uv": [1.5, 11, 2, 11.5], "texture": "#0"},
				"east": {"uv": [11, 1.5, 11.5, 2], "texture": "#0"},
				"south": {"uv": [2, 11, 2.5, 11.5], "texture": "#0"},
				"west": {"uv": [11, 2, 11.5, 2.5], "texture": "#0"},
				"up": {"uv": [3, 11.5, 2.5, 11], "texture": "#0"},
				"down": {"uv": [11.5, 2.5, 11, 3], "texture": "#0"}
			}
		},
		{
			"from": [8.05, 1.4, 7],
			"to": [8.25, 1.6, 8],
			"faces": {
				"north": {"uv": [3, 11, 3.5, 11.5], "texture": "#0"},
				"east": {"uv": [11, 3, 11.5, 3.5], "texture": "#0"},
				"south": {"uv": [3.5, 11, 4, 11.5], "texture": "#0"},
				"west": {"uv": [11, 3.5, 11.5, 4], "texture": "#0"},
				"up": {"uv": [4.5, 11.5, 4, 11], "texture": "#0"},
				"down": {"uv": [11.5, 4, 11, 4.5], "texture": "#0"}
			}
		},
		{
			"from": [7.25, 1.5, 6.7],
			"to": [7.85, 1.6, 6.9],
			"faces": {
				"north": {"uv": [4.5, 11, 5, 11.5], "texture": "#0"},
				"east": {"uv": [11, 4.5, 11.5, 5], "texture": "#0"},
				"south": {"uv": [5, 11, 5.5, 11.5], "texture": "#0"},
				"west": {"uv": [11, 5, 11.5, 5.5], "texture": "#0"},
				"up": {"uv": [6, 11.5, 5.5, 11], "texture": "#0"},
				"down": {"uv": [11.5, 5.5, 11, 6], "texture": "#0"}
			}
		},
		{
			"from": [7.25, 1.5, 8.1],
			"to": [7.85, 1.6, 8.3],
			"faces": {
				"north": {"uv": [6, 11, 6.5, 11.5], "texture": "#0"},
				"east": {"uv": [11, 6, 11.5, 6.5], "texture": "#0"},
				"south": {"uv": [6.5, 11, 7, 11.5], "texture": "#0"},
				"west": {"uv": [11, 6.5, 11.5, 7], "texture": "#0"},
				"up": {"uv": [7.5, 11.5, 7, 11], "texture": "#0"},
				"down": {"uv": [11.5, 7, 11, 7.5], "texture": "#0"}
			}
		},
		{
			"from": [7.15, 1.7, 7],
			"to": [7.95, 1.8, 8],
			"faces": {
				"north": {"uv": [7.5, 11, 8, 11.5], "texture": "#0"},
				"east": {"uv": [11, 7.5, 11.5, 8], "texture": "#0"},
				"south": {"uv": [8, 11, 8.5, 11.5], "texture": "#0"},
				"west": {"uv": [11, 8, 11.5, 8.5], "texture": "#0"},
				"up": {"uv": [9, 11.5, 8.5, 11], "texture": "#0"},
				"down": {"uv": [11.5, 8.5, 11, 9], "texture": "#0"}
			}
		},
		{
			"from": [7.25, 1.5, 6.4],
			"to": [7.85, 1.7, 7],
			"faces": {
				"north": {"uv": [9, 11, 9.5, 11.5], "texture": "#0"},
				"east": {"uv": [11, 9, 11.5, 9.5], "texture": "#0"},
				"south": {"uv": [9.5, 11, 10, 11.5], "texture": "#0"},
				"west": {"uv": [11, 9.5, 11.5, 10], "texture": "#0"},
				"up": {"uv": [10.5, 11.5, 10, 11], "texture": "#0"},
				"down": {"uv": [11.5, 10, 11, 10.5], "texture": "#0"}
			}
		},
		{
			"from": [6.95, 3, 6.4],
			"to": [7.55, 3.2, 7],
			"faces": {
				"north": {"uv": [10.5, 11, 11, 11.5], "texture": "#0"},
				"east": {"uv": [11, 10.5, 11.5, 11], "texture": "#0"},
				"south": {"uv": [11, 11, 11.5, 11.5], "texture": "#0"},
				"west": {"uv": [0, 11.5, 0.5, 12], "texture": "#0"},
				"up": {"uv": [12, 0.5, 11.5, 0], "texture": "#0"},
				"down": {"uv": [1, 11.5, 0.5, 12], "texture": "#0"}
			}
		},
		{
			"from": [7.75, 2, 6.2],
			"to": [8.05, 2.7, 7.2],
			"faces": {
				"north": {"uv": [11.5, 0.5, 12, 1], "texture": "#0"},
				"east": {"uv": [1, 11.5, 1.5, 12], "texture": "#0"},
				"south": {"uv": [11.5, 1, 12, 1.5], "texture": "#0"},
				"west": {"uv": [1.5, 11.5, 2, 12], "texture": "#0"},
				"up": {"uv": [12, 2, 11.5, 1.5], "texture": "#0"},
				"down": {"uv": [2.5, 11.5, 2, 12], "texture": "#0"}
			}
		},
		{
			"from": [7.75, 2.7, 6.2],
			"to": [7.95, 2.9, 7.2],
			"faces": {
				"north": {"uv": [11.5, 2, 12, 2.5], "texture": "#0"},
				"east": {"uv": [2.5, 11.5, 3, 12], "texture": "#0"},
				"south": {"uv": [11.5, 2.5, 12, 3], "texture": "#0"},
				"west": {"uv": [3, 11.5, 3.5, 12], "texture": "#0"},
				"up": {"uv": [12, 3.5, 11.5, 3], "texture": "#0"},
				"down": {"uv": [4, 11.5, 3.5, 12], "texture": "#0"}
			}
		},
		{
			"from": [6.95, 2.8, 7.3],
			"to": [7.55, 2.9, 7.5],
			"faces": {
				"north": {"uv": [11.5, 3.5, 12, 4], "texture": "#0"},
				"east": {"uv": [4, 11.5, 4.5, 12], "texture": "#0"},
				"south": {"uv": [11.5, 4, 12, 4.5], "texture": "#0"},
				"west": {"uv": [4.5, 11.5, 5, 12], "texture": "#0"},
				"up": {"uv": [12, 5, 11.5, 4.5], "texture": "#0"},
				"down": {"uv": [5.5, 11.5, 5, 12], "texture": "#0"}
			}
		},
		{
			"from": [7.25, 1.5, 7.5],
			"to": [7.85, 1.7, 8.1],
			"faces": {
				"north": {"uv": [11.5, 5, 12, 5.5], "texture": "#0"},
				"east": {"uv": [5.5, 11.5, 6, 12], "texture": "#0"},
				"south": {"uv": [11.5, 5.5, 12, 6], "texture": "#0"},
				"west": {"uv": [6, 11.5, 6.5, 12], "texture": "#0"},
				"up": {"uv": [12, 6.5, 11.5, 6], "texture": "#0"},
				"down": {"uv": [7, 11.5, 6.5, 12], "texture": "#0"}
			}
		},
		{
			"from": [7.25, 1.7, 7.2],
			"to": [7.85, 1.9, 8.4],
			"faces": {
				"north": {"uv": [11.5, 6.5, 12, 7], "texture": "#0"},
				"east": {"uv": [7, 11.5, 7.5, 12], "texture": "#0"},
				"south": {"uv": [11.5, 7, 12, 7.5], "texture": "#0"},
				"west": {"uv": [7.5, 11.5, 8, 12], "texture": "#0"},
				"up": {"uv": [12, 8, 11.5, 7.5], "texture": "#0"},
				"down": {"uv": [8.5, 11.5, 8, 12], "texture": "#0"}
			}
		},
		{
			"from": [6.95, 1.9, 6.9],
			"to": [7.55, 2.8, 8.7],
			"faces": {
				"north": {"uv": [11.5, 8, 12, 8.5], "texture": "#0"},
				"east": {"uv": [3, 0.5, 4, 1], "texture": "#0"},
				"south": {"uv": [8.5, 11.5, 9, 12], "texture": "#0"},
				"west": {"uv": [3, 1, 4, 1.5], "texture": "#0"},
				"up": {"uv": [0.5, 4, 0, 3], "texture": "#0"},
				"down": {"uv": [1.5, 3, 1, 4], "texture": "#0"}
			}
		},
		{
			"from": [6.85, 2.8, 7.1],
			"to": [7.65, 3, 8.5],
			"faces": {
				"north": {"uv": [11.5, 8.5, 12, 9], "texture": "#0"},
				"east": {"uv": [9, 11.5, 9.5, 12], "texture": "#0"},
				"south": {"uv": [11.5, 9, 12, 9.5], "texture": "#0"},
				"west": {"uv": [9.5, 11.5, 10, 12], "texture": "#0"},
				"up": {"uv": [12, 10, 11.5, 9.5], "texture": "#0"},
				"down": {"uv": [10.5, 11.5, 10, 12], "texture": "#0"}
			}
		},
		{
			"from": [6.95, 3, 7.5],
			"to": [7.55, 3.2, 8.1],
			"faces": {
				"north": {"uv": [11.5, 10, 12, 10.5], "texture": "#0"},
				"east": {"uv": [10.5, 11.5, 11, 12], "texture": "#0"},
				"south": {"uv": [11.5, 10.5, 12, 11], "texture": "#0"},
				"west": {"uv": [11, 11.5, 11.5, 12], "texture": "#0"},
				"up": {"uv": [12, 11.5, 11.5, 11], "texture": "#0"},
				"down": {"uv": [12, 11.5, 11.5, 12], "texture": "#0"}
			}
		},
		{
			"from": [6.75, 1.9, 7.1],
			"to": [7.05, 2.9, 8.5],
			"faces": {
				"north": {"uv": [0, 12, 0.5, 12.5], "texture": "#0"},
				"east": {"uv": [12, 0, 12.5, 0.5], "texture": "#0"},
				"south": {"uv": [0.5, 12, 1, 12.5], "texture": "#0"},
				"west": {"uv": [12, 0.5, 12.5, 1], "texture": "#0"},
				"up": {"uv": [1.5, 12.5, 1, 12], "texture": "#0"},
				"down": {"uv": [12.5, 1, 12, 1.5], "texture": "#0"}
			}
		},
		{
			"from": [7.45, 1.9, 7.1],
			"to": [7.75, 2.9, 8.5],
			"faces": {
				"north": {"uv": [1.5, 12, 2, 12.5], "texture": "#0"},
				"east": {"uv": [12, 1.5, 12.5, 2], "texture": "#0"},
				"south": {"uv": [2, 12, 2.5, 12.5], "texture": "#0"},
				"west": {"uv": [12, 2, 12.5, 2.5], "texture": "#0"},
				"up": {"uv": [3, 12.5, 2.5, 12], "texture": "#0"},
				"down": {"uv": [12.5, 2.5, 12, 3], "texture": "#0"}
			}
		},
		{
			"from": [7.75, 2, 7.3],
			"to": [8.05, 2.7, 8.3],
			"faces": {
				"north": {"uv": [3, 12, 3.5, 12.5], "texture": "#0"},
				"east": {"uv": [12, 3, 12.5, 3.5], "texture": "#0"},
				"south": {"uv": [3.5, 12, 4, 12.5], "texture": "#0"},
				"west": {"uv": [12, 3.5, 12.5, 4], "texture": "#0"},
				"up": {"uv": [4.5, 12.5, 4, 12], "texture": "#0"},
				"down": {"uv": [12.5, 4, 12, 4.5], "texture": "#0"}
			}
		},
		{
			"from": [7.55, 2.8, 7.3],
			"to": [7.85, 3, 8.3],
			"faces": {
				"north": {"uv": [4.5, 12, 5, 12.5], "texture": "#0"},
				"east": {"uv": [12, 4.5, 12.5, 5], "texture": "#0"},
				"south": {"uv": [5, 12, 5.5, 12.5], "texture": "#0"},
				"west": {"uv": [12, 5, 12.5, 5.5], "texture": "#0"},
				"up": {"uv": [6, 12.5, 5.5, 12], "texture": "#0"},
				"down": {"uv": [12.5, 5.5, 12, 6], "texture": "#0"}
			}
		},
		{
			"from": [7.75, 2.7, 7.3],
			"to": [7.95, 2.9, 8.3],
			"faces": {
				"north": {"uv": [6, 12, 6.5, 12.5], "texture": "#0"},
				"east": {"uv": [12, 6, 12.5, 6.5], "texture": "#0"},
				"south": {"uv": [6.5, 12, 7, 12.5], "texture": "#0"},
				"west": {"uv": [12, 6.5, 12.5, 7], "texture": "#0"},
				"up": {"uv": [7.5, 12.5, 7, 12], "texture": "#0"},
				"down": {"uv": [12.5, 7, 12, 7.5], "texture": "#0"}
			}
		},
		{
			"from": [6.95, 2.8, 7],
			"to": [7.55, 2.9, 7.2],
			"faces": {
				"north": {"uv": [7.5, 12, 8, 12.5], "texture": "#0"},
				"east": {"uv": [12, 7.5, 12.5, 8], "texture": "#0"},
				"south": {"uv": [8, 12, 8.5, 12.5], "texture": "#0"},
				"west": {"uv": [12, 8, 12.5, 8.5], "texture": "#0"},
				"up": {"uv": [9, 12.5, 8.5, 12], "texture": "#0"},
				"down": {"uv": [12.5, 8.5, 12, 9], "texture": "#0"}
			}
		},
		{
			"from": [6.95, 2.8, 8.4],
			"to": [7.55, 2.9, 8.6],
			"faces": {
				"north": {"uv": [9, 12, 9.5, 12.5], "texture": "#0"},
				"east": {"uv": [12, 9, 12.5, 9.5], "texture": "#0"},
				"south": {"uv": [9.5, 12, 10, 12.5], "texture": "#0"},
				"west": {"uv": [12, 9.5, 12.5, 10], "texture": "#0"},
				"up": {"uv": [10.5, 12.5, 10, 12], "texture": "#0"},
				"down": {"uv": [12.5, 10, 12, 10.5], "texture": "#0"}
			}
		},
		{
			"from": [6.85, 3, 7.3],
			"to": [7.65, 3.1, 8.3],
			"faces": {
				"north": {"uv": [10.5, 12, 11, 12.5], "texture": "#0"},
				"east": {"uv": [12, 10.5, 12.5, 11], "texture": "#0"},
				"south": {"uv": [11, 12, 11.5, 12.5], "texture": "#0"},
				"west": {"uv": [12, 11, 12.5, 11.5], "texture": "#0"},
				"up": {"uv": [12, 12.5, 11.5, 12], "texture": "#0"},
				"down": {"uv": [12.5, 11.5, 12, 12], "texture": "#0"}
			}
		},
		{
			"from": [6.05, 1.5, 7],
			"to": [6.65, 1.7, 7.6],
			"faces": {
				"north": {"uv": [12, 12, 12.5, 12.5], "texture": "#0"},
				"east": {"uv": [0, 12.5, 0.5, 13], "texture": "#0"},
				"south": {"uv": [12.5, 0, 13, 0.5], "texture": "#0"},
				"west": {"uv": [0.5, 12.5, 1, 13], "texture": "#0"},
				"up": {"uv": [13, 1, 12.5, 0.5], "texture": "#0"},
				"down": {"uv": [1.5, 12.5, 1, 13], "texture": "#0"}
			}
		},
		{
			"from": [8.25, 1.5, 7],
			"to": [8.85, 1.7, 7.6],
			"faces": {
				"north": {"uv": [12.5, 1, 13, 1.5], "texture": "#0"},
				"east": {"uv": [1.5, 12.5, 2, 13], "texture": "#0"},
				"south": {"uv": [12.5, 1.5, 13, 2], "texture": "#0"},
				"west": {"uv": [2, 12.5, 2.5, 13], "texture": "#0"},
				"up": {"uv": [13, 2.5, 12.5, 2], "texture": "#0"},
				"down": {"uv": [3, 12.5, 2.5, 13], "texture": "#0"}
			}
		},
		{
			"from": [8.25, 1.7, 6.7],
			"to": [8.85, 1.9, 7.9],
			"faces": {
				"north": {"uv": [12.5, 2.5, 13, 3], "texture": "#0"},
				"east": {"uv": [3, 12.5, 3.5, 13], "texture": "#0"},
				"south": {"uv": [12.5, 3, 13, 3.5], "texture": "#0"},
				"west": {"uv": [3.5, 12.5, 4, 13], "texture": "#0"},
				"up": {"uv": [13, 4, 12.5, 3.5], "texture": "#0"},
				"down": {"uv": [4.5, 12.5, 4, 13], "texture": "#0"}
			}
		},
		{
			"from": [7.95, 1.9, 6.4],
			"to": [8.55, 2.8, 8.2],
			"faces": {
				"north": {"uv": [12.5, 4, 13, 4.5], "texture": "#0"},
				"east": {"uv": [3, 1.5, 4, 2], "texture": "#0"},
				"south": {"uv": [4.5, 12.5, 5, 13], "texture": "#0"},
				"west": {"uv": [3, 2, 4, 2.5], "texture": "#0"},
				"up": {"uv": [3, 4, 2.5, 3], "texture": "#0"},
				"down": {"uv": [3.5, 2.5, 3, 3.5], "texture": "#0"}
			}
		},
		{
			"from": [7.85, 2.8, 6.6],
			"to": [8.65, 3, 8],
			"faces": {
				"north": {"uv": [12.5, 4.5, 13, 5], "texture": "#0"},
				"east": {"uv": [5, 12.5, 5.5, 13], "texture": "#0"},
				"south": {"uv": [12.5, 5, 13, 5.5], "texture": "#0"},
				"west": {"uv": [5.5, 12.5, 6, 13], "texture": "#0"},
				"up": {"uv": [13, 6, 12.5, 5.5], "texture": "#0"},
				"down": {"uv": [6.5, 12.5, 6, 13], "texture": "#0"}
			}
		},
		{
			"from": [7.95, 3, 7],
			"to": [8.55, 3.2, 7.6],
			"faces": {
				"north": {"uv": [12.5, 6, 13, 6.5], "texture": "#0"},
				"east": {"uv": [6.5, 12.5, 7, 13], "texture": "#0"},
				"south": {"uv": [12.5, 6.5, 13, 7], "texture": "#0"},
				"west": {"uv": [7, 12.5, 7.5, 13], "texture": "#0"},
				"up": {"uv": [13, 7.5, 12.5, 7], "texture": "#0"},
				"down": {"uv": [8, 12.5, 7.5, 13], "texture": "#0"}
			}
		},
		{
			"from": [7.75, 1.9, 6.6],
			"to": [8.05, 2.9, 8],
			"faces": {
				"north": {"uv": [12.5, 7.5, 13, 8], "texture": "#0"},
				"east": {"uv": [8, 12.5, 8.5, 13], "texture": "#0"},
				"south": {"uv": [12.5, 8, 13, 8.5], "texture": "#0"},
				"west": {"uv": [8.5, 12.5, 9, 13], "texture": "#0"},
				"up": {"uv": [13, 9, 12.5, 8.5], "texture": "#0"},
				"down": {"uv": [9.5, 12.5, 9, 13], "texture": "#0"}
			}
		},
		{
			"from": [8.45, 1.9, 6.6],
			"to": [8.75, 2.9, 8],
			"faces": {
				"north": {"uv": [12.5, 9, 13, 9.5], "texture": "#0"},
				"east": {"uv": [9.5, 12.5, 10, 13], "texture": "#0"},
				"south": {"uv": [12.5, 9.5, 13, 10], "texture": "#0"},
				"west": {"uv": [10, 12.5, 10.5, 13], "texture": "#0"},
				"up": {"uv": [13, 10.5, 12.5, 10], "texture": "#0"},
				"down": {"uv": [11, 12.5, 10.5, 13], "texture": "#0"}
			}
		},
		{
			"from": [7.45, 2, 6.8],
			"to": [7.75, 2.7, 7.8],
			"faces": {
				"north": {"uv": [12.5, 10.5, 13, 11], "texture": "#0"},
				"east": {"uv": [11, 12.5, 11.5, 13], "texture": "#0"},
				"south": {"uv": [12.5, 11, 13, 11.5], "texture": "#0"},
				"west": {"uv": [11.5, 12.5, 12, 13], "texture": "#0"},
				"up": {"uv": [13, 12, 12.5, 11.5], "texture": "#0"},
				"down": {"uv": [12.5, 12.5, 12, 13], "texture": "#0"}
			}
		},
		{
			"from": [8.75, 2, 6.8],
			"to": [9.05, 2.7, 7.8],
			"faces": {
				"north": {"uv": [12.5, 12, 13, 12.5], "texture": "#0"},
				"east": {"uv": [12.5, 12.5, 13, 13], "texture": "#0"},
				"south": {"uv": [0, 13, 0.5, 13.5], "texture": "#0"},
				"west": {"uv": [13, 0, 13.5, 0.5], "texture": "#0"},
				"up": {"uv": [1, 13.5, 0.5, 13], "texture": "#0"},
				"down": {"uv": [13.5, 0.5, 13, 1], "texture": "#0"}
			}
		},
		{
			"from": [7.65, 2.8, 6.8],
			"to": [7.95, 3, 7.8],
			"faces": {
				"north": {"uv": [1, 13, 1.5, 13.5], "texture": "#0"},
				"east": {"uv": [13, 1, 13.5, 1.5], "texture": "#0"},
				"south": {"uv": [1.5, 13, 2, 13.5], "texture": "#0"},
				"west": {"uv": [13, 1.5, 13.5, 2], "texture": "#0"},
				"up": {"uv": [2.5, 13.5, 2, 13], "texture": "#0"},
				"down": {"uv": [13.5, 2, 13, 2.5], "texture": "#0"}
			}
		},
		{
			"from": [8.55, 2.8, 6.8],
			"to": [8.85, 3, 7.8],
			"faces": {
				"north": {"uv": [2.5, 13, 3, 13.5], "texture": "#0"},
				"east": {"uv": [13, 2.5, 13.5, 3], "texture": "#0"},
				"south": {"uv": [3, 13, 3.5, 13.5], "texture": "#0"},
				"west": {"uv": [13, 3, 13.5, 3.5], "texture": "#0"},
				"up": {"uv": [4, 13.5, 3.5, 13], "texture": "#0"},
				"down": {"uv": [13.5, 3.5, 13, 4], "texture": "#0"}
			}
		},
		{
			"from": [7.55, 2.3, 6.8],
			"to": [7.75, 2.9, 7.8],
			"faces": {
				"north": {"uv": [4, 13, 4.5, 13.5], "texture": "#0"},
				"east": {"uv": [13, 4, 13.5, 4.5], "texture": "#0"},
				"south": {"uv": [4.5, 13, 5, 13.5], "texture": "#0"},
				"west": {"uv": [13, 4.5, 13.5, 5], "texture": "#0"},
				"up": {"uv": [5.5, 13.5, 5, 13], "texture": "#0"},
				"down": {"uv": [13.5, 5, 13, 5.5], "texture": "#0"}
			}
		},
		{
			"from": [8.75, 2.7, 6.8],
			"to": [8.95, 2.9, 7.8],
			"faces": {
				"north": {"uv": [5.5, 13, 6, 13.5], "texture": "#0"},
				"east": {"uv": [13, 5.5, 13.5, 6], "texture": "#0"},
				"south": {"uv": [6, 13, 6.5, 13.5], "texture": "#0"},
				"west": {"uv": [13, 6, 13.5, 6.5], "texture": "#0"},
				"up": {"uv": [7, 13.5, 6.5, 13], "texture": "#0"},
				"down": {"uv": [13.5, 6.5, 13, 7], "texture": "#0"}
			}
		},
		{
			"from": [7.95, 2.8, 6.5],
			"to": [8.55, 2.9, 6.7],
			"faces": {
				"north": {"uv": [7, 13, 7.5, 13.5], "texture": "#0"},
				"east": {"uv": [13, 7, 13.5, 7.5], "texture": "#0"},
				"south": {"uv": [7.5, 13, 8, 13.5], "texture": "#0"},
				"west": {"uv": [13, 7.5, 13.5, 8], "texture": "#0"},
				"up": {"uv": [8.5, 13.5, 8, 13], "texture": "#0"},
				"down": {"uv": [13.5, 8, 13, 8.5], "texture": "#0"}
			}
		},
		{
			"from": [7.95, 2.8, 7.9],
			"to": [8.55, 2.9, 8.1],
			"faces": {
				"north": {"uv": [8.5, 13, 9, 13.5], "texture": "#0"},
				"east": {"uv": [13, 8.5, 13.5, 9], "texture": "#0"},
				"south": {"uv": [9, 13, 9.5, 13.5], "texture": "#0"},
				"west": {"uv": [13, 9, 13.5, 9.5], "texture": "#0"},
				"up": {"uv": [10, 13.5, 9.5, 13], "texture": "#0"},
				"down": {"uv": [13.5, 9.5, 13, 10], "texture": "#0"}
			}
		},
		{
			"from": [7.85, 3, 6.8],
			"to": [8.65, 3.1, 7.8],
			"faces": {
				"north": {"uv": [10, 13, 10.5, 13.5], "texture": "#0"},
				"east": {"uv": [13, 10, 13.5, 10.5], "texture": "#0"},
				"south": {"uv": [10.5, 13, 11, 13.5], "texture": "#0"},
				"west": {"uv": [13, 10.5, 13.5, 11], "texture": "#0"},
				"up": {"uv": [11.5, 13.5, 11, 13], "texture": "#0"},
				"down": {"uv": [13.5, 11, 13, 11.5], "texture": "#0"}
			}
		},
		{
			"from": [7.05, 1.5, 6.7],
			"to": [7.65, 1.7, 7.3],
			"faces": {
				"north": {"uv": [11.5, 13, 12, 13.5], "texture": "#0"},
				"east": {"uv": [13, 11.5, 13.5, 12], "texture": "#0"},
				"south": {"uv": [12, 13, 12.5, 13.5], "texture": "#0"},
				"west": {"uv": [13, 12, 13.5, 12.5], "texture": "#0"},
				"up": {"uv": [13, 13.5, 12.5, 13], "texture": "#0"},
				"down": {"uv": [13.5, 12.5, 13, 13], "texture": "#0"}
			}
		},
		{
			"from": [7.05, 1.7, 6.4],
			"to": [7.65, 1.9, 7.6],
			"faces": {
				"north": {"uv": [13, 13, 13.5, 13.5], "texture": "#0"},
				"east": {"uv": [0, 13.5, 0.5, 14], "texture": "#0"},
				"south": {"uv": [13.5, 0, 14, 0.5], "texture": "#0"},
				"west": {"uv": [0.5, 13.5, 1, 14], "texture": "#0"},
				"up": {"uv": [14, 1, 13.5, 0.5], "texture": "#0"},
				"down": {"uv": [1.5, 13.5, 1, 14], "texture": "#0"}
			}
		},
		{
			"from": [7.05, 1.9, 6.1],
			"to": [7.65, 2.8, 7.9],
			"faces": {
				"north": {"uv": [13.5, 1, 14, 1.5], "texture": "#0"},
				"east": {"uv": [3.5, 0, 4.5, 0.5], "texture": "#0"},
				"south": {"uv": [1.5, 13.5, 2, 14], "texture": "#0"},
				"west": {"uv": [1.5, 3.5, 2.5, 4], "texture": "#0"},
				"up": {"uv": [1, 4.5, 0.5, 3.5], "texture": "#0"},
				"down": {"uv": [4, 2.5, 3.5, 3.5], "texture": "#0"}
			}
		},
		{
			"from": [6.95, 2.8, 6.3],
			"to": [7.75, 3, 7.7],
			"faces": {
				"north": {"uv": [13.5, 1.5, 14, 2], "texture": "#0"},
				"east": {"uv": [2, 13.5, 2.5, 14], "texture": "#0"},
				"south": {"uv": [13.5, 2, 14, 2.5], "texture": "#0"},
				"west": {"uv": [2.5, 13.5, 3, 14], "texture": "#0"},
				"up": {"uv": [14, 3, 13.5, 2.5], "texture": "#0"},
				"down": {"uv": [3.5, 13.5, 3, 14], "texture": "#0"}
			}
		},
		{
			"from": [7.05, 3, 6.7],
			"to": [7.65, 3.2, 7.3],
			"faces": {
				"north": {"uv": [13.5, 3, 14, 3.5], "texture": "#0"},
				"east": {"uv": [3.5, 13.5, 4, 14], "texture": "#0"},
				"south": {"uv": [13.5, 3.5, 14, 4], "texture": "#0"},
				"west": {"uv": [4, 13.5, 4.5, 14], "texture": "#0"},
				"up": {"uv": [14, 4.5, 13.5, 4], "texture": "#0"},
				"down": {"uv": [5, 13.5, 4.5, 14], "texture": "#0"}
			}
		},
		{
			"from": [6.85, 1.9, 6.3],
			"to": [7.15, 2.9, 7.7],
			"faces": {
				"north": {"uv": [13.5, 4.5, 14, 5], "texture": "#0"},
				"east": {"uv": [5, 13.5, 5.5, 14], "texture": "#0"},
				"south": {"uv": [13.5, 5, 14, 5.5], "texture": "#0"},
				"west": {"uv": [5.5, 13.5, 6, 14], "texture": "#0"},
				"up": {"uv": [14, 6, 13.5, 5.5], "texture": "#0"},
				"down": {"uv": [6.5, 13.5, 6, 14], "texture": "#0"}
			}
		},
		{
			"from": [7.55, 1.9, 6.3],
			"to": [7.85, 2.9, 7.7],
			"faces": {
				"north": {"uv": [13.5, 6, 14, 6.5], "texture": "#0"},
				"east": {"uv": [6.5, 13.5, 7, 14], "texture": "#0"},
				"south": {"uv": [13.5, 6.5, 14, 7], "texture": "#0"},
				"west": {"uv": [7, 13.5, 7.5, 14], "texture": "#0"},
				"up": {"uv": [14, 7.5, 13.5, 7], "texture": "#0"},
				"down": {"uv": [8, 13.5, 7.5, 14], "texture": "#0"}
			}
		},
		{
			"from": [6.55, 2, 6.5],
			"to": [6.85, 2.7, 7.5],
			"faces": {
				"north": {"uv": [13.5, 7.5, 14, 8], "texture": "#0"},
				"east": {"uv": [8, 13.5, 8.5, 14], "texture": "#0"},
				"south": {"uv": [13.5, 8, 14, 8.5], "texture": "#0"},
				"west": {"uv": [8.5, 13.5, 9, 14], "texture": "#0"},
				"up": {"uv": [14, 9, 13.5, 8.5], "texture": "#0"},
				"down": {"uv": [9.5, 13.5, 9, 14], "texture": "#0"}
			}
		},
		{
			"from": [7.85, 2, 6.5],
			"to": [8.15, 2.7, 7.5],
			"faces": {
				"north": {"uv": [13.5, 9, 14, 9.5], "texture": "#0"},
				"east": {"uv": [9.5, 13.5, 10, 14], "texture": "#0"},
				"south": {"uv": [13.5, 9.5, 14, 10], "texture": "#0"},
				"west": {"uv": [10, 13.5, 10.5, 14], "texture": "#0"},
				"up": {"uv": [14, 10.5, 13.5, 10], "texture": "#0"},
				"down": {"uv": [11, 13.5, 10.5, 14], "texture": "#0"}
			}
		},
		{
			"from": [6.75, 2.8, 6.5],
			"to": [7.05, 3, 7.5],
			"faces": {
				"north": {"uv": [13.5, 10.5, 14, 11], "texture": "#0"},
				"east": {"uv": [11, 13.5, 11.5, 14], "texture": "#0"},
				"south": {"uv": [13.5, 11, 14, 11.5], "texture": "#0"},
				"west": {"uv": [11.5, 13.5, 12, 14], "texture": "#0"},
				"up": {"uv": [14, 12, 13.5, 11.5], "texture": "#0"},
				"down": {"uv": [12.5, 13.5, 12, 14], "texture": "#0"}
			}
		},
		{
			"from": [7.65, 2.8, 6.5],
			"to": [7.95, 3, 7.5],
			"faces": {
				"north": {"uv": [13.5, 12, 14, 12.5], "texture": "#0"},
				"east": {"uv": [12.5, 13.5, 13, 14], "texture": "#0"},
				"south": {"uv": [13.5, 12.5, 14, 13], "texture": "#0"},
				"west": {"uv": [13, 13.5, 13.5, 14], "texture": "#0"},
				"up": {"uv": [14, 13.5, 13.5, 13], "texture": "#0"},
				"down": {"uv": [14, 13.5, 13.5, 14], "texture": "#0"}
			}
		},
		{
			"from": [6.65, 2.3, 6.5],
			"to": [6.85, 2.9, 7.5],
			"faces": {
				"north": {"uv": [0, 14, 0.5, 14.5], "texture": "#0"},
				"east": {"uv": [14, 0, 14.5, 0.5], "texture": "#0"},
				"south": {"uv": [0.5, 14, 1, 14.5], "texture": "#0"},
				"west": {"uv": [14, 0.5, 14.5, 1], "texture": "#0"},
				"up": {"uv": [1.5, 14.5, 1, 14], "texture": "#0"},
				"down": {"uv": [14.5, 1, 14, 1.5], "texture": "#0"}
			}
		},
		{
			"from": [7.85, 2.7, 6.5],
			"to": [8.05, 2.9, 7.5],
			"faces": {
				"north": {"uv": [1.5, 14, 2, 14.5], "texture": "#0"},
				"east": {"uv": [14, 1.5, 14.5, 2], "texture": "#0"},
				"south": {"uv": [2, 14, 2.5, 14.5], "texture": "#0"},
				"west": {"uv": [14, 2, 14.5, 2.5], "texture": "#0"},
				"up": {"uv": [3, 14.5, 2.5, 14], "texture": "#0"},
				"down": {"uv": [14.5, 2.5, 14, 3], "texture": "#0"}
			}
		},
		{
			"from": [7.05, 2.8, 6.2],
			"to": [7.65, 2.9, 6.4],
			"faces": {
				"north": {"uv": [3, 14, 3.5, 14.5], "texture": "#0"},
				"east": {"uv": [14, 3, 14.5, 3.5], "texture": "#0"},
				"south": {"uv": [3.5, 14, 4, 14.5], "texture": "#0"},
				"west": {"uv": [14, 3.5, 14.5, 4], "texture": "#0"},
				"up": {"uv": [4.5, 14.5, 4, 14], "texture": "#0"},
				"down": {"uv": [14.5, 4, 14, 4.5], "texture": "#0"}
			}
		},
		{
			"from": [7.05, 2.8, 7.6],
			"to": [7.65, 2.9, 7.8],
			"faces": {
				"north": {"uv": [4.5, 14, 5, 14.5], "texture": "#0"},
				"east": {"uv": [14, 4.5, 14.5, 5], "texture": "#0"},
				"south": {"uv": [5, 14, 5.5, 14.5], "texture": "#0"},
				"west": {"uv": [14, 5, 14.5, 5.5], "texture": "#0"},
				"up": {"uv": [6, 14.5, 5.5, 14], "texture": "#0"},
				"down": {"uv": [14.5, 5.5, 14, 6], "texture": "#0"}
			}
		},
		{
			"from": [6.95, 3, 6.5],
			"to": [7.75, 3.1, 7.5],
			"faces": {
				"north": {"uv": [6, 14, 6.5, 14.5], "texture": "#0"},
				"east": {"uv": [14, 6, 14.5, 6.5], "texture": "#0"},
				"south": {"uv": [6.5, 14, 7, 14.5], "texture": "#0"},
				"west": {"uv": [14, 6.5, 14.5, 7], "texture": "#0"},
				"up": {"uv": [7.5, 14.5, 7, 14], "texture": "#0"},
				"down": {"uv": [14.5, 7, 14, 7.5], "texture": "#0"}
			}
		},
		{
			"from": [6.55, 1.5, 7.4],
			"to": [7.15, 1.7, 8],
			"faces": {
				"north": {"uv": [7.5, 14, 8, 14.5], "texture": "#0"},
				"east": {"uv": [14, 7.5, 14.5, 8], "texture": "#0"},
				"south": {"uv": [8, 14, 8.5, 14.5], "texture": "#0"},
				"west": {"uv": [14, 8, 14.5, 8.5], "texture": "#0"},
				"up": {"uv": [9, 14.5, 8.5, 14], "texture": "#0"},
				"down": {"uv": [14.5, 8.5, 14, 9], "texture": "#0"}
			}
		},
		{
			"from": [6.55, 1.7, 7.1],
			"to": [7.15, 1.9, 8.3],
			"faces": {
				"north": {"uv": [9, 14, 9.5, 14.5], "texture": "#0"},
				"east": {"uv": [14, 9, 14.5, 9.5], "texture": "#0"},
				"south": {"uv": [9.5, 14, 10, 14.5], "texture": "#0"},
				"west": {"uv": [14, 9.5, 14.5, 10], "texture": "#0"},
				"up": {"uv": [10.5, 14.5, 10, 14], "texture": "#0"},
				"down": {"uv": [14.5, 10, 14, 10.5], "texture": "#0"}
			}
		},
		{
			"from": [6.55, 1.9, 6.8],
			"to": [7.15, 2.8, 8.6],
			"faces": {
				"north": {"uv": [10.5, 14, 11, 14.5], "texture": "#0"},
				"east": {"uv": [3, 3.5, 4, 4], "texture": "#0"},
				"south": {"uv": [14, 10.5, 14.5, 11], "texture": "#0"},
				"west": {"uv": [4, 0.5, 5, 1], "texture": "#0"},
				"up": {"uv": [0.5, 5, 0, 4], "texture": "#0"},
				"down": {"uv": [1.5, 4, 1, 5], "texture": "#0"}
			}
		},
		{
			"from": [6.45, 2.8, 7],
			"to": [7.25, 3, 8.4],
			"faces": {
				"north": {"uv": [11, 14, 11.5, 14.5], "texture": "#0"},
				"east": {"uv": [14, 11, 14.5, 11.5], "texture": "#0"},
				"south": {"uv": [11.5, 14, 12, 14.5], "texture": "#0"},
				"west": {"uv": [14, 11.5, 14.5, 12], "texture": "#0"},
				"up": {"uv": [12.5, 14.5, 12, 14], "texture": "#0"},
				"down": {"uv": [14.5, 12, 14, 12.5], "texture": "#0"}
			}
		},
		{
			"from": [6.55, 3, 7.4],
			"to": [7.15, 3.2, 8],
			"faces": {
				"north": {"uv": [12.5, 14, 13, 14.5], "texture": "#0"},
				"east": {"uv": [14, 12.5, 14.5, 13], "texture": "#0"},
				"south": {"uv": [13, 14, 13.5, 14.5], "texture": "#0"},
				"west": {"uv": [14, 13, 14.5, 13.5], "texture": "#0"},
				"up": {"uv": [14, 14.5, 13.5, 14], "texture": "#0"},
				"down": {"uv": [14.5, 13.5, 14, 14], "texture": "#0"}
			}
		},
		{
			"from": [6.35, 1.9, 7],
			"to": [6.65, 2.9, 8.4],
			"faces": {
				"north": {"uv": [14, 14, 14.5, 14.5], "texture": "#0"},
				"east": {"uv": [0, 14.5, 0.5, 15], "texture": "#0"},
				"south": {"uv": [14.5, 0, 15, 0.5], "texture": "#0"},
				"west": {"uv": [0.5, 14.5, 1, 15], "texture": "#0"},
				"up": {"uv": [15, 1, 14.5, 0.5], "texture": "#0"},
				"down": {"uv": [1.5, 14.5, 1, 15], "texture": "#0"}
			}
		},
		{
			"from": [7.05, 1.9, 7],
			"to": [7.35, 2.9, 8.4],
			"faces": {
				"north": {"uv": [14.5, 1, 15, 1.5], "texture": "#0"},
				"east": {"uv": [1.5, 14.5, 2, 15], "texture": "#0"},
				"south": {"uv": [14.5, 1.5, 15, 2], "texture": "#0"},
				"west": {"uv": [2, 14.5, 2.5, 15], "texture": "#0"},
				"up": {"uv": [15, 2.5, 14.5, 2], "texture": "#0"},
				"down": {"uv": [3, 14.5, 2.5, 15], "texture": "#0"}
			}
		},
		{
			"from": [6.05, 2, 7.2],
			"to": [6.35, 2.7, 8.2],
			"faces": {
				"north": {"uv": [14.5, 2.5, 15, 3], "texture": "#0"},
				"east": {"uv": [3, 14.5, 3.5, 15], "texture": "#0"},
				"south": {"uv": [14.5, 3, 15, 3.5], "texture": "#0"},
				"west": {"uv": [3.5, 14.5, 4, 15], "texture": "#0"},
				"up": {"uv": [15, 4, 14.5, 3.5], "texture": "#0"},
				"down": {"uv": [4.5, 14.5, 4, 15], "texture": "#0"}
			}
		},
		{
			"from": [7.35, 2, 7.2],
			"to": [7.65, 2.7, 8.2],
			"faces": {
				"north": {"uv": [14.5, 4, 15, 4.5], "texture": "#0"},
				"east": {"uv": [4.5, 14.5, 5, 15], "texture": "#0"},
				"south": {"uv": [14.5, 4.5, 15, 5], "texture": "#0"},
				"west": {"uv": [5, 14.5, 5.5, 15], "texture": "#0"},
				"up": {"uv": [15, 5.5, 14.5, 5], "texture": "#0"},
				"down": {"uv": [6, 14.5, 5.5, 15], "texture": "#0"}
			}
		},
		{
			"from": [6.25, 2.8, 7.2],
			"to": [6.55, 3, 8.2],
			"faces": {
				"north": {"uv": [14.5, 5.5, 15, 6], "texture": "#0"},
				"east": {"uv": [6, 14.5, 6.5, 15], "texture": "#0"},
				"south": {"uv": [14.5, 6, 15, 6.5], "texture": "#0"},
				"west": {"uv": [6.5, 14.5, 7, 15], "texture": "#0"},
				"up": {"uv": [15, 7, 14.5, 6.5], "texture": "#0"},
				"down": {"uv": [7.5, 14.5, 7, 15], "texture": "#0"}
			}
		},
		{
			"from": [7.15, 2.8, 7.2],
			"to": [7.45, 3, 8.2],
			"faces": {
				"north": {"uv": [14.5, 7, 15, 7.5], "texture": "#0"},
				"east": {"uv": [7.5, 14.5, 8, 15], "texture": "#0"},
				"south": {"uv": [14.5, 7.5, 15, 8], "texture": "#0"},
				"west": {"uv": [8, 14.5, 8.5, 15], "texture": "#0"},
				"up": {"uv": [15, 8.5, 14.5, 8], "texture": "#0"},
				"down": {"uv": [9, 14.5, 8.5, 15], "texture": "#0"}
			}
		},
		{
			"from": [6.15, 2.3, 7.2],
			"to": [6.35, 2.9, 8.2],
			"faces": {
				"north": {"uv": [14.5, 8.5, 15, 9], "texture": "#0"},
				"east": {"uv": [9, 14.5, 9.5, 15], "texture": "#0"},
				"south": {"uv": [14.5, 9, 15, 9.5], "texture": "#0"},
				"west": {"uv": [9.5, 14.5, 10, 15], "texture": "#0"},
				"up": {"uv": [15, 10, 14.5, 9.5], "texture": "#0"},
				"down": {"uv": [10.5, 14.5, 10, 15], "texture": "#0"}
			}
		},
		{
			"from": [7.35, 2.7, 7.2],
			"to": [7.55, 2.9, 8.2],
			"faces": {
				"north": {"uv": [14.5, 10, 15, 10.5], "texture": "#0"},
				"east": {"uv": [10.5, 14.5, 11, 15], "texture": "#0"},
				"south": {"uv": [14.5, 10.5, 15, 11], "texture": "#0"},
				"west": {"uv": [11, 14.5, 11.5, 15], "texture": "#0"},
				"up": {"uv": [15, 11.5, 14.5, 11], "texture": "#0"},
				"down": {"uv": [12, 14.5, 11.5, 15], "texture": "#0"}
			}
		},
		{
			"from": [6.55, 2.8, 6.9],
			"to": [7.15, 2.9, 7.1],
			"faces": {
				"north": {"uv": [14.5, 11.5, 15, 12], "texture": "#0"},
				"east": {"uv": [12, 14.5, 12.5, 15], "texture": "#0"},
				"south": {"uv": [14.5, 12, 15, 12.5], "texture": "#0"},
				"west": {"uv": [12.5, 14.5, 13, 15], "texture": "#0"},
				"up": {"uv": [15, 13, 14.5, 12.5], "texture": "#0"},
				"down": {"uv": [13.5, 14.5, 13, 15], "texture": "#0"}
			}
		},
		{
			"from": [6.55, 2.8, 8.3],
			"to": [7.15, 2.9, 8.5],
			"faces": {
				"north": {"uv": [14.5, 13, 15, 13.5], "texture": "#0"},
				"east": {"uv": [13.5, 14.5, 14, 15], "texture": "#0"},
				"south": {"uv": [14.5, 13.5, 15, 14], "texture": "#0"},
				"west": {"uv": [14, 14.5, 14.5, 15], "texture": "#0"},
				"up": {"uv": [15, 14.5, 14.5, 14], "texture": "#0"},
				"down": {"uv": [15, 14.5, 14.5, 15], "texture": "#0"}
			}
		},
		{
			"from": [6.45, 3, 7.2],
			"to": [7.25, 3.1, 8.2],
			"faces": {
				"north": {"uv": [0, 15, 0.5, 15.5], "texture": "#0"},
				"east": {"uv": [15, 0, 15.5, 0.5], "texture": "#0"},
				"south": {"uv": [0.5, 15, 1, 15.5], "texture": "#0"},
				"west": {"uv": [15, 0.5, 15.5, 1], "texture": "#0"},
				"up": {"uv": [1.5, 15.5, 1, 15], "texture": "#0"},
				"down": {"uv": [15.5, 1, 15, 1.5], "texture": "#0"}
			}
		}
	],
	"gui_light": "front",
	"display": {
		"thirdperson_righthand": {
			"rotation": [89, 87, 0],
			"translation": [-5.25, 2.5, 13],
			"scale": [1.53, 1.53, 1.53]
		},
		"thirdperson_lefthand": {
			"rotation": [71, -90, 0],
			"translation": [-6.5, 5, 11],
			"scale": [1.53, 1.53, 1.53]
		},
		"firstperson_righthand": {
			"rotation": [0, -122, 0],
			"translation": [1.5, 10.75, 0],
			"scale": [1.36, 1.36, 1.36]
		},
		"firstperson_lefthand": {
			"rotation": [0, -86, 0],
			"translation": [1, 10.5, 0.25],
			"scale": [1.3, 1.3, 1.3]
		},
		"ground": {
			"translation": [1, 9.5, -0.25],
			"scale": [1.61, 1.61, 1.61]
		},
		"gui": {
			"rotation": [0, -91, 0],
			"translation": [0.25, 8.75, 0],
			"scale": [1.66, 1.66, 1.66]
		},
		"head": {
			"rotation": [0, 180, 0],
			"translation": [-2.5, 21.75, -0.25],
			"scale": [4, 4, 4]
		},
		"fixed": {
			"rotation": [-92, -90, 0],
			"translation": [-1.75, 0, -32],
			"scale": [4, 4, 4]
		}
	},
	"groups": [
		{
			"name": "group",
			"origin": [0, 0, 0],
			"color": 0,
			"children": []
		},
		0,
		1,
		2,
		3,
		4,
		5,
		6,
		7,
		8,
		9,
		10,
		11,
		12,
		13,
		14,
		15,
		16,
		17,
		18,
		19,
		20,
		21,
		22,
		23,
		24,
		25,
		26,
		27,
		28,
		29,
		30,
		31,
		32,
		33,
		34,
		35,
		36,
		37,
		38,
		39,
		40,
		41,
		42,
		43,
		44,
		45,
		46,
		47,
		48,
		49,
		50,
		51,
		52,
		53,
		54,
		55,
		56,
		57,
		58,
		59,
		60,
		61,
		62,
		63,
		64,
		65,
		66,
		67,
		68,
		69,
		70,
		71,
		72,
		73,
		74,
		75,
		76,
		77,
		78,
		79,
		80,
		81,
		82,
		83,
		84,
		85,
		86,
		87,
		88,
		89,
		90,
		91,
		92,
		93,
		94,
		95,
		96,
		97,
		98,
		99,
		100,
		101,
		102,
		103,
		104,
		105,
		106,
		107,
		108,
		109,
		110,
		111,
		112,
		113,
		114,
		115,
		116,
		117,
		118,
		119,
		120,
		121,
		122,
		123,
		124,
		125,
		126,
		127,
		128,
		129,
		130,
		131,
		132,
		133,
		134,
		135,
		136,
		137,
		138,
		139,
		140,
		141,
		142,
		143,
		144,
		145,
		146,
		147,
		148,
		149,
		150,
		151,
		152,
		153,
		154,
		155,
		156,
		157,
		158,
		159,
		160,
		161,
		162,
		163,
		164,
		165,
		166,
		167,
		168,
		169,
		170,
		171,
		172
	]
}