{
    "providers": [
        {
            "file": "ttp/f/avatars/pixels/pixel.png",
            "chars": [
                "綾"
            ],
            "height": 8,
            "ascent": 7,
            "type": "bitmap"
        },
        {
            "file": "ttp/f/avatars/pixels/pixel.png",
            "chars": [
                "菱"
            ],
            "height": 8,
            "ascent": 6,
            "type": "bitmap"
        },
        {
            "file": "ttp/f/avatars/pixels/pixel.png",
            "chars": [
                "拏"
            ],
            "height": 8,
            "ascent": 5,
            "type": "bitmap"
        },
        {
            "file": "ttp/f/avatars/pixels/pixel.png",
            "chars": [
                "樂"
            ],
            "height": 8,
            "ascent": 4,
            "type": "bitmap"
        },
        {
            "file": "ttp/f/avatars/pixels/pixel.png",
            "chars": [
                "諾"
            ],
            "height": 8,
            "ascent": 3,
            "type": "bitmap"
        },
        {
            "file": "ttp/f/avatars/pixels/pixel.png",
            "chars": [
                "丹"
            ],
            "height": 8,
            "ascent": 2,
            "type": "bitmap"
        },
        {
            "file": "ttp/f/avatars/pixels/pixel.png",
            "chars": [
                "寧"
            ],
            "height": 8,
            "ascent": 1,
            "type": "bitmap"
        },
        {
            "file": "ttp/f/avatars/pixels/pixel.png",
            "chars": [
                "怒"
            ],
            "height": 8,
            "ascent": 0,
            "type": "bitmap"
        },
        {
            "file": "ttp/f/avatars/pixels/pixel16x16_1.1.png",
            "chars": [
                "豈"
            ],
            "height": 8,
            "ascent": 7,
            "type": "bitmap"
        },
        {
            "file": "ttp/f/avatars/pixels/pixel16x16_1.2.png",
            "chars": [
                "更"
            ],
            "height": 8,
            "ascent": 7,
            "type": "bitmap"
        },
        {
            "file": "ttp/f/avatars/pixels/pixel16x16_2.png",
            "chars": [
                "串"
            ],
            "height": 8,
            "ascent": 7,
            "type": "bitmap"
        },
        {
            "file": "ttp/f/avatars/pixels/pixel16x16_2.1.png",
            "chars": [
                "句"
            ],
            "height": 8,
            "ascent": 7,
            "type": "bitmap"
        },
        {
            "file": "ttp/f/avatars/pixels/pixel16x16_3.png",
            "chars": [
                "龜"
            ],
            "height": 8,
            "ascent": 7,
            "type": "bitmap"
        },
        {
            "file": "ttp/f/avatars/pixels/pixel16x16_3.1.png",
            "chars": [
                "龜"
            ],
            "height": 8,
            "ascent": 7,
            "type": "bitmap"
        },
        {
            "file": "ttp/f/avatars/pixels/pixel16x16_4.png",
            "chars": [
                "契"
            ],
            "height": 8,
            "ascent": 7,
            "type": "bitmap"
        },
        {
            "file": "ttp/f/avatars/pixels/pixel16x16_4.1.png",
            "chars": [
                "金"
            ],
            "height": 8,
            "ascent": 7,
            "type": "bitmap"
        },
        {
            "file": "ttp/f/avatars/pixels/pixel16x16_5.png",
            "chars": [
                "奈"
            ],
            "height": 8,
            "ascent": 7,
            "type": "bitmap"
        },
        {
            "file": "ttp/f/avatars/pixels/pixel16x16_5.1.png",
            "chars": [
                "喇"
            ],
            "height": 8,
            "ascent": 7,
            "type": "bitmap"
        },
        {
            "file": "ttp/f/avatars/pixels/pixel16x16_6.png",
            "chars": [
                "懶"
            ],
            "height": 8,
            "ascent": 7,
            "type": "bitmap"
        },
        {
            "file": "ttp/f/avatars/pixels/pixel16x16_6.1.png",
            "chars": [
                "癩"
            ],
            "height": 8,
            "ascent": 7,
            "type": "bitmap"
        },
        {
            "file": "ttp/f/avatars/pixels/pixel16x16_7.png",
            "chars": [
                "螺"
            ],
            "height": 8,
            "ascent": 7,
            "type": "bitmap"
        },
        {
            "file": "ttp/f/avatars/pixels/pixel16x16_7.1.png",
            "chars": [
                "蘿"
            ],
            "height": 8,
            "ascent": 7,
            "type": "bitmap"
        },
        {
            "file": "ttp/f/avatars/pixels/pixel16x16_8.png",
            "chars": [
                "裸"
            ],
            "height": 8,
            "ascent": 7,
            "type": "bitmap"
        },
        {
            "file": "ttp/f/avatars/pixels/pixel16x16_8.1.png",
            "chars": [
                "樂"
            ],
            "height": 8,
            "ascent": 7,
            "type": "bitmap"
        },
        {
            "file": "ttp/f/avatars/pixels/pixel16x16_9.png",
            "chars": [
                "洛"
            ],
            "height": 8,
            "ascent": 7,
            "type": "bitmap"
        },
        {
            "file": "ttp/f/avatars/pixels/pixel16x16_9.1.png",
            "chars": [
                "烙"
            ],
            "height": 8,
            "ascent": 7,
            "type": "bitmap"
        },
        {
            "file": "ttp/f/avatars/pixels/pixel16x16_10.png",
            "chars": [
                "珞"
            ],
            "height": 8,
            "ascent": 7,
            "type": "bitmap"
        },
        {
            "file": "ttp/f/avatars/pixels/pixel16x16_10.1.png",
            "chars": [
                "落"
            ],
            "height": 8,
            "ascent": 7,
            "type": "bitmap"
        },
        {
            "file": "ttp/f/avatars/pixels/pixel16x16_11.png",
            "chars": [
                "酪"
            ],
            "height": 8,
            "ascent": 7,
            "type": "bitmap"
        },
        {
            "file": "ttp/f/avatars/pixels/pixel16x16_11.1.png",
            "chars": [
                "駱"
            ],
            "height": 8,
            "ascent": 7,
            "type": "bitmap"
        },
        {
            "file": "ttp/f/avatars/pixels/pixel16x16_12.png",
            "chars": [
                "卵"
            ],
            "height": 8,
            "ascent": 7,
            "type": "bitmap"
        },
        {
            "file": "ttp/f/avatars/pixels/pixel16x16_12.1.png",
            "chars": [
                "亂"
            ],
            "height": 8,
            "ascent": 7,
            "type": "bitmap"
        },
        {
            "file": "ttp/f/avatars/pixels/pixel16x16_13.png",
            "chars": [
                "蘭"
            ],
            "height": 8,
            "ascent": 7,
            "type": "bitmap"
        },
        {
            "file": "ttp/f/avatars/pixels/pixel16x16_13.1.png",
            "chars": [
                "爛"
            ],
            "height": 8,
            "ascent": 7,
            "type": "bitmap"
        },
        {
            "file": "ttp/f/avatars/pixels/pixel16x16_14.png",
            "chars": [
                "鸞"
            ],
            "height": 8,
            "ascent": 7,
            "type": "bitmap"
        },
        {
            "file": "ttp/f/avatars/pixels/pixel16x16_14.1.png",
            "chars": [
                "嵐"
            ],
            "height": 8,
            "ascent": 7,
            "type": "bitmap"
        },
        {
            "file": "ttp/f/avatars/pixels/pixel16x16_15.png",
            "chars": [
                "濫"
            ],
            "height": 8,
            "ascent": 7,
            "type": "bitmap"
        },
        {
            "file": "ttp/f/avatars/pixels/pixel16x16_15.1.png",
            "chars": [
                "藍"
            ],
            "height": 8,
            "ascent": 7,
            "type": "bitmap"
        },
        {
            "file": "ttp/f/avatars/pixels/pixel16x16_16.png",
            "chars": [
                "襤"
            ],
            "height": 8,
            "ascent": 7,
            "type": "bitmap"
        },
        {
            "file": "ttp/f/avatars/pixels/pixel16x16_16.1.png",
            "chars": [
                "拉"
            ],
            "height": 8,
            "ascent": 7,
            "type": "bitmap"
        },
        {
            "file": "ttp/f/avatars/pixels/16x16_2.png",
            "chars": [
                "蠟"
            ],
            "height": 16,
            "ascent": 16,
            "type": "bitmap"
        },
        {
            "file": "ttp/f/avatars/pixels/16x16_2.png",
            "chars": [
                "狼"
            ],
            "height": 16,
            "ascent": 15,
            "type": "bitmap"
        },
        {
            "file": "ttp/f/avatars/pixels/16x16_2.png",
            "chars": [
                "浪"
            ],
            "height": 16,
            "ascent": 14,
            "type": "bitmap"
        },
        {
            "file": "ttp/f/avatars/pixels/16x16_2.png",
            "chars": [
                "郎"
            ],
            "height": 16,
            "ascent": 13,
            "type": "bitmap"
        },
        {
            "file": "ttp/f/avatars/pixels/16x16_2.png",
            "chars": [
                "來"
            ],
            "height": 16,
            "ascent": 12,
            "type": "bitmap"
        },
        {
            "file": "ttp/f/avatars/pixels/16x16_2.png",
            "chars": [
                "冷"
            ],
            "height": 16,
            "ascent": 11,
            "type": "bitmap"
        },
        {
            "file": "ttp/f/avatars/pixels/16x16_2.png",
            "chars": [
                "勞"
            ],
            "height": 16,
            "ascent": 10,
            "type": "bitmap"
        },
        {
            "file": "ttp/f/avatars/pixels/16x16_2.png",
            "chars": [
                "擄"
            ],
            "height": 16,
            "ascent": 9,
            "type": "bitmap"
        },
        {
            "file": "ttp/f/avatars/pixels/16x16_2.png",
            "chars": [
                "櫓"
            ],
            "height": 16,
            "ascent": 8,
            "type": "bitmap"
        },
        {
            "file": "ttp/f/avatars/pixels/16x16_2.png",
            "chars": [
                "爐"
            ],
            "height": 16,
            "ascent": 7,
            "type": "bitmap"
        },
        {
            "file": "ttp/f/avatars/pixels/16x16_2.png",
            "chars": [
                "盧"
            ],
            "height": 16,
            "ascent": 6,
            "type": "bitmap"
        },
        {
            "file": "ttp/f/avatars/pixels/16x16_2.png",
            "chars": [
                "老"
            ],
            "height": 16,
            "ascent": 5,
            "type": "bitmap"
        },
        {
            "file": "ttp/f/avatars/pixels/16x16_2.png",
            "chars": [
                "蘆"
            ],
            "height": 16,
            "ascent": 4,
            "type": "bitmap"
        },
        {
            "file": "ttp/f/avatars/pixels/16x16_2.png",
            "chars": [
                "路"
            ],
            "height": 16,
            "ascent": 3,
            "type": "bitmap"
        },
        {
            "file": "ttp/f/avatars/pixels/16x16_2.png",
            "chars": [
                "露"
            ],
            "height": 16,
            "ascent": 2,
            "type": "bitmap"
        },
        {
            "file": "ttp/f/avatars/pixels/16x16_2.png",
            "chars": [
                "魯"
            ],
            "height": 16,
            "ascent": 1,
            "type": "bitmap"
        },
        {
            "file": "ttp/f/avatars/pixels/pixel_4.png",
            "chars": [
                "北"
            ],
            "height": 32,
            "ascent": 7,
            "type": "bitmap"
        },
        {
            "file": "ttp/f/avatars/pixels/pixel_4.png",
            "chars": [
                "磻"
            ],
            "height": 32,
            "ascent": 4,
            "type": "bitmap"
        },
        {
            "file": "ttp/f/avatars/pixels/pixel_4.png",
            "chars": [
                "便"
            ],
            "height": 32,
            "ascent": 1,
            "type": "bitmap"
        },
        {
            "file": "ttp/f/avatars/pixels/pixel_4.png",
            "chars": [
                "復"
            ],
            "height": 32,
            "ascent": -2,
            "type": "bitmap"
        },
        {
            "file": "ttp/f/avatars/pixels/pixel_4.png",
            "chars": [
                "不"
            ],
            "height": 32,
            "ascent": -5,
            "type": "bitmap"
        },
        {
            "file": "ttp/f/avatars/pixels/pixel_4.png",
            "chars": [
                "泌"
            ],
            "height": 32,
            "ascent": -8,
            "type": "bitmap"
        },
        {
            "file": "ttp/f/avatars/pixels/pixel_4.png",
            "chars": [
                "數"
            ],
            "height": 32,
            "ascent": -11,
            "type": "bitmap"
        },
        {
            "file": "ttp/f/avatars/pixels/pixel_4.png",
            "chars": [
                "索"
            ],
            "height": 32,
            "ascent": -14,
            "type": "bitmap"
        },
        {
            "file": "ttp/f/avatars/pixels/pixel_4.png",
            "chars": [
                "說"
            ],
            "height": 32,
            "ascent": 2,
            "type": "bitmap"
        },
        {
            "file": "ttp/f/avatars/pixels/pixel_4.png",
            "chars": [
                "糧"
            ],
            "height": 32,
            "ascent": -1,
            "type": "bitmap"
        },
        {
            "file": "ttp/f/avatars/pixels/pixel_4.png",
            "chars": [
                "辰"
            ],
            "height": 32,
            "ascent": -4,
            "type": "bitmap"
        },
        {
            "file": "ttp/f/avatars/pixels/pixel_4.png",
            "chars": [
                "沈"
            ],
            "height": 32,
            "ascent": -7,
            "type": "bitmap"
        },
        {
            "file": "ttp/f/avatars/pixels/pixel_4.png",
            "chars": [
                "拾"
            ],
            "height": 32,
            "ascent": -10,
            "type": "bitmap"
        },
        {
            "file": "ttp/f/avatars/pixels/pixel_4.png",
            "chars": [
                "若"
            ],
            "height": 32,
            "ascent": -13,
            "type": "bitmap"
        },
        {
            "file": "ttp/f/avatars/pixels/pixel_4.png",
            "chars": [
                "掠"
            ],
            "height": 32,
            "ascent": -16,
            "type": "bitmap"
        },
        {
            "file": "ttp/f/avatars/pixels/pixel_4.png",
            "chars": [
                "略"
            ],
            "height": 32,
            "ascent": -19,
            "type": "bitmap"
        },
        {
            "file": "ttp/f/avatars/pixels/pixel_4.png",
            "chars": [
                "亮"
            ],
            "height": 32,
            "ascent": -40,
            "type": "bitmap"
        },
        {
            "file": "ttp/f/avatars/pixels/pixel_4.png",
            "chars": [
                "兩"
            ],
            "height": 32,
            "ascent": -43,
            "type": "bitmap"
        },
        {
            "file": "ttp/f/avatars/pixels/pixel_4.png",
            "chars": [
                "凉"
            ],
            "height": 32,
            "ascent": -46,
            "type": "bitmap"
        },
        {
            "file": "ttp/f/avatars/pixels/pixel_4.png",
            "chars": [
                "梁"
            ],
            "height": 32,
            "ascent": -49,
            "type": "bitmap"
        },
        {
            "file": "ttp/f/avatars/shift/pixel_split.png",
            "chars": [
                ""
            ],
            "height": -3,
            "ascent": -32768,
            "type": "bitmap"
        },
        {
            "file": "ttp/f/avatars/shift/pixel_split.png",
            "chars": [
                ""
            ],
            "height": -4,
            "ascent": -32768,
            "type": "bitmap"
        },
        {
            "file": "ttp/f/avatars/shift/pixel_split2.png",
            "chars": [
                ""
            ],
            "height": -3,
            "ascent": -32768,
            "type": "bitmap"
        },
        {
            "file": "ttp/f/avatars/shift/pixel_split.png",
            "chars": [
                ""
            ],
            "height": -11,
            "ascent": -32678,
            "type": "bitmap"
        },
        {
            "file": "ttp/f/avatars/shift/pixel_split.png",
            "chars": [
                ""
            ],
            "height": -5,
            "ascent": -32768,
            "type": "bitmap"
        },
        {
            "file": "ttp/f/avatars/shift/pixel_split.png",
            "chars": [
                ""
            ],
            "height": -19,
            "ascent": -32768,
            "type": "bitmap"
        },
        {
            "file": "ttp/f/avatars/shift/pixel_split.png",
            "chars": [
                ""
            ],
            "height": -27,
            "ascent": -32768,
            "type": "bitmap"
        },
        {
            "file": "ttp/f/avatars/shift/pixel_split.png",
            "chars": [
                ""
            ],
            "height": -51,
            "ascent": -32768,
            "type": "bitmap"
        },
        {
            "file": "ttp/f/avatars/shift/pixel_split.png",
            "chars": [
                ""
            ],
            "height": 80,
            "ascent": -32768,
            "type": "bitmap"
        },
        {
            "file": "ttp/f/avatars/shift/pixel_split.png",
            "chars": [
                ""
            ],
            "height": 1,
            "ascent": -32768,
            "type": "bitmap"
        },
        {
            "file": "ttp/f/avatars/shift/pixel_split.png",
            "chars": [
                ""
            ],
            "height": -95,
            "ascent": -32768,
            "type": "bitmap"
        },
        {
            "type": "bitmap",
            "file": "ttp/f/tags/fractions/police/kadet.png",
            "height": 7,
            "ascent": 7,
            "chars": [
                ""
            ]
        },
        {
            "type": "bitmap",
            "file": "ttp/f/tags/fractions/police/leitenant.png",
            "height": 7,
            "ascent": 7,
            "chars": [
                ""
            ]
        },
        {
            "type": "bitmap",
            "file": "ttp/f/tags/fractions/police/mayor.png",
            "height": 7,
            "ascent": 7,
            "chars": [
                ""
            ]
        },
        {
            "type": "bitmap",
            "file": "ttp/f/tags/fractions/police/nachal.png",
            "height": 7,
            "ascent": 7,
            "chars": [
                ""
            ]
        },
        {
            "type": "bitmap",
            "file": "ttp/f/tags/fractions/media/spec/operator.png",
            "height": 7,
            "ascent": 7,
            "chars": [
                "ㅟ"
            ]
        },
        {
            "type": "bitmap",
            "file": "ttp/f/tags/fractions/media/spec/rezhiser.png",
            "height": 7,
            "ascent": 7,
            "chars": [
                "ㅝ"
            ]
        },
        {
            "type": "bitmap",
            "file": "ttp/f/tags/fractions/media/spec/schenarist.png",
            "height": 7,
            "ascent": 7,
            "chars": [
                "ㅞ"
            ]
        },
        {
            "type": "bitmap",
            "file": "ttp/f/tags/fractions/media/spec/prodyser.png",
            "height": 7,
            "ascent": 7,
            "chars": [
                "ㅚ"
            ]
        },
        {
            "type": "bitmap",
            "file": "ttp/f/tags/fractions/all/opg.png",
            "height": 7,
            "ascent": 7,
            "chars": [
                "ㅢ"
            ]
        },
        {
            "type": "bitmap",
            "file": "ttp/f/tags/fractions/police/spec/kapitandbr.png",
            "height": 7,
            "ascent": 7,
            "chars": [
                "ㅙ"
            ]
        },
        {
            "type": "bitmap",
            "file": "ttp/f/tags/fractions/police/oficer.png",
            "height": 7,
            "ascent": 7,
            "chars": [
                ""
            ]
        },
        {
            "type": "bitmap",
            "file": "ttp/f/tags/fractions/police/prokyror.png",
            "height": 7,
            "ascent": 7,
            "chars": [
                ""
            ]
        },
        {
            "type": "bitmap",
            "file": "ttp/f/tags/fractions/police/serjant.png",
            "height": 7,
            "ascent": 7,
            "chars": [
                ""
            ]
        },
        {
            "type": "bitmap",
            "file": "ttp/f/tags/fractions/police/sledovatel.png",
            "height": 7,
            "ascent": 7,
            "chars": [
                ""
            ]
        },
        {
            "type": "bitmap",
            "file": "ttp/f/tags/fractions/police/stoficer.png",
            "height": 7,
            "ascent": 7,
            "chars": [
                ""
            ]
        },
        {
            "type": "bitmap",
            "file": "ttp/f/tags/fractions/police/zampolice.png",
            "height": 7,
            "ascent": 7,
            "chars": [
                ""
            ]
        },
        {
            "type": "bitmap",
            "file": "ttp/f/tags/fractions/police/kapitan.png",
            "height": 7,
            "ascent": 7,
            "chars": [
                ""
            ]
        },
        {
            "type": "bitmap",
            "file": "ttp/f/tags/fractions/police/spec/swat/agent.png",
            "height": 7,
            "ascent": 7,
            "chars": [
                "ϭ"
            ]
        },
        {
            "type": "bitmap",
            "file": "ttp/f/tags/fractions/police/spec/swat/agent2.png",
            "height": 7,
            "ascent": 7,
            "chars": [
                "ϯ"
            ]
        },
        {
            "type": "bitmap",
            "file": "ttp/f/tags/fractions/police/spec/swat/oficer.png",
            "height": 7,
            "ascent": 7,
            "chars": [
                "ϱ"
            ]
        },
        {
            "type": "bitmap",
            "file": "ttp/f/tags/fractions/police/spec/swat/oficer2.png",
            "height": 7,
            "ascent": 7,
            "chars": [
                "ϴ"
            ]
        },
        {
            "type": "bitmap",
            "file": "ttp/f/tags/fractions/police/spec/swat/kapral.png",
            "height": 7,
            "ascent": 7,
            "chars": [
                "ϻ"
            ]
        },
        {
            "type": "bitmap",
            "file": "ttp/f/tags/fractions/police/spec/swat/serjant.png",
            "height": 7,
            "ascent": 7,
            "chars": [
                "Ͼ"
            ]
        },
        {
            "type": "bitmap",
            "file": "ttp/f/tags/fractions/police/spec/swat/serjant2.png",
            "height": 7,
            "ascent": 7,
            "chars": [
                "Ͽ"
            ]
        },
        {
            "type": "bitmap",
            "file": "ttp/f/tags/fractions/police/spec/swat/instruktor.png",
            "height": 7,
            "ascent": 7,
            "chars": [
                "ɗ"
            ]
        },
        {
            "type": "bitmap",
            "file": "ttp/f/tags/fractions/police/spec/swat/camandir.png",
            "height": 7,
            "ascent": 7,
            "chars": [
                "ɝ"
            ]
        },
        {
            "type": "bitmap",
            "file": "ttp/f/tags/fractions/police/spec/swat/swat.png",
            "height": 7,
            "ascent": 7,
            "chars": [
                "ɧ"
            ]
        },
        {
            "type": "bitmap",
            "file": "ttp/f/tags/fractions/police/spec/crim.png",
            "height": 7,
            "ascent": 7,
            "chars": [
                "‹"
            ]
        },
        {
            "type": "bitmap",
            "file": "ttp/f/tags/fractions/police/spec/mlsledovatel.png",
            "height": 7,
            "ascent": 7,
            "chars": [
                "‰"
            ]
        },
        {
            "type": "bitmap",
            "file": "ttp/f/tags/fractions/police/spec/sledovatel.png",
            "height": 7,
            "ascent": 7,
            "chars": [
                "Š"
            ]
        },
        {
            "type": "bitmap",
            "file": "ttp/f/tags/fractions/police/police.png",
            "height": 7,
            "ascent": 7,
            "chars": [
                "ÿ"
            ]
        },
        {
            "type": "bitmap",
            "file": "ttp/f/tags/fractions/meria/meria.png",
            "height": 7,
            "ascent": 7,
            "chars": [
                "ω"
            ]
        },
        {
            "type": "bitmap",
            "file": "ttp/f/tags/fractions/meria/advokat.png",
            "height": 7,
            "ascent": 7,
            "chars": [
                ""
            ]
        },
        {
            "type": "bitmap",
            "file": "ttp/f/tags/fractions/meria/citimenejer.png",
            "height": 7,
            "ascent": 7,
            "chars": [
                ""
            ]
        },
        {
            "type": "bitmap",
            "file": "ttp/f/tags/fractions/meria/komissar.png",
            "height": 7,
            "ascent": 7,
            "chars": [
                ""
            ]
        },
        {
            "type": "bitmap",
            "file": "ttp/f/tags/fractions/meria/licencer.png",
            "height": 7,
            "ascent": 7,
            "chars": [
                ""
            ]
        },
        {
            "type": "bitmap",
            "file": "ttp/f/tags/fractions/meria/mer.png",
            "height": 7,
            "ascent": 7,
            "chars": [
                ""
            ]
        },
        {
            "type": "bitmap",
            "file": "ttp/f/tags/fractions/meria/ohrannik.png",
            "height": 7,
            "ascent": 7,
            "chars": [
                ""
            ]
        },
        {
            "type": "bitmap",
            "file": "ttp/f/tags/fractions/meria/sekretar.png",
            "height": 7,
            "ascent": 7,
            "chars": [
                ""
            ]
        },
        {
            "type": "bitmap",
            "file": "ttp/f/tags/fractions/meria/stajer.png",
            "height": 7,
            "ascent": 7,
            "chars": [
                ""
            ]
        },
        {
            "type": "bitmap",
            "file": "ttp/f/tags/fractions/meria/telohran.png",
            "height": 7,
            "ascent": 7,
            "chars": [
                ""
            ]
        },
        {
            "type": "bitmap",
            "file": "ttp/f/tags/fractions/hospital/hospital.png",
            "height": 7,
            "ascent": 7,
            "chars": [
                "Ā"
            ]
        },
        {
            "type": "bitmap",
            "file": "ttp/f/tags/fractions/hospital/feldsher.png",
            "height": 7,
            "ascent": 7,
            "chars": [
                ""
            ]
        },
        {
            "type": "bitmap",
            "file": "ttp/f/tags/fractions/hospital/glvrach.png",
            "height": 7,
            "ascent": 7,
            "chars": [
                ""
            ]
        },
        {
            "type": "bitmap",
            "file": "ttp/f/tags/fractions/hospital/hirurg.png",
            "height": 7,
            "ascent": 7,
            "chars": [
                ""
            ]
        },
        {
            "type": "bitmap",
            "file": "ttp/f/tags/fractions/hospital/intern.png",
            "height": 7,
            "ascent": 7,
            "chars": [
                ""
            ]
        },
        {
            "type": "bitmap",
            "file": "ttp/f/tags/fractions/hospital/sanitar.png",
            "height": 7,
            "ascent": 7,
            "chars": [
                ""
            ]
        },
        {
            "type": "bitmap",
            "file": "ttp/f/tags/fractions/hospital/vrach.png",
            "height": 7,
            "ascent": 7,
            "chars": [
                ""
            ]
        },
        {
            "type": "bitmap",
            "file": "ttp/f/tags/fractions/hospital/zamglvracha.png",
            "height": 7,
            "ascent": 7,
            "chars": [
                ""
            ]
        },
        {
            "type": "bitmap",
            "file": "ttp/f/tags/fractions/hospital/zavotdeleniem.png",
            "height": 7,
            "ascent": 7,
            "chars": [
                ""
            ]
        },
        {
            "type": "bitmap",
            "file": "ttp/f/tags/fractions/hospital/spec/allergolog.png",
            "height": 7,
            "ascent": 7,
            "chars": [
                "Ċ"
            ]
        },
        {
            "type": "bitmap",
            "file": "ttp/f/tags/fractions/hospital/spec/anesteziolog.png",
            "height": 7,
            "ascent": 7,
            "chars": [
                "ċ"
            ]
        },
        {
            "type": "bitmap",
            "file": "ttp/f/tags/fractions/hospital/spec/infektsionist.png",
            "height": 7,
            "ascent": 7,
            "chars": [
                "Č"
            ]
        },
        {
            "type": "bitmap",
            "file": "ttp/f/tags/fractions/hospital/spec/narkolog.png",
            "height": 7,
            "ascent": 7,
            "chars": [
                "č"
            ]
        },
        {
            "type": "bitmap",
            "file": "ttp/f/tags/fractions/hospital/spec/nevrolog.png",
            "height": 7,
            "ascent": 7,
            "chars": [
                "ĝ"
            ]
        },
        {
            "type": "bitmap",
            "file": "ttp/f/tags/fractions/hospital/spec/okylist.png",
            "height": 7,
            "ascent": 7,
            "chars": [
                "Ď"
            ]
        },
        {
            "type": "bitmap",
            "file": "ttp/f/tags/fractions/hospital/spec/onkolog.png",
            "height": 7,
            "ascent": 7,
            "chars": [
                "ď"
            ]
        },
        {
            "type": "bitmap",
            "file": "ttp/f/tags/fractions/hospital/spec/ortoped.png",
            "height": 7,
            "ascent": 7,
            "chars": [
                "Đ"
            ]
        },
        {
            "type": "bitmap",
            "file": "ttp/f/tags/fractions/hospital/spec/pediatr.png",
            "height": 7,
            "ascent": 7,
            "chars": [
                "Ē"
            ]
        },
        {
            "type": "bitmap",
            "file": "ttp/f/tags/fractions/hospital/spec/psihoterapevt.png",
            "height": 7,
            "ascent": 7,
            "chars": [
                "ē"
            ]
        },
        {
            "type": "bitmap",
            "file": "ttp/f/tags/fractions/hospital/spec/stomatolog.png",
            "height": 7,
            "ascent": 7,
            "chars": [
                "Ĕ"
            ]
        },
        {
            "type": "bitmap",
            "file": "ttp/f/tags/fractions/hospital/spec/terapevt.png",
            "height": 7,
            "ascent": 7,
            "chars": [
                "Ę"
            ]
        },
        {
            "type": "bitmap",
            "file": "ttp/f/tags/fractions/hospital/spec/travmatolog.png",
            "height": 7,
            "ascent": 7,
            "chars": [
                "Ğ"
            ]
        },
        {
            "type": "bitmap",
            "file": "ttp/f/tags/fractions/mafia/mafia.png",
            "height": 7,
            "ascent": 7,
            "chars": [
                "υ"
            ]
        },
        {
            "type": "bitmap",
            "file": "ttp/f/tags/fractions/mafia/basso.png",
            "height": 7,
            "ascent": 7,
            "chars": [
                ""
            ]
        },
        {
            "type": "bitmap",
            "file": "ttp/f/tags/fractions/mafia/blustitel.png",
            "height": 7,
            "ascent": 7,
            "chars": [
                ""
            ]
        },
        {
            "type": "bitmap",
            "file": "ttp/f/tags/fractions/mafia/gangster.png",
            "height": 7,
            "ascent": 7,
            "chars": [
                ""
            ]
        },
        {
            "type": "bitmap",
            "file": "ttp/f/tags/fractions/mafia/kaporedzhime.png",
            "height": 7,
            "ascent": 7,
            "chars": [
                ""
            ]
        },
        {
            "type": "bitmap",
            "file": "ttp/f/tags/fractions/mafia/konsileri.png",
            "height": 7,
            "ascent": 7,
            "chars": [
                ""
            ]
        },
        {
            "type": "bitmap",
            "file": "ttp/f/tags/fractions/mafia/krestnuiotec.png",
            "height": 7,
            "ascent": 7,
            "chars": [
                ""
            ]
        },
        {
            "type": "bitmap",
            "file": "ttp/f/tags/fractions/mafia/parthner.png",
            "height": 7,
            "ascent": 7,
            "chars": [
                ""
            ]
        },
        {
            "type": "bitmap",
            "file": "ttp/f/tags/fractions/mafia/redzhime.png",
            "height": 7,
            "ascent": 7,
            "chars": [
                ""
            ]
        },
        {
            "type": "bitmap",
            "file": "ttp/f/tags/fractions/mafia/sottokapo.png",
            "height": 7,
            "ascent": 7,
            "chars": [
                ""
            ]
        },
        {
            "type": "bitmap",
            "file": "ttp/f/tags/fractions/mafia/ulicnyuboss.png",
            "height": 7,
            "ascent": 7,
            "chars": [
                ""
            ]
        },
        {
            "type": "bitmap",
            "file": "ttp/f/tags/fractions/mafia/youngchest.png",
            "height": 7,
            "ascent": 7,
            "chars": [
                ""
            ]
        },
        {
            "type": "bitmap",
            "file": "ttp/f/tags/fractions/media/media.png",
            "height": 7,
            "ascent": 7,
            "chars": [
                "χ"
            ]
        },
        {
            "type": "bitmap",
            "file": "ttp/f/tags/fractions/media/direktor.png",
            "height": 7,
            "ascent": 7,
            "chars": [
                ""
            ]
        },
        {
            "type": "bitmap",
            "file": "ttp/f/tags/fractions/media/praktikant.png",
            "height": 7,
            "ascent": 7,
            "chars": [
                ""
            ]
        },
        {
            "type": "bitmap",
            "file": "ttp/f/tags/fractions/media/orgazm.png",
            "height": 7,
            "ascent": 7,
            "chars": [
                "Ϳ"
            ]
        },
        {
            "type": "bitmap",
            "file": "ttp/f/tags/fractions/media/sovich.png",
            "height": 7,
            "ascent": 7,
            "chars": [
                "ʱ"
            ]
        },
        {
            "type": "bitmap",
            "file": "ttp/f/tags/fractions/media/redaktor.png",
            "height": 7,
            "ascent": 7,
            "chars": [
                ""
            ]
        },
        {
            "type": "bitmap",
            "file": "ttp/f/tags/fractions/media/reporter.png",
            "height": 7,
            "ascent": 7,
            "chars": [
                ""
            ]
        },
        {
            "type": "bitmap",
            "file": "ttp/f/tags/fractions/media/vedyschui.png",
            "height": 7,
            "ascent": 7,
            "chars": [
                ""
            ]
        },
        {
            "type": "bitmap",
            "file": "ttp/f/tags/fractions/media/zamdirektora.png",
            "height": 7,
            "ascent": 7,
            "chars": [
                ""
            ]
        },
        {
            "type": "bitmap",
            "file": "ttp/f/tags/fractions/media/zhurnalist.png",
            "height": 7,
            "ascent": 7,
            "chars": [
                ""
            ]
        },
        {
            "type": "bitmap",
            "file": "ttp/f/tags/fractions/army/army.png",
            "height": 7,
            "ascent": 7,
            "chars": [
                "ϊ"
            ]
        },
        {
            "type": "bitmap",
            "file": "ttp/f/tags/fractions/army/general.png",
            "height": 7,
            "ascent": 7,
            "chars": [
                ""
            ]
        },
        {
            "type": "bitmap",
            "file": "ttp/f/tags/fractions/army/kaprak.png",
            "height": 7,
            "ascent": 7,
            "chars": [
                ""
            ]
        },
        {
            "type": "bitmap",
            "file": "ttp/f/tags/fractions/army/leitenant.png",
            "height": 7,
            "ascent": 7,
            "chars": [
                ""
            ]
        },
        {
            "type": "bitmap",
            "file": "ttp/f/tags/fractions/army/mayor.png",
            "height": 7,
            "ascent": 7,
            "chars": [
                ""
            ]
        },
        {
            "type": "bitmap",
            "file": "ttp/f/tags/fractions/army/podpolkovnik.png",
            "height": 7,
            "ascent": 7,
            "chars": [
                ""
            ]
        },
        {
            "type": "bitmap",
            "file": "ttp/f/tags/fractions/army/polkovnik.png",
            "height": 7,
            "ascent": 7,
            "chars": [
                ""
            ]
        },
        {
            "type": "bitmap",
            "file": "ttp/f/tags/fractions/army/rekryt.png",
            "height": 7,
            "ascent": 7,
            "chars": [
                ""
            ]
        },
        {
            "type": "bitmap",
            "file": "ttp/f/tags/fractions/army/serjant.png",
            "height": 7,
            "ascent": 7,
            "chars": [
                ""
            ]
        },
        {
            "type": "bitmap",
            "file": "ttp/f/tags/fractions/army/shtabserjant.png",
            "height": 7,
            "ascent": 7,
            "chars": [
                ""
            ]
        },
        {
            "type": "bitmap",
            "file": "ttp/f/tags/fractions/army/stuorenofficer.png",
            "height": 7,
            "ascent": 7,
            "chars": [
                ""
            ]
        },
        {
            "type": "bitmap",
            "file": "ttp/f/tags/fractions/army/uorenofficer.png",
            "height": 7,
            "ascent": 7,
            "chars": [
                ""
            ]
        },
        {
            "type": "bitmap",
            "file": "ttp/f/tags/fractions/army/spec/armvrach.png",
            "height": 7,
            "ascent": 7,
            "chars": [
                "ʛ"
            ]
        },
        {
            "type": "bitmap",
            "file": "ttp/f/tags/fractions/army/spec/kom.png",
            "height": 7,
            "ascent": 7,
            "chars": [
                "ʆ"
            ]
        },
        {
            "type": "bitmap",
            "file": "ttp/f/tags/fractions/army/spec/vp.png",
            "height": 7,
            "ascent": 7,
            "chars": [
                "ɷ"
            ]
        },
        {
            "type": "bitmap",
            "file": "ttp/f/tags/fractions/army/spec/sv.png",
            "height": 7,
            "ascent": 7,
            "chars": [
                "ʍ"
            ]
        },
        {
            "type": "bitmap",
            "file": "ttp/f/tags/fractions/army/spec/zamkom.png",
            "height": 7,
            "ascent": 7,
            "chars": [
                "ʐ"
            ]
        },
        {
            "type": "bitmap",
            "file": "ttp/f/tags/icons/compass.png",
            "height": 9,
            "ascent": 8,
            "chars": [
                "⬉↑⬈",
                "←Ú→",
                "⬋↓⬊"
            ]
        },
        {
            "type": "bitmap",
            "file": "ttp/f/tags/icons/logo.png",
            "ascent": 5,
            "height": 35,
            "chars": [
                "Ȏ"
            ]
        },
        {
            "type": "bitmap",
            "file": "ttp/f/tags/icons/logo.png",
            "ascent": 20,
            "height": 25,
            "chars": [
                "ཐ"
            ]
        },
        {
            "type": "bitmap",
            "file": "ttp/f/tags/icons/microphone.png",
            "ascent": 7,
            "height": 7,
            "chars": [
                "㱀",
                "㱁"
            ]
        },
        {
            "type": "bitmap",
            "file": "ttp/f/tags/icons/error_mark.png",
            "ascent": 7,
            "height": 7,
            "chars": [
                "膣冈鏻鎓矣耩",
                "纤缎缍绗缴缵"
            ]
        },
        {
            "ascent": 7,
            "chars": [
                "ꑑ"
            ],
            "file": "ttp/f/tags/icons/tab-frame.png",
            "height": 10,
            "type": "bitmap"
        },
        {
            "type": "bitmap",
            "file": "ttp/f/menus/mainmenu.png",
            "ascent": 22,
            "height": 136,
            "chars": [
                ""
            ]
        },
        {
            "type": "bitmap",
            "file": "ttp/f/menus/trade.png",
            "ascent": 22,
            "height": 136,
            "chars": [
                ""
            ]
        },
        {
            "type": "bitmap",
            "file": "ttp/f/menus/gps.png",
            "ascent": 22,
            "height": 136,
            "chars": [
                ""
            ]
        },
        {
            "type": "bitmap",
            "file": "ttp/f/menus/business.png",
            "ascent": 22,
            "height": 136,
            "chars": [
                ""
            ]
        },
        {
            "type": "bitmap",
            "file": "ttp/f/menus/fractions/boln.png",
            "ascent": 22,
            "height": 136,
            "chars": [
                ""
            ]
        },
        {
            "type": "bitmap",
            "file": "ttp/f/menus/fractions/army.png",
            "ascent": 22,
            "height": 136,
            "chars": [
                ""
            ]
        },
        {
            "type": "bitmap",
            "file": "ttp/f/menus/fractions/media.png",
            "ascent": 22,
            "height": 136,
            "chars": [
                ""
            ]
        },
        {
            "type": "bitmap",
            "file": "ttp/f/menus/fractions/school.png",
            "ascent": 22,
            "height": 136,
            "chars": [
                "응"
            ]
        },
        {
            "type": "bitmap",
            "file": "ttp/f/menus/fractions/mafia.png",
            "ascent": 22,
            "height": 136,
            "chars": [
                ""
            ]
        },
        {
            "type": "bitmap",
            "file": "ttp/f/menus/fractions/meria.png",
            "ascent": 22,
            "height": 136,
            "chars": [
                ""
            ]
        },
        {
            "type": "bitmap",
            "file": "ttp/f/menus/fractions/police.png",
            "ascent": 22,
            "height": 136,
            "chars": [
                ""
            ]
        },
        {
            "type": "bitmap",
            "file": "ttp/f/menus/labels/mainmenu.png",
            "ascent": 19,
            "height": 20,
            "chars": [
                ""
            ]
        },
        {
            "type": "bitmap",
            "file": "ttp/f/menus/help.png",
            "ascent": 22,
            "height": 136,
            "chars": [
                ""
            ]
        },
        {
            "type": "bitmap",
            "file": "ttp/f/tags/icons/logo.png",
            "ascent": 33,
            "height": 33,
            "chars": [
                "ë"
            ]
        },
        {
            "file": "ttp/f/tags/perms/dev.png",
            "chars": [
                "༠"
            ],
            "height": 7,
            "ascent": 7,
            "type": "bitmap"
        },
        {
            "file": "ttp/f/tags/perms/staff.png",
            "chars": [
                "༡"
            ],
            "height": 7,
            "ascent": 7,
            "type": "bitmap"
        },
        {
            "file": "ttp/f/tags/perms/stmod.png",
            "chars": [
                "Ĩ"
            ],
            "height": 7,
            "ascent": 7,
            "type": "bitmap"
        },
        {
            "file": "ttp/f/tags/perms/mod.png",
            "chars": [
                "༢"
            ],
            "height": 7,
            "ascent": 7,
            "type": "bitmap"
        },
        {
            "file": "ttp/f/tags/perms/help.png",
            "chars": [
                "༣"
            ],
            "height": 7,
            "ascent": 7,
            "type": "bitmap"
        },
        {
            "file": "ttp/f/tags/perms/junior.png",
            "chars": [
                "ĩ"
            ],
            "height": 7,
            "ascent": 7,
            "type": "bitmap"
        },
        {
            "file": "ttp/f/tags/perms/build.png",
            "chars": [
                "༤"
            ],
            "height": 7,
            "ascent": 7,
            "type": "bitmap"
        },
        {
            "file": "ttp/f/tags/perms/yt.png",
            "chars": [
                "༥"
            ],
            "height": 7,
            "ascent": 7,
            "type": "bitmap"
        },
        {
            "file": "ttp/f/tags/perms/sp.png",
            "chars": [
                "༦"
            ],
            "height": 7,
            "ascent": 7,
            "type": "bitmap"
        },
        {
            "file": "ttp/f/tags/perms/don5.png",
            "chars": [
                "༧"
            ],
            "height": 7,
            "ascent": 7,
            "type": "bitmap"
        },
        {
            "file": "ttp/f/tags/perms/don4.png",
            "chars": [
                "༩"
            ],
            "height": 7,
            "ascent": 7,
            "type": "bitmap"
        },
        {
            "file": "ttp/f/tags/perms/don3.png",
            "chars": [
                "༪"
            ],
            "height": 7,
            "ascent": 7,
            "type": "bitmap"
        },
        {
            "file": "ttp/f/tags/perms/don2.png",
            "chars": [
                "༫"
            ],
            "height": 7,
            "ascent": 7,
            "type": "bitmap"
        },
        {
            "file": "ttp/f/tags/perms/don1.png",
            "chars": [
                "༬"
            ],
            "height": 7,
            "ascent": 7,
            "type": "bitmap"
        },
        {
            "file": "ttp/f/tags/perms/don6.png",
            "chars": [
                "༭"
            ],
            "height": 7,
            "ascent": 7,
            "type": "bitmap"
        },
        {
            "file": "ttp/f/tags/perms/norp.png",
            "chars": [
                "༮"
            ],
            "height": 7,
            "ascent": 7,
            "type": "bitmap"
        },
        {
            "type": "bitmap",
            "file": "ttp/f/automsg/msa1.png",
            "height": 42,
            "ascent": -2,
            "chars": [
                "þ"
            ]
        },
        {
            "type": "bitmap",
            "file": "ttp/f/automsg/msa2.png",
            "height": 42,
            "ascent": -2,
            "chars": [
                "đ"
            ]
        },
        {
            "type": "bitmap",
            "file": "ttp/f/automsg/msa3.png",
            "height": 42,
            "ascent": -2,
            "chars": [
                "Ö"
            ]
        },
        {
            "type": "bitmap",
            "file": "ttp/f/automsg/msa4.png",
            "height": 42,
            "ascent": -2,
            "chars": [
                "Ø"
            ]
        },
        {
            "type": "bitmap",
            "file": "ttp/f/automsg/msa5.png",
            "height": 42,
            "ascent": -2,
            "chars": [
                "ø"
            ]
        },
        {
            "type": "bitmap",
            "file": "ttp/f/automsg/msa6.png",
            "height": 42,
            "ascent": -2,
            "chars": [
                "ϐ"
            ]
        },
        {
            "type": "bitmap",
            "file": "ttp/f/automsg/msa7.png",
            "height": 42,
            "ascent": -2,
            "chars": [
                "ϑ"
            ]
        },
        {
            "type": "bitmap",
            "file": "ttp/f/automsg/msa8.png",
            "height": 42,
            "ascent": -2,
            "chars": [
                "ϒ"
            ]
        },
        {
            "type": "bitmap",
            "file": "ttp/f/automsg/msa9.png",
            "height": 42,
            "ascent": -2,
            "chars": [
                "ϔ"
            ]
        },
        {
            "type": "bitmap",
            "file": "ttp/f/automsg/msa10.png",
            "height": 42,
            "ascent": -2,
            "chars": [
                "ϕ"
            ]
        },
        {
            "type": "bitmap",
            "file": "ttp/f/automsg/msa11.png",
            "height": 42,
            "ascent": -2,
            "chars": [
                "ϖ"
            ]
        },
        {
            "type": "bitmap",
            "file": "ttp/f/automsg/msa12.png",
            "height": 42,
            "ascent": -2,
            "chars": [
                "ϗ"
            ]
        },
        {
            "type": "bitmap",
            "file": "ttp/f/automsg/msa13.png",
            "height": 42,
            "ascent": -2,
            "chars": [
                "Ϛ"
            ]
        },
        {
            "type": "bitmap",
            "file": "ttp/f/automsg/msa14.png",
            "height": 42,
            "ascent": -2,
            "chars": [
                "ϛ"
            ]
        },
        {
            "type": "bitmap",
            "file": "ttp/f/automsg/msa15.png",
            "height": 42,
            "ascent": -2,
            "chars": [
                "ϝ"
            ]
        },
        {
            "type": "bitmap",
            "file": "ttp/f/automsg/msa16.png",
            "height": 42,
            "ascent": -2,
            "chars": [
                "Ϟ"
            ]
        },
        {
            "type": "bitmap",
            "file": "ttp/f/automsg/msa17.png",
            "height": 42,
            "ascent": -2,
            "chars": [
                "Ϡ"
            ]
        },
        {
            "type": "bitmap",
            "file": "ttp/f/automsg/msa18.png",
            "height": 42,
            "ascent": -2,
            "chars": [
                "ϡ"
            ]
        },
        {
            "type": "bitmap",
            "file": "ttp/f/automsg/msa19.png",
            "height": 42,
            "ascent": -2,
            "chars": [
                "Ϣ"
            ]
        },
        {
            "type": "bitmap",
            "file": "ttp/f/automsg/msa20.png",
            "height": 42,
            "ascent": -2,
            "chars": [
                "ϣ"
            ]
        },
        {
            "file": "ttp/f/tags/icons/base/black.png",
            "chars": [
                "\uF822"
            ],
            "height": 1,
            "ascent": -5000,
            "type": "bitmap"
        },
        {
            "file": "ttp/f/tags/icons/base/black.png",
            "chars": [
                "\uF823"
            ],
            "height": 2,
            "ascent": -5000,
            "type": "bitmap"
        },
        {
            "file": "ttp/f/tags/icons/base/black.png",
            "chars": [
                "\uF824"
            ],
            "height": 3,
            "ascent": -5000,
            "type": "bitmap"
        },
        {
            "file": "ttp/f/tags/icons/base/black.png",
            "chars": [
                "\uF825"
            ],
            "height": 4,
            "ascent": -5000,
            "type": "bitmap"
        },
        {
            "file": "ttp/f/tags/icons/base/black.png",
            "chars": [
                "\uF826"
            ],
            "height": 5,
            "ascent": -5000,
            "type": "bitmap"
        },
        {
            "file": "ttp/f/tags/icons/base/black.png",
            "chars": [
                "\uF827"
            ],
            "height": 6,
            "ascent": -5000,
            "type": "bitmap"
        },
        {
            "file": "ttp/f/tags/icons/base/black.png",
            "chars": [
                "\uF828"
            ],
            "height": 7,
            "ascent": -5000,
            "type": "bitmap"
        },
        {
            "file": "ttp/f/tags/icons/base/black.png",
            "chars": [
                "\uF829"
            ],
            "height": 15,
            "ascent": -5000,
            "type": "bitmap"
        },
        {
            "file": "ttp/f/tags/icons/base/black.png",
            "chars": [
                "\uF82A"
            ],
            "height": 31,
            "ascent": -5000,
            "type": "bitmap"
        },
        {
            "file": "ttp/f/tags/icons/base/black.png",
            "chars": [
                "\uF82B"
            ],
            "height": 63,
            "ascent": -5000,
            "type": "bitmap"
        },
        {
            "file": "ttp/f/tags/icons/base/black.png",
            "chars": [
                "\uF82C"
            ],
            "height": 127,
            "ascent": -5000,
            "type": "bitmap"
        },
        {
            "file": "ttp/f/tags/icons/base/black.png",
            "chars": [
                "\uF82D"
            ],
            "height": 256,
            "ascent": -5000,
            "type": "bitmap"
        },
        {
            "file": "ttp/f/tags/icons/base/black.png",
            "chars": [
                "\uF82E"
            ],
            "height": 512,
            "ascent": -5000,
            "type": "bitmap"
        },
        {
            "file": "ttp/f/tags/icons/base/black.png",
            "chars": [
                "\uF82F"
            ],
            "height": 1024,
            "ascent": -5000,
            "type": "bitmap"
        },
        {
            "file": "ttp/f/tags/icons/base/black.png",
            "chars": [
                "\uF82F"
            ],
            "height": 1023,
            "ascent": -5000,
            "type": "bitmap"
        },
        {
            "file": "ttp/f/tags/icons/base/black.png",
            "chars": [
                "\uF801"
            ],
            "height": -3,
            "ascent": -5000,
            "type": "bitmap"
        },
        {
            "file": "ttp/f/tags/icons/base/black.png",
            "chars": [
                "\uF802"
            ],
            "height": -4,
            "ascent": -5000,
            "type": "bitmap"
        },
        {
            "file": "ttp/f/tags/icons/base/black.png",
            "chars": [
                "\uF803"
            ],
            "height": -5,
            "ascent": -5000,
            "type": "bitmap"
        },
        {
            "file": "ttp/f/tags/icons/base/black.png",
            "chars": [
                "\uF804"
            ],
            "height": -6,
            "ascent": -5000,
            "type": "bitmap"
        },
        {
            "file": "ttp/f/tags/icons/base/black.png",
            "chars": [
                "\uF805"
            ],
            "height": -7,
            "ascent": -5000,
            "type": "bitmap"
        },
        {
            "file": "ttp/f/tags/icons/base/black.png",
            "chars": [
                "\uF806"
            ],
            "height": -8,
            "ascent": -5000,
            "type": "bitmap"
        },
        {
            "file": "ttp/f/tags/icons/base/black.png",
            "chars": [
                "\uF807"
            ],
            "height": -9,
            "ascent": -5000,
            "type": "bitmap"
        },
        {
            "file": "ttp/f/tags/icons/base/black.png",
            "chars": [
                "\uF808"
            ],
            "height": -10,
            "ascent": -5000,
            "type": "bitmap"
        },
        {
            "file": "ttp/f/tags/icons/base/black.png",
            "chars": [
                "\uF809"
            ],
            "height": -18,
            "ascent": -5000,
            "type": "bitmap"
        },
        {
            "file": "ttp/f/tags/icons/base/black.png",
            "chars": [
                "\uF80A"
            ],
            "height": -34,
            "ascent": -5000,
            "type": "bitmap"
        },
        {
            "file": "ttp/f/tags/icons/base/black.png",
            "chars": [
                "\uF80B"
            ],
            "height": -66,
            "ascent": -5000,
            "type": "bitmap"
        },
        {
            "file": "ttp/f/tags/icons/base/black.png",
            "chars": [
                "\uF80C"
            ],
            "height": -130,
            "ascent": -5000,
            "type": "bitmap"
        },
        {
            "file": "ttp/f/tags/icons/base/black.png",
            "chars": [
                "\uF80D"
            ],
            "height": -259,
            "ascent": -5000,
            "type": "bitmap"
        },
        {
            "file": "ttp/f/tags/icons/base/black.png",
            "chars": [
                "\uF80E"
            ],
            "height": -515,
            "ascent": -5000,
            "type": "bitmap"
        },
        {
            "file": "ttp/f/tags/icons/base/black.png",
            "chars": [
                "\uF80F"
            ],
            "height": -1027,
            "ascent": -5000,
            "type": "bitmap"
        },
        {
            "type": "bitmap",
            "file": "ttp/f/hud/diseases/cold.png",
            "ascent": 16,
            "height": 16,
            "chars": [
                ""
            ]
        },
        {
            "type": "bitmap",
            "file": "ttp/f/hud/diseases/fracture.png",
            "ascent": 16,
            "height": 16,
            "chars": [
                ""
            ]
        },
        {
            "type": "bitmap",
            "file": "ttp/f/hud/diseases/poisoning.png",
            "ascent": 16,
            "height": 16,
            "chars": [
                ""
            ]
        },
        {
            "file": "ttp/f/hud/water.png",
            "chars": [
                ""
            ],
            "height": 11,
            "ascent": -15,
            "type": "bitmap"
        },
        {
            "type": "bitmap",
            "file": "ttp/f/tags/fractions/all/grajdanin.png",
            "height": 7,
            "ascent": 7,
            "chars": [
                "Ϧ"
            ]
        },
        {
            "type": "bitmap",
            "file": "ttp/f/tags/icons/error_mark.png",
            "height": 8,
            "ascent": 8,
            "chars": [
                "¶Ú¼½¾¤",
                "ÜÙßª¨¬"
            ]
        },
        {
            "type": "bitmap",
            "file": "ttp/f/tags/icons/money_icon.png",
            "height": 8,
            "ascent": 8,
            "chars": [
                "Ý"
            ]
        },
        {
            "type": "bitmap",
            "file": "ttp/f/tags/icons/money_icon.png",
            "height": 8,
            "ascent": -7,
            "chars": [
                ""
            ]
        },
        {
            "type": "bitmap",
            "file": "ttp/f/tags/icons/icon_confirm.png",
            "height": 8,
            "ascent": 8,
            "chars": [
                "Η"
            ]
        },
        {
            "type": "bitmap",
            "file": "ttp/f/tags/icons/icon_cancel.png",
            "height": 8,
            "ascent": 8,
            "chars": [
                "Θ"
            ]
        },
        {
            "type": "bitmap",
            "file": "ttp/f/tags/icons/earth.png",
            "height": 8,
            "ascent": 8,
            "chars": [
                "Þ"
            ]
        },
        {
            "type": "bitmap",
            "file": "ttp/f/tags/icons/members.png",
            "height": 9,
            "ascent": 8,
            "chars": [
                "à"
            ]
        },
        {
            "type": "bitmap",
            "file": "ttp/f/tags/icons/star.png",
            "height": 8,
            "ascent": 8,
            "chars": [
                "á"
            ]
        },
        {
            "type": "bitmap",
            "file": "ttp/f/tags/icons/lock.png",
            "height": 8,
            "ascent": 8,
            "chars": [
                "î"
            ]
        },
        {
            "type": "bitmap",
            "file": "ttp/f/tags/icons/heart_half.png",
            "height": 9,
            "ascent": 7,
            "chars": [
                "â"
            ]
        },
        {
            "type": "bitmap",
            "file": "ttp/f/tags/icons/heart_full.png",
            "height": 9,
            "ascent": 7,
            "chars": [
                "ã"
            ]
        },
        {
            "type": "bitmap",
            "file": "ttp/f/tags/icons/donate.png",
            "height": 9,
            "ascent": 7,
            "chars": [
                "￥"
            ]
        },
        {
            "type": "bitmap",
            "file": "ttp/f/tags/icons/exp_icon.png",
            "height": 8,
            "ascent": 8,
            "chars": [
                "ä"
            ]
        },
        {
            "type": "bitmap",
            "file": "ttp/f/tags/icons/education.png",
            "height": 10,
            "ascent": 8,
            "chars": [
                "å"
            ]
        },
        {
            "type": "bitmap",
            "file": "ttp/f/tags/icons/job.png",
            "height": 10,
            "ascent": 8,
            "chars": [
                "æ"
            ]
        },
        {
            "type": "bitmap",
            "file": "ttp/f/tags/icons/unlocked_button.png",
            "height": 9,
            "ascent": 8,
            "chars": [
                "ɕ"
            ]
        },
        {
            "type": "bitmap",
            "file": "ttp/f/tags/misc/onehouse.png",
            "height": 14,
            "ascent": 5,
            "chars": [
                "ð"
            ]
        },
        {
            "type": "bitmap",
            "file": "ttp/f/tags/misc/parustower.png",
            "height": 14,
            "ascent": 5,
            "chars": [
                "ñ"
            ]
        },
        {
            "type": "bitmap",
            "file": "ttp/f/tags/misc/premiertower.png",
            "height": 14,
            "ascent": 5,
            "chars": [
                "ò"
            ]
        },
        {
            "type": "bitmap",
            "file": "ttp/f/tags/misc/grandhouse.png",
            "height": 14,
            "ascent": 5,
            "chars": [
                "ó"
            ]
        },
        {
            "type": "bitmap",
            "file": "ttp/f/tags/misc/business.png",
            "height": 14,
            "ascent": 5,
            "chars": [
                "ô"
            ]
        },
        {
            "type": "bitmap",
            "file": "ttp/f/tags/misc/gruzchik.png",
            "height": 10,
            "ascent": 10,
            "chars": [
                "Ԁ"
            ]
        },
        {
            "type": "bitmap",
            "file": "ttp/f/tags/misc/doyar.png",
            "height": 10,
            "ascent": 10,
            "chars": [
                "ԁ"
            ]
        },
        {
            "type": "bitmap",
            "file": "ttp/f/tags/misc/miner.png",
            "height": 10,
            "ascent": 10,
            "chars": [
                "Ԃ"
            ]
        },
        {
            "type": "bitmap",
            "file": "ttp/f/tags/misc/fisher.png",
            "height": 10,
            "ascent": 10,
            "chars": [
                "Ԅ"
            ]
        },
        {
            "type": "bitmap",
            "file": "ttp/f/tags/misc/farmer.png",
            "height": 10,
            "ascent": 10,
            "chars": [
                "ԅ"
            ]
        },
        {
            "type": "bitmap",
            "file": "ttp/f/tags/misc/mudak.png",
            "height": 10,
            "ascent": 10,
            "chars": [
                "Ԇ"
            ]
        },
        {
            "type": "bitmap",
            "file": "ttp/f/tags/misc/prodavec.png",
            "height": 10,
            "ascent": 10,
            "chars": [
                "ԇ"
            ]
        },
        {
            "type": "bitmap",
            "file": "ttp/f/tags/misc/ekzamen.png",
            "height": 10,
            "ascent": 10,
            "chars": [
                "ԉ"
            ]
        },
        {
            "type": "bitmap",
            "file": "ttp/f/tags/misc/bankir.png",
            "height": 8,
            "ascent": 8,
            "chars": [
                "Ԋ"
            ]
        },
        {
            "type": "bitmap",
            "file": "ttp/f/tags/misc/licenser.png",
            "height": 10,
            "ascent": 10,
            "chars": [
                "ԋ"
            ]
        },
        {
            "type": "bitmap",
            "file": "ttp/f/tags/misc/doctor.png",
            "height": 10,
            "ascent": 10,
            "chars": [
                "Ԓ"
            ]
        },
        {
            "type": "bitmap",
            "file": "ttp/f/tags/misc/rabotnik.png",
            "height": 10,
            "ascent": 10,
            "chars": [
                "Ԍ"
            ]
        },
        {
            "type": "bitmap",
            "file": "ttp/f/tags/misc/quests.png",
            "height": 10,
            "ascent": 10,
            "chars": [
                "ԑ"
            ]
        },
        {
            "type": "bitmap",
            "file": "ttp/f/tags/misc/cases.png",
            "height": 10,
            "ascent": 10,
            "chars": [
                "ո"
            ]
        },
        {
            "type": "bitmap",
            "file": "ttp/f/tags/rating/legendary.png",
            "height": 8,
            "ascent": 7,
            "chars": [
                "Ԏ"
            ]
        },
        {
            "type": "bitmap",
            "file": "ttp/f/tags/rating/rare.png",
            "height": 8,
            "ascent": 7,
            "chars": [
                "ԏ"
            ]
        },
        {
            "type": "bitmap",
            "file": "ttp/f/tags/rating/common.png",
            "height": 8,
            "ascent": 7,
            "chars": [
                "Ԑ"
            ]
        },
        {
            "file": "ttp/f/menus/menu.png",
            "chars": [
                ""
            ],
            "height": 255,
            "ascent": 59,
            "type": "bitmap"
        },
        {
            "type": "bitmap",
            "file": "ttp/f/tags/fractions/mafia/spec/krestnaymat.png",
            "height": 7,
            "ascent": 7,
            "chars": [
                ""
            ]
        },
        {
            "type": "bitmap",
            "file": "ttp/f/tags/fractions/hospital/spec/yrolog.png",
            "height": 7,
            "ascent": 7,
            "chars": [
                ""
            ]
        },
        {
            "type": "bitmap",
            "file": "ttp/f/tags/fractions/hospital/spec/ginekolog.png",
            "height": 7,
            "ascent": 7,
            "chars": [
                ""
            ]
        },
        {
            "type": "bitmap",
            "file": "ttp/f/tags/fractions/hospital/spec/laborant.png",
            "height": 7,
            "ascent": 7,
            "chars": [
                ""
            ]
        },
        {
            "type": "bitmap",
            "file": "ttp/f/tags/fractions/hospital/spec/medbrat.png",
            "height": 7,
            "ascent": 7,
            "chars": [
                ""
            ]
        },
        {
            "type": "bitmap",
            "file": "ttp/f/tags/fractions/hospital/spec/medsestra.png",
            "height": 7,
            "ascent": 7,
            "chars": [
                ""
            ]
        },
        {
            "type": "bitmap",
            "file": "ttp/f/tags/fractions/hospital/spec/akysher.png",
            "height": 7,
            "ascent": 7,
            "chars": [
                ""
            ]
        },
        {
            "type": "bitmap",
            "file": "ttp/f/tags/fractions/hospital/spec/sydmedeksert.png",
            "height": 7,
            "ascent": 7,
            "chars": [
                ""
            ]
        },   
        {
            "type": "bitmap",
            "file": "ttp/f/tags/fractions/hospital/spec/zamzavotdelebiya.png",
            "height": 7,
            "ascent": 7,
            "chars": [
                ""
            ]
        },  
        {
            "type": "bitmap",
            "file": "ttp/f/tags/fractions/media/spec/telehyrnalist.png",
            "height": 7,
            "ascent": 7,
            "chars": [
                ""
            ]
        },
        {
            "type": "bitmap",
            "file": "ttp/f/tags/fractions/media/spec/fotograf.png",
            "height": 7,
            "ascent": 7,
            "chars": [
                ""
            ]
        },   
        {
            "type": "bitmap",
            "file": "ttp/f/tags/fractions/media/spec/interviyer.png",
            "height": 7,
            "ascent": 7,
            "chars": [
                ""
            ]
        },   
        {
            "type": "bitmap",
            "file": "ttp/f/tags/fractions/media/spec/korrespondent.png",
            "height": 7,
            "ascent": 7,
            "chars": [
                ""
            ]
        },   
        {
            "type": "bitmap",
            "file": "ttp/f/tags/fractions/media/spec/fotoredaktor.png",
            "height": 7,
            "ascent": 7,
            "chars": [
                ""
            ]
        },   
        {
            "type": "bitmap",
            "file": "ttp/f/tags/fractions/media/spec/zamassistenta.png",
            "height": 7,
            "ascent": 7,
            "chars": [
                ""
            ]
        },   
        {
            "type": "bitmap",
            "file": "ttp/f/tags/fractions/media/spec/glassistiryushiy.png",
            "height": 7,
            "ascent": 7,
            "chars": [
                ""
            ]
        },   
        {
            "type": "bitmap",
            "file": "ttp/f/tags/fractions/media/spec/glteleshyrnalist.png",
            "height": 7,
            "ascent": 7,
            "chars": [
                ""
            ]
        },   
        {
            "type": "bitmap",
            "file": "ttp/f/tags/fractions/media/spec/zamglteleshyrnalista.png",
            "height": 7,
            "ascent": 7,
            "chars": [
                ""
            ]
        },   
        {
            "type": "bitmap",
            "file": "ttp/f/tags/fractions/media/spec/kontentredaktor.png",
            "height": 7,
            "ascent": 7,
            "chars": [
                ""
            ]
        },   
        {
            "type": "bitmap",
            "file": "ttp/f/tags/fractions/mafia/spec/yborshik.png",
            "height": 7,
            "ascent": 7,
            "chars": [
                ""
            ]
        },   
        {
            "type": "bitmap",
            "file": "ttp/f/tags/fractions/mafia/spec/moishikavto.png",
            "height": 7,
            "ascent": 7,
            "chars": [
                ""
            ]
        },   
        {
            "type": "bitmap",
            "file": "ttp/f/tags/fractions/mafia/spec/raznoscik.png",
            "height": 7,
            "ascent": 7,
            "chars": [
                ""
            ]
        },
        {
            "type": "bitmap",
            "file": "ttp/f/tags/fractions/mafia/spec/ychenikbaristi.png",
            "height": 7,
            "ascent": 7,
            "chars": [
                ""
            ]
        }, 
        {
            "type": "bitmap",
            "file": "ttp/f/tags/fractions/mafia/spec/barista.png",
            "height": 7,
            "ascent": 7,
            "chars": [
                ""
            ]
        }, 
        {
            "type": "bitmap",
            "file": "ttp/f/tags/fractions/mafia/spec/ychenikoficianta.png",
            "height": 7,
            "ascent": 7,
            "chars": [
                ""
            ]
        }, 
        {
            "type": "bitmap",
            "file": "ttp/f/tags/fractions/mafia/spec/oficiant.png",
            "height": 7,
            "ascent": 7,
            "chars": [
                ""
            ]
        }, 
        {
            "type": "bitmap",
            "file": "ttp/f/tags/fractions/mafia/spec/ychenikmastera.png",
            "height": 7,
            "ascent": 7,
            "chars": [
                ""
            ]
        }, 
        {
            "type": "bitmap",
            "file": "ttp/f/tags/fractions/mafia/spec/master.png",
            "height": 7,
            "ascent": 7,
            "chars": [
                ""
            ]
        }, 
        {
            "type": "bitmap",
            "file": "ttp/f/tags/fractions/mafia/spec/ychenikbarmena.png",
            "height": 7,
            "ascent": 7,
            "chars": [
                ""
            ]
        }, 
        {
            "type": "bitmap",
            "file": "ttp/f/tags/fractions/mafia/spec/barmen.png",
            "height": 7,
            "ascent": 7,
            "chars": [
                ""
            ]
        }, 
        {
            "type": "bitmap",
            "file": "ttp/f/tags/fractions/mafia/spec/ychenikinzhenera.png",
            "height": 7,
            "ascent": 7,
            "chars": [
                ""
            ]
        }, 
        {
            "type": "bitmap",
            "file": "ttp/f/tags/fractions/mafia/spec/inzhener.png",
            "height": 7,
            "ascent": 7,
            "chars": [
                ""
            ]
        }, 
        {
            "type": "bitmap",
            "file": "ttp/f/tags/fractions/mafia/spec/mechanik.png",
            "height": 7,
            "ascent": 7,
            "chars": [
                ""
            ]
        },
        {
            "type": "bitmap",
            "file": "ttp/f/tags/fractions/mafia/spec/hostest.png",
            "height": 7,
            "ascent": 7,
            "chars": [
                ""
            ]
        }, 
        {
            "type": "bitmap",
            "file": "ttp/f/tags/fractions/mafia/spec/mlmenedger.png",
            "height": 7,
            "ascent": 7,
            "chars": [
                ""
            ]
        }, 
        {
            "type": "bitmap",
            "file": "ttp/f/tags/fractions/mafia/spec/meneger.png",
            "height": 7,
            "ascent": 7,
            "chars": [
                ""
            ]
        }, 
        {
            "type": "bitmap",
            "file": "ttp/f/tags/fractions/mafia/spec/somelie.png",
            "height": 7,
            "ascent": 7,
            "chars": [
                ""
            ]
        }, 
        {
            "type": "bitmap",
            "file": "ttp/f/tags/fractions/mafia/spec/zamypravlyaushego.png",
            "height": 7,
            "ascent": 7,
            "chars": [
                ""
            ]
        }, 
        {
            "type": "bitmap",
            "file": "ttp/f/tags/fractions/mafia/spec/ypravlyaushiy.png",
            "height": 7,
            "ascent": 7,
            "chars": [
                ""
            ]
        }, 
        {
            "type": "bitmap",
            "file": "ttp/f/tags/fractions/mafia/spec/bartender.png",
            "height": 7,
            "ascent": 7,
            "chars": [
                ""
            ]
        }, 
        {
            "type": "bitmap",
            "file": "ttp/f/tags/fractions/army/spec/voenniyfeldsher.png",
            "height": 7,
            "ascent": 7,
            "chars": [
                ""
            ]
        },  
        {
            "type": "bitmap",
            "file": "ttp/f/tags/fractions/army/spec/vzvodvrach.png",
            "height": 7,
            "ascent": 7,
            "chars": [
                ""
            ]
        }, 
        {
            "type": "bitmap",
            "file": "ttp/f/tags/fractions/army/spec/stvzvodvrach.png",
            "height": 7,
            "ascent": 7,
            "chars": [
                ""
            ]
        },
        {
            "type": "bitmap",
            "file": "ttp/f/tags/fractions/police/mlkapitan.png",
            "height": 7,
            "ascent": 7,
            "chars": [
                ""
            ]
        },
        {
            "type": "bitmap",
            "file": "ttp/f/tags/fractions/police/spec/stazherdbr.png",
            "height": 7,
            "ascent": 7,
            "chars": [
                ""
            ]
        },
        {
            "type": "bitmap",
            "file": "ttp/f/tags/fractions/police/spec/zamdirdbr.png",
            "height": 7,
            "ascent": 7,
            "chars": [
                ""
            ]
        },
        {
            "type": "bitmap",
            "file": "ttp/f/tags/fractions/police/spec/directordbr.png",
            "height": 7,
            "ascent": 7,
            "chars": [
                ""
            ]
        },
        {
            "type": "bitmap",
            "file": "ttp/f/tags/fractions/all/gyber.png",
            "height": 7,
            "ascent": 7,
            "chars": [
                ""
            ]
        },
        {
            "type": "bitmap",
            "file": "ttp/f/tags/fractions/all/zamgyber.png",
            "height": 7,
            "ascent": 7,
            "chars": [
                ""
            ]
        },
        {
            "type": "bitmap",
            "file": "ttp/f/tags/fractions/mafia/spec/apostol.png",
            "height": 7,
            "ascent": 7,
            "chars": [
                ""
            ]
        },
        {
            "type": "bitmap",
            "file": "ttp/f/tags/fractions/meria/spec/buhcalter.png",
            "height": 7,
            "ascent": 7,
            "chars": [
                ""
            ]
        },
        {
            "type": "bitmap",
            "file": "ttp/f/tags/fractions/meria/spec/instruktorohrani.png",
            "height": 7,
            "ascent": 7,
            "chars": [
                ""
            ]
        },
        {
            "type": "bitmap",
            "file": "ttp/f/tags/fractions/meria/spec/komissarohrani.png",
            "height": 7,
            "ascent": 7,
            "chars": [
                ""
            ]
        },
		{
            "type": "bitmap",
            "file": "ttp/f/tags/fractions/meria/spec/nachtaksi.png",
            "height": 7,
            "ascent": 7,
            "chars": [
                "刀"
            ]
        },
		{
            "type": "bitmap",
            "file": "ttp/f/tags/fractions/meria/spec/taksist.png",
            "height": 7,
            "ascent": 7,
            "chars": [
                "칼"
            ]
        },
        {
            "type": "bitmap",
            "file": "ttp/f/tags/fractions/meria/spec/lichtelohranitel.png",
            "height": 7,
            "ascent": 7,
            "chars": [
                ""
            ]
        },
        {
            "type": "bitmap",
            "file": "ttp/f/tags/fractions/meria/spec/nachdepohrani.png",
            "height": 7,
            "ascent": 7,
            "chars": [
                ""
            ]
        },
        {
            "type": "bitmap",
            "file": "ttp/f/tags/fractions/meria/spec/pomoshniksydyi.png",
            "height": 7,
            "ascent": 7,
            "chars": [
                ""
            ]
        },
        {
            "type": "bitmap",
            "file": "ttp/f/tags/fractions/meria/spec/prokuror.png",
            "height": 7,
            "ascent": 7,
            "chars": [
                ""
            ]
        },
        {
            "type": "bitmap",
            "file": "ttp/f/tags/fractions/meria/spec/secretarsuda.png",
            "height": 7,
            "ascent": 7,
            "chars": [
                ""
            ]
        },
        {
            "type": "bitmap",
            "file": "ttp/f/tags/fractions/meria/spec/sovetnikmera.png",
            "height": 7,
            "ascent": 7,
            "chars": [
                ""
            ]
        },
        {
            "type": "bitmap",
            "file": "ttp/f/tags/fractions/meria/spec/specohrannik1.png",
            "height": 7,
            "ascent": 7,
            "chars": [
                ""
            ]
        },
        {
            "type": "bitmap",
            "file": "ttp/f/tags/fractions/meria/spec/specohrannik2.png",
            "height": 7,
            "ascent": 7,
            "chars": [
                ""
            ]
        },
        {
            "type": "bitmap",
            "file": "ttp/f/tags/fractions/meria/spec/specohrannik3.png",
            "height": 7,
            "ascent": 7,
            "chars": [
                ""
            ]
        },
        {
            "type": "bitmap",
            "file": "ttp/f/tags/fractions/meria/spec/stazheradvokat.png",
            "height": 7,
            "ascent": 7,
            "chars": [
                ""
            ]
        },
        {
            "type": "bitmap",
            "file": "ttp/f/tags/fractions/meria/spec/sydya.png",
            "height": 7,
            "ascent": 7,
            "chars": [
                ""
            ]
        },
        {
            "type": "bitmap",
            "file": "ttp/f/tags/fractions/meria/spec/telohranitel.png",
            "height": 7,
            "ascent": 7,
            "chars": [
                ""
            ]
        },
        {
            "type": "bitmap",
            "file": "ttp/f/tags/fractions/meria/spec/yrist.png",
            "height": 7,
            "ascent": 7,
            "chars": [
                ""
            ]
        },
        {
            "type": "bitmap",
            "file": "ttp/f/tags/fractions/meria/spec/zamprokurora.png",
            "height": 7,
            "ascent": 7,
            "chars": [
                ""
            ]
        },
        {
            "type": "bitmap",
            "file": "ttp/f/tags/fractions/school/ychenik.png",
            "height": 7,
            "ascent": 7,
            "chars": [
                "못"
            ]
        },
        {
            "type": "bitmap",
            "file": "ttp/f/tags/fractions/school/starosta.png",
            "height": 7,
            "ascent": 7,
            "chars": [
                "하"
            ]
        },
        {
            "type": "bitmap",
            "file": "ttp/f/tags/fractions/school/ycitel.png",
            "height": 7,
            "ascent": 7,
            "chars": [
                "는"
            ]
        },
        {
            "type": "bitmap",
            "file": "ttp/f/tags/fractions/school/prepod.png",
            "height": 7,
            "ascent": 7,
            "chars": [
                "사"
            ]
        },
        {
            "type": "bitmap",
            "file": "ttp/f/tags/fractions/school/dekan.png",
            "height": 7,
            "ascent": 7,
            "chars": [
                "람"
            ]
        },
        {
            "type": "bitmap",
            "file": "ttp/f/tags/fractions/school/prorektor.png",
            "height": 7,
            "ascent": 7,
            "chars": [
                "이"
            ]
        },
        {
            "type": "bitmap",
            "file": "ttp/f/tags/fractions/school/rektor.png",
            "height": 7,
            "ascent": 7,
            "chars": [
                "ㅉ"
            ]
        },
        {
            "type": "bitmap",
            "file": "ttp/f/tags/fractions/school/school.png",
            "height": 7,
            "ascent": 7,
            "chars": [
                "ㅊ"
            ]
        },
        {
            "type": "bitmap",
            "file": "ttp/f/tags/fractions/army/spec/masterserzhant.png",
            "height": 7,
            "ascent": 7,
            "chars": [
                ""
            ]
        },
        {
            "file": "ttp/f/tags/perms/sup.png",
            "chars": [
                "兄"
            ],
            "height": 7,
            "ascent": 7,
            "type": "bitmap"
        }

    ]
}