{
	"credit": "Made with Blockbench",
	"textures": {
		"1": "ttp/qualityarmory/texturedmaterials1",
		"particle": "ttp/qualityarmory/rgbsheet1"
	},
	"elements": [
		{
			"name": "stick3",
			"from": [7.75, 4.75, 7.25],
			"to": [8.25, 20.75, 8.75],
			"rotation": {"angle": 45, "axis": "y", "origin": [8, 3.75, 8]},
			"faces": {
				"north": {"uv": [8, 13, 8.5, 16.25], "texture": "#1"},
				"east": {"uv": [8, 13, 9.5, 16.25], "texture": "#1"},
				"south": {"uv": [8, 13, 8.5, 16.25], "texture": "#1"},
				"west": {"uv": [8, 13, 9.5, 16.25], "texture": "#1"},
				"up": {"uv": [8, 13, 8.5, 14.5], "texture": "#1"},
				"down": {"uv": [8, 13, 8.5, 14.5], "texture": "#1"}
			}
		},
		{
			"name": "stick3",
			"from": [7.75, 4.75, 7.25],
			"to": [8.25, 20.75, 8.75],
			"faces": {
				"north": {"uv": [8, 13, 8.5, 16.25], "texture": "#1"},
				"east": {"uv": [8, 13, 9.5, 16.25], "texture": "#1"},
				"south": {"uv": [8, 13, 8.5, 16.25], "texture": "#1"},
				"west": {"uv": [8, 13, 9.5, 16.25], "texture": "#1"},
				"up": {"uv": [8, 13, 8.5, 14.5], "texture": "#1"},
				"down": {"uv": [8, 13, 8.5, 14.5], "texture": "#1"}
			}
		},
		{
			"name": "stick3",
			"from": [7.25, 4.75, 7.75],
			"to": [8.75, 20.75, 8.25],
			"rotation": {"angle": 45, "axis": "y", "origin": [8, 3.75, 8]},
			"faces": {
				"north": {"uv": [8, 13, 11.25, 14.5], "rotation": 90, "texture": "#1"},
				"east": {"uv": [8, 13, 11.25, 13.5], "rotation": 90, "texture": "#1"},
				"south": {"uv": [8, 13, 11.25, 14.5], "rotation": 90, "texture": "#1"},
				"west": {"uv": [8, 13, 11.25, 13.5], "rotation": 90, "texture": "#1"},
				"up": {"uv": [8, 13, 8.5, 14.5], "rotation": 90, "texture": "#1"},
				"down": {"uv": [8, 13, 8.5, 14.5], "rotation": 90, "texture": "#1"}
			}
		},
		{
			"name": "stick3",
			"from": [7.25, 4.75, 7.75],
			"to": [8.75, 20.75, 8.25],
			"faces": {
				"north": {"uv": [8, 13, 11.25, 14.5], "rotation": 90, "texture": "#1"},
				"east": {"uv": [8, 13, 11.25, 13.5], "rotation": 90, "texture": "#1"},
				"south": {"uv": [8, 13, 11.25, 14.5], "rotation": 90, "texture": "#1"},
				"west": {"uv": [8, 13, 11.25, 13.5], "rotation": 90, "texture": "#1"},
				"up": {"uv": [8, 13, 8.5, 14.5], "rotation": 90, "texture": "#1"},
				"down": {"uv": [8, 13, 8.5, 14.5], "rotation": 90, "texture": "#1"}
			}
		},
		{
			"name": "stick4",
			"from": [7.75, 20.75, 7.25],
			"to": [8.25, 23, 8.75],
			"rotation": {"angle": 45, "axis": "y", "origin": [8, 3.75, 8]},
			"faces": {
				"north": {"uv": [0, 12, 7.25, 15.5], "texture": "#1"},
				"east": {"uv": [0, 12, 7.25, 15.5], "texture": "#1"},
				"south": {"uv": [0, 12, 7.25, 15.5], "texture": "#1"},
				"west": {"uv": [0, 12, 7.25, 15.5], "texture": "#1"},
				"up": {"uv": [0, 12, 7.25, 15.5], "texture": "#1"},
				"down": {"uv": [0, 12, 7.25, 15.5], "texture": "#1"}
			}
		},
		{
			"name": "stick4",
			"from": [7.75, 20.75, 7.25],
			"to": [8.25, 23.5, 8.75],
			"faces": {
				"north": {"uv": [0, 12, 7.25, 15.5], "texture": "#1"},
				"east": {"uv": [0, 12, 7.25, 15.5], "texture": "#1"},
				"south": {"uv": [0, 12, 7.25, 15.5], "texture": "#1"},
				"west": {"uv": [0, 12, 7.25, 15.5], "texture": "#1"},
				"up": {"uv": [0, 12, 7.25, 15.5], "texture": "#1"},
				"down": {"uv": [0, 12, 7.25, 15.5], "texture": "#1"}
			}
		},
		{
			"name": "stick4",
			"from": [7.25, 20.75, 7.75],
			"to": [8.75, 23, 8.25],
			"rotation": {"angle": 45, "axis": "y", "origin": [8, 3.75, 8]},
			"faces": {
				"north": {"uv": [0, 12, 7.25, 15.5], "rotation": 90, "texture": "#1"},
				"east": {"uv": [0, 12, 7.25, 15.5], "rotation": 90, "texture": "#1"},
				"south": {"uv": [0, 12, 7.25, 15.5], "rotation": 90, "texture": "#1"},
				"west": {"uv": [0, 12, 7.25, 15.5], "rotation": 90, "texture": "#1"},
				"up": {"uv": [0, 12, 7.25, 15.5], "rotation": 90, "texture": "#1"},
				"down": {"uv": [0, 12, 7.25, 15.5], "rotation": 90, "texture": "#1"}
			}
		},
		{
			"name": "stick4",
			"from": [7, 20.75, 7.75],
			"to": [9, 23.75, 8.25],
			"faces": {
				"north": {"uv": [0, 12, 7.25, 15.5], "rotation": 90, "texture": "#1"},
				"east": {"uv": [0, 12, 7.25, 15.5], "rotation": 90, "texture": "#1"},
				"south": {"uv": [0, 12, 7.25, 15.5], "rotation": 90, "texture": "#1"},
				"west": {"uv": [0, 12, 7.25, 15.5], "rotation": 90, "texture": "#1"},
				"up": {"uv": [0, 12, 7.25, 15.5], "rotation": 90, "texture": "#1"},
				"down": {"uv": [0, 12, 7.25, 15.5], "rotation": 90, "texture": "#1"}
			}
		},
		{
			"name": "stick5",
			"from": [7.25, 23.75, 7.75],
			"to": [8.75, 24.25, 8.25],
			"faces": {
				"north": {"uv": [0, 12, 7.25, 15.5], "rotation": 90, "texture": "#1"},
				"east": {"uv": [0, 12, 7.25, 15.5], "rotation": 90, "texture": "#1"},
				"south": {"uv": [0, 12, 7.25, 15.5], "rotation": 90, "texture": "#1"},
				"west": {"uv": [0, 12, 7.25, 15.5], "rotation": 90, "texture": "#1"},
				"up": {"uv": [0, 12, 7.25, 15.5], "rotation": 90, "texture": "#1"},
				"down": {"uv": [0, 12, 7.25, 15.5], "rotation": 90, "texture": "#1"}
			}
		},
		{
			"name": "stick6",
			"from": [7.5, 24.25, 7.75],
			"to": [8.5, 24.75, 8.25],
			"faces": {
				"north": {"uv": [0, 12, 7.25, 15.5], "rotation": 90, "texture": "#1"},
				"east": {"uv": [0, 12, 7.25, 15.5], "rotation": 90, "texture": "#1"},
				"south": {"uv": [0, 12, 7.25, 15.5], "rotation": 90, "texture": "#1"},
				"west": {"uv": [0, 12, 7.25, 15.5], "rotation": 90, "texture": "#1"},
				"up": {"uv": [0, 12, 7.25, 15.5], "rotation": 90, "texture": "#1"},
				"down": {"uv": [0, 12, 7.25, 15.5], "rotation": 90, "texture": "#1"}
			}
		},
		{
			"name": "stick7",
			"from": [7.75, 24.75, 7.75],
			"to": [8.25, 25.5, 8.25],
			"faces": {
				"north": {"uv": [0, 12, 7.25, 15.5], "rotation": 90, "texture": "#1"},
				"east": {"uv": [0, 12, 7.25, 15.5], "rotation": 90, "texture": "#1"},
				"south": {"uv": [0, 12, 7.25, 15.5], "rotation": 90, "texture": "#1"},
				"west": {"uv": [0, 12, 7.25, 15.5], "rotation": 90, "texture": "#1"},
				"up": {"uv": [0, 12, 7.25, 15.5], "rotation": 90, "texture": "#1"},
				"down": {"uv": [0, 12, 7.25, 15.5], "rotation": 90, "texture": "#1"}
			}
		}
	],
	"display": {
		"thirdperson_righthand": {
			"rotation": [-45, 0, 0]
		},
		"thirdperson_lefthand": {
			"rotation": [-45, 0, 0]
		},
		"firstperson_righthand": {
			"rotation": [0, -73, 0],
			"translation": [0, -3.5, 0]
		},
		"gui": {
			"rotation": [12, 18, -50],
			"translation": [-4.5, -4, -7],
			"scale": [1, 0.8, 1]
		},
		"fixed": {
			"rotation": [-97, 48, 88],
			"translation": [3.5, -6.5, -0.75]
		}
	},
	"groups": [
		{
			"name": "group",
			"origin": [8, 8, 8],
			"children": [0, 1, 2, 3]
		},
		{
			"name": "group",
			"origin": [8, 8, 8],
			"children": [4, 5, 6, 7, 8, 9, 10]
		}
	]
}