{
	"credit": "Made with Blockbench",
	"texture_size": [32, 32],
	"textures": {
		"0": "ttp/weapons/ak47",
		"particle": "ttp/weapons/ak47"
	},
	"elements": [
		{
			"from": [7.375, 7.625, 6.625],
			"to": [8.625, 8.625, 8.75],
			"rotation": {"angle": 0, "axis": "y", "origin": [8, 8.1398, 6.63354]},
			"faces": {
				"north": {"uv": [5, 8, 5.75, 8.5], "texture": "#0"},
				"east": {"uv": [9, 3.5, 8, 4], "texture": "#0"},
				"south": {"uv": [8, 5, 8.75, 5.5], "texture": "#0"},
				"west": {"uv": [8, 3.5, 9, 4], "texture": "#0"},
				"up": {"uv": [5.75, 8, 5, 7], "texture": "#0"}
			}
		},
		{
			"from": [7.3775, 5.97412, 6.81715],
			"to": [8.6225, 8.47412, 8.7859],
			"rotation": {"angle": 22.5, "axis": "x", "origin": [8, 8.1398, 6.63354]},
			"faces": {
				"north": {"uv": [6, 6, 6.75, 7.25], "texture": "#0"},
				"east": {"uv": [6.5, 1, 5.5, 2.25], "texture": "#0"},
				"south": {"uv": [6.5, 0, 7.25, 1.25], "texture": "#0"},
				"west": {"uv": [5.5, 1, 6.5, 2.25], "texture": "#0"}
			}
		},
		{
			"from": [7.375, 3.58764, 7.32583],
			"to": [8.625, 6.96264, 9.45083],
			"rotation": {"angle": 45, "axis": "x", "origin": [8, 8.1398, 6.63354]},
			"faces": {
				"north": {"uv": [5, 5, 5.75, 6.75], "texture": "#0"},
				"east": {"uv": [4.5, 1, 3.5, 2.75], "texture": "#0"},
				"south": {"uv": [0, 5.5, 0.75, 7.25], "texture": "#0"},
				"west": {"uv": [3.5, 1, 4.5, 2.75], "texture": "#0"},
				"down": {"uv": [5.75, 7, 5, 8], "texture": "#0"}
			}
		}
	],
	"gui_light": "front",
	"display": {
		"thirdperson_righthand": {
			"translation": [-1, -0.25, -3.25]
		},
		"thirdperson_lefthand": {
			"translation": [-1, -0.25, -3.25]
		},
		"firstperson_righthand": {
			"rotation": [0, 1.25, 4.25],
			"translation": [-4.25, 1.75, -2.25],
			"scale": [0.98, 1.19, 1.19]
		},
		"firstperson_lefthand": {
			"rotation": [0, 1.25, 4.25],
			"translation": [-3.75, 2, -2.5],
			"scale": [0.98, 1.19, 1.19]
		},
		"ground": {
			"rotation": [-3.27, 1.25, -42.56],
			"translation": [0, 0.75, 0],
			"scale": [0.55, 0.55, 0.55]
		},
		"gui": {
			"rotation": [90, -47.5, 90],
			"translation": [0, -0.5, 0],
			"scale": [0.74, 0.74, 0.74]
		},
		"fixed": {
			"rotation": [0, 90, 0],
			"scale": [1.3, 1.3, 1.3]
		}
	},
	"groups": [
		{
			"name": "ak47",
			"origin": [8, 8.16171, 6.41209],
			"color": 0,
			"children": [0, 1, 2]
		}
	]
}