{"credit":"Made with Blockbench","texture_size":[32,32],"textures":{"0":"ttp/weapons/ak47","particle":"ttp/weapons/ak47"},"elements":[{"from":[7.25,8.625,5],"to":[8.75,10,14],"rotation":{"angle":0,"axis":"y","origin":[8,8.1398,6.63354]},"faces":{"east":{"uv":[4.5,0,0,0.75],"texture":"#0"},"west":{"uv":[0,0,4.5,0.75],"texture":"#0"},"up":{"uv":[0.75,5.5,0,1],"texture":"#0"},"down":{"uv":[1.75,1,1,5.5],"texture":"#0"}}},{"from":[7.40625,10,3.625],"to":[8.59375,11,5.75],"rotation":{"angle":0,"axis":"y","origin":[8,8.1398,6.63354]},"faces":{"east":{"uv":[7,7.5,6,8],"texture":"#0"},"south":{"uv":[3.5,5,4,5.5],"texture":"#0"},"west":{"uv":[6,7.5,7,8],"texture":"#0"},"up":{"uv":[2.5,8.5,2,7.5],"texture":"#0"}}},{"from":[7.4098,14.03903,9.28962],"to":[8.5923,14.66403,10.53962],"rotation":{"angle":45,"axis":"x","origin":[8,8.1398,6.63354]},"faces":{"east":{"uv":[5.25,8.5,4.5,8.75],"texture":"#0"},"west":{"uv":[4.5,8.5,5.25,8.75],"texture":"#0"},"up":{"uv":[3.5,8.75,3,8],"texture":"#0"}}},{"from":[7.5025,2.9205,10.9817],"to":[8.4975,5.9205,12.4817],"rotation":{"angle":-22.5,"axis":"x","origin":[8,8.1398,6.63354]},"faces":{"north":{"uv":[4.5,5.5,5,7],"texture":"#0"},"east":{"uv":[4.25,5.5,3.5,7],"texture":"#0"},"south":{"uv":[4.5,7,5,8.5],"texture":"#0"},"west":{"uv":[3.5,5.5,4.25,7],"texture":"#0"},"down":{"uv":[8.5,4,8,4.75],"texture":"#0"}}},{"from":[7.5,7.75,11.25],"to":[8.5,8.75,13.125],"rotation":{"angle":0,"axis":"y","origin":[8,8.1398,6.63354]},"faces":{"north":{"uv":[5.5,2.5,6,3],"texture":"#0"},"east":{"uv":[8,7.5,7,8],"texture":"#0"},"south":{"uv":[0,8.5,0.5,9],"texture":"#0"},"west":{"uv":[7,7.5,8,8],"texture":"#0"},"down":{"uv":[3,8,2.5,9],"texture":"#0"}}},{"from":[7.5,7.52381,12.77376],"to":[8.5,8.14881,13.39876],"rotation":{"angle":22.5,"axis":"x","origin":[8,8.1398,6.63354]},"faces":{"north":{"uv":[9,0,9.5,0.25],"texture":"#0"},"east":{"uv":[4,9,4.25,9.25],"texture":"#0"},"west":{"uv":[4,9,4.25,9.25],"texture":"#0"},"down":{"uv":[1,9,0.5,9.25],"texture":"#0"}}},{"from":[8,7.375,9.5],"to":[8,8.625,11.25],"rotation":{"angle":0,"axis":"y","origin":[8,8.1398,6.63354]},"faces":{"east":{"uv":[7.5,1.5,6.5,2.25],"texture":"#0"},"west":{"uv":[6.5,1.5,7.5,2.25],"texture":"#0"}}},{"from":[7.625,7.75,8.875],"to":[8.375,8.625,9.5],"rotation":{"angle":0,"axis":"y","origin":[8,8.1398,6.63354]},"faces":{"north":{"uv":[8.5,0,9,0.5],"texture":"#0"},"east":{"uv":[1,9,1.25,9.5],"texture":"#0"},"south":{"uv":[0.5,8.5,1,9],"texture":"#0"},"west":{"uv":[1,9,1.25,9.5],"texture":"#0"},"down":{"uv":[2,9,1.5,9.25],"texture":"#0"}}},{"from":[7.625,7.125,9.1875],"to":[8.375,7.75,9.1875],"rotation":{"angle":0,"axis":"y","origin":[8,8.1398,6.63354]},"faces":{"north":{"uv":[2,9,2.5,9.25],"texture":"#0"},"south":{"uv":[9,2,9.5,2.25],"texture":"#0"}}},{"from":[7.375,7.625,6.625],"to":[8.625,8.625,8.75],"rotation":{"angle":0,"axis":"y","origin":[8,8.1398,6.63354]},"faces":{"north":{"uv":[5,8,5.75,8.5],"texture":"#0"},"east":{"uv":[9,3.5,8,4],"texture":"#0"},"south":{"uv":[8,5,8.75,5.5],"texture":"#0"},"west":{"uv":[8,3.5,9,4],"texture":"#0"}}},{"from":[7.3775,5.97412,6.81715],"to":[8.6225,8.47412,8.7859],"rotation":{"angle":22.5,"axis":"x","origin":[8,8.1398,6.63354]},"faces":{"north":{"uv":[6,6,6.75,7.25],"texture":"#0"},"east":{"uv":[6.5,1,5.5,2.25],"texture":"#0"},"south":{"uv":[6.5,0,7.25,1.25],"texture":"#0"},"west":{"uv":[5.5,1,6.5,2.25],"texture":"#0"}}},{"from":[7.375,3.58764,7.32583],"to":[8.625,6.96264,9.45083],"rotation":{"angle":45,"axis":"x","origin":[8,8.1398,6.63354]},"faces":{"north":{"uv":[5,5,5.75,6.75],"texture":"#0"},"east":{"uv":[4.5,1,3.5,2.75],"texture":"#0"},"south":{"uv":[0,5.5,0.75,7.25],"texture":"#0"},"west":{"uv":[3.5,1,4.5,2.75],"texture":"#0"},"down":{"uv":[5.75,7,5,8],"texture":"#0"}}},{"from":[7.28125,10,-0.125],"to":[8.71875,11,3.625],"rotation":{"angle":0,"axis":"y","origin":[8,8.1398,6.63354]},"faces":{"north":{"uv":[8,5.5,8.75,6],"texture":"#0","cullface":"north"},"east":{"uv":[8,3.5,6,4],"texture":"#0"},"south":{"uv":[6,8,6.75,8.5],"texture":"#0"},"west":{"uv":[6,3.5,8,4],"texture":"#0"},"up":{"uv":[4.75,5.5,4,3.5],"texture":"#0"}}},{"from":[7.125,8.75,3],"to":[8.875,10,5],"rotation":{"angle":0,"axis":"y","origin":[8,8.1398,6.63354]},"faces":{"east":{"uv":[8,6.5,7,7.25],"texture":"#0"},"south":{"uv":[7,5.5,8,6.25],"texture":"#0"},"west":{"uv":[7,6.5,8,7.25],"texture":"#0"},"up":{"uv":[7,5,6,4],"texture":"#0"}}},{"from":[7.125,8.25,3],"to":[8.875,8.75,5],"rotation":{"angle":0,"axis":"y","origin":[8,8.1398,6.63354]},"faces":{"north":{"uv":[8.5,0.5,9.5,0.75],"texture":"#0"},"east":{"uv":[9.5,1.5,8.5,1.75],"texture":"#0"},"south":{"uv":[1,8.5,2,8.75],"texture":"#0"},"west":{"uv":[8.5,1.5,9.5,1.75],"texture":"#0"},"down":{"uv":[7,5,6,6],"texture":"#0"}}},{"from":[9.33052,9.53283,-2.375],"to":[9.83052,10.03283,-0.125],"rotation":{"angle":45,"axis":"z","origin":[8,8.2023,6.63354]},"faces":{"east":{"uv":[7.25,9.25,7,8],"rotation":90,"texture":"#0","cullface":"north"},"west":{"uv":[8,6.5,9.25,6.75],"texture":"#0","cullface":"north"},"up":{"uv":[7.25,9.25,7,8],"texture":"#0","cullface":"north"},"down":{"uv":[8,6.5,9.25,6.75],"rotation":90,"texture":"#0","cullface":"north"}}},{"from":[6.619,8.8333,-0.5],"to":[7.369,9.5833,-0.125],"rotation":{"angle":-45,"axis":"z","origin":[8,8.2023,6.63354]},"faces":{"north":{"uv":[2,8.5,2.5,9],"texture":"#0","cullface":"north"},"east":{"uv":[9.5,2.5,9,2.75],"rotation":90,"texture":"#0","cullface":"north"},"west":{"uv":[2.5,9,2.75,9.5],"texture":"#0","cullface":"north"},"up":{"uv":[2.5,9.5,2.75,9],"rotation":90,"texture":"#0","cullface":"north"},"down":{"uv":[9.5,2.5,9,2.75],"texture":"#0","cullface":"north"}}},{"from":[8.631,8.8333,-3.5],"to":[9.381,9.5833,-2.75],"rotation":{"angle":45,"axis":"z","origin":[8,8.2023,6.63354]},"faces":{"north":{"uv":[8.5,2,9,2.5],"texture":"#0","cullface":"north"},"east":{"uv":[3.5,9,4,8.5],"rotation":90,"texture":"#0","cullface":"north"},"south":{"uv":[8.5,2.5,9,3],"texture":"#0","cullface":"north"},"west":{"uv":[8.5,3,9,3.5],"texture":"#0","cullface":"north"},"up":{"uv":[4,9,3.5,8.5],"texture":"#0","cullface":"north"},"down":{"uv":[8.5,3,9,3.5],"rotation":90,"texture":"#0","cullface":"north"}}},{"from":[8.756,8.9583,-6],"to":[9.256,9.4583,-3.5],"rotation":{"angle":45,"axis":"z","origin":[8,8.2023,6.63354]},"faces":{"east":{"uv":[7.75,9.25,7.5,8],"rotation":90,"texture":"#0","cullface":"north"},"west":{"uv":[8,7,9.25,7.25],"texture":"#0","cullface":"north"},"up":{"uv":[7.75,9.25,7.5,8],"texture":"#0","cullface":"north"},"down":{"uv":[9.25,7,8,7.25],"rotation":90,"texture":"#0","cullface":"north"}}},{"from":[7.2525,11.30242,12.7274],"to":[8.7475,12.67742,14.7274],"rotation":{"angle":22.5,"axis":"x","origin":[8,8.1398,6.63354]},"faces":{"east":{"uv":[1,7.5,0,8.25],"texture":"#0"},"west":{"uv":[0,7.5,1,8.25],"texture":"#0"},"up":{"uv":[8.25,1,7.5,0],"texture":"#0"},"down":{"uv":[1.75,7.5,1,8.5],"texture":"#0"}}},{"from":[7.2525,6.43357,19.01709],"to":[8.7475,9.80857,21.39209],"rotation":{"angle":0,"axis":"x","origin":[8,8.1398,6.63354]},"faces":{"east":{"uv":[3.25,1,2,2.75],"texture":"#0","cullface":"south"},"south":{"uv":[1,5.5,1.75,7.25],"texture":"#0","cullface":"south"},"west":{"uv":[2,1,3.25,2.75],"texture":"#0","cullface":"south"},"up":{"uv":[3.25,7.75,2.5,6.5],"texture":"#0","cullface":"south"},"down":{"uv":[4.25,7,3.5,8.25],"texture":"#0","cullface":"south"}}},{"from":[7.2525,7.40232,16.64209],"to":[8.7475,9.80857,19.01709],"rotation":{"angle":0,"axis":"x","origin":[8,8.1398,6.63354]},"faces":{"east":{"uv":[3.75,3.5,2.5,4.75],"texture":"#0","cullface":"south"},"west":{"uv":[2.5,3.5,3.75,4.75],"texture":"#0","cullface":"south"},"up":{"uv":[7.75,5.25,7,4],"texture":"#0","cullface":"south"}}},{"from":[7.2525,4.85143,15.14384],"to":[8.7475,5.85143,16.51884],"rotation":{"angle":-22.5,"axis":"x","origin":[8,8.1398,6.63354]},"faces":{"east":{"uv":[8.75,6,8,6.5],"texture":"#0"},"west":{"uv":[8,6,8.75,6.5],"texture":"#0"},"up":{"uv":[8.25,3.25,7.5,2.5],"texture":"#0"}}},{"from":[7.40625,9.875,5.75],"to":[8.59375,10.875,13.125],"rotation":{"angle":0,"axis":"y","origin":[8,8.1398,6.63354]},"faces":{"east":{"uv":[5.75,3,2,3.5],"texture":"#0"},"west":{"uv":[2,3,5.75,3.5],"texture":"#0"},"up":{"uv":[2.5,7.25,2,3.5],"texture":"#0"}}},{"from":[7.4098,9.71738,2.75099],"to":[7.4098,10.34238,4.25099],"rotation":{"angle":22.5,"axis":"x","origin":[8,8.16171,6.41209]},"faces":{"east":{"uv":[9.25,4.5,8.5,4.75],"texture":"#0"},"west":{"uv":[8.5,4.5,9.25,4.75],"texture":"#0"}}},{"from":[8.756,8.9583,-2.75],"to":[9.256,9.4583,-0.5],"rotation":{"angle":45,"axis":"z","origin":[8,8.2023,6.63354]},"faces":{"east":{"uv":[8.25,9.25,8,8],"rotation":90,"texture":"#0","cullface":"north"},"west":{"uv":[8,7.5,9.25,7.75],"texture":"#0","cullface":"north"},"up":{"uv":[8.25,9.25,8,8],"texture":"#0","cullface":"north"},"down":{"uv":[9.25,7.5,8,7.75],"rotation":90,"texture":"#0","cullface":"north"}}},{"from":[9.26802,9.47033,-3.125],"to":[9.89302,10.09533,-2.375],"rotation":{"angle":45,"axis":"z","origin":[8,8.2023,6.63354]},"faces":{"north":{"uv":[9,4,9.25,4.25],"texture":"#0","cullface":"north"},"east":{"uv":[9.25,3.5,9,3],"rotation":90,"texture":"#0","cullface":"north"},"south":{"uv":[4.5,9,4.75,9.25],"texture":"#0","cullface":"north"},"west":{"uv":[3,9,3.5,9.25],"texture":"#0","cullface":"north"},"up":{"uv":[9.25,3.5,9,3],"texture":"#0","cullface":"north"},"down":{"uv":[3,9,3.5,9.25],"rotation":90,"texture":"#0","cullface":"north"}}},{"from":[8,9.125,-6.375],"to":[8,9.21875,-0.5],"rotation":{"angle":0,"axis":"y","origin":[8,8.2023,6.63354]},"faces":{"east":{"uv":[10.5,1,7.5,1.25],"texture":"#0","cullface":"north"},"west":{"uv":[7.5,1,10.5,1.25],"texture":"#0","cullface":"north"}}},{"from":[8.631,8.8333,-6.6225],"to":[9.381,9.5833,-5.9975],"rotation":{"angle":45,"axis":"z","origin":[8,8.2023,6.63354]},"faces":{"north":{"uv":[4,8.5,4.5,9],"texture":"#0","cullface":"north"},"east":{"uv":[9.5,3.75,9,3.5],"rotation":90,"texture":"#0","cullface":"north"},"south":{"uv":[8.5,4,9,4.5],"texture":"#0","cullface":"north"},"west":{"uv":[3.5,9,3.75,9.5],"texture":"#0","cullface":"north"},"up":{"uv":[9.5,3.75,9,3.5],"texture":"#0","cullface":"north"},"down":{"uv":[3.5,9,3.75,9.5],"rotation":90,"texture":"#0","cullface":"north"}}},{"from":[8.756,8.9583,-7.25],"to":[9.256,9.4583,-6.625],"rotation":{"angle":45,"axis":"z","origin":[8,8.2023,6.63354]},"faces":{"north":{"uv":[5,9,5.25,9.25],"texture":"#0","cullface":"north"},"east":{"uv":[9.25,5.75,9,5.5],"texture":"#0","cullface":"north"},"west":{"uv":[9,5,9.25,5.25],"texture":"#0","cullface":"north"},"up":{"uv":[9.25,5.75,9,5.5],"texture":"#0","cullface":"north"},"down":{"uv":[9,5,9.25,5.25],"texture":"#0","cullface":"north"}}},{"from":[7.75,9.75,-6.625],"to":[8.25,11.25,-6.25],"rotation":{"angle":0,"axis":"y","origin":[8,8.2023,6.63354]},"faces":{"north":{"uv":[5.5,8.5,5.75,9.25],"texture":"#0","cullface":"north"},"east":{"uv":[6.75,8.5,6.5,9.25],"texture":"#0","cullface":"north"},"south":{"uv":[6,8.5,6.25,9.25],"texture":"#0","cullface":"north"},"west":{"uv":[6.5,8.5,6.75,9.25],"texture":"#0","cullface":"north"},"up":{"uv":[9.25,6.25,9,6],"texture":"#0","cullface":"north"}}},{"from":[7.7525,14.35187,-4.65275],"to":[8.2475,15.60187,-4.2465],"rotation":{"angle":-22.5,"axis":"x","origin":[8,8.2023,6.63354]},"faces":{"east":{"uv":[0.25,9,0,9.75],"texture":"#0","cullface":"north"},"south":{"uv":[8.5,8,8.75,8.75],"texture":"#0","cullface":"north"},"west":{"uv":[0,9,0.25,9.75],"texture":"#0","cullface":"north"}}},{"from":[7.8125,9.0625,-6.625],"to":[8.1875,9.4375,-6.375],"rotation":{"angle":0,"axis":"y","origin":[8,8.2023,6.63354]},"faces":{"north":{"uv":[9,8,9.25,8.25],"texture":"#0","cullface":"north"},"east":{"uv":[9,8.5,9.25,8.75],"texture":"#0","cullface":"north"},"south":{"uv":[8.5,9,8.75,9.25],"texture":"#0","cullface":"north"},"west":{"uv":[9,8.5,9.25,8.75],"texture":"#0","cullface":"north"},"down":{"uv":[9.25,9,9,9.25],"texture":"#0","cullface":"north"}}},{"from":[7.71875,7.38029,13.75041],"to":[8.28125,7.88029,14.00041],"rotation":{"angle":-22.5,"axis":"x","origin":[8,8.1398,6.63354]},"faces":{"east":{"uv":[0.5,9.5,0.75,9.75],"texture":"#0"},"south":{"uv":[9.5,0,9.75,0.25],"texture":"#0"},"west":{"uv":[0.5,9.5,0.75,9.75],"texture":"#0"},"up":{"uv":[9.75,0.75,9.5,0.5],"texture":"#0"}}},{"from":[7.25,11.30242,14.7274],"to":[8.75,12.67742,18.7274],"rotation":{"angle":22.5,"axis":"x","origin":[8,8.1398,6.63354]},"faces":{"east":{"uv":[6.5,0,4.5,0.75],"texture":"#0"},"west":{"uv":[4.5,0,6.5,0.75],"texture":"#0"},"down":{"uv":[5.25,1,4.5,3],"texture":"#0"}}},{"from":[7.125,8.75,-0.125],"to":[8.875,10,3],"rotation":{"angle":0,"axis":"y","origin":[8,8.1398,6.63354]},"faces":{"north":{"uv":[7.5,1.5,8.5,2.25],"texture":"#0","cullface":"north"},"east":{"uv":[7.5,2.5,6,3.25],"texture":"#0"},"west":{"uv":[6,2.5,7.5,3.25],"texture":"#0"},"up":{"uv":[3.5,6.5,2.5,5],"texture":"#0"},"down":{"uv":[6,3.5,5,5],"texture":"#0"}}},{"from":[8.5902,9.71738,2.75099],"to":[8.5902,10.34238,4.25099],"rotation":{"angle":22.5,"axis":"x","origin":[8,8.16171,6.41209]},"faces":{"east":{"uv":[9.25,4.5,8.5,4.75],"texture":"#0"},"west":{"uv":[8.5,4.5,9.25,4.75],"texture":"#0"}}}],"gui_light":"front","display":{"thirdperson_righthand":{"translation":[-1,-0.25,-3.25]},"thirdperson_lefthand":{"translation":[-1,-0.25,-3.25]},"firstperson_righthand":{"rotation":[0,1.25,4.25],"translation":[-4.25,1.75,-2.25],"scale":[0.98,1.19,1.19]},"firstperson_lefthand":{"rotation":[0,1.25,4.25],"translation":[-3.75,2,-2.5],"scale":[0.98,1.19,1.19]},"ground":{"translation":[0,0.75,0],"scale":[0.8,0.8,0.8]},"gui":{"rotation":[90,-47.5,90],"translation":[0,-0.5,0],"scale":[0.74,0.74,0.74]},"fixed":{"rotation":[0,90,0],"scale":[1.3,1.3,1.3]}},"groups":[{"name":"ak47","origin":[8,8.16171,6.41209],"color":0,"children":[0,1,2,3,4,5,6,7,8,9,10,11,12,13,14,15,16,17,18,19,20,21,22,23,24,25,26,27,28,29,30,31,32,33,34,35,36]}]}