{
	"credit": "Made with Blockbench",
	"texture_size": [128, 128],
	"textures": {
		"0": "politmine/item/brewery/absinthe/image",
		"1": "politmine/item/brewery/absinthe/texture",
		"particle": "politmine/item/brewery/absinthe/image"
	},
	"elements": [
		{
			"from": [3.548, 14.2755, 3.972],
			"to": [12.452, 14.6995, 4.608],
			"rotation": {"angle": 0, "axis": "y", "origin": [8, -6.5005, 8]},
			"faces": {
				"north": {"uv": [7.875, 6.125, 9, 6.1875], "texture": "#1"},
				"east": {"uv": [9.875, 7.125, 9.96875, 7.1875], "texture": "#1"},
				"south": {"uv": [7.875, 6.25, 9, 6.3125], "texture": "#1"},
				"west": {"uv": [9.875, 7.25, 9.96875, 7.3125], "texture": "#1"},
				"up": {"uv": [8.625, 0.46875, 7.5, 0.375], "texture": "#1"},
				"down": {"uv": [8.625, 3.875, 7.5, 3.96875], "texture": "#1"}
			}
		},
		{
			"from": [3.548, 14.2755, 11.392],
			"to": [12.452, 14.6995, 12.028],
			"rotation": {"angle": 0, "axis": "y", "origin": [8, -6.5005, 8]},
			"faces": {
				"north": {"uv": [7.875, 7, 9, 7.0625], "texture": "#1"},
				"east": {"uv": [9.875, 7.375, 9.96875, 7.4375], "texture": "#1"},
				"south": {"uv": [7.875, 7.125, 9, 7.1875], "texture": "#1"},
				"west": {"uv": [9.875, 7.5, 9.96875, 7.5625], "texture": "#1"},
				"up": {"uv": [8.625, 6.84375, 7.5, 6.75], "texture": "#1"},
				"down": {"uv": [8.625, 6.875, 7.5, 6.96875], "texture": "#1"}
			}
		},
		{
			"from": [2.912, 14.2755, 4.608],
			"to": [3.972, 14.6995, 5.668],
			"rotation": {"angle": 0, "axis": "y", "origin": [8, -6.5005, 8]},
			"faces": {
				"north": {"uv": [9.75, 7.125, 9.875, 7.1875], "texture": "#1"},
				"east": {"uv": [9.75, 7.25, 9.875, 7.3125], "texture": "#1"},
				"south": {"uv": [9.75, 7.375, 9.875, 7.4375], "texture": "#1"},
				"west": {"uv": [9.75, 7.5, 9.875, 7.5625], "texture": "#1"},
				"up": {"uv": [7.5, 3.375, 7.375, 3.25], "texture": "#1"},
				"down": {"uv": [9.625, 1.625, 9.5, 1.75], "texture": "#1"}
			}
		},
		{
			"from": [12.028, 14.2755, 4.608],
			"to": [13.088, 14.6995, 5.668],
			"rotation": {"angle": 0, "axis": "y", "origin": [8, -6.5005, 8]},
			"faces": {
				"north": {"uv": [9.75, 7.625, 9.875, 7.6875], "texture": "#1"},
				"east": {"uv": [9.75, 7.75, 9.875, 7.8125], "texture": "#1"},
				"south": {"uv": [9.75, 7.875, 9.875, 7.9375], "texture": "#1"},
				"west": {"uv": [9.75, 8, 9.875, 8.0625], "texture": "#1"},
				"up": {"uv": [9.625, 2, 9.5, 1.875], "texture": "#1"},
				"down": {"uv": [3, 9.5, 2.875, 9.625], "texture": "#1"}
			}
		},
		{
			"from": [12.028, 14.2755, 10.332],
			"to": [13.088, 14.6995, 11.392],
			"rotation": {"angle": 0, "axis": "y", "origin": [8, -6.5005, 8]},
			"faces": {
				"north": {"uv": [9.75, 8.125, 9.875, 8.1875], "texture": "#1"},
				"east": {"uv": [9.75, 8.25, 9.875, 8.3125], "texture": "#1"},
				"south": {"uv": [9.75, 8.375, 9.875, 8.4375], "texture": "#1"},
				"west": {"uv": [9.75, 8.5, 9.875, 8.5625], "texture": "#1"},
				"up": {"uv": [5.125, 9.625, 5, 9.5], "texture": "#1"},
				"down": {"uv": [9.625, 5.125, 9.5, 5.25], "texture": "#1"}
			}
		},
		{
			"from": [2.912, 14.2755, 10.332],
			"to": [3.972, 14.6995, 11.392],
			"rotation": {"angle": 0, "axis": "y", "origin": [8, -6.5005, 8]},
			"faces": {
				"north": {"uv": [9.75, 8.625, 9.875, 8.6875], "texture": "#1"},
				"east": {"uv": [9.75, 8.75, 9.875, 8.8125], "texture": "#1"},
				"south": {"uv": [9.75, 8.875, 9.875, 8.9375], "texture": "#1"},
				"west": {"uv": [9.75, 9, 9.875, 9.0625], "texture": "#1"},
				"up": {"uv": [9.625, 5.375, 9.5, 5.25], "texture": "#1"},
				"down": {"uv": [9.625, 5.375, 9.5, 5.5], "texture": "#1"}
			}
		},
		{
			"from": [1.852, 14.2755, 5.244],
			"to": [2.912, 14.6995, 10.756],
			"rotation": {"angle": 0, "axis": "y", "origin": [8, -6.5005, 8]},
			"faces": {
				"north": {"uv": [9.125, 9.75, 9.25, 9.8125], "texture": "#1"},
				"east": {"uv": [8.375, 4, 9.0625, 4.0625], "texture": "#1"},
				"south": {"uv": [9.75, 9.125, 9.875, 9.1875], "texture": "#1"},
				"west": {"uv": [8.375, 4.125, 9.0625, 4.1875], "texture": "#1"},
				"up": {"uv": [6.875, 8.1875, 6.75, 7.5], "texture": "#1"},
				"down": {"uv": [2.5, 7.625, 2.375, 8.3125], "texture": "#1"}
			}
		},
		{
			"from": [13.088, 14.2755, 5.244],
			"to": [14.148, 14.6995, 10.756],
			"rotation": {"angle": 0, "axis": "y", "origin": [8, -6.5005, 8]},
			"faces": {
				"north": {"uv": [9.25, 9.75, 9.375, 9.8125], "texture": "#1"},
				"east": {"uv": [8.375, 4.25, 9.0625, 4.3125], "texture": "#1"},
				"south": {"uv": [9.75, 9.25, 9.875, 9.3125], "texture": "#1"},
				"west": {"uv": [8.375, 4.375, 9.0625, 4.4375], "texture": "#1"},
				"up": {"uv": [5.875, 8.3125, 5.75, 7.625], "texture": "#1"},
				"down": {"uv": [1.5, 7.75, 1.375, 8.4375], "texture": "#1"}
			}
		},
		{
			"from": [12.73184, 14.55534, 5.43692],
			"to": [13.71764, 14.94966, 10.56308],
			"rotation": {"angle": 0, "axis": "y", "origin": [8, -5.01279, 8]},
			"faces": {
				"north": {"uv": [9.75, 9.375, 9.875, 9.4375], "texture": "#1"},
				"east": {"uv": [8.375, 8.5, 9.03125, 8.5625], "texture": "#1"},
				"south": {"uv": [9.75, 9.5, 9.875, 9.5625], "texture": "#1"},
				"west": {"uv": [8.625, 0.375, 9.28125, 0.4375], "texture": "#1"},
				"up": {"uv": [7.875, 3.15625, 7.75, 2.5], "texture": "#1"},
				"down": {"uv": [3.25, 7.75, 3.125, 8.40625], "texture": "#1"}
			}
		},
		{
			"from": [2.28236, 14.55534, 5.43692],
			"to": [3.26816, 14.94966, 10.56308],
			"rotation": {"angle": 0, "axis": "y", "origin": [8, -5.01279, 8]},
			"faces": {
				"north": {"uv": [9.625, 9.75, 9.75, 9.8125], "texture": "#1"},
				"east": {"uv": [8.625, 3.875, 9.28125, 3.9375], "texture": "#1"},
				"south": {"uv": [9.75, 9.625, 9.875, 9.6875], "texture": "#1"},
				"west": {"uv": [8.625, 6.75, 9.28125, 6.8125], "texture": "#1"},
				"up": {"uv": [3.375, 8.40625, 3.25, 7.75], "texture": "#1"},
				"down": {"uv": [3.5, 7.75, 3.375, 8.40625], "texture": "#1"}
			}
		},
		{
			"from": [3.26816, 14.55534, 10.16876],
			"to": [4.25396, 14.94966, 11.15456],
			"rotation": {"angle": 0, "axis": "y", "origin": [8, -5.01279, 8]},
			"faces": {
				"north": {"uv": [9.75, 9.75, 9.875, 9.8125], "texture": "#1"},
				"east": {"uv": [9.875, 0, 10, 0.0625], "texture": "#1"},
				"south": {"uv": [9.875, 0.125, 10, 0.1875], "texture": "#1"},
				"west": {"uv": [9.875, 0.25, 10, 0.3125], "texture": "#1"},
				"up": {"uv": [5.625, 9.625, 5.5, 9.5], "texture": "#1"},
				"down": {"uv": [5.875, 9.5, 5.75, 9.625], "texture": "#1"}
			}
		},
		{
			"from": [11.74604, 14.55534, 10.16876],
			"to": [12.73184, 14.94966, 11.15456],
			"rotation": {"angle": 0, "axis": "y", "origin": [8, -5.01279, 8]},
			"faces": {
				"north": {"uv": [9.875, 0.375, 10, 0.4375], "texture": "#1"},
				"east": {"uv": [9.875, 0.5, 10, 0.5625], "texture": "#1"},
				"south": {"uv": [9.875, 0.625, 10, 0.6875], "texture": "#1"},
				"west": {"uv": [9.875, 0.75, 10, 0.8125], "texture": "#1"},
				"up": {"uv": [9.625, 5.875, 9.5, 5.75], "texture": "#1"},
				"down": {"uv": [6, 9.5, 5.875, 9.625], "texture": "#1"}
			}
		},
		{
			"from": [11.74604, 14.55534, 4.84544],
			"to": [12.73184, 14.94966, 5.83124],
			"rotation": {"angle": 0, "axis": "y", "origin": [8, -5.01279, 8]},
			"faces": {
				"north": {"uv": [9.875, 0.875, 10, 0.9375], "texture": "#1"},
				"east": {"uv": [9.875, 1, 10, 1.0625], "texture": "#1"},
				"south": {"uv": [9.875, 1.125, 10, 1.1875], "texture": "#1"},
				"west": {"uv": [9.875, 1.25, 10, 1.3125], "texture": "#1"},
				"up": {"uv": [9.625, 6, 9.5, 5.875], "texture": "#1"},
				"down": {"uv": [6.125, 9.5, 6, 9.625], "texture": "#1"}
			}
		},
		{
			"from": [3.26816, 14.55534, 4.84544],
			"to": [4.25396, 14.94966, 5.83124],
			"rotation": {"angle": 0, "axis": "y", "origin": [8, -5.01279, 8]},
			"faces": {
				"north": {"uv": [9.875, 1.375, 10, 1.4375], "texture": "#1"},
				"east": {"uv": [9.875, 1.5, 10, 1.5625], "texture": "#1"},
				"south": {"uv": [9.875, 1.625, 10, 1.6875], "texture": "#1"},
				"west": {"uv": [9.875, 1.75, 10, 1.8125], "texture": "#1"},
				"up": {"uv": [9.625, 6.25, 9.5, 6.125], "texture": "#1"},
				"down": {"uv": [9.625, 6.25, 9.5, 6.375], "texture": "#1"}
			}
		},
		{
			"from": [3.85964, 14.55534, 11.15456],
			"to": [12.14036, 14.94966, 11.74604],
			"rotation": {"angle": 0, "axis": "y", "origin": [8, -5.01279, 8]},
			"faces": {
				"north": {"uv": [7.875, 7.25, 8.90625, 7.3125], "texture": "#1"},
				"east": {"uv": [5, 10, 5.0625, 10.0625], "texture": "#1"},
				"south": {"uv": [7.875, 7.375, 8.90625, 7.4375], "texture": "#1"},
				"west": {"uv": [10, 5.125, 10.0625, 5.1875], "texture": "#1"},
				"up": {"uv": [8.90625, 7.5625, 7.875, 7.5], "texture": "#1"},
				"down": {"uv": [8.65625, 7.875, 7.625, 7.9375], "texture": "#1"}
			}
		},
		{
			"from": [3.85964, 14.55534, 4.25396],
			"to": [12.14036, 14.94966, 4.84544],
			"rotation": {"angle": 0, "axis": "y", "origin": [8, -5.01279, 8]},
			"faces": {
				"north": {"uv": [7.875, 7.625, 8.90625, 7.6875], "texture": "#1"},
				"east": {"uv": [10, 5.25, 10.0625, 5.3125], "texture": "#1"},
				"south": {"uv": [8, 0, 9.03125, 0.0625], "texture": "#1"},
				"west": {"uv": [10, 5.375, 10.0625, 5.4375], "texture": "#1"},
				"up": {"uv": [9.03125, 0.1875, 8, 0.125], "texture": "#1"},
				"down": {"uv": [9.03125, 0.25, 8, 0.3125], "texture": "#1"}
			}
		},
		{
			"from": [11.40061, 14.83414, 5.61634],
			"to": [13.31741, 15.45086, 10.38366],
			"rotation": {"angle": 0, "axis": "y", "origin": [8, -3.61067, 8]},
			"faces": {
				"north": {"uv": [9.5, 6.5, 9.75, 6.5625], "texture": "#1"},
				"east": {"uv": [8.875, 1.875, 9.46875, 1.9375], "texture": "#1"},
				"south": {"uv": [9.5, 6.625, 9.75, 6.6875], "texture": "#1"},
				"west": {"uv": [8.875, 5.75, 9.46875, 5.8125], "texture": "#1"},
				"up": {"uv": [2.5, 7.59375, 2.25, 7], "texture": "#1"},
				"down": {"uv": [7.5, 3.375, 7.25, 3.96875], "texture": "#1"}
			}
		},
		{
			"from": [2.68259, 14.83414, 5.61634],
			"to": [4.59939, 15.45086, 10.38366],
			"rotation": {"angle": 0, "axis": "y", "origin": [8, -3.61067, 8]},
			"faces": {
				"north": {"uv": [9.5, 7, 9.75, 7.0625], "texture": "#1"},
				"east": {"uv": [8.875, 5.875, 9.46875, 5.9375], "texture": "#1"},
				"south": {"uv": [9.5, 7.125, 9.75, 7.1875], "texture": "#1"},
				"west": {"uv": [8.125, 8.875, 8.71875, 8.9375], "texture": "#1"},
				"up": {"uv": [3.75, 7.84375, 3.5, 7.25], "texture": "#1"},
				"down": {"uv": [4, 7.25, 3.75, 7.84375], "texture": "#1"}
			}
		},
		{
			"from": [3.59939, 14.83414, 10.01695],
			"to": [4.51618, 15.45086, 10.93374],
			"rotation": {"angle": 0, "axis": "y", "origin": [8, -3.61067, 8]},
			"faces": {
				"north": {"uv": [9.875, 1.875, 10, 1.9375], "texture": "#1"},
				"east": {"uv": [9.875, 2, 10, 2.0625], "texture": "#1"},
				"south": {"uv": [9.875, 2.125, 10, 2.1875], "texture": "#1"},
				"west": {"uv": [9.875, 2.25, 10, 2.3125], "texture": "#1"},
				"up": {"uv": [9.625, 7.375, 9.5, 7.25], "texture": "#1"},
				"down": {"uv": [9.625, 7.375, 9.5, 7.5], "texture": "#1"}
			}
		},
		{
			"from": [11.48382, 14.83414, 10.01695],
			"to": [12.40061, 15.45086, 10.93374],
			"rotation": {"angle": 0, "axis": "y", "origin": [8, -3.61067, 8]},
			"faces": {
				"north": {"uv": [9.875, 2.375, 10, 2.4375], "texture": "#1"},
				"east": {"uv": [9.875, 2.5, 10, 2.5625], "texture": "#1"},
				"south": {"uv": [9.875, 2.625, 10, 2.6875], "texture": "#1"},
				"west": {"uv": [9.875, 2.75, 10, 2.8125], "texture": "#1"},
				"up": {"uv": [9.625, 7.625, 9.5, 7.5], "texture": "#1"},
				"down": {"uv": [9.625, 7.625, 9.5, 7.75], "texture": "#1"}
			}
		},
		{
			"from": [11.48382, 14.83414, 5.06626],
			"to": [12.40061, 15.45086, 5.98305],
			"rotation": {"angle": 0, "axis": "y", "origin": [8, -3.61067, 8]},
			"faces": {
				"north": {"uv": [9.875, 2.875, 10, 2.9375], "texture": "#1"},
				"east": {"uv": [9.875, 3, 10, 3.0625], "texture": "#1"},
				"south": {"uv": [9.875, 3.125, 10, 3.1875], "texture": "#1"},
				"west": {"uv": [9.875, 3.25, 10, 3.3125], "texture": "#1"},
				"up": {"uv": [9.625, 7.875, 9.5, 7.75], "texture": "#1"},
				"down": {"uv": [9.625, 7.875, 9.5, 8], "texture": "#1"}
			}
		},
		{
			"from": [3.59939, 14.83414, 5.06626],
			"to": [4.51618, 15.45086, 5.98305],
			"rotation": {"angle": 0, "axis": "y", "origin": [8, -3.61067, 8]},
			"faces": {
				"north": {"uv": [9.875, 3.375, 10, 3.4375], "texture": "#1"},
				"east": {"uv": [9.875, 3.5, 10, 3.5625], "texture": "#1"},
				"south": {"uv": [9.875, 3.625, 10, 3.6875], "texture": "#1"},
				"west": {"uv": [9.875, 3.75, 10, 3.8125], "texture": "#1"},
				"up": {"uv": [9.625, 8.125, 9.5, 8], "texture": "#1"},
				"down": {"uv": [9.625, 8.125, 9.5, 8.25], "texture": "#1"}
			}
		},
		{
			"from": [4.14947, 14.83414, 9.93374],
			"to": [11.85053, 15.45086, 11.48382],
			"rotation": {"angle": 0, "axis": "y", "origin": [8, -3.61067, 8]},
			"faces": {
				"north": {"uv": [8, 1.25, 8.96875, 1.3125], "texture": "#1"},
				"east": {"uv": [9.625, 1.75, 9.8125, 1.8125], "texture": "#1"},
				"south": {"uv": [8, 1.375, 8.96875, 1.4375], "texture": "#1"},
				"west": {"uv": [9.625, 1.875, 9.8125, 1.9375], "texture": "#1"},
				"up": {"uv": [7.96875, 0.6875, 7, 0.5], "texture": "#1"},
				"down": {"uv": [4.09375, 7, 3.125, 7.1875], "texture": "#1"}
			}
		},
		{
			"from": [4.14947, 14.83414, 4.51618],
			"to": [11.85053, 15.45086, 6.06626],
			"rotation": {"angle": 0, "axis": "y", "origin": [8, -3.61067, 8]},
			"faces": {
				"north": {"uv": [8, 1.5, 8.96875, 1.5625], "texture": "#1"},
				"east": {"uv": [9.625, 2, 9.8125, 2.0625], "texture": "#1"},
				"south": {"uv": [8, 1.625, 8.96875, 1.6875], "texture": "#1"},
				"west": {"uv": [9.625, 2.125, 9.8125, 2.1875], "texture": "#1"},
				"up": {"uv": [5.09375, 7.1875, 4.125, 7], "texture": "#1"},
				"down": {"uv": [8.09375, 0.75, 7.125, 0.9375], "texture": "#1"}
			}
		},
		{
			"from": [9.74371, 15.48846, 6.02633],
			"to": [12.40281, 16.0171, 9.97367],
			"rotation": {"angle": 0, "axis": "y", "origin": [8, -0.22826, 8]},
			"faces": {
				"north": {"uv": [9.25, 2.625, 9.59375, 2.6875], "texture": "#1"},
				"east": {"uv": [9, 0.625, 9.5, 0.6875], "texture": "#1"},
				"south": {"uv": [9.25, 2.75, 9.59375, 2.8125], "texture": "#1"},
				"west": {"uv": [9, 0.75, 9.5, 0.8125], "texture": "#1"},
				"up": {"uv": [5.46875, 7.5, 5.125, 7], "texture": "#1"},
				"down": {"uv": [7.46875, 2, 7.125, 2.5], "texture": "#1"}
			}
		},
		{
			"from": [3.59719, 15.48846, 6.02633],
			"to": [6.25629, 16.0171, 9.97367],
			"rotation": {"angle": 0, "axis": "y", "origin": [8, -0.22826, 8]},
			"faces": {
				"north": {"uv": [9.25, 2.875, 9.59375, 2.9375], "texture": "#1"},
				"east": {"uv": [9, 0.875, 9.5, 0.9375], "texture": "#1"},
				"south": {"uv": [9.25, 4.375, 9.59375, 4.4375], "texture": "#1"},
				"west": {"uv": [9, 1, 9.5, 1.0625], "texture": "#1"},
				"up": {"uv": [5.84375, 7.625, 5.5, 7.125], "texture": "#1"},
				"down": {"uv": [3.46875, 7.25, 3.125, 7.75], "texture": "#1"}
			}
		},
		{
			"from": [4.35629, 15.48846, 9.67003],
			"to": [5.1154, 16.0171, 10.42914],
			"rotation": {"angle": 0, "axis": "y", "origin": [8, -0.22826, 8]},
			"faces": {
				"north": {"uv": [9.875, 7.625, 9.96875, 7.6875], "texture": "#1"},
				"east": {"uv": [9.875, 7.75, 9.96875, 7.8125], "texture": "#1"},
				"south": {"uv": [9.875, 7.875, 9.96875, 7.9375], "texture": "#1"},
				"west": {"uv": [9.875, 8, 9.96875, 8.0625], "texture": "#1"},
				"up": {"uv": [9.71875, 5.46875, 9.625, 5.375], "texture": "#1"},
				"down": {"uv": [9.71875, 5.75, 9.625, 5.84375], "texture": "#1"}
			}
		},
		{
			"from": [10.8846, 15.48846, 9.67003],
			"to": [11.64371, 16.0171, 10.42914],
			"rotation": {"angle": 0, "axis": "y", "origin": [8, -0.22826, 8]},
			"faces": {
				"north": {"uv": [9.875, 8.125, 9.96875, 8.1875], "texture": "#1"},
				"east": {"uv": [9.875, 8.25, 9.96875, 8.3125], "texture": "#1"},
				"south": {"uv": [9.875, 8.375, 9.96875, 8.4375], "texture": "#1"},
				"west": {"uv": [9.875, 8.5, 9.96875, 8.5625], "texture": "#1"},
				"up": {"uv": [9.71875, 5.96875, 9.625, 5.875], "texture": "#1"},
				"down": {"uv": [9.71875, 6.125, 9.625, 6.21875], "texture": "#1"}
			}
		},
		{
			"from": [10.8846, 15.48846, 5.57086],
			"to": [11.64371, 16.0171, 6.32997],
			"rotation": {"angle": 0, "axis": "y", "origin": [8, -0.22826, 8]},
			"faces": {
				"north": {"uv": [9.875, 8.625, 9.96875, 8.6875], "texture": "#1"},
				"east": {"uv": [9.875, 8.75, 9.96875, 8.8125], "texture": "#1"},
				"south": {"uv": [9.875, 8.875, 9.96875, 8.9375], "texture": "#1"},
				"west": {"uv": [9.875, 9, 9.96875, 9.0625], "texture": "#1"},
				"up": {"uv": [9.71875, 6.34375, 9.625, 6.25], "texture": "#1"},
				"down": {"uv": [9.71875, 8.875, 9.625, 8.96875], "texture": "#1"}
			}
		},
		{
			"from": [4.35629, 15.48846, 5.57086],
			"to": [5.1154, 16.0171, 6.32997],
			"rotation": {"angle": 0, "axis": "y", "origin": [8, -0.22826, 8]},
			"faces": {
				"north": {"uv": [9.125, 9.875, 9.21875, 9.9375], "texture": "#1"},
				"east": {"uv": [9.875, 9.125, 9.96875, 9.1875], "texture": "#1"},
				"south": {"uv": [9.25, 9.875, 9.34375, 9.9375], "texture": "#1"},
				"west": {"uv": [9.875, 9.25, 9.96875, 9.3125], "texture": "#1"},
				"up": {"uv": [9.84375, 0.46875, 9.75, 0.375], "texture": "#1"},
				"down": {"uv": [9.84375, 4.625, 9.75, 4.71875], "texture": "#1"}
			}
		},
		{
			"from": [4.81176, 15.48846, 9.52914],
			"to": [11.18824, 16.0171, 10.8846],
			"rotation": {"angle": 0, "axis": "y", "origin": [8, -0.22826, 8]},
			"faces": {
				"north": {"uv": [8.125, 0.75, 8.9375, 0.8125], "texture": "#1"},
				"east": {"uv": [9.625, 4.125, 9.78125, 4.1875], "texture": "#1"},
				"south": {"uv": [8.125, 0.875, 8.9375, 0.9375], "texture": "#1"},
				"west": {"uv": [4.25, 9.625, 4.40625, 9.6875], "texture": "#1"},
				"up": {"uv": [1.9375, 7.65625, 1.125, 7.5], "texture": "#1"},
				"down": {"uv": [8.3125, 2, 7.5, 2.15625], "texture": "#1"}
			}
		},
		{
			"from": [4.81176, 15.48846, 5.1154],
			"to": [11.18824, 16.0171, 6.47086],
			"rotation": {"angle": 0, "axis": "y", "origin": [8, -0.22826, 8]},
			"faces": {
				"north": {"uv": [8.25, 3.5, 9.0625, 3.5625], "texture": "#1"},
				"east": {"uv": [9.625, 4.25, 9.78125, 4.3125], "texture": "#1"},
				"south": {"uv": [8.25, 3.625, 9.0625, 3.6875], "texture": "#1"},
				"west": {"uv": [9.625, 4.375, 9.78125, 4.4375], "texture": "#1"},
				"up": {"uv": [8.3125, 2.40625, 7.5, 2.25], "texture": "#1"},
				"down": {"uv": [8.3125, 3.25, 7.5, 3.40625], "texture": "#1"}
			}
		},
		{
			"from": [10.05051, 16.03782, 6.34764],
			"to": [11.68603, 16.49903, 9.65236],
			"rotation": {"angle": 0, "axis": "y", "origin": [8, 2.45448, 8]},
			"faces": {
				"north": {"uv": [9.5, 8.75, 9.71875, 8.8125], "texture": "#1"},
				"east": {"uv": [9, 7.5, 9.40625, 7.5625], "texture": "#1"},
				"south": {"uv": [9.5, 9, 9.71875, 9.0625], "texture": "#1"},
				"west": {"uv": [9, 7.625, 9.40625, 7.6875], "texture": "#1"},
				"up": {"uv": [7.84375, 5.15625, 7.625, 4.75], "texture": "#1"},
				"down": {"uv": [7.84375, 5.25, 7.625, 5.65625], "texture": "#1"}
			}
		},
		{
			"from": [4.31397, 16.03782, 6.34764],
			"to": [5.94949, 16.49903, 9.65236],
			"rotation": {"angle": 0, "axis": "y", "origin": [8, 2.45448, 8]},
			"faces": {
				"north": {"uv": [9.5, 9.125, 9.71875, 9.1875], "texture": "#1"},
				"east": {"uv": [9, 8.75, 9.40625, 8.8125], "texture": "#1"},
				"south": {"uv": [9.5, 9.25, 9.71875, 9.3125], "texture": "#1"},
				"west": {"uv": [2.625, 9.125, 3.03125, 9.1875], "texture": "#1"},
				"up": {"uv": [5.71875, 8.03125, 5.5, 7.625], "texture": "#1"},
				"down": {"uv": [1.34375, 7.75, 1.125, 8.15625], "texture": "#1"}
			}
		},
		{
			"from": [4.94949, 16.03782, 9.39815],
			"to": [5.58501, 16.49903, 10.03367],
			"rotation": {"angle": 0, "axis": "y", "origin": [8, 2.45448, 8]},
			"faces": {
				"north": {"uv": [9.875, 9.375, 9.96875, 9.4375], "texture": "#1"},
				"east": {"uv": [9.875, 9.5, 9.96875, 9.5625], "texture": "#1"},
				"south": {"uv": [9.625, 9.875, 9.71875, 9.9375], "texture": "#1"},
				"west": {"uv": [9.875, 9.625, 9.96875, 9.6875], "texture": "#1"},
				"up": {"uv": [9.84375, 4.84375, 9.75, 4.75], "texture": "#1"},
				"down": {"uv": [9.84375, 6.125, 9.75, 6.21875], "texture": "#1"}
			}
		},
		{
			"from": [10.41499, 16.03782, 9.39815],
			"to": [11.05051, 16.49903, 10.03367],
			"rotation": {"angle": 0, "axis": "y", "origin": [8, 2.45448, 8]},
			"faces": {
				"north": {"uv": [9.75, 9.875, 9.84375, 9.9375], "texture": "#1"},
				"east": {"uv": [9.875, 9.75, 9.96875, 9.8125], "texture": "#1"},
				"south": {"uv": [9.875, 9.875, 9.96875, 9.9375], "texture": "#1"},
				"west": {"uv": [10, 0, 10.09375, 0.0625], "texture": "#1"},
				"up": {"uv": [9.84375, 6.34375, 9.75, 6.25], "texture": "#1"},
				"down": {"uv": [9.84375, 6.375, 9.75, 6.46875], "texture": "#1"}
			}
		},
		{
			"from": [10.41499, 16.03782, 5.96633],
			"to": [11.05051, 16.49903, 6.60185],
			"rotation": {"angle": 0, "axis": "y", "origin": [8, 2.45448, 8]},
			"faces": {
				"north": {"uv": [10, 0.125, 10.09375, 0.1875], "texture": "#1"},
				"east": {"uv": [10, 0.25, 10.09375, 0.3125], "texture": "#1"},
				"south": {"uv": [10, 0.375, 10.09375, 0.4375], "texture": "#1"},
				"west": {"uv": [10, 0.5, 10.09375, 0.5625], "texture": "#1"},
				"up": {"uv": [9.84375, 6.59375, 9.75, 6.5], "texture": "#1"},
				"down": {"uv": [6.71875, 9.75, 6.625, 9.84375], "texture": "#1"}
			}
		},
		{
			"from": [4.94949, 16.03782, 5.96633],
			"to": [5.58501, 16.49903, 6.60185],
			"rotation": {"angle": 0, "axis": "y", "origin": [8, 2.45448, 8]},
			"faces": {
				"north": {"uv": [10, 0.625, 10.09375, 0.6875], "texture": "#1"},
				"east": {"uv": [10, 0.75, 10.09375, 0.8125], "texture": "#1"},
				"south": {"uv": [10, 0.875, 10.09375, 0.9375], "texture": "#1"},
				"west": {"uv": [10, 1, 10.09375, 1.0625], "texture": "#1"},
				"up": {"uv": [9.84375, 6.71875, 9.75, 6.625], "texture": "#1"},
				"down": {"uv": [6.84375, 9.75, 6.75, 9.84375], "texture": "#1"}
			}
		},
		{
			"from": [5.3308, 16.03782, 10.03367],
			"to": [10.6692, 16.49903, 10.41499],
			"rotation": {"angle": 0, "axis": "y", "origin": [8, 2.45448, 8]},
			"faces": {
				"north": {"uv": [8.625, 6.875, 9.28125, 6.9375], "texture": "#1"},
				"east": {"uv": [5.5, 10, 5.5625, 10.0625], "texture": "#1"},
				"south": {"uv": [8.375, 8.625, 9.03125, 8.6875], "texture": "#1"},
				"west": {"uv": [10, 5.5, 10.0625, 5.5625], "texture": "#1"},
				"up": {"uv": [2.03125, 8.8125, 1.375, 8.75], "texture": "#1"},
				"down": {"uv": [9.40625, 7.75, 8.75, 7.8125], "texture": "#1"}
			}
		},
		{
			"from": [5.3308, 16.03782, 5.58501],
			"to": [10.6692, 16.49903, 5.96633],
			"rotation": {"angle": 0, "axis": "y", "origin": [8, 2.45448, 8]},
			"faces": {
				"north": {"uv": [8.75, 7.875, 9.40625, 7.9375], "texture": "#1"},
				"east": {"uv": [5.625, 10, 5.6875, 10.0625], "texture": "#1"},
				"south": {"uv": [8.25, 8.75, 8.90625, 8.8125], "texture": "#1"},
				"west": {"uv": [10, 5.625, 10.0625, 5.6875], "texture": "#1"},
				"up": {"uv": [2.03125, 8.9375, 1.375, 8.875], "texture": "#1"},
				"down": {"uv": [9.53125, 1.75, 8.875, 1.8125], "texture": "#1"}
			}
		},
		{
			"from": [13.824, 13.713, 4.88],
			"to": [14.448, 14.337, 11.12],
			"rotation": {"angle": 0, "axis": "y", "origin": [8, -6.047, 8]},
			"faces": {
				"north": {"uv": [5.75, 10, 5.8125, 10.0625], "texture": "#1"},
				"east": {"uv": [8.25, 3.75, 9.03125, 3.8125], "texture": "#1"},
				"south": {"uv": [10, 5.75, 10.0625, 5.8125], "texture": "#1"},
				"west": {"uv": [8.25, 4.5, 9.03125, 4.5625], "texture": "#1"},
				"up": {"uv": [4.8125, 9.03125, 4.75, 8.25], "texture": "#1"},
				"down": {"uv": [4.9375, 8.25, 4.875, 9.03125], "texture": "#1"}
			}
		},
		{
			"from": [1.552, 13.713, 4.88],
			"to": [2.176, 14.337, 11.12],
			"rotation": {"angle": 0, "axis": "y", "origin": [8, -6.047, 8]},
			"faces": {
				"north": {"uv": [5.875, 10, 5.9375, 10.0625], "texture": "#1"},
				"east": {"uv": [8.25, 4.625, 9.03125, 4.6875], "texture": "#1"},
				"south": {"uv": [10, 5.875, 10.0625, 5.9375], "texture": "#1"},
				"west": {"uv": [8.25, 6.375, 9.03125, 6.4375], "texture": "#1"},
				"up": {"uv": [5.0625, 9.03125, 5, 8.25], "texture": "#1"},
				"down": {"uv": [6.8125, 8.25, 6.75, 9.03125], "texture": "#1"}
			}
		},
		{
			"from": [12.368, 13.713, 4.256],
			"to": [13.824, 14.337, 5.296],
			"rotation": {"angle": 0, "axis": "y", "origin": [8, -6.047, 8]},
			"faces": {
				"north": {"uv": [9.625, 2.25, 9.8125, 2.3125], "texture": "#1"},
				"east": {"uv": [9.875, 4, 10, 4.0625], "texture": "#1"},
				"south": {"uv": [9.625, 2.375, 9.8125, 2.4375], "texture": "#1"},
				"west": {"uv": [9.875, 4.125, 10, 4.1875], "texture": "#1"},
				"up": {"uv": [2.1875, 7.625, 2, 7.5], "texture": "#1"},
				"down": {"uv": [4.9375, 9.125, 4.75, 9.25], "texture": "#1"}
			}
		},
		{
			"from": [2.176, 13.713, 4.256],
			"to": [3.632, 14.337, 5.296],
			"rotation": {"angle": 0, "axis": "y", "origin": [8, -6.047, 8]},
			"faces": {
				"north": {"uv": [9.625, 2.5, 9.8125, 2.5625], "texture": "#1"},
				"east": {"uv": [9.875, 4.25, 10, 4.3125], "texture": "#1"},
				"south": {"uv": [9.625, 2.625, 9.8125, 2.6875], "texture": "#1"},
				"west": {"uv": [9.875, 4.375, 10, 4.4375], "texture": "#1"},
				"up": {"uv": [9.3125, 5.25, 9.125, 5.125], "texture": "#1"},
				"down": {"uv": [9.3125, 5.25, 9.125, 5.375], "texture": "#1"}
			}
		},
		{
			"from": [2.176, 13.713, 10.704],
			"to": [3.632, 14.337, 11.744],
			"rotation": {"angle": 0, "axis": "y", "origin": [8, -6.047, 8]},
			"faces": {
				"north": {"uv": [9.625, 2.75, 9.8125, 2.8125], "texture": "#1"},
				"east": {"uv": [9.875, 4.625, 10, 4.6875], "texture": "#1"},
				"south": {"uv": [2.875, 9.625, 3.0625, 9.6875], "texture": "#1"},
				"west": {"uv": [9.875, 4.75, 10, 4.8125], "texture": "#1"},
				"up": {"uv": [9.3125, 5.5, 9.125, 5.375], "texture": "#1"},
				"down": {"uv": [9.3125, 5.5, 9.125, 5.625], "texture": "#1"}
			}
		},
		{
			"from": [12.368, 13.713, 10.704],
			"to": [13.824, 14.337, 11.744],
			"rotation": {"angle": 0, "axis": "y", "origin": [8, -6.047, 8]},
			"faces": {
				"north": {"uv": [9.625, 2.875, 9.8125, 2.9375], "texture": "#1"},
				"east": {"uv": [9.875, 5, 10, 5.0625], "texture": "#1"},
				"south": {"uv": [9.625, 3, 9.8125, 3.0625], "texture": "#1"},
				"west": {"uv": [9.875, 5.125, 10, 5.1875], "texture": "#1"},
				"up": {"uv": [9.3125, 5.75, 9.125, 5.625], "texture": "#1"},
				"down": {"uv": [9.3125, 6, 9.125, 6.125], "texture": "#1"}
			}
		},
		{
			"from": [3.216, 13.713, 3.632],
			"to": [12.784, 14.337, 4.256],
			"rotation": {"angle": 0, "axis": "y", "origin": [8, -6.047, 8]},
			"faces": {
				"north": {"uv": [7.5, 7.75, 8.6875, 7.8125], "texture": "#1"},
				"east": {"uv": [6, 10, 6.0625, 10.0625], "texture": "#1"},
				"south": {"uv": [7.875, 2.5, 9.0625, 2.5625], "texture": "#1"},
				"west": {"uv": [10, 6, 10.0625, 6.0625], "texture": "#1"},
				"up": {"uv": [9.0625, 2.6875, 7.875, 2.625], "texture": "#1"},
				"down": {"uv": [9.0625, 2.75, 7.875, 2.8125], "texture": "#1"}
			}
		},
		{
			"from": [3.216, 13.713, 11.744],
			"to": [12.784, 14.337, 12.368],
			"rotation": {"angle": 0, "axis": "y", "origin": [8, -6.047, 8]},
			"faces": {
				"north": {"uv": [7.875, 2.875, 9.0625, 2.9375], "texture": "#1"},
				"east": {"uv": [6.125, 10, 6.1875, 10.0625], "texture": "#1"},
				"south": {"uv": [7.875, 3, 9.0625, 3.0625], "texture": "#1"},
				"west": {"uv": [10, 6.125, 10.0625, 6.1875], "texture": "#1"},
				"up": {"uv": [9.0625, 3.1875, 7.875, 3.125], "texture": "#1"},
				"down": {"uv": [9.0625, 4.75, 7.875, 4.8125], "texture": "#1"}
			}
		},
		{
			"from": [13.6, -5.075, 5],
			"to": [14.2, -4.475, 11],
			"rotation": {"angle": 0, "axis": "y", "origin": [8, -5.275, 8]},
			"faces": {
				"north": {"uv": [6.25, 10, 6.3125, 10.0625], "texture": "#1"},
				"east": {"uv": [8.25, 6.5, 9, 6.5625], "texture": "#1"},
				"south": {"uv": [10, 6.25, 10.0625, 6.3125], "texture": "#1"},
				"west": {"uv": [8.25, 6.625, 9, 6.6875], "texture": "#1"},
				"up": {"uv": [8.3125, 8.75, 8.25, 8], "texture": "#1"},
				"down": {"uv": [0.0625, 8.375, 0, 9.125], "texture": "#1"}
			}
		},
		{
			"from": [1.8, -5.075, 5],
			"to": [2.4, -4.475, 11],
			"rotation": {"angle": 0, "axis": "y", "origin": [8, -5.275, 8]},
			"faces": {
				"north": {"uv": [6.375, 10, 6.4375, 10.0625], "texture": "#1"},
				"east": {"uv": [8.375, 2, 9.125, 2.0625], "texture": "#1"},
				"south": {"uv": [10, 6.375, 10.0625, 6.4375], "texture": "#1"},
				"west": {"uv": [8.375, 2.125, 9.125, 2.1875], "texture": "#1"},
				"up": {"uv": [0.1875, 9.125, 0.125, 8.375], "texture": "#1"},
				"down": {"uv": [0.3125, 8.375, 0.25, 9.125], "texture": "#1"}
			}
		},
		{
			"from": [8.2, -5.075, 4.4],
			"to": [13.6, -4.475, 8],
			"rotation": {"angle": 0, "axis": "y", "origin": [8, -5.275, 8]},
			"faces": {
				"north": {"uv": [8.375, 8, 9.0625, 8.0625], "texture": "#1"},
				"east": {"uv": [9, 6.125, 9.4375, 6.1875], "texture": "#1"},
				"south": {"uv": [8.375, 8.125, 9.0625, 8.1875], "texture": "#1"},
				"west": {"uv": [9, 6.25, 9.4375, 6.3125], "texture": "#1"},
				"up": {"uv": [7.0625, 1.1875, 6.375, 0.75], "texture": "#1"},
				"down": {"uv": [7.0625, 1.25, 6.375, 1.6875], "texture": "#1"}
			}
		},
		{
			"from": [2.4, -5.075, 4.4],
			"to": [8.2, -4.475, 8],
			"rotation": {"angle": 0, "axis": "y", "origin": [8, -5.275, 8]},
			"faces": {
				"north": {"uv": [8.375, 2.25, 9.09375, 2.3125], "texture": "#1"},
				"east": {"uv": [9, 6.5, 9.4375, 6.5625], "texture": "#1"},
				"south": {"uv": [8.375, 2.375, 9.09375, 2.4375], "texture": "#1"},
				"west": {"uv": [9, 6.625, 9.4375, 6.6875], "texture": "#1"},
				"up": {"uv": [6.71875, 5.1875, 6, 4.75], "texture": "#1"},
				"down": {"uv": [6.71875, 5.25, 6, 5.6875], "texture": "#1"}
			}
		},
		{
			"from": [2.4, -5.075, 8],
			"to": [8.2, -4.475, 11.6],
			"rotation": {"angle": 0, "axis": "y", "origin": [8, -5.275, 8]},
			"faces": {
				"north": {"uv": [8.375, 3.25, 9.09375, 3.3125], "texture": "#1"},
				"east": {"uv": [9, 7, 9.4375, 7.0625], "texture": "#1"},
				"south": {"uv": [8.375, 3.375, 9.09375, 3.4375], "texture": "#1"},
				"west": {"uv": [9, 7.125, 9.4375, 7.1875], "texture": "#1"},
				"up": {"uv": [6.71875, 6.1875, 6, 5.75], "texture": "#1"},
				"down": {"uv": [6.71875, 6.25, 6, 6.6875], "texture": "#1"}
			}
		},
		{
			"from": [8.2, -5.075, 8],
			"to": [13.6, -4.475, 11.6],
			"rotation": {"angle": 0, "axis": "y", "origin": [8, -5.275, 8]},
			"faces": {
				"north": {"uv": [8.375, 8.25, 9.0625, 8.3125], "texture": "#1"},
				"east": {"uv": [9, 7.25, 9.4375, 7.3125], "texture": "#1"},
				"south": {"uv": [8.375, 8.375, 9.0625, 8.4375], "texture": "#1"},
				"west": {"uv": [9, 7.375, 9.4375, 7.4375], "texture": "#1"},
				"up": {"uv": [7.0625, 2.1875, 6.375, 1.75], "texture": "#1"},
				"down": {"uv": [7.0625, 2.25, 6.375, 2.6875], "texture": "#1"}
			}
		},
		{
			"from": [3.4, -5.075, 3.8],
			"to": [12.6, -4.475, 4.4],
			"rotation": {"angle": 0, "axis": "y", "origin": [8, -5.275, 8]},
			"faces": {
				"north": {"uv": [7.875, 4.875, 9.03125, 4.9375], "texture": "#1"},
				"east": {"uv": [10, 6.5, 10.0625, 6.5625], "texture": "#1"},
				"south": {"uv": [7.875, 5, 9.03125, 5.0625], "texture": "#1"},
				"west": {"uv": [10, 6.625, 10.0625, 6.6875], "texture": "#1"},
				"up": {"uv": [9.03125, 5.1875, 7.875, 5.125], "texture": "#1"},
				"down": {"uv": [9.03125, 5.25, 7.875, 5.3125], "texture": "#1"}
			}
		},
		{
			"from": [3.4, -5.075, 11.6],
			"to": [12.6, -4.475, 12.2],
			"rotation": {"angle": 0, "axis": "y", "origin": [8, -5.275, 8]},
			"faces": {
				"north": {"uv": [7.875, 5.375, 9.03125, 5.4375], "texture": "#1"},
				"east": {"uv": [6.75, 10, 6.8125, 10.0625], "texture": "#1"},
				"south": {"uv": [7.875, 5.5, 9.03125, 5.5625], "texture": "#1"},
				"west": {"uv": [6.875, 10, 6.9375, 10.0625], "texture": "#1"},
				"up": {"uv": [9.03125, 5.6875, 7.875, 5.625], "texture": "#1"},
				"down": {"uv": [9.03125, 6, 7.875, 6.0625], "texture": "#1"}
			}
		},
		{
			"from": [14, -4.875, 4.6],
			"to": [14.6, 13.925, 11.4],
			"rotation": {"angle": 0, "axis": "y", "origin": [8, -5.275, 8]},
			"faces": {
				"north": {"uv": [6.625, 6.75, 6.6875, 9.09375], "texture": "#1"},
				"east": {"uv": [3.5, 0, 4.34375, 2.34375], "texture": "#1"},
				"south": {"uv": [5.875, 7.125, 5.9375, 9.46875], "texture": "#1"},
				"west": {"uv": [3.5, 2.375, 4.34375, 4.71875], "texture": "#1"},
				"up": {"uv": [5.6875, 8.96875, 5.625, 8.125], "texture": "#1"},
				"down": {"uv": [8.1875, 8, 8.125, 8.84375], "texture": "#1"}
			}
		},
		{
			"from": [9.43442, 15.42334, 6.81371],
			"to": [9.68823, 22.72022, 7.03476],
			"rotation": {"angle": 0, "axis": "y", "origin": [7.58505, -5.42322, -6.95379]},
			"faces": {
				"north": {"uv": [1.625, 9.125, 1.65625, 10.03125], "texture": "#1"},
				"east": {"uv": [1.75, 9.125, 1.78125, 10.03125], "texture": "#1"},
				"south": {"uv": [9.125, 2, 9.15625, 2.90625], "texture": "#1"},
				"west": {"uv": [2.375, 9.125, 2.40625, 10.03125], "texture": "#1"},
				"up": {"uv": [10.15625, 6.90625, 10.125, 6.875], "texture": "#1"},
				"down": {"uv": [7.03125, 10.125, 7, 10.15625], "texture": "#1"}
			}
		},
		{
			"from": [9.08243, 15.42334, 6.46172],
			"to": [9.33623, 22.72022, 6.68277],
			"rotation": {"angle": 0, "axis": "y", "origin": [7.58505, -5.42322, -6.95379]},
			"faces": {
				"north": {"uv": [1.125, 9.125, 1.15625, 10.03125], "texture": "#1"},
				"east": {"uv": [1.25, 9.125, 1.28125, 10.03125], "texture": "#1"},
				"south": {"uv": [1.375, 9.125, 1.40625, 10.03125], "texture": "#1"},
				"west": {"uv": [1.5, 9.125, 1.53125, 10.03125], "texture": "#1"},
				"up": {"uv": [10.15625, 6.78125, 10.125, 6.75], "texture": "#1"},
				"down": {"uv": [6.90625, 10.125, 6.875, 10.15625], "texture": "#1"}
			}
		},
		{
			"from": [9.4508, 15.42334, 9.26131],
			"to": [9.67185, 22.72022, 9.51509],
			"rotation": {"angle": 0, "axis": "y", "origin": [7.58505, -5.42322, -6.95379]},
			"faces": {
				"north": {"uv": [0.25, 9.125, 0.28125, 10.03125], "texture": "#1"},
				"east": {"uv": [0.375, 9.125, 0.40625, 10.03125], "texture": "#1"},
				"south": {"uv": [0.5, 9.125, 0.53125, 10.03125], "texture": "#1"},
				"west": {"uv": [0.625, 9.125, 0.65625, 10.03125], "texture": "#1"},
				"up": {"uv": [10.15625, 6.65625, 10.125, 6.625], "texture": "#1"},
				"down": {"uv": [6.78125, 10.125, 6.75, 10.15625], "texture": "#1"}
			}
		},
		{
			"from": [9.09881, 15.42334, 9.6133],
			"to": [9.31986, 22.72022, 9.86709],
			"rotation": {"angle": 0, "axis": "y", "origin": [7.58505, -5.42322, -6.95379]},
			"faces": {
				"north": {"uv": [8.875, 9, 8.90625, 9.90625], "texture": "#1"},
				"east": {"uv": [9, 9, 9.03125, 9.90625], "texture": "#1"},
				"south": {"uv": [0, 9.125, 0.03125, 10.03125], "texture": "#1"},
				"west": {"uv": [0.125, 9.125, 0.15625, 10.03125], "texture": "#1"},
				"up": {"uv": [10.15625, 6.53125, 10.125, 6.5], "texture": "#1"},
				"down": {"uv": [6.65625, 10.125, 6.625, 10.15625], "texture": "#1"}
			}
		},
		{
			"from": [6.26648, 15.42334, 6.81371],
			"to": [6.52029, 22.72022, 7.03476],
			"rotation": {"angle": 0, "axis": "y", "origin": [7.58505, -5.42322, -6.95379]},
			"faces": {
				"north": {"uv": [8.375, 9, 8.40625, 9.90625], "texture": "#1"},
				"east": {"uv": [8.5, 9, 8.53125, 9.90625], "texture": "#1"},
				"south": {"uv": [8.625, 9, 8.65625, 9.90625], "texture": "#1"},
				"west": {"uv": [8.75, 9, 8.78125, 9.90625], "texture": "#1"},
				"up": {"uv": [10.15625, 6.40625, 10.125, 6.375], "texture": "#1"},
				"down": {"uv": [6.53125, 10.125, 6.5, 10.15625], "texture": "#1"}
			}
		},
		{
			"from": [6.61847, 15.42334, 6.46172],
			"to": [6.87228, 22.72022, 6.68277],
			"rotation": {"angle": 0, "axis": "y", "origin": [7.58505, -5.42322, -6.95379]},
			"faces": {
				"north": {"uv": [7.875, 9, 7.90625, 9.90625], "texture": "#1"},
				"east": {"uv": [8, 9, 8.03125, 9.90625], "texture": "#1"},
				"south": {"uv": [8.125, 9, 8.15625, 9.90625], "texture": "#1"},
				"west": {"uv": [8.25, 9, 8.28125, 9.90625], "texture": "#1"},
				"up": {"uv": [10.15625, 6.28125, 10.125, 6.25], "texture": "#1"},
				"down": {"uv": [6.40625, 10.125, 6.375, 10.15625], "texture": "#1"}
			}
		},
		{
			"from": [6.63485, 15.42334, 9.6133],
			"to": [6.8559, 22.72022, 9.86709],
			"rotation": {"angle": 0, "axis": "y", "origin": [7.58505, -5.42322, -6.95379]},
			"faces": {
				"north": {"uv": [6.25, 9, 6.28125, 9.90625], "texture": "#1"},
				"east": {"uv": [6.375, 9, 6.40625, 9.90625], "texture": "#1"},
				"south": {"uv": [7.625, 9, 7.65625, 9.90625], "texture": "#1"},
				"west": {"uv": [7.75, 9, 7.78125, 9.90625], "texture": "#1"},
				"up": {"uv": [10.15625, 6.15625, 10.125, 6.125], "texture": "#1"},
				"down": {"uv": [6.28125, 10.125, 6.25, 10.15625], "texture": "#1"}
			}
		},
		{
			"from": [6.28286, 15.42334, 9.26131],
			"to": [6.50391, 22.72022, 9.51509],
			"rotation": {"angle": 0, "axis": "y", "origin": [7.58505, -5.42322, -6.95379]},
			"faces": {
				"north": {"uv": [3.25, 9, 3.28125, 9.90625], "texture": "#1"},
				"east": {"uv": [3.375, 9, 3.40625, 9.90625], "texture": "#1"},
				"south": {"uv": [5.625, 9, 5.65625, 9.90625], "texture": "#1"},
				"west": {"uv": [6.125, 9, 6.15625, 9.90625], "texture": "#1"},
				"up": {"uv": [10.15625, 6.03125, 10.125, 6], "texture": "#1"},
				"down": {"uv": [6.15625, 10.125, 6.125, 10.15625], "texture": "#1"}
			}
		},
		{
			"from": [5.93087, 15.42334, 7.50134],
			"to": [6.58271, 22.72022, 8.81111],
			"rotation": {"angle": 0, "axis": "y", "origin": [7.58505, -5.42322, -6.95379]},
			"faces": {
				"north": {"uv": [1.75, 7.75, 1.84375, 8.65625], "texture": "#1"},
				"east": {"uv": [6.375, 7.375, 6.53125, 8.28125], "texture": "#1"},
				"south": {"uv": [1.875, 7.75, 1.96875, 8.65625], "texture": "#1"},
				"west": {"uv": [6.875, 7.375, 7.03125, 8.28125], "texture": "#1"},
				"up": {"uv": [9.59375, 8.40625, 9.5, 8.25], "texture": "#1"},
				"down": {"uv": [9.59375, 8.5, 9.5, 8.65625], "texture": "#1"}
			}
		},
		{
			"from": [9.80279, 15.42334, 7.50134],
			"to": [10.02384, 22.72022, 8.81111],
			"rotation": {"angle": 0, "axis": "y", "origin": [7.58505, -5.42322, -6.95379]},
			"faces": {
				"north": {"uv": [2.25, 9, 2.28125, 9.90625], "texture": "#1"},
				"east": {"uv": [7.375, 5, 7.53125, 5.90625], "texture": "#1"},
				"south": {"uv": [3.125, 9, 3.15625, 9.90625], "texture": "#1"},
				"west": {"uv": [6.125, 7.375, 6.28125, 8.28125], "texture": "#1"},
				"up": {"uv": [4.90625, 10.15625, 4.875, 10], "texture": "#1"},
				"down": {"uv": [10.03125, 4.875, 10, 5.03125], "texture": "#1"}
			}
		},
		{
			"from": [7.32246, 15.42334, 6.10972],
			"to": [8.63225, 22.72022, 6.33077],
			"rotation": {"angle": 0, "axis": "y", "origin": [7.58505, -5.42322, -6.95379]},
			"faces": {
				"north": {"uv": [7.25, 6.375, 7.40625, 7.28125], "texture": "#1"},
				"east": {"uv": [2, 9, 2.03125, 9.90625], "texture": "#1"},
				"south": {"uv": [7.375, 4, 7.53125, 4.90625], "texture": "#1"},
				"west": {"uv": [2.125, 9, 2.15625, 9.90625], "texture": "#1"},
				"up": {"uv": [10.15625, 4.65625, 10, 4.625], "texture": "#1"},
				"down": {"uv": [10.15625, 4.75, 10, 4.78125], "texture": "#1"}
			}
		},
		{
			"from": [7.32246, 15.42334, 9.98165],
			"to": [8.63225, 22.72022, 10.2027],
			"rotation": {"angle": 0, "axis": "y", "origin": [7.58505, -5.42322, -6.95379]},
			"faces": {
				"north": {"uv": [4.625, 7.25, 4.78125, 8.15625], "texture": "#1"},
				"east": {"uv": [6.5, 8.875, 6.53125, 9.78125], "texture": "#1"},
				"south": {"uv": [4.875, 7.25, 5.03125, 8.15625], "texture": "#1"},
				"west": {"uv": [1.875, 9, 1.90625, 9.90625], "texture": "#1"},
				"up": {"uv": [10.15625, 4.40625, 10, 4.375], "texture": "#1"},
				"down": {"uv": [10.15625, 4.5, 10, 4.53125], "texture": "#1"}
			}
		},
		{
			"from": [6.79448, 15.42334, 9.62966],
			"to": [9.16025, 22.72022, 10.02672],
			"rotation": {"angle": 0, "axis": "y", "origin": [7.58505, -5.42322, -6.95379]},
			"faces": {
				"north": {"uv": [0, 7, 0.28125, 7.90625], "texture": "#1"},
				"east": {"uv": [8, 8, 8.0625, 8.90625], "texture": "#1"},
				"south": {"uv": [0.375, 7, 0.65625, 7.90625], "texture": "#1"},
				"west": {"uv": [5.5, 8.125, 5.5625, 9.03125], "texture": "#1"},
				"up": {"uv": [9.65625, 6.8125, 9.375, 6.75], "texture": "#1"},
				"down": {"uv": [9.65625, 6.875, 9.375, 6.9375], "texture": "#1"}
			}
		},
		{
			"from": [6.79448, 15.42334, 6.28571],
			"to": [9.16025, 22.72022, 6.68277],
			"rotation": {"angle": 0, "axis": "y", "origin": [7.58505, -5.42322, -6.95379]},
			"faces": {
				"north": {"uv": [6.875, 5.375, 7.15625, 6.28125], "texture": "#1"},
				"east": {"uv": [7.75, 8, 7.8125, 8.90625], "texture": "#1"},
				"south": {"uv": [6.875, 6.375, 7.15625, 7.28125], "texture": "#1"},
				"west": {"uv": [7.875, 8, 7.9375, 8.90625], "texture": "#1"},
				"up": {"uv": [9.65625, 6.0625, 9.375, 6], "texture": "#1"},
				"down": {"uv": [9.65625, 6.375, 9.375, 6.4375], "texture": "#1"}
			}
		},
		{
			"from": [9.4508, 15.42334, 6.9283],
			"to": [9.84786, 22.72022, 9.29404],
			"rotation": {"angle": 0, "axis": "y", "origin": [7.58505, -5.42322, -6.95379]},
			"faces": {
				"north": {"uv": [2.25, 8, 2.3125, 8.90625], "texture": "#1"},
				"east": {"uv": [6.875, 3.375, 7.15625, 4.28125], "texture": "#1"},
				"south": {"uv": [7.625, 8, 7.6875, 8.90625], "texture": "#1"},
				"west": {"uv": [6.875, 4.375, 7.15625, 5.28125], "texture": "#1"},
				"up": {"uv": [9.1875, 9.65625, 9.125, 9.375], "texture": "#1"},
				"down": {"uv": [9.3125, 9.375, 9.25, 9.65625], "texture": "#1"}
			}
		},
		{
			"from": [6.10687, 15.42334, 6.9283],
			"to": [6.75871, 22.72022, 9.29404],
			"rotation": {"angle": 0, "axis": "y", "origin": [7.58505, -5.42322, -6.95379]},
			"faces": {
				"north": {"uv": [1.5, 7.75, 1.59375, 8.65625], "texture": "#1"},
				"east": {"uv": [6.375, 2.75, 6.65625, 3.65625], "texture": "#1"},
				"south": {"uv": [1.625, 7.75, 1.71875, 8.65625], "texture": "#1"},
				"west": {"uv": [6.375, 3.75, 6.65625, 4.65625], "texture": "#1"},
				"up": {"uv": [9.21875, 0.28125, 9.125, 0], "texture": "#1"},
				"down": {"uv": [2.59375, 9.125, 2.5, 9.40625], "texture": "#1"}
			}
		},
		{
			"from": [6.45887, 15.42334, 6.5763],
			"to": [9.49586, 22.72022, 9.64604],
			"rotation": {"angle": 0, "axis": "y", "origin": [7.58505, -5.42322, -6.95379]},
			"faces": {
				"north": {"uv": [6, 0.75, 6.375, 1.65625], "texture": "#1"},
				"east": {"uv": [6, 1.75, 6.375, 2.65625], "texture": "#1"},
				"south": {"uv": [6, 2.75, 6.375, 3.65625], "texture": "#1"},
				"west": {"uv": [6, 3.75, 6.375, 4.65625], "texture": "#1"},
				"up": {"uv": [7.75, 2.875, 7.375, 2.5], "texture": "#1"},
				"down": {"uv": [7.75, 2.875, 7.375, 3.25], "texture": "#1"}
			}
		},
		{
			"from": [6.29364, 21.26856, 6.41578],
			"to": [9.6392, 23.87501, 9.7974],
			"rotation": {"angle": 0, "axis": "y", "origin": [7.53425, -8.61041, -8.48896]},
			"faces": {
				"north": {"uv": [7.5, 3.5, 7.90625, 3.8125], "texture": "#1"},
				"east": {"uv": [7.375, 6, 7.8125, 6.3125], "texture": "#1"},
				"south": {"uv": [7.5, 6.375, 7.90625, 6.6875], "texture": "#1"},
				"west": {"uv": [7.5, 0, 7.9375, 0.3125], "texture": "#1"},
				"up": {"uv": [7.53125, 1.4375, 7.125, 1], "texture": "#1"},
				"down": {"uv": [7.53125, 1.5, 7.125, 1.9375], "texture": "#1"}
			}
		},
		{
			"from": [5.90589, 21.26856, 6.80354],
			"to": [6.62396, 23.87501, 9.40965],
			"rotation": {"angle": 0, "axis": "y", "origin": [7.53425, -8.61041, -8.48896]},
			"faces": {
				"north": {"uv": [4.625, 8.75, 4.71875, 9.0625], "texture": "#1"},
				"east": {"uv": [7.625, 4, 7.9375, 4.3125], "texture": "#1"},
				"south": {"uv": [5.75, 8.75, 5.84375, 9.0625], "texture": "#1"},
				"west": {"uv": [7.625, 4.375, 7.9375, 4.6875], "texture": "#1"},
				"up": {"uv": [6.96875, 9.0625, 6.875, 8.75], "texture": "#1"},
				"down": {"uv": [7.09375, 8.75, 7, 9.0625], "texture": "#1"}
			}
		},
		{
			"from": [9.58956, 21.26856, 6.80354],
			"to": [10.02696, 23.87501, 9.40965],
			"rotation": {"angle": 0, "axis": "y", "origin": [7.53425, -8.61041, -8.48896]},
			"faces": {
				"north": {"uv": [6.625, 9.375, 6.6875, 9.6875], "texture": "#1"},
				"east": {"uv": [7.625, 1.375, 7.9375, 1.6875], "texture": "#1"},
				"south": {"uv": [6.75, 9.375, 6.8125, 9.6875], "texture": "#1"},
				"west": {"uv": [2, 7.625, 2.3125, 7.9375], "texture": "#1"},
				"up": {"uv": [6.9375, 9.6875, 6.875, 9.375], "texture": "#1"},
				"down": {"uv": [9.4375, 8, 9.375, 8.3125], "texture": "#1"}
			}
		},
		{
			"from": [6.66336, 21.26856, 6.09567],
			"to": [9.26949, 23.87501, 6.53307],
			"rotation": {"angle": 0, "axis": "y", "origin": [7.53425, -8.61041, -8.48896]},
			"faces": {
				"north": {"uv": [7.5, 7.375, 7.8125, 7.6875], "texture": "#1"},
				"east": {"uv": [7, 9.25, 7.0625, 9.5625], "texture": "#1"},
				"south": {"uv": [7.625, 1, 7.9375, 1.3125], "texture": "#1"},
				"west": {"uv": [9.375, 5.125, 9.4375, 5.4375], "texture": "#1"},
				"up": {"uv": [9.6875, 5.5625, 9.375, 5.5], "texture": "#1"},
				"down": {"uv": [9.6875, 5.625, 9.375, 5.6875], "texture": "#1"}
			}
		},
		{
			"from": [6.66336, 21.26856, 9.77936],
			"to": [9.26949, 23.87501, 10.21676],
			"rotation": {"angle": 0, "axis": "y", "origin": [7.53425, -8.61041, -8.48896]},
			"faces": {
				"north": {"uv": [5.125, 7.5, 5.4375, 7.8125], "texture": "#1"},
				"east": {"uv": [4.75, 9.25, 4.8125, 9.5625], "texture": "#1"},
				"south": {"uv": [7.5, 7, 7.8125, 7.3125], "texture": "#1"},
				"west": {"uv": [4.875, 9.25, 4.9375, 9.5625], "texture": "#1"},
				"up": {"uv": [9.6875, 4.6875, 9.375, 4.625], "texture": "#1"},
				"down": {"uv": [9.6875, 4.75, 9.375, 4.8125], "texture": "#1"}
			}
		},
		{
			"from": [7.24498, 21.26856, 10.16712],
			"to": [8.68784, 23.87501, 10.41063],
			"rotation": {"angle": 0, "axis": "y", "origin": [7.53425, -8.61041, -8.48896]},
			"faces": {
				"north": {"uv": [8, 4.375, 8.1875, 4.6875], "texture": "#1"},
				"east": {"uv": [9.75, 5.375, 9.78125, 5.6875], "texture": "#1"},
				"south": {"uv": [8, 6.375, 8.1875, 6.6875], "texture": "#1"},
				"west": {"uv": [9.75, 5.75, 9.78125, 6.0625], "texture": "#1"},
				"up": {"uv": [10.1875, 4.15625, 10, 4.125], "texture": "#1"},
				"down": {"uv": [10.1875, 4.25, 10, 4.28125], "texture": "#1"}
			}
		},
		{
			"from": [7.24498, 21.26856, 5.9018],
			"to": [8.68784, 23.87501, 6.14531],
			"rotation": {"angle": 0, "axis": "y", "origin": [7.53425, -8.61041, -8.48896]},
			"faces": {
				"north": {"uv": [8, 3.5, 8.1875, 3.8125], "texture": "#1"},
				"east": {"uv": [4.75, 9.75, 4.78125, 10.0625], "texture": "#1"},
				"south": {"uv": [8, 4, 8.1875, 4.3125], "texture": "#1"},
				"west": {"uv": [9.75, 5, 9.78125, 5.3125], "texture": "#1"},
				"up": {"uv": [10.1875, 3.90625, 10, 3.875], "texture": "#1"},
				"down": {"uv": [10.1875, 4, 10, 4.03125], "texture": "#1"}
			}
		},
		{
			"from": [9.97732, 21.26856, 7.4348],
			"to": [10.22083, 23.87501, 8.87764],
			"rotation": {"angle": 0, "axis": "y", "origin": [7.53425, -8.61041, -8.48896]},
			"faces": {
				"north": {"uv": [4.5, 9.75, 4.53125, 10.0625], "texture": "#1"},
				"east": {"uv": [0.5, 8, 0.6875, 8.3125], "texture": "#1"},
				"south": {"uv": [4.625, 9.75, 4.65625, 10.0625], "texture": "#1"},
				"west": {"uv": [2, 8, 2.1875, 8.3125], "texture": "#1"},
				"up": {"uv": [10.03125, 3.5625, 10, 3.375], "texture": "#1"},
				"down": {"uv": [10.03125, 3.625, 10, 3.8125], "texture": "#1"}
			}
		},
		{
			"from": [5.712, 21.26856, 7.4348],
			"to": [6.43007, 23.87501, 8.87764],
			"rotation": {"angle": 0, "axis": "y", "origin": [7.53425, -8.61041, -8.48896]},
			"faces": {
				"north": {"uv": [7, 8.375, 7.09375, 8.6875], "texture": "#1"},
				"east": {"uv": [0, 8, 0.1875, 8.3125], "texture": "#1"},
				"south": {"uv": [2.375, 8.75, 2.46875, 9.0625], "texture": "#1"},
				"west": {"uv": [0.25, 8, 0.4375, 8.3125], "texture": "#1"},
				"up": {"uv": [2.71875, 9.6875, 2.625, 9.5], "texture": "#1"},
				"down": {"uv": [2.84375, 9.5, 2.75, 9.6875], "texture": "#1"}
			}
		},
		{
			"from": [6.09976, 21.26856, 9.37359],
			"to": [6.34326, 23.87501, 9.65316],
			"rotation": {"angle": 0, "axis": "y", "origin": [7.53425, -8.61041, -8.48896]},
			"faces": {
				"north": {"uv": [4, 9.75, 4.03125, 10.0625], "texture": "#1"},
				"east": {"uv": [4.125, 9.75, 4.15625, 10.0625], "texture": "#1"},
				"south": {"uv": [4.25, 9.75, 4.28125, 10.0625], "texture": "#1"},
				"west": {"uv": [4.375, 9.75, 4.40625, 10.0625], "texture": "#1"},
				"up": {"uv": [0.78125, 10.28125, 0.75, 10.25], "texture": "#1"},
				"down": {"uv": [10.28125, 0.75, 10.25, 0.78125], "texture": "#1"}
			}
		},
		{
			"from": [6.48751, 21.26856, 9.76134],
			"to": [6.73102, 23.87501, 10.04091],
			"rotation": {"angle": 0, "axis": "y", "origin": [7.53425, -8.61041, -8.48896]},
			"faces": {
				"north": {"uv": [2.625, 9.75, 2.65625, 10.0625], "texture": "#1"},
				"east": {"uv": [2.75, 9.75, 2.78125, 10.0625], "texture": "#1"},
				"south": {"uv": [2.875, 9.75, 2.90625, 10.0625], "texture": "#1"},
				"west": {"uv": [3, 9.75, 3.03125, 10.0625], "texture": "#1"},
				"up": {"uv": [0.65625, 10.28125, 0.625, 10.25], "texture": "#1"},
				"down": {"uv": [10.28125, 0.625, 10.25, 0.65625], "texture": "#1"}
			}
		},
		{
			"from": [6.46947, 21.26856, 6.28956],
			"to": [6.74906, 23.87501, 6.53307],
			"rotation": {"angle": 0, "axis": "y", "origin": [7.53425, -8.61041, -8.48896]},
			"faces": {
				"north": {"uv": [0.875, 9.75, 0.90625, 10.0625], "texture": "#1"},
				"east": {"uv": [1, 9.75, 1.03125, 10.0625], "texture": "#1"},
				"south": {"uv": [9.75, 1, 9.78125, 1.3125], "texture": "#1"},
				"west": {"uv": [2.5, 9.75, 2.53125, 10.0625], "texture": "#1"},
				"up": {"uv": [0.53125, 10.28125, 0.5, 10.25], "texture": "#1"},
				"down": {"uv": [10.28125, 0.5, 10.25, 0.53125], "texture": "#1"}
			}
		},
		{
			"from": [6.08171, 21.26856, 6.67731],
			"to": [6.36131, 23.87501, 6.92082],
			"rotation": {"angle": 0, "axis": "y", "origin": [7.53425, -8.61041, -8.48896]},
			"faces": {
				"north": {"uv": [9.625, 9.375, 9.65625, 9.6875], "texture": "#1"},
				"east": {"uv": [9.5, 9.625, 9.53125, 9.9375], "texture": "#1"},
				"south": {"uv": [9.75, 0.625, 9.78125, 0.9375], "texture": "#1"},
				"west": {"uv": [0.75, 9.75, 0.78125, 10.0625], "texture": "#1"},
				"up": {"uv": [0.40625, 10.28125, 0.375, 10.25], "texture": "#1"},
				"down": {"uv": [10.28125, 0.375, 10.25, 0.40625], "texture": "#1"}
			}
		},
		{
			"from": [9.20181, 21.26856, 9.76134],
			"to": [9.44531, 23.87501, 10.04091],
			"rotation": {"angle": 0, "axis": "y", "origin": [7.53425, -8.61041, -8.48896]},
			"faces": {
				"north": {"uv": [9.625, 7.625, 9.65625, 7.9375], "texture": "#1"},
				"east": {"uv": [9.625, 8, 9.65625, 8.3125], "texture": "#1"},
				"south": {"uv": [9.625, 8.375, 9.65625, 8.6875], "texture": "#1"},
				"west": {"uv": [9.375, 9.625, 9.40625, 9.9375], "texture": "#1"},
				"up": {"uv": [0.28125, 10.28125, 0.25, 10.25], "texture": "#1"},
				"down": {"uv": [10.28125, 0.25, 10.25, 0.28125], "texture": "#1"}
			}
		},
		{
			"from": [9.58956, 21.26856, 9.37359],
			"to": [9.83307, 23.87501, 9.65316],
			"rotation": {"angle": 0, "axis": "y", "origin": [7.53425, -8.61041, -8.48896]},
			"faces": {
				"north": {"uv": [7.125, 9.625, 7.15625, 9.9375], "texture": "#1"},
				"east": {"uv": [7.25, 9.625, 7.28125, 9.9375], "texture": "#1"},
				"south": {"uv": [9.625, 7.25, 9.65625, 7.5625], "texture": "#1"},
				"west": {"uv": [7.375, 9.625, 7.40625, 9.9375], "texture": "#1"},
				"up": {"uv": [0.15625, 10.28125, 0.125, 10.25], "texture": "#1"},
				"down": {"uv": [10.28125, 0.125, 10.25, 0.15625], "texture": "#1"}
			}
		},
		{
			"from": [9.18376, 21.26856, 6.28956],
			"to": [9.46336, 23.87501, 6.53307],
			"rotation": {"angle": 0, "axis": "y", "origin": [7.53425, -8.61041, -8.48896]},
			"faces": {
				"north": {"uv": [5.75, 9.625, 5.78125, 9.9375], "texture": "#1"},
				"east": {"uv": [5.875, 9.625, 5.90625, 9.9375], "texture": "#1"},
				"south": {"uv": [6, 9.625, 6.03125, 9.9375], "texture": "#1"},
				"west": {"uv": [7, 9.625, 7.03125, 9.9375], "texture": "#1"},
				"up": {"uv": [0.03125, 10.28125, 0, 10.25], "texture": "#1"},
				"down": {"uv": [10.28125, 0, 10.25, 0.03125], "texture": "#1"}
			}
		},
		{
			"from": [9.57152, 21.26856, 6.67731],
			"to": [9.85111, 23.87501, 6.92082],
			"rotation": {"angle": 0, "axis": "y", "origin": [7.53425, -8.61041, -8.48896]},
			"faces": {
				"north": {"uv": [4.875, 9.625, 4.90625, 9.9375], "texture": "#1"},
				"east": {"uv": [5, 9.625, 5.03125, 9.9375], "texture": "#1"},
				"south": {"uv": [9.625, 5, 9.65625, 5.3125], "texture": "#1"},
				"west": {"uv": [5.5, 9.625, 5.53125, 9.9375], "texture": "#1"},
				"up": {"uv": [10.15625, 10.03125, 10.125, 10], "texture": "#1"},
				"down": {"uv": [10.15625, 10.125, 10.125, 10.15625], "texture": "#1"}
			}
		},
		{
			"from": [5.87799, 16.05012, 6.01196],
			"to": [9.99981, 16.59345, 10.1782],
			"rotation": {"angle": 0, "axis": "y", "origin": [7.40645, -14.05633, -12.35108]},
			"faces": {
				"north": {"uv": [9, 1.125, 9.5, 1.1875], "texture": "#1"},
				"east": {"uv": [8.75, 8.875, 9.28125, 8.9375], "texture": "#1"},
				"south": {"uv": [9, 1.25, 9.5, 1.3125], "texture": "#1"},
				"west": {"uv": [9, 0.5, 9.53125, 0.5625], "texture": "#1"},
				"up": {"uv": [6.625, 7.28125, 6.125, 6.75], "texture": "#1"},
				"down": {"uv": [7.375, 2.75, 6.875, 3.28125], "texture": "#1"}
			}
		},
		{
			"from": [5.40027, 16.05012, 6.48968],
			"to": [6.28494, 16.59345, 9.70048],
			"rotation": {"angle": 0, "axis": "y", "origin": [7.40645, -14.05633, -12.35108]},
			"faces": {
				"north": {"uv": [9.875, 5.5, 10, 5.5625], "texture": "#1"},
				"east": {"uv": [9.125, 4.875, 9.53125, 4.9375], "texture": "#1"},
				"south": {"uv": [9.875, 5.625, 10, 5.6875], "texture": "#1"},
				"west": {"uv": [9.125, 5, 9.53125, 5.0625], "texture": "#1"},
				"up": {"uv": [8.375, 4.40625, 8.25, 4], "texture": "#1"},
				"down": {"uv": [4.75, 8.25, 4.625, 8.65625], "texture": "#1"}
			}
		},
		{
			"from": [9.93865, 16.05012, 6.48968],
			"to": [10.47753, 16.59345, 9.70048],
			"rotation": {"angle": 0, "axis": "y", "origin": [7.40645, -14.05633, -12.35108]},
			"faces": {
				"north": {"uv": [10, 7.25, 10.0625, 7.3125], "texture": "#1"},
				"east": {"uv": [9.125, 4.125, 9.53125, 4.1875], "texture": "#1"},
				"south": {"uv": [7.375, 10, 7.4375, 10.0625], "texture": "#1"},
				"west": {"uv": [9.125, 4.25, 9.53125, 4.3125], "texture": "#1"},
				"up": {"uv": [9.1875, 4.78125, 9.125, 4.375], "texture": "#1"},
				"down": {"uv": [4.6875, 9.125, 4.625, 9.53125], "texture": "#1"}
			}
		},
		{
			"from": [6.33349, 16.05012, 5.61757],
			"to": [9.54431, 16.59345, 6.15645],
			"rotation": {"angle": 0, "axis": "y", "origin": [7.40645, -14.05633, -12.35108]},
			"faces": {
				"north": {"uv": [9.125, 3.5, 9.53125, 3.5625], "texture": "#1"},
				"east": {"uv": [10, 7.125, 10.0625, 7.1875], "texture": "#1"},
				"south": {"uv": [9.125, 3.625, 9.53125, 3.6875], "texture": "#1"},
				"west": {"uv": [7.25, 10, 7.3125, 10.0625], "texture": "#1"},
				"up": {"uv": [9.53125, 3.8125, 9.125, 3.75], "texture": "#1"},
				"down": {"uv": [9.53125, 4, 9.125, 4.0625], "texture": "#1"}
			}
		},
		{
			"from": [6.33349, 16.05012, 10.15598],
			"to": [9.54431, 16.59345, 10.69486],
			"rotation": {"angle": 0, "axis": "y", "origin": [7.40645, -14.05633, -12.35108]},
			"faces": {
				"north": {"uv": [9.125, 3, 9.53125, 3.0625], "texture": "#1"},
				"east": {"uv": [7, 10, 7.0625, 10.0625], "texture": "#1"},
				"south": {"uv": [9.125, 3.125, 9.53125, 3.1875], "texture": "#1"},
				"west": {"uv": [7.125, 10, 7.1875, 10.0625], "texture": "#1"},
				"up": {"uv": [9.53125, 3.3125, 9.125, 3.25], "texture": "#1"},
				"down": {"uv": [9.53125, 3.375, 9.125, 3.4375], "texture": "#1"}
			}
		},
		{
			"from": [7.05006, 16.05012, 10.6337],
			"to": [8.82771, 16.59345, 10.93371],
			"rotation": {"angle": 0, "axis": "y", "origin": [7.40645, -14.05633, -12.35108]},
			"faces": {
				"north": {"uv": [9.625, 1.5, 9.84375, 1.5625], "texture": "#1"},
				"east": {"uv": [2.75, 10.125, 2.78125, 10.1875], "texture": "#1"},
				"south": {"uv": [9.625, 1.625, 9.84375, 1.6875], "texture": "#1"},
				"west": {"uv": [2.875, 10.125, 2.90625, 10.1875], "texture": "#1"},
				"up": {"uv": [10.09375, 6.90625, 9.875, 6.875], "texture": "#1"},
				"down": {"uv": [10.09375, 7, 9.875, 7.03125], "texture": "#1"}
			}
		},
		{
			"from": [7.05006, 16.05012, 5.37872],
			"to": [8.82771, 16.59345, 5.67873],
			"rotation": {"angle": 0, "axis": "y", "origin": [7.40645, -14.05633, -12.35108]},
			"faces": {
				"north": {"uv": [9.625, 0.5, 9.84375, 0.5625], "texture": "#1"},
				"east": {"uv": [2.625, 10.125, 2.65625, 10.1875], "texture": "#1"},
				"south": {"uv": [9.625, 1.375, 9.84375, 1.4375], "texture": "#1"},
				"west": {"uv": [10.125, 2.625, 10.15625, 2.6875], "texture": "#1"},
				"up": {"uv": [6.96875, 9.90625, 6.75, 9.875], "texture": "#1"},
				"down": {"uv": [10.09375, 6.75, 9.875, 6.78125], "texture": "#1"}
			}
		},
		{
			"from": [10.41637, 16.05012, 7.26742],
			"to": [10.71638, 16.59345, 9.04503],
			"rotation": {"angle": 0, "axis": "y", "origin": [7.40645, -14.05633, -12.35108]},
			"faces": {
				"north": {"uv": [2.5, 10.125, 2.53125, 10.1875], "texture": "#1"},
				"east": {"uv": [9.625, 0.125, 9.84375, 0.1875], "texture": "#1"},
				"south": {"uv": [10.125, 2.5, 10.15625, 2.5625], "texture": "#1"},
				"west": {"uv": [9.625, 0.25, 9.84375, 0.3125], "texture": "#1"},
				"up": {"uv": [9.90625, 6.71875, 9.875, 6.5], "texture": "#1"},
				"down": {"uv": [6.65625, 9.875, 6.625, 10.09375], "texture": "#1"}
			}
		},
		{
			"from": [5.16139, 16.05012, 7.26742],
			"to": [6.04607, 16.59345, 9.04503],
			"rotation": {"angle": 0, "axis": "y", "origin": [7.40645, -14.05633, -12.35108]},
			"faces": {
				"north": {"uv": [9.875, 5.25, 10, 5.3125], "texture": "#1"},
				"east": {"uv": [9.375, 9.5, 9.59375, 9.5625], "texture": "#1"},
				"south": {"uv": [9.875, 5.375, 10, 5.4375], "texture": "#1"},
				"west": {"uv": [9.625, 0, 9.84375, 0.0625], "texture": "#1"},
				"up": {"uv": [7.25, 2.71875, 7.125, 2.5], "texture": "#1"},
				"down": {"uv": [7.375, 2.5, 7.25, 2.71875], "texture": "#1"}
			}
		},
		{
			"from": [5.63912, 16.05012, 9.65605],
			"to": [5.93912, 16.59345, 10.00049],
			"rotation": {"angle": 0, "axis": "y", "origin": [7.40645, -14.05633, -12.35108]},
			"faces": {
				"north": {"uv": [2.25, 10.125, 2.28125, 10.1875], "texture": "#1"},
				"east": {"uv": [10.125, 2.25, 10.15625, 2.3125], "texture": "#1"},
				"south": {"uv": [2.375, 10.125, 2.40625, 10.1875], "texture": "#1"},
				"west": {"uv": [10.125, 2.375, 10.15625, 2.4375], "texture": "#1"},
				"up": {"uv": [10.15625, 7.90625, 10.125, 7.875], "texture": "#1"},
				"down": {"uv": [8.03125, 10.125, 8, 10.15625], "texture": "#1"}
			}
		},
		{
			"from": [6.11684, 16.05012, 10.13377],
			"to": [6.41685, 16.59345, 10.47821],
			"rotation": {"angle": 0, "axis": "y", "origin": [7.40645, -14.05633, -12.35108]},
			"faces": {
				"north": {"uv": [2, 10.125, 2.03125, 10.1875], "texture": "#1"},
				"east": {"uv": [10.125, 2, 10.15625, 2.0625], "texture": "#1"},
				"south": {"uv": [2.125, 10.125, 2.15625, 10.1875], "texture": "#1"},
				"west": {"uv": [10.125, 2.125, 10.15625, 2.1875], "texture": "#1"},
				"up": {"uv": [10.15625, 7.78125, 10.125, 7.75], "texture": "#1"},
				"down": {"uv": [7.90625, 10.125, 7.875, 10.15625], "texture": "#1"}
			}
		},
		{
			"from": [6.09461, 16.05012, 5.85644],
			"to": [6.43908, 16.59345, 6.15645],
			"rotation": {"angle": 0, "axis": "y", "origin": [7.40645, -14.05633, -12.35108]},
			"faces": {
				"north": {"uv": [1.5, 10.125, 1.53125, 10.1875], "texture": "#1"},
				"east": {"uv": [1.625, 10.125, 1.65625, 10.1875], "texture": "#1"},
				"south": {"uv": [1.75, 10.125, 1.78125, 10.1875], "texture": "#1"},
				"west": {"uv": [10.125, 1.875, 10.15625, 1.9375], "texture": "#1"},
				"up": {"uv": [10.15625, 7.65625, 10.125, 7.625], "texture": "#1"},
				"down": {"uv": [7.78125, 10.125, 7.75, 10.15625], "texture": "#1"}
			}
		},
		{
			"from": [5.61689, 16.05012, 6.33417],
			"to": [5.96135, 16.59345, 6.63418],
			"rotation": {"angle": 0, "axis": "y", "origin": [7.40645, -14.05633, -12.35108]},
			"faces": {
				"north": {"uv": [10.125, 1.125, 10.15625, 1.1875], "texture": "#1"},
				"east": {"uv": [1.25, 10.125, 1.28125, 10.1875], "texture": "#1"},
				"south": {"uv": [10.125, 1.25, 10.15625, 1.3125], "texture": "#1"},
				"west": {"uv": [1.375, 10.125, 1.40625, 10.1875], "texture": "#1"},
				"up": {"uv": [10.15625, 7.53125, 10.125, 7.5], "texture": "#1"},
				"down": {"uv": [7.65625, 10.125, 7.625, 10.15625], "texture": "#1"}
			}
		},
		{
			"from": [9.46092, 16.05012, 10.13377],
			"to": [9.76093, 16.59345, 10.47821],
			"rotation": {"angle": 0, "axis": "y", "origin": [7.40645, -14.05633, -12.35108]},
			"faces": {
				"north": {"uv": [10.125, 0.875, 10.15625, 0.9375], "texture": "#1"},
				"east": {"uv": [1, 10.125, 1.03125, 10.1875], "texture": "#1"},
				"south": {"uv": [10.125, 1, 10.15625, 1.0625], "texture": "#1"},
				"west": {"uv": [1.125, 10.125, 1.15625, 10.1875], "texture": "#1"},
				"up": {"uv": [10.15625, 7.40625, 10.125, 7.375], "texture": "#1"},
				"down": {"uv": [7.53125, 10.125, 7.5, 10.15625], "texture": "#1"}
			}
		},
		{
			"from": [9.93865, 16.05012, 9.65605],
			"to": [10.23866, 16.59345, 10.00049],
			"rotation": {"angle": 0, "axis": "y", "origin": [7.40645, -14.05633, -12.35108]},
			"faces": {
				"north": {"uv": [10.125, 0.625, 10.15625, 0.6875], "texture": "#1"},
				"east": {"uv": [0.75, 10.125, 0.78125, 10.1875], "texture": "#1"},
				"south": {"uv": [10.125, 0.75, 10.15625, 0.8125], "texture": "#1"},
				"west": {"uv": [0.875, 10.125, 0.90625, 10.1875], "texture": "#1"},
				"up": {"uv": [10.15625, 7.28125, 10.125, 7.25], "texture": "#1"},
				"down": {"uv": [7.40625, 10.125, 7.375, 10.15625], "texture": "#1"}
			}
		},
		{
			"from": [9.43869, 16.05012, 5.85644],
			"to": [9.78316, 16.59345, 6.15645],
			"rotation": {"angle": 0, "axis": "y", "origin": [7.40645, -14.05633, -12.35108]},
			"faces": {
				"north": {"uv": [10.125, 0.375, 10.15625, 0.4375], "texture": "#1"},
				"east": {"uv": [0.5, 10.125, 0.53125, 10.1875], "texture": "#1"},
				"south": {"uv": [10.125, 0.5, 10.15625, 0.5625], "texture": "#1"},
				"west": {"uv": [0.625, 10.125, 0.65625, 10.1875], "texture": "#1"},
				"up": {"uv": [10.15625, 7.15625, 10.125, 7.125], "texture": "#1"},
				"down": {"uv": [7.28125, 10.125, 7.25, 10.15625], "texture": "#1"}
			}
		},
		{
			"from": [9.91642, 16.05012, 6.33417],
			"to": [10.26088, 16.59345, 6.63418],
			"rotation": {"angle": 0, "axis": "y", "origin": [7.40645, -14.05633, -12.35108]},
			"faces": {
				"north": {"uv": [10.125, 0.125, 10.15625, 0.1875], "texture": "#1"},
				"east": {"uv": [0.25, 10.125, 0.28125, 10.1875], "texture": "#1"},
				"south": {"uv": [10.125, 0.25, 10.15625, 0.3125], "texture": "#1"},
				"west": {"uv": [0.375, 10.125, 0.40625, 10.1875], "texture": "#1"},
				"up": {"uv": [10.15625, 7.03125, 10.125, 7], "texture": "#1"},
				"down": {"uv": [7.15625, 10.125, 7.125, 10.15625], "texture": "#1"}
			}
		},
		{
			"from": [9.73328, 16.32729, 6.51637],
			"to": [10.0433, 16.81628, 6.78638],
			"rotation": {"angle": 0, "axis": "y", "origin": [7.47431, -10.99352, -10.30035]},
			"faces": {
				"north": {"uv": [10.125, 5.75, 10.15625, 5.8125], "texture": "#1"},
				"east": {"uv": [5.875, 10.125, 5.90625, 10.1875], "texture": "#1"},
				"south": {"uv": [10.125, 5.875, 10.15625, 5.9375], "texture": "#1"},
				"west": {"uv": [6, 10.125, 6.03125, 10.1875], "texture": "#1"},
				"up": {"uv": [10.15625, 8.90625, 10.125, 8.875], "texture": "#1"},
				"down": {"uv": [9.03125, 10.125, 9, 10.15625], "texture": "#1"}
			}
		},
		{
			"from": [9.30333, 16.32729, 6.08642],
			"to": [9.61335, 16.81628, 6.35643],
			"rotation": {"angle": 0, "axis": "y", "origin": [7.47431, -10.99352, -10.30035]},
			"faces": {
				"north": {"uv": [10.125, 5.5, 10.15625, 5.5625], "texture": "#1"},
				"east": {"uv": [5.625, 10.125, 5.65625, 10.1875], "texture": "#1"},
				"south": {"uv": [10.125, 5.625, 10.15625, 5.6875], "texture": "#1"},
				"west": {"uv": [5.75, 10.125, 5.78125, 10.1875], "texture": "#1"},
				"up": {"uv": [10.15625, 8.78125, 10.125, 8.75], "texture": "#1"},
				"down": {"uv": [8.90625, 10.125, 8.875, 10.15625], "texture": "#1"}
			}
		},
		{
			"from": [9.75329, 16.32729, 9.50606],
			"to": [10.0233, 16.81628, 9.81606],
			"rotation": {"angle": 0, "axis": "y", "origin": [7.47431, -10.99352, -10.30035]},
			"faces": {
				"north": {"uv": [10.125, 5.25, 10.15625, 5.3125], "texture": "#1"},
				"east": {"uv": [5.375, 10.125, 5.40625, 10.1875], "texture": "#1"},
				"south": {"uv": [10.125, 5.375, 10.15625, 5.4375], "texture": "#1"},
				"west": {"uv": [5.5, 10.125, 5.53125, 10.1875], "texture": "#1"},
				"up": {"uv": [10.15625, 8.65625, 10.125, 8.625], "texture": "#1"},
				"down": {"uv": [8.78125, 10.125, 8.75, 10.15625], "texture": "#1"}
			}
		},
		{
			"from": [9.32333, 16.32729, 9.93602],
			"to": [9.59334, 16.81628, 10.24601],
			"rotation": {"angle": 0, "axis": "y", "origin": [7.47431, -10.99352, -10.30035]},
			"faces": {
				"north": {"uv": [10.125, 5, 10.15625, 5.0625], "texture": "#1"},
				"east": {"uv": [5.125, 10.125, 5.15625, 10.1875], "texture": "#1"},
				"south": {"uv": [10.125, 5.125, 10.15625, 5.1875], "texture": "#1"},
				"west": {"uv": [5.25, 10.125, 5.28125, 10.1875], "texture": "#1"},
				"up": {"uv": [10.15625, 8.53125, 10.125, 8.5], "texture": "#1"},
				"down": {"uv": [8.65625, 10.125, 8.625, 10.15625], "texture": "#1"}
			}
		},
		{
			"from": [5.8637, 16.32729, 6.51637],
			"to": [6.17372, 16.81628, 6.78638],
			"rotation": {"angle": 0, "axis": "y", "origin": [7.47431, -10.99352, -10.30035]},
			"faces": {
				"north": {"uv": [4.625, 10.125, 4.65625, 10.1875], "texture": "#1"},
				"east": {"uv": [4.75, 10.125, 4.78125, 10.1875], "texture": "#1"},
				"south": {"uv": [10.125, 4.875, 10.15625, 4.9375], "texture": "#1"},
				"west": {"uv": [5, 10.125, 5.03125, 10.1875], "texture": "#1"},
				"up": {"uv": [10.15625, 8.40625, 10.125, 8.375], "texture": "#1"},
				"down": {"uv": [8.53125, 10.125, 8.5, 10.15625], "texture": "#1"}
			}
		},
		{
			"from": [6.29366, 16.32729, 6.08642],
			"to": [6.60367, 16.81628, 6.35643],
			"rotation": {"angle": 0, "axis": "y", "origin": [7.47431, -10.99352, -10.30035]},
			"faces": {
				"north": {"uv": [4.125, 10.125, 4.15625, 10.1875], "texture": "#1"},
				"east": {"uv": [4.25, 10.125, 4.28125, 10.1875], "texture": "#1"},
				"south": {"uv": [4.375, 10.125, 4.40625, 10.1875], "texture": "#1"},
				"west": {"uv": [4.5, 10.125, 4.53125, 10.1875], "texture": "#1"},
				"up": {"uv": [10.15625, 8.28125, 10.125, 8.25], "texture": "#1"},
				"down": {"uv": [8.40625, 10.125, 8.375, 10.15625], "texture": "#1"}
			}
		},
		{
			"from": [6.31366, 16.32729, 9.93602],
			"to": [6.58367, 16.81628, 10.24601],
			"rotation": {"angle": 0, "axis": "y", "origin": [7.47431, -10.99352, -10.30035]},
			"faces": {
				"north": {"uv": [3.75, 10.125, 3.78125, 10.1875], "texture": "#1"},
				"east": {"uv": [10.125, 3.75, 10.15625, 3.8125], "texture": "#1"},
				"south": {"uv": [3.875, 10.125, 3.90625, 10.1875], "texture": "#1"},
				"west": {"uv": [4, 10.125, 4.03125, 10.1875], "texture": "#1"},
				"up": {"uv": [10.15625, 8.15625, 10.125, 8.125], "texture": "#1"},
				"down": {"uv": [8.28125, 10.125, 8.25, 10.15625], "texture": "#1"}
			}
		},
		{
			"from": [5.88371, 16.32729, 9.50606],
			"to": [6.15372, 16.81628, 9.81606],
			"rotation": {"angle": 0, "axis": "y", "origin": [7.47431, -10.99352, -10.30035]},
			"faces": {
				"north": {"uv": [3.5, 10.125, 3.53125, 10.1875], "texture": "#1"},
				"east": {"uv": [10.125, 3.5, 10.15625, 3.5625], "texture": "#1"},
				"south": {"uv": [3.625, 10.125, 3.65625, 10.1875], "texture": "#1"},
				"west": {"uv": [10.125, 3.625, 10.15625, 3.6875], "texture": "#1"},
				"up": {"uv": [10.15625, 8.03125, 10.125, 8], "texture": "#1"},
				"down": {"uv": [8.15625, 10.125, 8.125, 10.15625], "texture": "#1"}
			}
		},
		{
			"from": [5.45376, 16.32729, 7.3563],
			"to": [6.24997, 16.81628, 8.95615],
			"rotation": {"angle": 0, "axis": "y", "origin": [7.47431, -10.99352, -10.30035]},
			"faces": {
				"north": {"uv": [2, 10, 2.09375, 10.0625], "texture": "#1"},
				"east": {"uv": [4, 9.625, 4.1875, 9.6875], "texture": "#1"},
				"south": {"uv": [2.125, 10, 2.21875, 10.0625], "texture": "#1"},
				"west": {"uv": [9.625, 4, 9.8125, 4.0625], "texture": "#1"},
				"up": {"uv": [1.46875, 8.6875, 1.375, 8.5], "texture": "#1"},
				"down": {"uv": [9.46875, 8.375, 9.375, 8.5625], "texture": "#1"}
			}
		},
		{
			"from": [10.18324, 16.32729, 7.3563],
			"to": [10.45325, 16.81628, 8.95615],
			"rotation": {"angle": 0, "axis": "y", "origin": [7.47431, -10.99352, -10.30035]},
			"faces": {
				"north": {"uv": [10.125, 3.25, 10.15625, 3.3125], "texture": "#1"},
				"east": {"uv": [9.625, 3.625, 9.8125, 3.6875], "texture": "#1"},
				"south": {"uv": [10.125, 3.375, 10.15625, 3.4375], "texture": "#1"},
				"west": {"uv": [9.625, 3.75, 9.8125, 3.8125], "texture": "#1"},
				"up": {"uv": [1.90625, 10.1875, 1.875, 10], "texture": "#1"},
				"down": {"uv": [10.03125, 1.875, 10, 2.0625], "texture": "#1"}
			}
		},
		{
			"from": [7.15356, 16.32729, 5.65647],
			"to": [8.75344, 16.81628, 5.92648],
			"rotation": {"angle": 0, "axis": "y", "origin": [7.47431, -10.99352, -10.30035]},
			"faces": {
				"north": {"uv": [9.625, 3.375, 9.8125, 3.4375], "texture": "#1"},
				"east": {"uv": [10.125, 3.125, 10.15625, 3.1875], "texture": "#1"},
				"south": {"uv": [9.625, 3.5, 9.8125, 3.5625], "texture": "#1"},
				"west": {"uv": [3.25, 10.125, 3.28125, 10.1875], "texture": "#1"},
				"up": {"uv": [10.1875, 1.65625, 10, 1.625], "texture": "#1"},
				"down": {"uv": [10.1875, 1.75, 10, 1.78125], "texture": "#1"}
			}
		},
		{
			"from": [7.15356, 16.32729, 10.38595],
			"to": [8.75344, 16.81628, 10.65596],
			"rotation": {"angle": 0, "axis": "y", "origin": [7.47431, -10.99352, -10.30035]},
			"faces": {
				"north": {"uv": [9.625, 3.125, 9.8125, 3.1875], "texture": "#1"},
				"east": {"uv": [3, 10.125, 3.03125, 10.1875], "texture": "#1"},
				"south": {"uv": [9.625, 3.25, 9.8125, 3.3125], "texture": "#1"},
				"west": {"uv": [3.125, 10.125, 3.15625, 10.1875], "texture": "#1"},
				"up": {"uv": [10.1875, 1.40625, 10, 1.375], "texture": "#1"},
				"down": {"uv": [10.1875, 1.5, 10, 1.53125], "texture": "#1"}
			}
		},
		{
			"from": [6.50865, 16.32729, 9.956],
			"to": [9.39838, 16.81628, 10.44099],
			"rotation": {"angle": 0, "axis": "y", "origin": [7.47431, -10.99352, -10.30035]},
			"faces": {
				"north": {"uv": [9.25, 2.25, 9.625, 2.3125], "texture": "#1"},
				"east": {"uv": [7.75, 10, 7.8125, 10.0625], "texture": "#1"},
				"south": {"uv": [9.25, 2.375, 9.625, 2.4375], "texture": "#1"},
				"west": {"uv": [10, 7.75, 10.0625, 7.8125], "texture": "#1"},
				"up": {"uv": [9.625, 2.5625, 9.25, 2.5], "texture": "#1"},
				"down": {"uv": [3, 9.25, 2.625, 9.3125], "texture": "#1"}
			}
		},
		{
			"from": [6.50865, 16.32729, 5.87143],
			"to": [9.39838, 16.81628, 6.35643],
			"rotation": {"angle": 0, "axis": "y", "origin": [7.47431, -10.99352, -10.30035]},
			"faces": {
				"north": {"uv": [9.25, 0.125, 9.625, 0.1875], "texture": "#1"},
				"east": {"uv": [7.625, 10, 7.6875, 10.0625], "texture": "#1"},
				"south": {"uv": [9.25, 0.25, 9.625, 0.3125], "texture": "#1"},
				"west": {"uv": [10, 7.625, 10.0625, 7.6875], "texture": "#1"},
				"up": {"uv": [9.625, 2.0625, 9.25, 2], "texture": "#1"},
				"down": {"uv": [9.625, 2.125, 9.25, 2.1875], "texture": "#1"}
			}
		},
		{
			"from": [9.75329, 16.32729, 6.65634],
			"to": [10.23828, 16.81628, 9.54605],
			"rotation": {"angle": 0, "axis": "y", "origin": [7.47431, -10.99352, -10.30035]},
			"faces": {
				"north": {"uv": [10, 7.375, 10.0625, 7.4375], "texture": "#1"},
				"east": {"uv": [9.125, 9.125, 9.5, 9.1875], "texture": "#1"},
				"south": {"uv": [10, 7.5, 10.0625, 7.5625], "texture": "#1"},
				"west": {"uv": [9.25, 0, 9.625, 0.0625], "texture": "#1"},
				"up": {"uv": [5.8125, 9.5, 5.75, 9.125], "texture": "#1"},
				"down": {"uv": [6.0625, 9.125, 6, 9.5], "texture": "#1"}
			}
		},
		{
			"from": [5.66874, 16.32729, 6.65634],
			"to": [6.46495, 16.81628, 9.54605],
			"rotation": {"angle": 0, "axis": "y", "origin": [7.47431, -10.99352, -10.30035]},
			"faces": {
				"north": {"uv": [10, 1.125, 10.09375, 1.1875], "texture": "#1"},
				"east": {"uv": [9.125, 8.625, 9.5, 8.6875], "texture": "#1"},
				"south": {"uv": [10, 1.25, 10.09375, 1.3125], "texture": "#1"},
				"west": {"uv": [9.125, 9, 9.5, 9.0625], "texture": "#1"},
				"up": {"uv": [2.09375, 8.75, 2, 8.375], "texture": "#1"},
				"down": {"uv": [2.46875, 8.375, 2.375, 8.75], "texture": "#1"}
			}
		},
		{
			"from": [6.0987, 16.32729, 6.22638],
			"to": [9.80833, 16.81628, 9.976],
			"rotation": {"angle": 0, "axis": "y", "origin": [7.47431, -10.99352, -10.30035]},
			"faces": {
				"north": {"uv": [1.375, 9, 1.84375, 9.0625], "texture": "#1"},
				"east": {"uv": [9, 1.375, 9.46875, 1.4375], "texture": "#1"},
				"south": {"uv": [9, 1.5, 9.46875, 1.5625], "texture": "#1"},
				"west": {"uv": [9, 1.625, 9.46875, 1.6875], "texture": "#1"},
				"up": {"uv": [7.46875, 0.46875, 7, 0], "texture": "#1"},
				"down": {"uv": [1.21875, 7, 0.75, 7.46875], "texture": "#1"}
			}
		},
		{
			"from": [9.58494, 16.59929, 6.66396],
			"to": [9.86706, 17.29428, 6.90967],
			"rotation": {"angle": 0, "axis": "y", "origin": [7.52928, -8.49014, -8.63926]},
			"faces": {
				"north": {"uv": [10, 10, 10.03125, 10.09375], "texture": "#1"},
				"east": {"uv": [0, 10.125, 0.03125, 10.21875], "texture": "#1"},
				"south": {"uv": [10.125, 0, 10.15625, 0.09375], "texture": "#1"},
				"west": {"uv": [0.125, 10.125, 0.15625, 10.21875], "texture": "#1"},
				"up": {"uv": [10.15625, 9.90625, 10.125, 9.875], "texture": "#1"},
				"down": {"uv": [10.03125, 10.125, 10, 10.15625], "texture": "#1"}
			}
		},
		{
			"from": [9.19368, 16.59929, 6.2727],
			"to": [9.4758, 17.29428, 6.51841],
			"rotation": {"angle": 0, "axis": "y", "origin": [7.52928, -8.49014, -8.63926]},
			"faces": {
				"north": {"uv": [9.75, 10, 9.78125, 10.09375], "texture": "#1"},
				"east": {"uv": [10, 9.75, 10.03125, 9.84375], "texture": "#1"},
				"south": {"uv": [9.875, 10, 9.90625, 10.09375], "texture": "#1"},
				"west": {"uv": [10, 9.875, 10.03125, 9.96875], "texture": "#1"},
				"up": {"uv": [10.15625, 9.78125, 10.125, 9.75], "texture": "#1"},
				"down": {"uv": [9.90625, 10.125, 9.875, 10.15625], "texture": "#1"}
			}
		},
		{
			"from": [9.60315, 16.59929, 9.38458],
			"to": [9.84885, 17.29428, 9.66667],
			"rotation": {"angle": 0, "axis": "y", "origin": [7.52928, -8.49014, -8.63926]},
			"faces": {
				"north": {"uv": [9.5, 10, 9.53125, 10.09375], "texture": "#1"},
				"east": {"uv": [10, 9.5, 10.03125, 9.59375], "texture": "#1"},
				"south": {"uv": [9.625, 10, 9.65625, 10.09375], "texture": "#1"},
				"west": {"uv": [10, 9.625, 10.03125, 9.71875], "texture": "#1"},
				"up": {"uv": [10.15625, 9.65625, 10.125, 9.625], "texture": "#1"},
				"down": {"uv": [9.78125, 10.125, 9.75, 10.15625], "texture": "#1"}
			}
		},
		{
			"from": [9.21189, 16.59929, 9.77584],
			"to": [9.4576, 17.29428, 10.05793],
			"rotation": {"angle": 0, "axis": "y", "origin": [7.52928, -8.49014, -8.63926]},
			"faces": {
				"north": {"uv": [9.25, 10, 9.28125, 10.09375], "texture": "#1"},
				"east": {"uv": [10, 9.25, 10.03125, 9.34375], "texture": "#1"},
				"south": {"uv": [9.375, 10, 9.40625, 10.09375], "texture": "#1"},
				"west": {"uv": [10, 9.375, 10.03125, 9.46875], "texture": "#1"},
				"up": {"uv": [10.15625, 9.53125, 10.125, 9.5], "texture": "#1"},
				"down": {"uv": [9.65625, 10.125, 9.625, 10.15625], "texture": "#1"}
			}
		},
		{
			"from": [6.06363, 16.59929, 6.66396],
			"to": [6.34574, 17.29428, 6.90967],
			"rotation": {"angle": 0, "axis": "y", "origin": [7.52928, -8.49014, -8.63926]},
			"faces": {
				"north": {"uv": [9, 10, 9.03125, 10.09375], "texture": "#1"},
				"east": {"uv": [10, 9, 10.03125, 9.09375], "texture": "#1"},
				"south": {"uv": [9.125, 10, 9.15625, 10.09375], "texture": "#1"},
				"west": {"uv": [10, 9.125, 10.03125, 9.21875], "texture": "#1"},
				"up": {"uv": [10.15625, 9.40625, 10.125, 9.375], "texture": "#1"},
				"down": {"uv": [9.53125, 10.125, 9.5, 10.15625], "texture": "#1"}
			}
		},
		{
			"from": [6.45488, 16.59929, 6.2727],
			"to": [6.737, 17.29428, 6.51841],
			"rotation": {"angle": 0, "axis": "y", "origin": [7.52928, -8.49014, -8.63926]},
			"faces": {
				"north": {"uv": [8.75, 10, 8.78125, 10.09375], "texture": "#1"},
				"east": {"uv": [10, 8.75, 10.03125, 8.84375], "texture": "#1"},
				"south": {"uv": [8.875, 10, 8.90625, 10.09375], "texture": "#1"},
				"west": {"uv": [10, 8.875, 10.03125, 8.96875], "texture": "#1"},
				"up": {"uv": [10.15625, 9.28125, 10.125, 9.25], "texture": "#1"},
				"down": {"uv": [9.40625, 10.125, 9.375, 10.15625], "texture": "#1"}
			}
		},
		{
			"from": [6.47309, 16.59929, 9.77584],
			"to": [6.71879, 17.29428, 10.05793],
			"rotation": {"angle": 0, "axis": "y", "origin": [7.52928, -8.49014, -8.63926]},
			"faces": {
				"north": {"uv": [8.5, 10, 8.53125, 10.09375], "texture": "#1"},
				"east": {"uv": [10, 8.5, 10.03125, 8.59375], "texture": "#1"},
				"south": {"uv": [8.625, 10, 8.65625, 10.09375], "texture": "#1"},
				"west": {"uv": [10, 8.625, 10.03125, 8.71875], "texture": "#1"},
				"up": {"uv": [10.15625, 9.15625, 10.125, 9.125], "texture": "#1"},
				"down": {"uv": [9.28125, 10.125, 9.25, 10.15625], "texture": "#1"}
			}
		},
		{
			"from": [6.08183, 16.59929, 9.38458],
			"to": [6.32754, 17.29428, 9.66667],
			"rotation": {"angle": 0, "axis": "y", "origin": [7.52928, -8.49014, -8.63926]},
			"faces": {
				"north": {"uv": [8.25, 10, 8.28125, 10.09375], "texture": "#1"},
				"east": {"uv": [10, 8.25, 10.03125, 8.34375], "texture": "#1"},
				"south": {"uv": [8.375, 10, 8.40625, 10.09375], "texture": "#1"},
				"west": {"uv": [10, 8.375, 10.03125, 8.46875], "texture": "#1"},
				"up": {"uv": [10.15625, 9.03125, 10.125, 9], "texture": "#1"},
				"down": {"uv": [9.15625, 10.125, 9.125, 10.15625], "texture": "#1"}
			}
		},
		{
			"from": [5.69057, 16.59929, 7.42829],
			"to": [6.41512, 17.29428, 8.88416],
			"rotation": {"angle": 0, "axis": "y", "origin": [7.52928, -8.49014, -8.63926]},
			"faces": {
				"north": {"uv": [9.75, 6.875, 9.84375, 6.96875], "texture": "#1"},
				"east": {"uv": [9.5, 1.125, 9.6875, 1.21875], "texture": "#1"},
				"south": {"uv": [9.75, 7, 9.84375, 7.09375], "texture": "#1"},
				"west": {"uv": [9.5, 1.25, 9.6875, 1.34375], "texture": "#1"},
				"up": {"uv": [9.59375, 1.5625, 9.5, 1.375], "texture": "#1"},
				"down": {"uv": [2.59375, 9.5, 2.5, 9.6875], "texture": "#1"}
			}
		},
		{
			"from": [9.9944, 16.59929, 7.42829],
			"to": [10.24011, 17.29428, 8.88416],
			"rotation": {"angle": 0, "axis": "y", "origin": [7.52928, -8.49014, -8.63926]},
			"faces": {
				"north": {"uv": [8.125, 10, 8.15625, 10.09375], "texture": "#1"},
				"east": {"uv": [9.5, 0.875, 9.6875, 0.96875], "texture": "#1"},
				"south": {"uv": [10, 8.125, 10.03125, 8.21875], "texture": "#1"},
				"west": {"uv": [9.5, 1, 9.6875, 1.09375], "texture": "#1"},
				"up": {"uv": [10.03125, 3.3125, 10, 3.125], "texture": "#1"},
				"down": {"uv": [3.40625, 10, 3.375, 10.1875], "texture": "#1"}
			}
		},
		{
			"from": [7.2374, 16.59929, 5.88144],
			"to": [8.69329, 17.29428, 6.12715],
			"rotation": {"angle": 0, "axis": "y", "origin": [7.52928, -8.49014, -8.63926]},
			"faces": {
				"north": {"uv": [9.5, 0.625, 9.6875, 0.71875], "texture": "#1"},
				"east": {"uv": [8, 10, 8.03125, 10.09375], "texture": "#1"},
				"south": {"uv": [9.5, 0.75, 9.6875, 0.84375], "texture": "#1"},
				"west": {"uv": [10, 8, 10.03125, 8.09375], "texture": "#1"},
				"up": {"uv": [10.1875, 3.03125, 10, 3], "texture": "#1"},
				"down": {"uv": [3.3125, 10, 3.125, 10.03125], "texture": "#1"}
			}
		},
		{
			"from": [7.2374, 16.59929, 10.18528],
			"to": [8.69329, 17.29428, 10.43098],
			"rotation": {"angle": 0, "axis": "y", "origin": [7.52928, -8.49014, -8.63926]},
			"faces": {
				"north": {"uv": [9.375, 8.875, 9.5625, 8.96875], "texture": "#1"},
				"east": {"uv": [7.875, 10, 7.90625, 10.09375], "texture": "#1"},
				"south": {"uv": [9.375, 9.375, 9.5625, 9.46875], "texture": "#1"},
				"west": {"uv": [10, 7.875, 10.03125, 7.96875], "texture": "#1"},
				"up": {"uv": [10.1875, 2.78125, 10, 2.75], "texture": "#1"},
				"down": {"uv": [10.1875, 2.875, 10, 2.90625], "texture": "#1"}
			}
		},
		{
			"from": [6.65052, 16.59929, 9.79402],
			"to": [9.28018, 17.29428, 10.23536],
			"rotation": {"angle": 0, "axis": "y", "origin": [7.52928, -8.49014, -8.63926]},
			"faces": {
				"north": {"uv": [6.125, 8.875, 6.46875, 8.96875], "texture": "#1"},
				"east": {"uv": [10, 2.5, 10.0625, 2.59375], "texture": "#1"},
				"south": {"uv": [0.375, 9, 0.71875, 9.09375], "texture": "#1"},
				"west": {"uv": [10, 2.625, 10.0625, 2.71875], "texture": "#1"},
				"up": {"uv": [9.71875, 0.4375, 9.375, 0.375], "texture": "#1"},
				"down": {"uv": [2.96875, 9.375, 2.625, 9.4375], "texture": "#1"}
			}
		},
		{
			"from": [6.65052, 16.59929, 6.07706],
			"to": [9.28018, 17.29428, 6.51841],
			"rotation": {"angle": 0, "axis": "y", "origin": [7.52928, -8.49014, -8.63926]},
			"faces": {
				"north": {"uv": [3.125, 8.75, 3.46875, 8.84375], "texture": "#1"},
				"east": {"uv": [10, 2.25, 10.0625, 2.34375], "texture": "#1"},
				"south": {"uv": [3.125, 8.875, 3.46875, 8.96875], "texture": "#1"},
				"west": {"uv": [10, 2.375, 10.0625, 2.46875], "texture": "#1"},
				"up": {"uv": [6.96875, 9.3125, 6.625, 9.25], "texture": "#1"},
				"down": {"uv": [9.46875, 9.25, 9.125, 9.3125], "texture": "#1"}
			}
		},
		{
			"from": [9.60315, 16.59929, 6.79133],
			"to": [10.04449, 17.29428, 9.42097],
			"rotation": {"angle": 0, "axis": "y", "origin": [7.52928, -8.49014, -8.63926]},
			"faces": {
				"north": {"uv": [10, 2.125, 10.0625, 2.21875], "texture": "#1"},
				"east": {"uv": [3.125, 8.5, 3.46875, 8.59375], "texture": "#1"},
				"south": {"uv": [2.25, 10, 2.3125, 10.09375], "texture": "#1"},
				"west": {"uv": [3.125, 8.625, 3.46875, 8.71875], "texture": "#1"},
				"up": {"uv": [3.0625, 9.59375, 3, 9.25], "texture": "#1"},
				"down": {"uv": [9.3125, 4.5, 9.25, 4.84375], "texture": "#1"}
			}
		},
		{
			"from": [5.88621, 16.59929, 6.79133],
			"to": [6.61076, 17.29428, 9.42097],
			"rotation": {"angle": 0, "axis": "y", "origin": [7.52928, -8.49014, -8.63926]},
			"faces": {
				"north": {"uv": [9.75, 6.75, 9.84375, 6.84375], "texture": "#1"},
				"east": {"uv": [3.125, 4.5, 3.46875, 4.59375], "texture": "#1"},
				"south": {"uv": [6.875, 9.75, 6.96875, 9.84375], "texture": "#1"},
				"west": {"uv": [3.125, 4.625, 3.46875, 4.71875], "texture": "#1"},
				"up": {"uv": [5.84375, 8.71875, 5.75, 8.375], "texture": "#1"},
				"down": {"uv": [6.96875, 8.375, 6.875, 8.71875], "texture": "#1"}
			}
		},
		{
			"from": [6.27747, 16.59929, 6.40007],
			"to": [9.65324, 17.29428, 9.81222],
			"rotation": {"angle": 0, "axis": "y", "origin": [7.52928, -8.49014, -8.63926]},
			"faces": {
				"north": {"uv": [6.125, 8.375, 6.5625, 8.46875], "texture": "#1"},
				"east": {"uv": [6.125, 8.5, 6.5625, 8.59375], "texture": "#1"},
				"south": {"uv": [6.125, 8.625, 6.5625, 8.71875], "texture": "#1"},
				"west": {"uv": [6.125, 8.75, 6.5625, 8.84375], "texture": "#1"},
				"up": {"uv": [1.6875, 7.4375, 1.25, 7], "texture": "#1"},
				"down": {"uv": [2.1875, 7, 1.75, 7.4375], "texture": "#1"}
			}
		},
		{
			"from": [14.3, -4.875, 5.6],
			"to": [14.9, 12.925, 10.4],
			"rotation": {"angle": 0, "axis": "y", "origin": [8, -5.275, 8]},
			"faces": {
				"north": {"uv": [7.125, 7.375, 7.1875, 9.59375], "texture": "#1"},
				"east": {"uv": [0.625, 4.75, 1.21875, 6.96875], "texture": "#1"},
				"south": {"uv": [7.25, 7.375, 7.3125, 9.59375], "texture": "#1"},
				"west": {"uv": [1.25, 4.75, 1.84375, 6.96875], "texture": "#1"},
				"up": {"uv": [0.4375, 8.96875, 0.375, 8.375], "texture": "#1"},
				"down": {"uv": [0.5625, 8.375, 0.5, 8.96875], "texture": "#1"}
			}
		},
		{
			"from": [1, -4.875, 5.6],
			"to": [1.6, 12.925, 10.4],
			"rotation": {"angle": 0, "axis": "y", "origin": [8, -5.275, 8]},
			"faces": {
				"north": {"uv": [7.375, 7.375, 7.4375, 9.59375], "texture": "#1"},
				"east": {"uv": [1.875, 4.75, 2.46875, 6.96875], "texture": "#1"},
				"south": {"uv": [0.75, 7.5, 0.8125, 9.71875], "texture": "#1"},
				"west": {"uv": [3.125, 4.75, 3.71875, 6.96875], "texture": "#1"},
				"up": {"uv": [0.6875, 8.96875, 0.625, 8.375], "texture": "#1"},
				"down": {"uv": [2.1875, 8.375, 2.125, 8.96875], "texture": "#1"}
			}
		},
		{
			"from": [0.75, -4.875, 7.1],
			"to": [1.1, 12.925, 8.9],
			"rotation": {"angle": 0, "axis": "y", "origin": [8, -5.275, 8]},
			"faces": {
				"north": {"uv": [3.5, 7.875, 3.53125, 10.09375], "texture": "#1"},
				"east": {"uv": [4.5, 4.75, 4.71875, 6.96875], "texture": "#1"},
				"south": {"uv": [3.625, 7.875, 3.65625, 10.09375], "texture": "#1"},
				"west": {"uv": [4.75, 4.75, 4.96875, 6.96875], "texture": "#1"},
				"up": {"uv": [9.90625, 5.96875, 9.875, 5.75], "texture": "#1"},
				"down": {"uv": [9.90625, 6, 9.875, 6.21875], "texture": "#1"}
			}
		},
		{
			"from": [14.75, -4.875, 7.1],
			"to": [15.1, 12.925, 8.9],
			"rotation": {"angle": 0, "axis": "y", "origin": [8, -5.275, 8]},
			"faces": {
				"north": {"uv": [3.75, 7.875, 3.78125, 10.09375], "texture": "#1"},
				"east": {"uv": [5, 4.75, 5.21875, 6.96875], "texture": "#1"},
				"south": {"uv": [3.875, 7.875, 3.90625, 10.09375], "texture": "#1"},
				"west": {"uv": [5.25, 0, 5.46875, 2.21875], "texture": "#1"},
				"up": {"uv": [9.90625, 6.46875, 9.875, 6.25], "texture": "#1"},
				"down": {"uv": [6.53125, 9.875, 6.5, 10.09375], "texture": "#1"}
			}
		},
		{
			"from": [1.4, -4.875, 4.6],
			"to": [2, 13.925, 11.4],
			"rotation": {"angle": 0, "axis": "y", "origin": [8, -5.275, 8]},
			"faces": {
				"north": {"uv": [4, 7.25, 4.0625, 9.59375], "texture": "#1"},
				"east": {"uv": [4.375, 0, 5.21875, 2.34375], "texture": "#1"},
				"south": {"uv": [7.25, 4, 7.3125, 6.34375], "texture": "#1"},
				"west": {"uv": [4.375, 2.375, 5.21875, 4.71875], "texture": "#1"},
				"up": {"uv": [1.1875, 9.09375, 1.125, 8.25], "texture": "#1"},
				"down": {"uv": [1.3125, 8.25, 1.25, 9.09375], "texture": "#1"}
			}
		},
		{
			"from": [3, -4.875, 3.4],
			"to": [13, 13.925, 4],
			"rotation": {"angle": 0, "axis": "y", "origin": [8, -5.275, 8]},
			"faces": {
				"north": {"uv": [0, 0, 1.25, 2.34375], "texture": "#1"},
				"east": {"uv": [4.125, 7.25, 4.1875, 9.59375], "texture": "#1"},
				"south": {"uv": [1.25, 0, 2.5, 2.34375], "texture": "#1"},
				"west": {"uv": [4.25, 7.25, 4.3125, 9.59375], "texture": "#1"},
				"up": {"uv": [8.875, 1.8125, 7.625, 1.75], "texture": "#1"},
				"down": {"uv": [8.875, 1.875, 7.625, 1.9375], "texture": "#1"}
			}
		},
		{
			"from": [4, -1.875, 2.9],
			"to": [12, 12.925, 3.5],
			"rotation": {"angle": 0, "axis": "y", "origin": [8, -5.275, 8]},
			"faces": {
				"north": {"uv": [1.66282, 0, 14.37413, 16], "texture": "#0"},
				"east": {"uv": [9.47027, 7.84844, 9.81697, 10.09844], "texture": "#0"},
				"south": {"uv": [8.85566, 7.86663, 9.85566, 10.11663], "texture": "#0"},
				"west": {"uv": [9.21161, 7.73355, 9.70612, 9.98355], "texture": "#0"},
				"up": {"uv": [9.7933, 9.7015, 8.46074, 8.76357], "texture": "#0"},
				"down": {"uv": [9.97806, 8.81467, 8.97806, 9.42003], "texture": "#0"}
			}
		},
		{
			"from": [4, -4.875, 12.4],
			"to": [12, 12.925, 13],
			"rotation": {"angle": 0, "axis": "y", "origin": [8, -5.275, 8]},
			"faces": {
				"north": {"uv": [2.5, 0, 3.5, 2.21875], "texture": "#1"},
				"east": {"uv": [0.875, 7.5, 0.9375, 9.71875], "texture": "#1"},
				"south": {"uv": [2.5, 2.25, 3.5, 4.46875], "texture": "#1"},
				"west": {"uv": [1, 7.5, 1.0625, 9.71875], "texture": "#1"},
				"up": {"uv": [9, 0.5625, 8, 0.5], "texture": "#1"},
				"down": {"uv": [9, 0.625, 8, 0.6875], "texture": "#1"}
			}
		},
		{
			"from": [5.5, -4.875, 12.9],
			"to": [10.5, 12.925, 13.25],
			"rotation": {"angle": 0, "axis": "y", "origin": [8, -5.275, 8]},
			"faces": {
				"north": {"uv": [2.5, 4.5, 3.125, 6.71875], "texture": "#1"},
				"east": {"uv": [5.125, 7.875, 5.15625, 10.09375], "texture": "#1"},
				"south": {"uv": [0, 4.75, 0.625, 6.96875], "texture": "#1"},
				"west": {"uv": [5.25, 7.875, 5.28125, 10.09375], "texture": "#1"},
				"up": {"uv": [10, 3.90625, 9.375, 3.875], "texture": "#1"},
				"down": {"uv": [10, 4.5, 9.375, 4.53125], "texture": "#1"}
			}
		},
		{
			"from": [6.75, -4.875, 13.15],
			"to": [9.25, 12.925, 13.5],
			"rotation": {"angle": 0, "axis": "y", "origin": [8, -5.275, 8]},
			"faces": {
				"north": {"uv": [3.75, 4.75, 4.0625, 6.96875], "texture": "#1"},
				"east": {"uv": [5.375, 7.875, 5.40625, 10.09375], "texture": "#1"},
				"south": {"uv": [4.125, 4.75, 4.4375, 6.96875], "texture": "#1"},
				"west": {"uv": [7.5, 7.875, 7.53125, 10.09375], "texture": "#1"},
				"up": {"uv": [4.8125, 9.65625, 4.5, 9.625], "texture": "#1"},
				"down": {"uv": [9.9375, 4.875, 9.625, 4.90625], "texture": "#1"}
			}
		},
		{
			"from": [4, -4.875, 3],
			"to": [12, -1.825, 3.6],
			"rotation": {"angle": 0, "axis": "y", "origin": [8, -5.275, 8]},
			"faces": {
				"north": {"uv": [6, 0, 7, 0.375], "texture": "#1"},
				"east": {"uv": [5, 9.125, 5.0625, 9.5], "texture": "#1"},
				"south": {"uv": [6, 0.375, 7, 0.75], "texture": "#1"},
				"west": {"uv": [5.5, 9.125, 5.5625, 9.5], "texture": "#1"},
				"up": {"uv": [9, 1.0625, 8, 1], "texture": "#1"},
				"down": {"uv": [9, 1.125, 8, 1.1875], "texture": "#1"}
			}
		},
		{
			"from": [2, -4.875, 4],
			"to": [3.4, 13.925, 5],
			"rotation": {"angle": 0, "axis": "y", "origin": [8, -5.275, 8]},
			"faces": {
				"north": {"uv": [5.25, 2.25, 5.4375, 4.59375], "texture": "#1"},
				"east": {"uv": [2.5, 6.75, 2.625, 9.09375], "texture": "#1"},
				"south": {"uv": [5.25, 4.625, 5.4375, 6.96875], "texture": "#1"},
				"west": {"uv": [2.625, 6.75, 2.75, 9.09375], "texture": "#1"},
				"up": {"uv": [9.3125, 6.5, 9.125, 6.375], "texture": "#1"},
				"down": {"uv": [6.8125, 9.125, 6.625, 9.25], "texture": "#1"}
			}
		},
		{
			"from": [12.6, -4.875, 11],
			"to": [14, 13.925, 12],
			"rotation": {"angle": 0, "axis": "y", "origin": [8, -5.275, 8]},
			"faces": {
				"north": {"uv": [5.5, 0, 5.6875, 2.34375], "texture": "#1"},
				"east": {"uv": [2.75, 6.75, 2.875, 9.09375], "texture": "#1"},
				"south": {"uv": [5.5, 2.375, 5.6875, 4.71875], "texture": "#1"},
				"west": {"uv": [6.75, 2.75, 6.875, 5.09375], "texture": "#1"},
				"up": {"uv": [7.0625, 9.25, 6.875, 9.125], "texture": "#1"},
				"down": {"uv": [9.3125, 8, 9.125, 8.125], "texture": "#1"}
			}
		},
		{
			"from": [2, -4.875, 11],
			"to": [3.4, 13.925, 12],
			"rotation": {"angle": 0, "axis": "y", "origin": [8, -5.275, 8]},
			"faces": {
				"north": {"uv": [5.5, 4.75, 5.6875, 7.09375], "texture": "#1"},
				"east": {"uv": [2.875, 6.75, 3, 9.09375], "texture": "#1"},
				"south": {"uv": [5.75, 0, 5.9375, 2.34375], "texture": "#1"},
				"west": {"uv": [3, 6.75, 3.125, 9.09375], "texture": "#1"},
				"up": {"uv": [9.3125, 8.25, 9.125, 8.125], "texture": "#1"},
				"down": {"uv": [9.3125, 8.25, 9.125, 8.375], "texture": "#1"}
			}
		},
		{
			"from": [12.6, -4.875, 4],
			"to": [14, 13.925, 5],
			"rotation": {"angle": 0, "axis": "y", "origin": [8, -5.275, 8]},
			"faces": {
				"north": {"uv": [5.75, 2.375, 5.9375, 4.71875], "texture": "#1"},
				"east": {"uv": [6.75, 5.125, 6.875, 7.46875], "texture": "#1"},
				"south": {"uv": [5.75, 4.75, 5.9375, 7.09375], "texture": "#1"},
				"west": {"uv": [6, 6.75, 6.125, 9.09375], "texture": "#1"},
				"up": {"uv": [9.3125, 8.5, 9.125, 8.375], "texture": "#1"},
				"down": {"uv": [9.3125, 8.5, 9.125, 8.625], "texture": "#1"}
			}
		},
		{
			"from": [3, -4.875, 12],
			"to": [13, 13.925, 12.6],
			"rotation": {"angle": 0, "axis": "y", "origin": [8, -5.275, 8]},
			"faces": {
				"north": {"uv": [0, 2.375, 1.25, 4.71875], "texture": "#1"},
				"east": {"uv": [4.375, 7.25, 4.4375, 9.59375], "texture": "#1"},
				"south": {"uv": [1.25, 2.375, 2.5, 4.71875], "texture": "#1"},
				"west": {"uv": [4.5, 7.25, 4.5625, 9.59375], "texture": "#1"},
				"up": {"uv": [8.875, 5.8125, 7.625, 5.75], "texture": "#1"},
				"down": {"uv": [8.875, 5.875, 7.625, 5.9375], "texture": "#1"}
			}
		}
	],
	"display": {
		"thirdperson_righthand": {
			"translation": [0, -1.5, -0.5],
			"scale": [0.27, 0.27, 0.27]
		},
		"thirdperson_lefthand": {
			"translation": [0, -1.5, -0.5],
			"scale": [0.27, 0.27, 0.27]
		},
		"firstperson_righthand": {
			"rotation": [0, 128, 0],
			"translation": [-2.25, 5.75, 3.5],
			"scale": [0.32, 0.32, 0.32]
		},
		"firstperson_lefthand": {
			"rotation": [0, 128, 0],
			"translation": [-2.25, 5.75, 3.75],
			"scale": [0.32, 0.32, 0.32]
		},
		"ground": {
			"translation": [0, 3, 0],
			"scale": [0.34, 0.34, 0.34]
		},
		"gui": {
			"rotation": [23, 158, 1],
			"translation": [0, -0.25, 0],
			"scale": [0.52, 0.52, 0.53]
		},
		"head": {
			"translation": [0, -15.5, -0.25],
			"scale": [1.29, 1.31, 1.29]
		},
		"fixed": {
			"rotation": [-90, 0, 0],
			"translation": [0, 0, -9.25],
			"scale": [0.72, 0.72, 0.72]
		}
	},
	"groups": [
		{
			"name": "group",
			"origin": [8, 0, 8],
			"color": 0,
			"children": []
		},
		{
			"name": "group",
			"origin": [8, 0, 8],
			"color": 0,
			"children": [
				{
					"name": "group",
					"origin": [8, 0, 8],
					"color": 0,
					"children": []
				}
			]
		},
		{
			"name": "group",
			"origin": [8, 8, 8],
			"color": 0,
			"children": [
				{
					"name": "group",
					"origin": [8, 0, 8],
					"color": 0,
					"children": []
				},
				{
					"name": "group",
					"origin": [8, 0, 8],
					"color": 0,
					"children": []
				},
				{
					"name": "group",
					"origin": [8, 0, 8],
					"color": 0,
					"children": []
				},
				{
					"name": "group",
					"origin": [8, 0, 8],
					"color": 0,
					"children": []
				},
				{
					"name": "group",
					"origin": [8, 0, 8],
					"color": 0,
					"children": [
						0,
						1,
						2,
						3,
						4,
						5,
						6,
						7,
						8,
						9,
						10,
						11,
						12,
						13,
						14,
						15,
						16,
						17,
						18,
						19,
						20,
						21,
						22,
						23,
						24,
						25,
						26,
						27,
						28,
						29,
						30,
						31,
						32,
						33,
						34,
						35,
						36,
						37,
						38,
						39,
						{
							"name": "group",
							"origin": [8, -4.61108, 8],
							"color": 0,
							"children": []
						},
						{
							"name": "group",
							"origin": [8, -4.61108, 8],
							"color": 0,
							"children": []
						},
						{
							"name": "group",
							"origin": [8, -4.61108, 8],
							"color": 0,
							"children": []
						},
						{
							"name": "group",
							"origin": [8, -4.61108, 8],
							"color": 0,
							"children": []
						},
						{
							"name": "group",
							"origin": [8, -4.61108, 8],
							"color": 0,
							"children": [
								{
									"name": "group",
									"origin": [8, -4.61108, 8],
									"color": 0,
									"children": []
								}
							]
						}
					]
				},
				{
					"name": "group",
					"origin": [8, 0, 8],
					"color": 0,
					"children": [
						40,
						41,
						42,
						43,
						44,
						45,
						46,
						47,
						{
							"name": "group",
							"origin": [8, 0, 8],
							"color": 0,
							"children": [48, 49, 50, 51, 52, 53, 54, 55]
						}
					]
				},
				{
					"name": "group",
					"origin": [8, 0, 8],
					"color": 0,
					"children": [
						56,
						57,
						58,
						59,
						60,
						61,
						62,
						63,
						64,
						65,
						66,
						67,
						68,
						69,
						70,
						71,
						72,
						73,
						74,
						75,
						76,
						77,
						78,
						79,
						80,
						81,
						82,
						83,
						84,
						85,
						86,
						87,
						88,
						89,
						90,
						91,
						92,
						93,
						94,
						95,
						96,
						97,
						98,
						99,
						100,
						101,
						102,
						103,
						104,
						105,
						106,
						107,
						108,
						109,
						110,
						111,
						112,
						113,
						114,
						115,
						116,
						117,
						118,
						119,
						120,
						121,
						122,
						123,
						124,
						125,
						126,
						127,
						128,
						129,
						130,
						131,
						132,
						133,
						134,
						135,
						136,
						137,
						138,
						139,
						140,
						141,
						142,
						143,
						144,
						145,
						146,
						147,
						148,
						149,
						150,
						151,
						152,
						153,
						154,
						155,
						156,
						157
					]
				}
			]
		},
		{
			"name": "group",
			"origin": [8, 0, 8],
			"color": 0,
			"children": []
		}
	]
}