{"credit":"Made with Blockbench","textures":{"0":"politmine/item/brewery/brandy_last_chance/steklobrendi","1":"politmine/item/brewery/brandy_last_chance/zhidkostbrendi","2":"politmine/item/brewery/brandy_last_chance/krishkabrendi","3":"politmine/item/brewery/brandy_last_chance/etiketkabrendi","particle":"politmine/item/brewery/brandy_last_chance/steklobrendi"},"elements":[{"from":[6.4,12.5,6.75],"to":[6.45,14.8,9.25],"faces":{"north":{"uv":[3,6,3.0625,8.3125],"texture":"#3"},"east":{"uv":[0,0,2.5,2.3125],"texture":"#3"},"south":{"uv":[6,3,6.0625,5.3125],"texture":"#3"},"west":{"uv":[0,3,2.5,5.3125],"texture":"#3"},"up":{"uv":[1.0625,8.5,1,6],"texture":"#3"},"down":{"uv":[2.0625,6,2,8.5],"texture":"#3"}}},{"from":[6.4,12.5,6.7],"to":[6.6,14.8,6.75],"rotation":{"angle":0,"axis":"y","origin":[6.4,6.5,8]},"faces":{"north":{"uv":[3,0,3.1875,2.3125],"texture":"#3"},"east":{"uv":[4,6,4.0625,8.3125],"texture":"#3"},"south":{"uv":[3,3,3.1875,5.3125],"texture":"#3"},"west":{"uv":[5,6,5.0625,8.3125],"texture":"#3"},"up":{"uv":[8.1875,6.0625,8,6],"texture":"#3"},"down":{"uv":[8.1875,7,8,7.0625],"texture":"#3"}}},{"from":[6.55,12.5,9.3],"to":[6.6,14.8,9.4],"rotation":{"angle":0,"axis":"y","origin":[6.4,6.5,8]},"faces":{"north":{"uv":[6,6,6.0625,8.3125],"texture":"#3"},"east":{"uv":[5,0,5.09375,2.3125],"texture":"#3"},"south":{"uv":[7,0,7.0625,2.3125],"texture":"#3"},"west":{"uv":[5,3,5.09375,5.3125],"texture":"#3"},"up":{"uv":[9.0625,0.09375,9,0],"texture":"#3"},"down":{"uv":[1.0625,9,1,9.09375],"texture":"#3"}}},{"from":[6.55,12.5,6.6],"to":[6.6,14.8,6.7],"rotation":{"angle":0,"axis":"y","origin":[6.4,6.5,8]},"faces":{"north":{"uv":[7,3,7.0625,5.3125],"texture":"#3"},"east":{"uv":[0,6,0.09375,8.3125],"texture":"#3"},"south":{"uv":[7,6,7.0625,8.3125],"texture":"#3"},"west":{"uv":[6,0,6.09375,2.3125],"texture":"#3"},"up":{"uv":[9.0625,1.09375,9,1],"texture":"#3"},"down":{"uv":[2.0625,9,2,9.09375],"texture":"#3"}}},{"from":[6.4,12.5,9.25],"to":[6.6,14.8,9.3],"rotation":{"angle":0,"axis":"y","origin":[6.4,6.5,8]},"faces":{"north":{"uv":[4,0,4.1875,2.3125],"texture":"#3"},"east":{"uv":[8,0,8.0625,2.3125],"texture":"#3"},"south":{"uv":[4,3,4.1875,5.3125],"texture":"#3"},"west":{"uv":[8,3,8.0625,5.3125],"texture":"#3"},"up":{"uv":[8.1875,8.0625,8,8],"texture":"#3"},"down":{"uv":[0.1875,9,0,9.0625],"texture":"#3"}}},{"from":[8.5,17,7.75],"to":[8.65,19.75,8.25],"rotation":{"angle":0,"axis":"y","origin":[8,0,8]},"faces":{"north":{"uv":[10,4,10.0625,5.375],"texture":"#0"},"east":{"uv":[4.5,1.5,4.75,2.875],"texture":"#0"},"south":{"uv":[4.5,10,4.5625,11.375],"texture":"#0"},"west":{"uv":[4.5,3,4.75,4.375],"texture":"#0"},"up":{"uv":[13.5625,4.25,13.5,4],"texture":"#0"},"down":{"uv":[4.5625,13.5,4.5,13.75],"texture":"#0"}}},{"from":[7.35,17,7.75],"to":[7.5,19.75,8.25],"rotation":{"angle":0,"axis":"y","origin":[8,0,8]},"faces":{"north":{"uv":[5,10,5.0625,11.375],"texture":"#0"},"east":{"uv":[4.5,4.5,4.75,5.875],"texture":"#0"},"south":{"uv":[5.5,10,5.5625,11.375],"texture":"#0"},"west":{"uv":[5,1.5,5.25,2.875],"texture":"#0"},"up":{"uv":[13.5625,4.75,13.5,4.5],"texture":"#0"},"down":{"uv":[5.0625,13.5,5,13.75],"texture":"#0"}}},{"from":[7.5,17,8.25],"to":[7.75,19.75,8.5],"rotation":{"angle":0,"axis":"y","origin":[8,0,8]},"faces":{"north":{"uv":[3.5,7.5,3.625,8.875],"texture":"#0"},"east":{"uv":[4,7.5,4.125,8.875],"texture":"#0"},"south":{"uv":[4.5,8,4.625,9.375],"texture":"#0"},"west":{"uv":[5,8,5.125,9.375],"texture":"#0"},"up":{"uv":[13.625,5.125,13.5,5],"texture":"#0"},"down":{"uv":[5.625,13.5,5.5,13.625],"texture":"#0"}}},{"from":[8.25,17,8.25],"to":[8.5,19.75,8.5],"rotation":{"angle":0,"axis":"y","origin":[8,0,8]},"faces":{"north":{"uv":[5.5,8,5.625,9.375],"texture":"#0"},"east":{"uv":[6,8,6.125,9.375],"texture":"#0"},"south":{"uv":[6.5,8,6.625,9.375],"texture":"#0"},"west":{"uv":[7,8,7.125,9.375],"texture":"#0"},"up":{"uv":[13.625,5.625,13.5,5.5],"texture":"#0"},"down":{"uv":[6.125,13.5,6,13.625],"texture":"#0"}}},{"from":[8.25,17,7.5],"to":[8.5,19.75,7.75],"rotation":{"angle":0,"axis":"y","origin":[8,0,8]},"faces":{"north":{"uv":[7.5,8,7.625,9.375],"texture":"#0"},"east":{"uv":[8,8,8.125,9.375],"texture":"#0"},"south":{"uv":[0,8.5,0.125,9.875],"texture":"#0"},"west":{"uv":[0.5,8.5,0.625,9.875],"texture":"#0"},"up":{"uv":[13.625,6.125,13.5,6],"texture":"#0"},"down":{"uv":[6.625,13.5,6.5,13.625],"texture":"#0"}}},{"from":[7.5,17,7.5],"to":[7.75,19.75,7.75],"rotation":{"angle":0,"axis":"y","origin":[8,0,8]},"faces":{"north":{"uv":[1,8.5,1.125,9.875],"texture":"#0"},"east":{"uv":[1.5,8.5,1.625,9.875],"texture":"#0"},"south":{"uv":[2,8.5,2.125,9.875],"texture":"#0"},"west":{"uv":[2.5,8.5,2.625,9.875],"texture":"#0"},"up":{"uv":[13.625,6.625,13.5,6.5],"texture":"#0"},"down":{"uv":[7.125,13.5,7,13.625],"texture":"#0"}}},{"from":[7.75,17,7.35],"to":[8.25,19.75,7.5],"rotation":{"angle":0,"axis":"y","origin":[8,0,8]},"faces":{"north":{"uv":[5,3,5.25,4.375],"texture":"#0"},"east":{"uv":[10,5.5,10.0625,6.875],"texture":"#0"},"south":{"uv":[5,4.5,5.25,5.875],"texture":"#0"},"west":{"uv":[6,10,6.0625,11.375],"texture":"#0"},"up":{"uv":[13.75,7.0625,13.5,7],"texture":"#0"},"down":{"uv":[7.75,13.5,7.5,13.5625],"texture":"#0"}}},{"from":[7.75,17,8.5],"to":[8.25,19.75,8.65],"rotation":{"angle":0,"axis":"y","origin":[8,0,8]},"faces":{"north":{"uv":[5.5,1.5,5.75,2.875],"texture":"#0"},"east":{"uv":[6.5,10,6.5625,11.375],"texture":"#0"},"south":{"uv":[3,5.5,3.25,6.875],"texture":"#0"},"west":{"uv":[10,7,10.0625,8.375],"texture":"#0"},"up":{"uv":[13.75,7.5625,13.5,7.5],"texture":"#0"},"down":{"uv":[8.25,13.5,8,13.5625],"texture":"#0"}}},{"from":[8.6,16.8,7.55],"to":[8.75,17.55,8.45],"rotation":{"angle":0,"axis":"y","origin":[8,0,8]},"faces":{"north":{"uv":[6.5,13,6.5625,13.375],"texture":"#0"},"east":{"uv":[6,2,6.4375,2.375],"texture":"#0"},"south":{"uv":[13,6.5,13.0625,6.875],"texture":"#0"},"west":{"uv":[6,2.5,6.4375,2.875],"texture":"#0"},"up":{"uv":[4.5625,13.4375,4.5,13],"texture":"#0"},"down":{"uv":[13.0625,4.5,13,4.9375],"texture":"#0"}}},{"from":[7.25,16.8,7.55],"to":[7.4,17.55,8.45],"rotation":{"angle":0,"axis":"y","origin":[8,0,8]},"faces":{"north":{"uv":[7,13,7.0625,13.375],"texture":"#0"},"east":{"uv":[6.5,2,6.9375,2.375],"texture":"#0"},"south":{"uv":[13,7,13.0625,7.375],"texture":"#0"},"west":{"uv":[6.5,2.5,6.9375,2.875],"texture":"#0"},"up":{"uv":[5.0625,13.4375,5,13],"texture":"#0"},"down":{"uv":[13.0625,5,13,5.4375],"texture":"#0"}}},{"from":[8.25,16.8,7.4],"to":[8.6,17.55,7.75],"rotation":{"angle":0,"axis":"y","origin":[8,0,8]},"faces":{"north":{"uv":[4,9,4.1875,9.375],"texture":"#0"},"east":{"uv":[3.5,10.5,3.6875,10.875],"texture":"#0"},"south":{"uv":[4,10.5,4.1875,10.875],"texture":"#0"},"west":{"uv":[10.5,5.5,10.6875,5.875],"texture":"#0"},"up":{"uv":[12.6875,4.1875,12.5,4],"texture":"#0"},"down":{"uv":[12.6875,4.5,12.5,4.6875],"texture":"#0"}}},{"from":[7.4,16.8,7.4],"to":[7.75,17.55,7.75],"rotation":{"angle":0,"axis":"y","origin":[8,0,8]},"faces":{"north":{"uv":[10.5,6,10.6875,6.375],"texture":"#0"},"east":{"uv":[10.5,6.5,10.6875,6.875],"texture":"#0"},"south":{"uv":[10.5,7,10.6875,7.375],"texture":"#0"},"west":{"uv":[10.5,7.5,10.6875,7.875],"texture":"#0"},"up":{"uv":[6.6875,12.6875,6.5,12.5],"texture":"#0"},"down":{"uv":[7.1875,12.5,7,12.6875],"texture":"#0"}}},{"from":[7.4,16.8,8.25],"to":[7.75,17.55,8.6],"rotation":{"angle":0,"axis":"y","origin":[8,0,8]},"faces":{"north":{"uv":[10.5,8,10.6875,8.375],"texture":"#0"},"east":{"uv":[9.5,10.5,9.6875,10.875],"texture":"#0"},"south":{"uv":[10,10.5,10.1875,10.875],"texture":"#0"},"west":{"uv":[10.5,10,10.6875,10.375],"texture":"#0"},"up":{"uv":[12.6875,7.1875,12.5,7],"texture":"#0"},"down":{"uv":[7.6875,12.5,7.5,12.6875],"texture":"#0"}}},{"from":[8.25,16.8,8.25],"to":[8.6,17.55,8.6],"rotation":{"angle":0,"axis":"y","origin":[8,0,8]},"faces":{"north":{"uv":[10.5,10.5,10.6875,10.875],"texture":"#0"},"east":{"uv":[0.5,11,0.6875,11.375],"texture":"#0"},"south":{"uv":[1,11,1.1875,11.375],"texture":"#0"},"west":{"uv":[11,2,11.1875,2.375],"texture":"#0"},"up":{"uv":[12.6875,7.6875,12.5,7.5],"texture":"#0"},"down":{"uv":[8.1875,12.5,8,12.6875],"texture":"#0"}}},{"from":[7.55,16.8,7.25],"to":[8.45,17.55,7.4],"rotation":{"angle":0,"axis":"y","origin":[8,0,8]},"faces":{"north":{"uv":[8.5,6,8.9375,6.375],"texture":"#0"},"east":{"uv":[7.5,13,7.5625,13.375],"texture":"#0"},"south":{"uv":[8.5,6.5,8.9375,6.875],"texture":"#0"},"west":{"uv":[13,7.5,13.0625,7.875],"texture":"#0"},"up":{"uv":[5.9375,13.0625,5.5,13],"texture":"#0"},"down":{"uv":[13.4375,5.5,13,5.5625],"texture":"#0"}}},{"from":[7.55,16.8,8.6],"to":[8.45,17.55,8.75],"rotation":{"angle":0,"axis":"y","origin":[8,0,8]},"faces":{"north":{"uv":[8.5,7,8.9375,7.375],"texture":"#0"},"east":{"uv":[8,13,8.0625,13.375],"texture":"#0"},"south":{"uv":[8.5,7.5,8.9375,7.875],"texture":"#0"},"west":{"uv":[13,8,13.0625,8.375],"texture":"#0"},"up":{"uv":[6.4375,13.0625,6,13],"texture":"#0"},"down":{"uv":[13.4375,6,13,6.0625],"texture":"#0"}}},{"from":[8.7,16.7,7.45],"to":[8.85,17.15,8.55],"rotation":{"angle":0,"axis":"y","origin":[8,0,8]},"faces":{"north":{"uv":[13.5,8,13.5625,8.25],"texture":"#0"},"east":{"uv":[8.5,8,9.0625,8.25],"texture":"#0"},"south":{"uv":[8.5,13.5,8.5625,13.75],"texture":"#0"},"west":{"uv":[8.5,8.5,9.0625,8.75],"texture":"#0"},"up":{"uv":[12.5625,8.5625,12.5,8],"texture":"#0"},"down":{"uv":[8.5625,12.5,8.5,13.0625],"texture":"#0"}}},{"from":[7.15,16.7,7.45],"to":[7.3,17.15,8.55],"rotation":{"angle":0,"axis":"y","origin":[8,0,8]},"faces":{"north":{"uv":[13.5,8.5,13.5625,8.75],"texture":"#0"},"east":{"uv":[9,0,9.5625,0.25],"texture":"#0"},"south":{"uv":[9,13.5,9.0625,13.75],"texture":"#0"},"west":{"uv":[9,0.5,9.5625,0.75],"texture":"#0"},"up":{"uv":[9.0625,13.0625,9,12.5],"texture":"#0"},"down":{"uv":[12.5625,9,12.5,9.5625],"texture":"#0"}}},{"from":[8.45,16.7,7.3],"to":[8.7,17.15,7.55],"rotation":{"angle":0,"axis":"y","origin":[8,0,8]},"faces":{"north":{"uv":[12.5,11,12.625,11.25],"texture":"#0"},"east":{"uv":[11.5,12.5,11.625,12.75],"texture":"#0"},"south":{"uv":[12.5,11.5,12.625,11.75],"texture":"#0"},"west":{"uv":[12,12.5,12.125,12.75],"texture":"#0"},"up":{"uv":[13.625,9.125,13.5,9],"texture":"#0"},"down":{"uv":[9.625,13.5,9.5,13.625],"texture":"#0"}}},{"from":[7.3,16.7,7.3],"to":[7.55,17.15,7.55],"rotation":{"angle":0,"axis":"y","origin":[8,0,8]},"faces":{"north":{"uv":[12.5,12,12.625,12.25],"texture":"#0"},"east":{"uv":[12.5,12.5,12.625,12.75],"texture":"#0"},"south":{"uv":[0,13,0.125,13.25],"texture":"#0"},"west":{"uv":[13,0,13.125,0.25],"texture":"#0"},"up":{"uv":[13.625,9.625,13.5,9.5],"texture":"#0"},"down":{"uv":[10.125,13.5,10,13.625],"texture":"#0"}}},{"from":[7.3,16.7,8.45],"to":[7.55,17.15,8.7],"rotation":{"angle":0,"axis":"y","origin":[8,0,8]},"faces":{"north":{"uv":[0.5,13,0.625,13.25],"texture":"#0"},"east":{"uv":[13,0.5,13.125,0.75],"texture":"#0"},"south":{"uv":[1,13,1.125,13.25],"texture":"#0"},"west":{"uv":[13,1,13.125,1.25],"texture":"#0"},"up":{"uv":[13.625,10.125,13.5,10],"texture":"#0"},"down":{"uv":[10.625,13.5,10.5,13.625],"texture":"#0"}}},{"from":[8.45,16.7,8.45],"to":[8.7,17.15,8.7],"rotation":{"angle":0,"axis":"y","origin":[8,0,8]},"faces":{"north":{"uv":[13,1.5,13.125,1.75],"texture":"#0"},"east":{"uv":[13,2,13.125,2.25],"texture":"#0"},"south":{"uv":[2.5,13,2.625,13.25],"texture":"#0"},"west":{"uv":[3,13,3.125,13.25],"texture":"#0"},"up":{"uv":[13.625,10.625,13.5,10.5],"texture":"#0"},"down":{"uv":[11.125,13.5,11,13.625],"texture":"#0"}}},{"from":[7.45,16.7,7.15],"to":[8.55,17.15,7.3],"rotation":{"angle":0,"axis":"y","origin":[8,0,8]},"faces":{"north":{"uv":[9,1,9.5625,1.25],"texture":"#0"},"east":{"uv":[13.5,11,13.5625,11.25],"texture":"#0"},"south":{"uv":[9,1.5,9.5625,1.75],"texture":"#0"},"west":{"uv":[11.5,13.5,11.5625,13.75],"texture":"#0"},"up":{"uv":[10.0625,12.5625,9.5,12.5],"texture":"#0"},"down":{"uv":[13.0625,10,12.5,10.0625],"texture":"#0"}}},{"from":[7.45,16.7,8.7],"to":[8.55,17.15,8.85],"rotation":{"angle":0,"axis":"y","origin":[8,0,8]},"faces":{"north":{"uv":[9,2,9.5625,2.25],"texture":"#0"},"east":{"uv":[13.5,11.5,13.5625,11.75],"texture":"#0"},"south":{"uv":[9,2.5,9.5625,2.75],"texture":"#0"},"west":{"uv":[12,13.5,12.0625,13.75],"texture":"#0"},"up":{"uv":[11.0625,12.5625,10.5,12.5],"texture":"#0"},"down":{"uv":[13.0625,10.5,12.5,10.5625],"texture":"#0"}}},{"from":[8.8,16.6,7.35],"to":[8.95,16.9,8.65],"rotation":{"angle":0,"axis":"y","origin":[8,0,8]},"faces":{"north":{"uv":[4.5,15,4.5625,15.125],"texture":"#0"},"east":{"uv":[10,8.5,10.625,8.625],"texture":"#0"},"south":{"uv":[15,4.5,15.0625,4.625],"texture":"#0"},"west":{"uv":[10,9,10.625,9.125],"texture":"#0"},"up":{"uv":[6.0625,12.625,6,12],"texture":"#0"},"down":{"uv":[12.0625,11.5,12,12.125],"texture":"#0"}}},{"from":[7.05,16.6,7.35],"to":[7.2,16.9,8.65],"rotation":{"angle":0,"axis":"y","origin":[8,0,8]},"faces":{"north":{"uv":[5,15,5.0625,15.125],"texture":"#0"},"east":{"uv":[9.5,10,10.125,10.125],"texture":"#0"},"south":{"uv":[15,5,15.0625,5.125],"texture":"#0"},"west":{"uv":[10,9.5,10.625,9.625],"texture":"#0"},"up":{"uv":[1.5625,13.125,1.5,12.5],"texture":"#0"},"down":{"uv":[2.0625,12.5,2,13.125],"texture":"#0"}}},{"from":[7.2,16.6,8.55],"to":[7.45,16.9,8.8],"rotation":{"angle":0,"axis":"y","origin":[8,0,8]},"faces":{"north":{"uv":[13.5,12,13.625,12.125],"texture":"#0"},"east":{"uv":[12.5,13.5,12.625,13.625],"texture":"#0"},"south":{"uv":[13.5,12.5,13.625,12.625],"texture":"#0"},"west":{"uv":[13,13.5,13.125,13.625],"texture":"#0"},"up":{"uv":[13.625,13.125,13.5,13],"texture":"#0"},"down":{"uv":[13.625,13.5,13.5,13.625],"texture":"#0"}}},{"from":[8.55,16.6,8.55],"to":[8.8,16.9,8.8],"rotation":{"angle":0,"axis":"y","origin":[8,0,8]},"faces":{"north":{"uv":[0,14,0.125,14.125],"texture":"#0"},"east":{"uv":[14,0,14.125,0.125],"texture":"#0"},"south":{"uv":[0.5,14,0.625,14.125],"texture":"#0"},"west":{"uv":[14,0.5,14.125,0.625],"texture":"#0"},"up":{"uv":[1.125,14.125,1,14],"texture":"#0"},"down":{"uv":[14.125,1,14,1.125],"texture":"#0"}}},{"from":[8.55,16.6,7.2],"to":[8.8,16.9,7.45],"rotation":{"angle":0,"axis":"y","origin":[8,0,8]},"faces":{"north":{"uv":[1.5,14,1.625,14.125],"texture":"#0"},"east":{"uv":[14,1.5,14.125,1.625],"texture":"#0"},"south":{"uv":[2,14,2.125,14.125],"texture":"#0"},"west":{"uv":[14,2,14.125,2.125],"texture":"#0"},"up":{"uv":[2.625,14.125,2.5,14],"texture":"#0"},"down":{"uv":[14.125,2.5,14,2.625],"texture":"#0"}}},{"from":[7.2,16.6,7.2],"to":[7.45,16.9,7.45],"rotation":{"angle":0,"axis":"y","origin":[8,0,8]},"faces":{"north":{"uv":[3,14,3.125,14.125],"texture":"#0"},"east":{"uv":[14,3,14.125,3.125],"texture":"#0"},"south":{"uv":[3.5,14,3.625,14.125],"texture":"#0"},"west":{"uv":[14,3.5,14.125,3.625],"texture":"#0"},"up":{"uv":[4.125,14.125,4,14],"texture":"#0"},"down":{"uv":[14.125,4,14,4.125],"texture":"#0"}}},{"from":[7.35,16.6,7.05],"to":[8.65,16.9,7.2],"rotation":{"angle":0,"axis":"y","origin":[8,0,8]},"faces":{"north":{"uv":[10.5,0,11.125,0.125],"texture":"#0"},"east":{"uv":[5.5,15,5.5625,15.125],"texture":"#0"},"south":{"uv":[0.5,10.5,1.125,10.625],"texture":"#0"},"west":{"uv":[15,5.5,15.0625,5.625],"texture":"#0"},"up":{"uv":[3.125,12.5625,2.5,12.5],"texture":"#0"},"down":{"uv":[13.125,2.5,12.5,2.5625],"texture":"#0"}}},{"from":[7.35,16.6,8.8],"to":[8.65,16.9,8.95],"rotation":{"angle":0,"axis":"y","origin":[8,0,8]},"faces":{"north":{"uv":[10.5,0.5,11.125,0.625],"texture":"#0"},"east":{"uv":[6,15,6.0625,15.125],"texture":"#0"},"south":{"uv":[10.5,1,11.125,1.125],"texture":"#0"},"west":{"uv":[15,6,15.0625,6.125],"texture":"#0"},"up":{"uv":[13.125,3.0625,12.5,3],"texture":"#0"},"down":{"uv":[4.125,12.5,3.5,12.5625],"texture":"#0"}}},{"from":[8.9,16.5,7.25],"to":[9.05,16.7,8.75],"rotation":{"angle":0,"axis":"y","origin":[8,0,8]},"faces":{"north":{"uv":[6.5,15,6.5625,15.125],"texture":"#0"},"east":{"uv":[0.5,10,1.25,10.125],"texture":"#0"},"south":{"uv":[15,6.5,15.0625,6.625],"texture":"#0"},"west":{"uv":[1.5,10,2.25,10.125],"texture":"#0"},"up":{"uv":[12.0625,3.25,12,2.5],"texture":"#0"},"down":{"uv":[12.0625,4,12,4.75],"texture":"#0"}}},{"from":[6.95,16.5,7.25],"to":[7.1,16.7,8.75],"rotation":{"angle":0,"axis":"y","origin":[8,0,8]},"faces":{"north":{"uv":[7,15,7.0625,15.125],"texture":"#0"},"east":{"uv":[10,2,10.75,2.125],"texture":"#0"},"south":{"uv":[15,7,15.0625,7.125],"texture":"#0"},"west":{"uv":[2.5,10,3.25,10.125],"texture":"#0"},"up":{"uv":[5.0625,12.75,5,12],"texture":"#0"},"down":{"uv":[5.5625,12,5.5,12.75],"texture":"#0"}}},{"from":[7.1,16.5,8.65],"to":[7.35,16.7,8.9],"rotation":{"angle":0,"axis":"y","origin":[8,0,8]},"faces":{"north":{"uv":[4.5,14,4.625,14.125],"texture":"#0"},"east":{"uv":[14,4.5,14.125,4.625],"texture":"#0"},"south":{"uv":[5,14,5.125,14.125],"texture":"#0"},"west":{"uv":[14,5,14.125,5.125],"texture":"#0"},"up":{"uv":[5.625,14.125,5.5,14],"texture":"#0"},"down":{"uv":[14.125,5.5,14,5.625],"texture":"#0"}}},{"from":[8.65,16.5,8.65],"to":[8.9,16.7,8.9],"rotation":{"angle":0,"axis":"y","origin":[8,0,8]},"faces":{"north":{"uv":[6,14,6.125,14.125],"texture":"#0"},"east":{"uv":[14,6,14.125,6.125],"texture":"#0"},"south":{"uv":[6.5,14,6.625,14.125],"texture":"#0"},"west":{"uv":[14,6.5,14.125,6.625],"texture":"#0"},"up":{"uv":[7.125,14.125,7,14],"texture":"#0"},"down":{"uv":[14.125,7,14,7.125],"texture":"#0"}}},{"from":[8.65,16.5,7.1],"to":[8.9,16.7,7.35],"rotation":{"angle":0,"axis":"y","origin":[8,0,8]},"faces":{"north":{"uv":[7.5,14,7.625,14.125],"texture":"#0"},"east":{"uv":[14,7.5,14.125,7.625],"texture":"#0"},"south":{"uv":[8,14,8.125,14.125],"texture":"#0"},"west":{"uv":[14,8,14.125,8.125],"texture":"#0"},"up":{"uv":[8.625,14.125,8.5,14],"texture":"#0"},"down":{"uv":[14.125,8.5,14,8.625],"texture":"#0"}}},{"from":[7.1,16.5,7.1],"to":[7.35,16.7,7.35],"rotation":{"angle":0,"axis":"y","origin":[8,0,8]},"faces":{"north":{"uv":[9,14,9.125,14.125],"texture":"#0"},"east":{"uv":[14,9,14.125,9.125],"texture":"#0"},"south":{"uv":[9.5,14,9.625,14.125],"texture":"#0"},"west":{"uv":[14,9.5,14.125,9.625],"texture":"#0"},"up":{"uv":[10.125,14.125,10,14],"texture":"#0"},"down":{"uv":[14.125,10,14,10.125],"texture":"#0"}}},{"from":[7.25,16.5,6.95],"to":[8.75,16.7,7.1],"rotation":{"angle":0,"axis":"y","origin":[8,0,8]},"faces":{"north":{"uv":[10,2.5,10.75,2.625],"texture":"#0"},"east":{"uv":[7.5,15,7.5625,15.125],"texture":"#0"},"south":{"uv":[10,3,10.75,3.125],"texture":"#0"},"west":{"uv":[15,7.5,15.0625,7.625],"texture":"#0"},"up":{"uv":[12.75,5.0625,12,5],"texture":"#0"},"down":{"uv":[12.75,6,12,6.0625],"texture":"#0"}}},{"from":[7.25,16.5,8.9],"to":[8.75,16.7,9.05],"rotation":{"angle":0,"axis":"y","origin":[8,0,8]},"faces":{"north":{"uv":[3.5,10,4.25,10.125],"texture":"#0"},"east":{"uv":[8,15,8.0625,15.125],"texture":"#0"},"south":{"uv":[10,3.5,10.75,3.625],"texture":"#0"},"west":{"uv":[15,8,15.0625,8.125],"texture":"#0"},"up":{"uv":[12.75,6.5625,12,6.5],"texture":"#0"},"down":{"uv":[8.75,12,8,12.0625],"texture":"#0"}}},{"from":[9,16.35,7.15],"to":[9.15,16.55,8.85],"rotation":{"angle":0,"axis":"y","origin":[8,0,8]},"faces":{"north":{"uv":[8.5,15,8.5625,15.125],"texture":"#0"},"east":{"uv":[9,6.5,9.875,6.625],"texture":"#0"},"south":{"uv":[15,8.5,15.0625,8.625],"texture":"#0"},"west":{"uv":[9,7,9.875,7.125],"texture":"#0"},"up":{"uv":[9.0625,12.375,9,11.5],"texture":"#0"},"down":{"uv":[11.0625,11.5,11,12.375],"texture":"#0"}}},{"from":[6.85,16.35,7.15],"to":[7,16.55,8.85],"rotation":{"angle":0,"axis":"y","origin":[8,0,8]},"faces":{"north":{"uv":[9,15,9.0625,15.125],"texture":"#0"},"east":{"uv":[9,7.5,9.875,7.625],"texture":"#0"},"south":{"uv":[15,9,15.0625,9.125],"texture":"#0"},"west":{"uv":[8.5,9,9.375,9.125],"texture":"#0"},"up":{"uv":[11.5625,12.375,11.5,11.5],"texture":"#0"},"down":{"uv":[0.0625,12,0,12.875],"texture":"#0"}}},{"from":[8.75,16.35,7],"to":[9,16.55,7.25],"rotation":{"angle":0,"axis":"y","origin":[8,0,8]},"faces":{"north":{"uv":[10.5,14,10.625,14.125],"texture":"#0"},"east":{"uv":[14,10.5,14.125,10.625],"texture":"#0"},"south":{"uv":[11,14,11.125,14.125],"texture":"#0"},"west":{"uv":[14,11,14.125,11.125],"texture":"#0"},"up":{"uv":[11.625,14.125,11.5,14],"texture":"#0"},"down":{"uv":[14.125,11.5,14,11.625],"texture":"#0"}}},{"from":[7,16.35,7],"to":[7.25,16.55,7.25],"rotation":{"angle":0,"axis":"y","origin":[8,0,8]},"faces":{"north":{"uv":[12,14,12.125,14.125],"texture":"#0"},"east":{"uv":[14,12,14.125,12.125],"texture":"#0"},"south":{"uv":[12.5,14,12.625,14.125],"texture":"#0"},"west":{"uv":[14,12.5,14.125,12.625],"texture":"#0"},"up":{"uv":[13.125,14.125,13,14],"texture":"#0"},"down":{"uv":[14.125,13,14,13.125],"texture":"#0"}}},{"from":[7,16.35,8.75],"to":[7.25,16.55,9],"rotation":{"angle":0,"axis":"y","origin":[8,0,8]},"faces":{"north":{"uv":[13.5,14,13.625,14.125],"texture":"#0"},"east":{"uv":[14,13.5,14.125,13.625],"texture":"#0"},"south":{"uv":[14,14,14.125,14.125],"texture":"#0"},"west":{"uv":[0,14.5,0.125,14.625],"texture":"#0"},"up":{"uv":[14.625,0.125,14.5,0],"texture":"#0"},"down":{"uv":[0.625,14.5,0.5,14.625],"texture":"#0"}}},{"from":[8.75,16.35,8.75],"to":[9,16.55,9],"rotation":{"angle":0,"axis":"y","origin":[8,0,8]},"faces":{"north":{"uv":[14.5,0.5,14.625,0.625],"texture":"#0"},"east":{"uv":[1,14.5,1.125,14.625],"texture":"#0"},"south":{"uv":[14.5,1,14.625,1.125],"texture":"#0"},"west":{"uv":[1.5,14.5,1.625,14.625],"texture":"#0"},"up":{"uv":[14.625,1.625,14.5,1.5],"texture":"#0"},"down":{"uv":[2.125,14.5,2,14.625],"texture":"#0"}}},{"from":[7.15,16.35,6.85],"to":[8.85,16.55,7],"rotation":{"angle":0,"axis":"y","origin":[8,0,8]},"faces":{"north":{"uv":[3,9.5,3.875,9.625],"texture":"#0"},"east":{"uv":[9.5,15,9.5625,15.125],"texture":"#0"},"south":{"uv":[4,9.5,4.875,9.625],"texture":"#0"},"west":{"uv":[15,9.5,15.0625,9.625],"texture":"#0"},"up":{"uv":[2.375,12.0625,1.5,12],"texture":"#0"},"down":{"uv":[12.875,1.5,12,1.5625],"texture":"#0"}}},{"from":[7.15,16.35,9],"to":[8.85,16.55,9.15],"rotation":{"angle":0,"axis":"y","origin":[8,0,8]},"faces":{"north":{"uv":[5,9.5,5.875,9.625],"texture":"#0"},"east":{"uv":[10,15,10.0625,15.125],"texture":"#0"},"south":{"uv":[6,9.5,6.875,9.625],"texture":"#0"},"west":{"uv":[15,10,15.0625,10.125],"texture":"#0"},"up":{"uv":[12.875,2.0625,12,2],"texture":"#0"},"down":{"uv":[3.375,12,2.5,12.0625],"texture":"#0"}}},{"from":[9.1,16.1,7.05],"to":[9.25,16.4,8.95],"rotation":{"angle":0,"axis":"y","origin":[8,0,8]},"faces":{"north":{"uv":[10.5,15,10.5625,15.125],"texture":"#0"},"east":{"uv":[3,9,3.9375,9.125],"texture":"#0"},"south":{"uv":[15,10.5,15.0625,10.625],"texture":"#0"},"west":{"uv":[9,3,9.9375,3.125],"texture":"#0"},"up":{"uv":[11.5625,6.9375,11.5,6],"texture":"#0"},"down":{"uv":[6.5625,11.5,6.5,12.4375],"texture":"#0"}}},{"from":[6.75,16.1,7.05],"to":[6.9,16.4,8.95],"rotation":{"angle":0,"axis":"y","origin":[8,0,8]},"faces":{"north":{"uv":[11,15,11.0625,15.125],"texture":"#0"},"east":{"uv":[9,3.5,9.9375,3.625],"texture":"#0"},"south":{"uv":[15,11,15.0625,11.125],"texture":"#0"},"west":{"uv":[9,4,9.9375,4.125],"texture":"#0"},"up":{"uv":[7.0625,12.4375,7,11.5],"texture":"#0"},"down":{"uv":[7.5625,11.5,7.5,12.4375],"texture":"#0"}}},{"from":[7.05,16.1,6.75],"to":[8.95,16.4,6.9],"rotation":{"angle":0,"axis":"y","origin":[8,0,8]},"faces":{"north":{"uv":[9,4.5,9.9375,4.625],"texture":"#0"},"east":{"uv":[11.5,15,11.5625,15.125],"texture":"#0"},"south":{"uv":[9,5,9.9375,5.125],"texture":"#0"},"west":{"uv":[15,11.5,15.0625,11.625],"texture":"#0"},"up":{"uv":[8.9375,11.5625,8,11.5],"texture":"#0"},"down":{"uv":[12.4375,9,11.5,9.0625],"texture":"#0"}}},{"from":[6.9,16.1,6.9],"to":[7.15,16.4,7.15],"rotation":{"angle":0,"axis":"y","origin":[8,0,8]},"faces":{"north":{"uv":[14.5,2,14.625,2.125],"texture":"#0"},"east":{"uv":[2.5,14.5,2.625,14.625],"texture":"#0"},"south":{"uv":[14.5,2.5,14.625,2.625],"texture":"#0"},"west":{"uv":[3,14.5,3.125,14.625],"texture":"#0"},"up":{"uv":[14.625,3.125,14.5,3],"texture":"#0"},"down":{"uv":[3.625,14.5,3.5,14.625],"texture":"#0"}}},{"from":[8.85,16.1,8.85],"to":[9.1,16.4,9.1],"rotation":{"angle":0,"axis":"y","origin":[8,0,8]},"faces":{"north":{"uv":[14.5,3.5,14.625,3.625],"texture":"#0"},"east":{"uv":[4,14.5,4.125,14.625],"texture":"#0"},"south":{"uv":[14.5,4,14.625,4.125],"texture":"#0"},"west":{"uv":[4.5,14.5,4.625,14.625],"texture":"#0"},"up":{"uv":[14.625,4.625,14.5,4.5],"texture":"#0"},"down":{"uv":[5.125,14.5,5,14.625],"texture":"#0"}}},{"from":[6.9,16.1,8.85],"to":[7.15,16.4,9.1],"rotation":{"angle":0,"axis":"y","origin":[8,0,8]},"faces":{"north":{"uv":[14.5,5,14.625,5.125],"texture":"#0"},"east":{"uv":[5.5,14.5,5.625,14.625],"texture":"#0"},"south":{"uv":[14.5,5.5,14.625,5.625],"texture":"#0"},"west":{"uv":[6,14.5,6.125,14.625],"texture":"#0"},"up":{"uv":[14.625,6.125,14.5,6],"texture":"#0"},"down":{"uv":[6.625,14.5,6.5,14.625],"texture":"#0"}}},{"from":[8.65,16.1,6.9],"to":[9.1,16.4,7.15],"rotation":{"angle":0,"axis":"y","origin":[8,0,8]},"faces":{"north":{"uv":[3.5,13,3.75,13.125],"texture":"#0"},"east":{"uv":[14.5,6.5,14.625,6.625],"texture":"#0"},"south":{"uv":[13,3.5,13.25,3.625],"texture":"#0"},"west":{"uv":[7,14.5,7.125,14.625],"texture":"#0"},"up":{"uv":[4.25,13.125,4,13],"texture":"#0"},"down":{"uv":[13.25,4,13,4.125],"texture":"#0"}}},{"from":[7.05,16.1,9.1],"to":[8.95,16.4,9.25],"rotation":{"angle":0,"axis":"y","origin":[8,0,8]},"faces":{"north":{"uv":[9,5.5,9.9375,5.625],"texture":"#0"},"east":{"uv":[12,15,12.0625,15.125],"texture":"#0"},"south":{"uv":[9,6,9.9375,6.125],"texture":"#0"},"west":{"uv":[15,12,15.0625,12.125],"texture":"#0"},"up":{"uv":[12.4375,9.5625,11.5,9.5],"texture":"#0"},"down":{"uv":[12.4375,10,11.5,10.0625],"texture":"#0"}}},{"from":[9.2,15.8,6.95],"to":[9.35,16.2,9.05],"rotation":{"angle":0,"axis":"y","origin":[8,0,8]},"faces":{"north":{"uv":[14.5,13,14.5625,13.1875],"texture":"#0"},"east":{"uv":[7.5,2.5,8.5625,2.6875],"texture":"#0"},"south":{"uv":[13.5,14.5,13.5625,14.6875],"texture":"#0"},"west":{"uv":[7.5,3,8.5625,3.1875],"texture":"#0"},"up":{"uv":[0.5625,12.5625,0.5,11.5],"texture":"#0"},"down":{"uv":[1.0625,11.5,1,12.5625],"texture":"#0"}}},{"from":[6.65,15.8,6.95],"to":[6.8,16.2,9.05],"rotation":{"angle":0,"axis":"y","origin":[8,0,8]},"faces":{"north":{"uv":[14.5,13.5,14.5625,13.6875],"texture":"#0"},"east":{"uv":[7.5,3.5,8.5625,3.6875],"texture":"#0"},"south":{"uv":[14,14.5,14.0625,14.6875],"texture":"#0"},"west":{"uv":[7.5,4,8.5625,4.1875],"texture":"#0"},"up":{"uv":[11.5625,3.0625,11.5,2],"texture":"#0"},"down":{"uv":[4.5625,11.5,4.5,12.5625],"texture":"#0"}}},{"from":[8.95,15.8,6.8],"to":[9.2,16.2,7.05],"rotation":{"angle":0,"axis":"y","origin":[8,0,8]},"faces":{"north":{"uv":[13,8.5,13.125,8.6875],"texture":"#0"},"east":{"uv":[13,9,13.125,9.1875],"texture":"#0"},"south":{"uv":[9.5,13,9.625,13.1875],"texture":"#0"},"west":{"uv":[13,9.5,13.125,9.6875],"texture":"#0"},"up":{"uv":[14.625,7.125,14.5,7],"texture":"#0"},"down":{"uv":[7.625,14.5,7.5,14.625],"texture":"#0"}}},{"from":[6.8,15.8,6.8],"to":[7.05,16.2,7.05],"rotation":{"angle":0,"axis":"y","origin":[8,0,8]},"faces":{"north":{"uv":[10,13,10.125,13.1875],"texture":"#0"},"east":{"uv":[10.5,13,10.625,13.1875],"texture":"#0"},"south":{"uv":[11,13,11.125,13.1875],"texture":"#0"},"west":{"uv":[13,11,13.125,11.1875],"texture":"#0"},"up":{"uv":[14.625,7.625,14.5,7.5],"texture":"#0"},"down":{"uv":[8.125,14.5,8,14.625],"texture":"#0"}}},{"from":[6.8,15.8,8.95],"to":[7.05,16.2,9.2],"rotation":{"angle":0,"axis":"y","origin":[8,0,8]},"faces":{"north":{"uv":[11.5,13,11.625,13.1875],"texture":"#0"},"east":{"uv":[13,11.5,13.125,11.6875],"texture":"#0"},"south":{"uv":[12,13,12.125,13.1875],"texture":"#0"},"west":{"uv":[13,12,13.125,12.1875],"texture":"#0"},"up":{"uv":[14.625,8.125,14.5,8],"texture":"#0"},"down":{"uv":[8.625,14.5,8.5,14.625],"texture":"#0"}}},{"from":[8.95,15.8,8.95],"to":[9.2,16.2,9.2],"rotation":{"angle":0,"axis":"y","origin":[8,0,8]},"faces":{"north":{"uv":[12.5,13,12.625,13.1875],"texture":"#0"},"east":{"uv":[13,12.5,13.125,12.6875],"texture":"#0"},"south":{"uv":[13,13,13.125,13.1875],"texture":"#0"},"west":{"uv":[0,13.5,0.125,13.6875],"texture":"#0"},"up":{"uv":[14.625,8.625,14.5,8.5],"texture":"#0"},"down":{"uv":[9.125,14.5,9,14.625],"texture":"#0"}}},{"from":[6.95,15.8,6.65],"to":[9.05,16.2,6.8],"rotation":{"angle":0,"axis":"y","origin":[8,0,8]},"faces":{"north":{"uv":[7.5,4.5,8.5625,4.6875],"texture":"#0"},"east":{"uv":[14.5,14,14.5625,14.1875],"texture":"#0"},"south":{"uv":[7.5,5,8.5625,5.1875],"texture":"#0"},"west":{"uv":[14.5,14.5,14.5625,14.6875],"texture":"#0"},"up":{"uv":[12.5625,1.0625,11.5,1],"texture":"#0"},"down":{"uv":[12.5625,3.5,11.5,3.5625],"texture":"#0"}}},{"from":[6.95,15.8,9.2],"to":[9.05,16.2,9.35],"rotation":{"angle":0,"axis":"y","origin":[8,0,8]},"faces":{"north":{"uv":[7.5,5.5,8.5625,5.6875],"texture":"#0"},"east":{"uv":[0,15,0.0625,15.1875],"texture":"#0"},"south":{"uv":[7,7.5,8.0625,7.6875],"texture":"#0"},"west":{"uv":[15,0,15.0625,0.1875],"texture":"#0"},"up":{"uv":[6.0625,11.5625,5,11.5],"texture":"#0"},"down":{"uv":[12.5625,5.5,11.5,5.5625],"texture":"#0"}}},{"from":[9.3,15.4,6.85],"to":[9.45,15.8,9.15],"rotation":{"angle":0,"axis":"y","origin":[8,0,8]},"faces":{"north":{"uv":[0.5,15,0.5625,15.1875],"texture":"#0"},"east":{"uv":[5.5,5,6.625,5.1875],"texture":"#0"},"south":{"uv":[15,0.5,15.0625,0.6875],"texture":"#0"},"west":{"uv":[5.5,5.5,6.625,5.6875],"texture":"#0"},"up":{"uv":[11.0625,3.625,11,2.5],"texture":"#0"},"down":{"uv":[3.5625,11,3.5,12.125],"texture":"#0"}}},{"from":[6.55,15.4,6.85],"to":[6.7,15.8,9.15],"rotation":{"angle":0,"axis":"y","origin":[8,0,8]},"faces":{"north":{"uv":[1,15,1.0625,15.1875],"texture":"#0"},"east":{"uv":[0,6,1.125,6.1875],"texture":"#0"},"south":{"uv":[15,1,15.0625,1.1875],"texture":"#0"},"west":{"uv":[6,0,7.125,0.1875],"texture":"#0"},"up":{"uv":[4.0625,12.125,4,11],"texture":"#0"},"down":{"uv":[11.0625,5.5,11,6.625],"texture":"#0"}}},{"from":[9.05,15.4,6.7],"to":[9.3,15.8,6.95],"rotation":{"angle":0,"axis":"y","origin":[8,0,8]},"faces":{"north":{"uv":[13.5,0,13.625,0.1875],"texture":"#0"},"east":{"uv":[0.5,13.5,0.625,13.6875],"texture":"#0"},"south":{"uv":[13.5,0.5,13.625,0.6875],"texture":"#0"},"west":{"uv":[1,13.5,1.125,13.6875],"texture":"#0"},"up":{"uv":[14.625,9.125,14.5,9],"texture":"#0"},"down":{"uv":[9.625,14.5,9.5,14.625],"texture":"#0"}}},{"from":[6.7,15.4,6.7],"to":[6.95,15.8,6.95],"rotation":{"angle":0,"axis":"y","origin":[8,0,8]},"faces":{"north":{"uv":[13.5,1,13.625,1.1875],"texture":"#0"},"east":{"uv":[1.5,13.5,1.625,13.6875],"texture":"#0"},"south":{"uv":[13.5,1.5,13.625,1.6875],"texture":"#0"},"west":{"uv":[2,13.5,2.125,13.6875],"texture":"#0"},"up":{"uv":[14.625,9.625,14.5,9.5],"texture":"#0"},"down":{"uv":[10.125,14.5,10,14.625],"texture":"#0"}}},{"from":[6.7,15.4,9.05],"to":[6.95,15.8,9.3],"rotation":{"angle":0,"axis":"y","origin":[8,0,8]},"faces":{"north":{"uv":[13.5,2,13.625,2.1875],"texture":"#0"},"east":{"uv":[2.5,13.5,2.625,13.6875],"texture":"#0"},"south":{"uv":[13.5,2.5,13.625,2.6875],"texture":"#0"},"west":{"uv":[3,13.5,3.125,13.6875],"texture":"#0"},"up":{"uv":[14.625,10.125,14.5,10],"texture":"#0"},"down":{"uv":[10.625,14.5,10.5,14.625],"texture":"#0"}}},{"from":[9.05,15.4,9.05],"to":[9.3,15.8,9.3],"rotation":{"angle":0,"axis":"y","origin":[8,0,8]},"faces":{"north":{"uv":[13.5,3,13.625,3.1875],"texture":"#0"},"east":{"uv":[3.5,13.5,3.625,13.6875],"texture":"#0"},"south":{"uv":[13.5,3.5,13.625,3.6875],"texture":"#0"},"west":{"uv":[4,13.5,4.125,13.6875],"texture":"#0"},"up":{"uv":[14.625,10.625,14.5,10.5],"texture":"#0"},"down":{"uv":[11.125,14.5,11,14.625],"texture":"#0"}}},{"from":[6.85,15.4,6.55],"to":[9.15,15.8,6.7],"rotation":{"angle":0,"axis":"y","origin":[8,0,8]},"faces":{"north":{"uv":[6,0.5,7.125,0.6875],"texture":"#0"},"east":{"uv":[1.5,15,1.5625,15.1875],"texture":"#0"},"south":{"uv":[6,1,7.125,1.1875],"texture":"#0"},"west":{"uv":[15,1.5,15.0625,1.6875],"texture":"#0"},"up":{"uv":[12.125,7.0625,11,7],"texture":"#0"},"down":{"uv":[12.125,7.5,11,7.5625],"texture":"#0"}}},{"from":[6.85,15.4,9.3],"to":[9.15,15.8,9.45],"rotation":{"angle":0,"axis":"y","origin":[8,0,8]},"faces":{"north":{"uv":[1.5,6,2.625,6.1875],"texture":"#0"},"east":{"uv":[2,15,2.0625,15.1875],"texture":"#0"},"south":{"uv":[6,1.5,7.125,1.6875],"texture":"#0"},"west":{"uv":[15,2,15.0625,2.1875],"texture":"#0"},"up":{"uv":[12.125,8.0625,11,8],"texture":"#0"},"down":{"uv":[12.125,8.5,11,8.5625],"texture":"#0"}}},{"from":[9.4,12,6.75],"to":[9.55,15.4,9.25],"rotation":{"angle":0,"axis":"y","origin":[8,0,8]},"faces":{"north":{"uv":[7,9.5,7.0625,11.1875],"texture":"#0"},"east":{"uv":[0,0,1.25,1.6875],"texture":"#0"},"south":{"uv":[7.5,9.5,7.5625,11.1875],"texture":"#0"},"west":{"uv":[1.5,0,2.75,1.6875],"texture":"#0"},"up":{"uv":[1.5625,11.75,1.5,10.5],"texture":"#0"},"down":{"uv":[2.0625,10.5,2,11.75],"texture":"#0"}}},{"from":[6.45,12,6.75],"to":[6.6,15.4,9.25],"rotation":{"angle":0,"axis":"y","origin":[8,0,8]},"faces":{"north":{"uv":[8,9.5,8.0625,11.1875],"texture":"#0"},"east":{"uv":[0,2,1.25,3.6875],"texture":"#0"},"south":{"uv":[9.5,8,9.5625,9.6875],"texture":"#0"},"west":{"uv":[1.5,2,2.75,3.6875],"texture":"#0"},"up":{"uv":[2.5625,11.75,2.5,10.5],"texture":"#0"},"down":{"uv":[3.0625,10.5,3,11.75],"texture":"#0"}}},{"from":[9.15,12,6.6],"to":[9.4,15.4,6.85],"rotation":{"angle":0,"axis":"y","origin":[8,0,8]},"faces":{"north":{"uv":[3.5,5.5,3.625,7.1875],"texture":"#0"},"east":{"uv":[4,5.5,4.125,7.1875],"texture":"#0"},"south":{"uv":[4.5,6,4.625,7.6875],"texture":"#0"},"west":{"uv":[5,6,5.125,7.6875],"texture":"#0"},"up":{"uv":[14.625,11.125,14.5,11],"texture":"#0"},"down":{"uv":[11.625,14.5,11.5,14.625],"texture":"#0"}}},{"from":[6.6,12,6.6],"to":[6.85,15.4,6.85],"rotation":{"angle":0,"axis":"y","origin":[8,0,8]},"faces":{"north":{"uv":[5.5,6,5.625,7.6875],"texture":"#0"},"east":{"uv":[6,6,6.125,7.6875],"texture":"#0"},"south":{"uv":[0,6.5,0.125,8.1875],"texture":"#0"},"west":{"uv":[0.5,6.5,0.625,8.1875],"texture":"#0"},"up":{"uv":[14.625,11.625,14.5,11.5],"texture":"#0"},"down":{"uv":[12.125,14.5,12,14.625],"texture":"#0"}}},{"from":[6.6,12,9.15],"to":[6.85,15.4,9.4],"rotation":{"angle":0,"axis":"y","origin":[8,0,8]},"faces":{"north":{"uv":[1,6.5,1.125,8.1875],"texture":"#0"},"east":{"uv":[1.5,6.5,1.625,8.1875],"texture":"#0"},"south":{"uv":[2,6.5,2.125,8.1875],"texture":"#0"},"west":{"uv":[2.5,6.5,2.625,8.1875],"texture":"#0"},"up":{"uv":[14.625,12.125,14.5,12],"texture":"#0"},"down":{"uv":[12.625,14.5,12.5,14.625],"texture":"#0"}}},{"from":[9.15,12,9.15],"to":[9.4,15.4,9.4],"rotation":{"angle":0,"axis":"y","origin":[8,0,8]},"faces":{"north":{"uv":[6.5,6,6.625,7.6875],"texture":"#0"},"east":{"uv":[7,2,7.125,3.6875],"texture":"#0"},"south":{"uv":[3,7,3.125,8.6875],"texture":"#0"},"west":{"uv":[7,4,7.125,5.6875],"texture":"#0"},"up":{"uv":[14.625,12.625,14.5,12.5],"texture":"#0"},"down":{"uv":[13.125,14.5,13,14.625],"texture":"#0"}}},{"from":[6.75,12,6.45],"to":[9.25,15.4,6.6],"rotation":{"angle":0,"axis":"y","origin":[8,0,8]},"faces":{"north":{"uv":[3,0,4.25,1.6875],"texture":"#0"},"east":{"uv":[8.5,9.5,8.5625,11.1875],"texture":"#0"},"south":{"uv":[3,2,4.25,3.6875],"texture":"#0"},"west":{"uv":[9,9.5,9.0625,11.1875],"texture":"#0"},"up":{"uv":[11.75,1.5625,10.5,1.5],"texture":"#0"},"down":{"uv":[11.75,4,10.5,4.0625],"texture":"#0"}}},{"from":[6.75,12,9.4],"to":[9.25,15.4,9.55],"rotation":{"angle":0,"axis":"y","origin":[8,0,8]},"faces":{"north":{"uv":[0,4,1.25,5.6875],"texture":"#0"},"east":{"uv":[0,10,0.0625,11.6875],"texture":"#0"},"south":{"uv":[1.5,4,2.75,5.6875],"texture":"#0"},"west":{"uv":[10,0,10.0625,1.6875],"texture":"#0"},"up":{"uv":[11.75,4.5625,10.5,4.5],"texture":"#0"},"down":{"uv":[11.75,5,10.5,5.0625],"texture":"#0"}}},{"from":[9.3,11.8,6.85],"to":[9.45,12.2,9.15],"rotation":{"angle":0,"axis":"y","origin":[8,0,8]},"faces":{"north":{"uv":[2.5,15,2.5625,15.1875],"texture":"#0"},"east":{"uv":[7,6,8.125,6.1875],"texture":"#0"},"south":{"uv":[15,2.5,15.0625,2.6875],"texture":"#0"},"west":{"uv":[7,6.5,8.125,6.6875],"texture":"#0"},"up":{"uv":[11.0625,10.125,11,9],"texture":"#0"},"down":{"uv":[9.5625,11,9.5,12.125],"texture":"#0"}}},{"from":[6.55,11.8,6.85],"to":[6.7,12.2,9.15],"rotation":{"angle":0,"axis":"y","origin":[8,0,8]},"faces":{"north":{"uv":[3,15,3.0625,15.1875],"texture":"#0"},"east":{"uv":[7,7,8.125,7.1875],"texture":"#0"},"south":{"uv":[15,3,15.0625,3.1875],"texture":"#0"},"west":{"uv":[7.5,0,8.625,0.1875],"texture":"#0"},"up":{"uv":[10.0625,12.125,10,11],"texture":"#0"},"down":{"uv":[10.5625,11,10.5,12.125],"texture":"#0"}}},{"from":[6.7,11.8,6.7],"to":[9.3,12.2,9.3],"rotation":{"angle":0,"axis":"y","origin":[8,0,8]},"faces":{"north":{"uv":[5.5,3,6.8125,3.1875],"texture":"#0"},"east":{"uv":[5.5,3.5,6.8125,3.6875],"texture":"#0"},"south":{"uv":[5.5,4,6.8125,4.1875],"texture":"#0"},"west":{"uv":[5.5,4.5,6.8125,4.6875],"texture":"#0"},"up":{"uv":[4.3125,5.3125,3,4],"texture":"#0"},"down":{"uv":[5.8125,0,4.5,1.3125],"texture":"#0"}}},{"from":[6.85,11.8,6.55],"to":[9.15,12.2,6.7],"rotation":{"angle":0,"axis":"y","origin":[8,0,8]},"faces":{"north":{"uv":[7.5,0.5,8.625,0.6875],"texture":"#0"},"east":{"uv":[3.5,15,3.5625,15.1875],"texture":"#0"},"south":{"uv":[7.5,1,8.625,1.1875],"texture":"#0"},"west":{"uv":[15,3.5,15.0625,3.6875],"texture":"#0"},"up":{"uv":[12.125,10.5625,11,10.5],"texture":"#0"},"down":{"uv":[12.125,11,11,11.0625],"texture":"#0"}}},{"from":[6.85,11.8,9.3],"to":[9.15,12.2,9.45],"rotation":{"angle":0,"axis":"y","origin":[8,0,8]},"faces":{"north":{"uv":[7.5,1.5,8.625,1.6875],"texture":"#0"},"east":{"uv":[4,15,4.0625,15.1875],"texture":"#0"},"south":{"uv":[7.5,2,8.625,2.1875],"texture":"#0"},"west":{"uv":[15,4,15.0625,4.1875],"texture":"#0"},"up":{"uv":[12.625,0.0625,11.5,0],"texture":"#0"},"down":{"uv":[12.625,0.5,11.5,0.5625],"texture":"#0"}}},{"from":[8.55,16.7,7.45],"to":[8.8,16.9,8.55],"rotation":{"angle":0,"axis":"y","origin":[8,0,8]},"faces":{"north":{"uv":[7,6,7.125,6.375],"texture":"#1"},"east":{"uv":[3,4,5.25,4.375],"texture":"#1"},"south":{"uv":[3,8,3.125,8.375],"texture":"#1"},"west":{"uv":[3,5,5.25,5.375],"texture":"#1"},"up":{"uv":[6.125,6.25,6,4],"texture":"#1"},"down":{"uv":[0.125,7,0,9.25],"texture":"#1"}}},{"from":[7.2,16.7,7.45],"to":[7.45,16.9,8.55],"rotation":{"angle":0,"axis":"y","origin":[8,0,8]},"faces":{"north":{"uv":[4,8,4.125,8.375],"texture":"#1"},"east":{"uv":[0,6,2.25,6.375],"texture":"#1"},"south":{"uv":[5,8,5.125,8.375],"texture":"#1"},"west":{"uv":[6,0,8.25,0.375],"texture":"#1"},"up":{"uv":[1.125,9.25,1,7],"texture":"#1"},"down":{"uv":[2.125,7,2,9.25],"texture":"#1"}}},{"from":[7.45,16.7,7.45],"to":[8.55,16.9,8.55],"rotation":{"angle":0,"axis":"y","origin":[8,0,8]},"faces":{"north":{"uv":[3,0,5.625,0.375],"texture":"#1"},"east":{"uv":[3,1,5.625,1.375],"texture":"#1"},"south":{"uv":[3,2,5.625,2.375],"texture":"#1"},"west":{"uv":[3,3,5.625,3.375],"texture":"#1"},"up":{"uv":[2.625,2.625,0,0],"texture":"#1"},"down":{"uv":[2.625,3,0,5.625],"texture":"#1"}}},{"from":[7.45,16.7,7.2],"to":[8.55,16.9,7.45],"rotation":{"angle":0,"axis":"y","origin":[8,0,8]},"faces":{"north":{"uv":[6,1,8.25,1.375],"texture":"#1"},"east":{"uv":[6,8,6.125,8.375],"texture":"#1"},"south":{"uv":[6,2,8.25,2.375],"texture":"#1"},"west":{"uv":[8,6,8.125,6.375],"texture":"#1"},"up":{"uv":[5.25,7.125,3,7],"texture":"#1"},"down":{"uv":[9.25,4,7,4.125],"texture":"#1"}}},{"from":[7.45,16.7,8.55],"to":[8.55,16.9,8.8],"rotation":{"angle":0,"axis":"y","origin":[8,0,8]},"faces":{"north":{"uv":[3,6,5.25,6.375],"texture":"#1"},"east":{"uv":[7,8,7.125,8.375],"texture":"#1"},"south":{"uv":[6,3,8.25,3.375],"texture":"#1"},"west":{"uv":[8,8,8.125,8.375],"texture":"#1"},"up":{"uv":[9.25,5.125,7,5],"texture":"#1"},"down":{"uv":[8.25,7,6,7.125],"texture":"#1"}}},{"from":[8.65,16.55,7.35],"to":[8.9,16.7,8.65],"rotation":{"angle":0,"axis":"y","origin":[8,0,8]},"faces":{"north":{"uv":[7,6,7.125,6.375],"texture":"#1"},"east":{"uv":[3,4,5.25,4.375],"texture":"#1"},"south":{"uv":[3,8,3.125,8.375],"texture":"#1"},"west":{"uv":[3,5,5.25,5.375],"texture":"#1"},"up":{"uv":[6.125,6.25,6,4],"texture":"#1"},"down":{"uv":[0.125,7,0,9.25],"texture":"#1"}}},{"from":[7.1,16.55,7.35],"to":[7.35,16.7,8.65],"rotation":{"angle":0,"axis":"y","origin":[8,0,8]},"faces":{"north":{"uv":[4,8,4.125,8.375],"texture":"#1"},"east":{"uv":[0,6,2.25,6.375],"texture":"#1"},"south":{"uv":[5,8,5.125,8.375],"texture":"#1"},"west":{"uv":[6,0,8.25,0.375],"texture":"#1"},"up":{"uv":[1.125,9.25,1,7],"texture":"#1"},"down":{"uv":[2.125,7,2,9.25],"texture":"#1"}}},{"from":[7.35,16.55,7.35],"to":[8.65,16.7,8.65],"rotation":{"angle":0,"axis":"y","origin":[8,0,8]},"faces":{"north":{"uv":[3,0,5.625,0.375],"texture":"#1"},"east":{"uv":[3,1,5.625,1.375],"texture":"#1"},"south":{"uv":[3,2,5.625,2.375],"texture":"#1"},"west":{"uv":[3,3,5.625,3.375],"texture":"#1"},"up":{"uv":[2.625,2.625,0,0],"texture":"#1"},"down":{"uv":[2.625,3,0,5.625],"texture":"#1"}}},{"from":[7.35,16.55,7.1],"to":[8.65,16.7,7.35],"rotation":{"angle":0,"axis":"y","origin":[8,0,8]},"faces":{"north":{"uv":[6,1,8.25,1.375],"texture":"#1"},"east":{"uv":[6,8,6.125,8.375],"texture":"#1"},"south":{"uv":[6,2,8.25,2.375],"texture":"#1"},"west":{"uv":[8,6,8.125,6.375],"texture":"#1"},"up":{"uv":[5.25,7.125,3,7],"texture":"#1"},"down":{"uv":[9.25,4,7,4.125],"texture":"#1"}}},{"from":[7.35,16.55,8.65],"to":[8.65,16.7,8.9],"rotation":{"angle":0,"axis":"y","origin":[8,0,8]},"faces":{"north":{"uv":[3,6,5.25,6.375],"texture":"#1"},"east":{"uv":[7,8,7.125,8.375],"texture":"#1"},"south":{"uv":[6,3,8.25,3.375],"texture":"#1"},"west":{"uv":[8,8,8.125,8.375],"texture":"#1"},"up":{"uv":[9.25,5.125,7,5],"texture":"#1"},"down":{"uv":[8.25,7,6,7.125],"texture":"#1"}}},{"from":[8.75,16.4,7.25],"to":[9,16.55,8.75],"rotation":{"angle":0,"axis":"y","origin":[8,0,8]},"faces":{"north":{"uv":[7,6,7.125,6.375],"texture":"#1"},"east":{"uv":[3,4,5.25,4.375],"texture":"#1"},"south":{"uv":[3,8,3.125,8.375],"texture":"#1"},"west":{"uv":[3,5,5.25,5.375],"texture":"#1"},"up":{"uv":[6.125,6.25,6,4],"texture":"#1"},"down":{"uv":[0.125,7,0,9.25],"texture":"#1"}}},{"from":[7,16.4,7.25],"to":[7.25,16.55,8.75],"rotation":{"angle":0,"axis":"y","origin":[8,0,8]},"faces":{"north":{"uv":[4,8,4.125,8.375],"texture":"#1"},"east":{"uv":[0,6,2.25,6.375],"texture":"#1"},"south":{"uv":[5,8,5.125,8.375],"texture":"#1"},"west":{"uv":[6,0,8.25,0.375],"texture":"#1"},"up":{"uv":[1.125,9.25,1,7],"texture":"#1"},"down":{"uv":[2.125,7,2,9.25],"texture":"#1"}}},{"from":[7.25,16.4,7.25],"to":[8.75,16.55,8.75],"rotation":{"angle":0,"axis":"y","origin":[8,0,8]},"faces":{"north":{"uv":[3,0,5.625,0.375],"texture":"#1"},"east":{"uv":[3,1,5.625,1.375],"texture":"#1"},"south":{"uv":[3,2,5.625,2.375],"texture":"#1"},"west":{"uv":[3,3,5.625,3.375],"texture":"#1"},"up":{"uv":[2.625,2.625,0,0],"texture":"#1"},"down":{"uv":[2.625,3,0,5.625],"texture":"#1"}}},{"from":[7.25,16.4,7],"to":[8.75,16.55,7.25],"rotation":{"angle":0,"axis":"y","origin":[8,0,8]},"faces":{"north":{"uv":[6,1,8.25,1.375],"texture":"#1"},"east":{"uv":[6,8,6.125,8.375],"texture":"#1"},"south":{"uv":[6,2,8.25,2.375],"texture":"#1"},"west":{"uv":[8,6,8.125,6.375],"texture":"#1"},"up":{"uv":[5.25,7.125,3,7],"texture":"#1"},"down":{"uv":[9.25,4,7,4.125],"texture":"#1"}}},{"from":[7.25,16.4,8.75],"to":[8.75,16.55,9],"rotation":{"angle":0,"axis":"y","origin":[8,0,8]},"faces":{"north":{"uv":[3,6,5.25,6.375],"texture":"#1"},"east":{"uv":[7,8,7.125,8.375],"texture":"#1"},"south":{"uv":[6,3,8.25,3.375],"texture":"#1"},"west":{"uv":[8,8,8.125,8.375],"texture":"#1"},"up":{"uv":[9.25,5.125,7,5],"texture":"#1"},"down":{"uv":[8.25,7,6,7.125],"texture":"#1"}}},{"from":[8.85,16.2,7.15],"to":[9.1,16.4,8.85],"rotation":{"angle":0,"axis":"y","origin":[8,0,8]},"faces":{"north":{"uv":[7,6,7.125,6.375],"texture":"#1"},"east":{"uv":[3,4,5.25,4.375],"texture":"#1"},"south":{"uv":[3,8,3.125,8.375],"texture":"#1"},"west":{"uv":[3,5,5.25,5.375],"texture":"#1"},"up":{"uv":[6.125,6.25,6,4],"texture":"#1"},"down":{"uv":[0.125,7,0,9.25],"texture":"#1"}}},{"from":[6.9,16.2,7.15],"to":[7.15,16.4,8.85],"rotation":{"angle":0,"axis":"y","origin":[8,0,8]},"faces":{"north":{"uv":[4,8,4.125,8.375],"texture":"#1"},"east":{"uv":[0,6,2.25,6.375],"texture":"#1"},"south":{"uv":[5,8,5.125,8.375],"texture":"#1"},"west":{"uv":[6,0,8.25,0.375],"texture":"#1"},"up":{"uv":[1.125,9.25,1,7],"texture":"#1"},"down":{"uv":[2.125,7,2,9.25],"texture":"#1"}}},{"from":[7.15,16.2,7.15],"to":[8.85,16.4,8.85],"rotation":{"angle":0,"axis":"y","origin":[8,0,8]},"faces":{"north":{"uv":[3,0,5.625,0.375],"texture":"#1"},"east":{"uv":[3,1,5.625,1.375],"texture":"#1"},"south":{"uv":[3,2,5.625,2.375],"texture":"#1"},"west":{"uv":[3,3,5.625,3.375],"texture":"#1"},"up":{"uv":[2.625,2.625,0,0],"texture":"#1"},"down":{"uv":[2.625,3,0,5.625],"texture":"#1"}}},{"from":[7.15,16.2,6.9],"to":[8.85,16.4,7.15],"rotation":{"angle":0,"axis":"y","origin":[8,0,8]},"faces":{"north":{"uv":[6,1,8.25,1.375],"texture":"#1"},"east":{"uv":[6,8,6.125,8.375],"texture":"#1"},"south":{"uv":[6,2,8.25,2.375],"texture":"#1"},"west":{"uv":[8,6,8.125,6.375],"texture":"#1"},"up":{"uv":[5.25,7.125,3,7],"texture":"#1"},"down":{"uv":[9.25,4,7,4.125],"texture":"#1"}}},{"from":[7.15,16.2,8.85],"to":[8.85,16.4,9.1],"rotation":{"angle":0,"axis":"y","origin":[8,0,8]},"faces":{"north":{"uv":[3,6,5.25,6.375],"texture":"#1"},"east":{"uv":[7,8,7.125,8.375],"texture":"#1"},"south":{"uv":[6,3,8.25,3.375],"texture":"#1"},"west":{"uv":[8,8,8.125,8.375],"texture":"#1"},"up":{"uv":[9.25,5.125,7,5],"texture":"#1"},"down":{"uv":[8.25,7,6,7.125],"texture":"#1"}}},{"from":[8.95,15.8,7.05],"to":[9.2,16.2,8.95],"rotation":{"angle":0,"axis":"y","origin":[8,0,8]},"faces":{"north":{"uv":[7,6,7.125,6.375],"texture":"#1"},"east":{"uv":[3,4,5.25,4.375],"texture":"#1"},"south":{"uv":[3,8,3.125,8.375],"texture":"#1"},"west":{"uv":[3,5,5.25,5.375],"texture":"#1"},"up":{"uv":[6.125,6.25,6,4],"texture":"#1"},"down":{"uv":[0.125,7,0,9.25],"texture":"#1"}}},{"from":[6.8,15.8,7.05],"to":[7.05,16.2,8.95],"rotation":{"angle":0,"axis":"y","origin":[8,0,8]},"faces":{"north":{"uv":[4,8,4.125,8.375],"texture":"#1"},"east":{"uv":[0,6,2.25,6.375],"texture":"#1"},"south":{"uv":[5,8,5.125,8.375],"texture":"#1"},"west":{"uv":[6,0,8.25,0.375],"texture":"#1"},"up":{"uv":[1.125,9.25,1,7],"texture":"#1"},"down":{"uv":[2.125,7,2,9.25],"texture":"#1"}}},{"from":[7.05,15.8,7.05],"to":[8.95,16.2,8.95],"rotation":{"angle":0,"axis":"y","origin":[8,0,8]},"faces":{"north":{"uv":[3,0,5.625,0.375],"texture":"#1"},"east":{"uv":[3,1,5.625,1.375],"texture":"#1"},"south":{"uv":[3,2,5.625,2.375],"texture":"#1"},"west":{"uv":[3,3,5.625,3.375],"texture":"#1"},"up":{"uv":[2.625,2.625,0,0],"texture":"#1"},"down":{"uv":[2.625,3,0,5.625],"texture":"#1"}}},{"from":[7.05,15.8,6.8],"to":[8.95,16.2,7.05],"rotation":{"angle":0,"axis":"y","origin":[8,0,8]},"faces":{"north":{"uv":[6,1,8.25,1.375],"texture":"#1"},"east":{"uv":[6,8,6.125,8.375],"texture":"#1"},"south":{"uv":[6,2,8.25,2.375],"texture":"#1"},"west":{"uv":[8,6,8.125,6.375],"texture":"#1"},"up":{"uv":[5.25,7.125,3,7],"texture":"#1"},"down":{"uv":[9.25,4,7,4.125],"texture":"#1"}}},{"from":[7.05,15.8,8.95],"to":[8.95,16.2,9.2],"rotation":{"angle":0,"axis":"y","origin":[8,0,8]},"faces":{"north":{"uv":[3,6,5.25,6.375],"texture":"#1"},"east":{"uv":[7,8,7.125,8.375],"texture":"#1"},"south":{"uv":[6,3,8.25,3.375],"texture":"#1"},"west":{"uv":[8,8,8.125,8.375],"texture":"#1"},"up":{"uv":[9.25,5.125,7,5],"texture":"#1"},"down":{"uv":[8.25,7,6,7.125],"texture":"#1"}}},{"from":[9.05,15.4,6.95],"to":[9.3,15.8,9.05],"rotation":{"angle":0,"axis":"y","origin":[8,0,8]},"faces":{"north":{"uv":[7,6,7.125,6.375],"texture":"#1"},"east":{"uv":[3,4,5.25,4.375],"texture":"#1"},"south":{"uv":[3,8,3.125,8.375],"texture":"#1"},"west":{"uv":[3,5,5.25,5.375],"texture":"#1"},"up":{"uv":[6.125,6.25,6,4],"texture":"#1"},"down":{"uv":[0.125,7,0,9.25],"texture":"#1"}}},{"from":[6.7,15.4,6.95],"to":[6.95,15.8,9.05],"rotation":{"angle":0,"axis":"y","origin":[8,0,8]},"faces":{"north":{"uv":[4,8,4.125,8.375],"texture":"#1"},"east":{"uv":[0,6,2.25,6.375],"texture":"#1"},"south":{"uv":[5,8,5.125,8.375],"texture":"#1"},"west":{"uv":[6,0,8.25,0.375],"texture":"#1"},"up":{"uv":[1.125,9.25,1,7],"texture":"#1"},"down":{"uv":[2.125,7,2,9.25],"texture":"#1"}}},{"from":[6.95,15.4,6.95],"to":[9.05,15.8,9.05],"rotation":{"angle":0,"axis":"y","origin":[8,0,8]},"faces":{"north":{"uv":[3,0,5.625,0.375],"texture":"#1"},"east":{"uv":[3,1,5.625,1.375],"texture":"#1"},"south":{"uv":[3,2,5.625,2.375],"texture":"#1"},"west":{"uv":[3,3,5.625,3.375],"texture":"#1"},"up":{"uv":[2.625,2.625,0,0],"texture":"#1"},"down":{"uv":[2.625,3,0,5.625],"texture":"#1"}}},{"from":[6.95,15.4,6.7],"to":[9.05,15.8,6.95],"rotation":{"angle":0,"axis":"y","origin":[8,0,8]},"faces":{"north":{"uv":[6,1,8.25,1.375],"texture":"#1"},"east":{"uv":[6,8,6.125,8.375],"texture":"#1"},"south":{"uv":[6,2,8.25,2.375],"texture":"#1"},"west":{"uv":[8,6,8.125,6.375],"texture":"#1"},"up":{"uv":[5.25,7.125,3,7],"texture":"#1"},"down":{"uv":[9.25,4,7,4.125],"texture":"#1"}}},{"from":[6.95,15.4,9.05],"to":[9.05,15.8,9.3],"rotation":{"angle":0,"axis":"y","origin":[8,0,8]},"faces":{"north":{"uv":[3,6,5.25,6.375],"texture":"#1"},"east":{"uv":[7,8,7.125,8.375],"texture":"#1"},"south":{"uv":[6,3,8.25,3.375],"texture":"#1"},"west":{"uv":[8,8,8.125,8.375],"texture":"#1"},"up":{"uv":[9.25,5.125,7,5],"texture":"#1"},"down":{"uv":[8.25,7,6,7.125],"texture":"#1"}}},{"from":[9.3,12.1,6.85],"to":[9.45,15.4,9.15],"rotation":{"angle":0,"axis":"y","origin":[8,0,8]},"faces":{"north":{"uv":[7,6,7.125,6.375],"texture":"#1"},"east":{"uv":[3,4,5.25,4.375],"texture":"#1"},"south":{"uv":[3,8,3.125,8.375],"texture":"#1"},"west":{"uv":[3,5,5.25,5.375],"texture":"#1"},"up":{"uv":[6.125,6.25,6,4],"texture":"#1"},"down":{"uv":[0.125,7,0,9.25],"texture":"#1"}}},{"from":[6.55,12.1,6.85],"to":[6.7,15.4,9.15],"rotation":{"angle":0,"axis":"y","origin":[8,0,8]},"faces":{"north":{"uv":[4,8,4.125,8.375],"texture":"#1"},"east":{"uv":[0,6,2.25,6.375],"texture":"#1"},"south":{"uv":[5,8,5.125,8.375],"texture":"#1"},"west":{"uv":[6,0,8.25,0.375],"texture":"#1"},"up":{"uv":[1.125,9.25,1,7],"texture":"#1"},"down":{"uv":[2.125,7,2,9.25],"texture":"#1"}}},{"from":[6.7,12.1,6.7],"to":[9.3,15.4,9.3],"rotation":{"angle":0,"axis":"y","origin":[8,0,8]},"faces":{"north":{"uv":[3,0,5.625,0.375],"texture":"#1"},"east":{"uv":[3,1,5.625,1.375],"texture":"#1"},"south":{"uv":[3,2,5.625,2.375],"texture":"#1"},"west":{"uv":[3,3,5.625,3.375],"texture":"#1"},"up":{"uv":[2.625,2.625,0,0],"texture":"#1"},"down":{"uv":[2.625,3,0,5.625],"texture":"#1"}}},{"from":[6.85,12.1,6.55],"to":[9.15,15.4,6.7],"rotation":{"angle":0,"axis":"y","origin":[8,0,8]},"faces":{"north":{"uv":[6,1,8.25,1.375],"texture":"#1"},"east":{"uv":[6,8,6.125,8.375],"texture":"#1"},"south":{"uv":[6,2,8.25,2.375],"texture":"#1"},"west":{"uv":[8,6,8.125,6.375],"texture":"#1"},"up":{"uv":[5.25,7.125,3,7],"texture":"#1"},"down":{"uv":[9.25,4,7,4.125],"texture":"#1"}}},{"from":[6.85,12.1,9.3],"to":[9.15,15.4,9.45],"rotation":{"angle":0,"axis":"y","origin":[8,0,8]},"faces":{"north":{"uv":[3,6,5.25,6.375],"texture":"#1"},"east":{"uv":[7,8,7.125,8.375],"texture":"#1"},"south":{"uv":[6,3,8.25,3.375],"texture":"#1"},"west":{"uv":[8,8,8.125,8.375],"texture":"#1"},"up":{"uv":[9.25,5.125,7,5],"texture":"#1"},"down":{"uv":[8.25,7,6,7.125],"texture":"#1"}}},{"from":[7.8,20.2,7.4],"to":[8.2,20.35,7.55],"rotation":{"angle":0,"axis":"y","origin":[8,11,8]},"faces":{"north":{"uv":[0.5,7,0.6875,7.0625],"texture":"#2"},"east":{"uv":[7.5,5,7.5625,5.0625],"texture":"#2"},"south":{"uv":[7,0.5,7.1875,0.5625],"texture":"#2"},"west":{"uv":[5.5,7.5,5.5625,7.5625],"texture":"#2"},"up":{"uv":[1.1875,7.0625,1,7],"texture":"#2"},"down":{"uv":[7.1875,1,7,1.0625],"texture":"#2"}}},{"from":[7.55,20.2,7.55],"to":[8.45,20.35,8.45],"rotation":{"angle":0,"axis":"y","origin":[8,11,8]},"faces":{"north":{"uv":[3.5,0,3.9375,0.0625],"texture":"#2"},"east":{"uv":[0.5,3.5,0.9375,3.5625],"texture":"#2"},"south":{"uv":[3.5,0.5,3.9375,0.5625],"texture":"#2"},"west":{"uv":[1,3.5,1.4375,3.5625],"texture":"#2"},"up":{"uv":[0.4375,0.4375,0,0],"texture":"#2"},"down":{"uv":[0.4375,0.5,0,0.9375],"texture":"#2"}}},{"from":[8.45,20.2,7.8],"to":[8.6,20.35,8.2],"rotation":{"angle":0,"axis":"y","origin":[8,11,8]},"faces":{"north":{"uv":[7.5,5.5,7.5625,5.5625],"texture":"#2"},"east":{"uv":[1.5,7,1.6875,7.0625],"texture":"#2"},"south":{"uv":[6,7.5,6.0625,7.5625],"texture":"#2"},"west":{"uv":[7,1.5,7.1875,1.5625],"texture":"#2"},"up":{"uv":[2.0625,7.1875,2,7],"texture":"#2"},"down":{"uv":[7.0625,2,7,2.1875],"texture":"#2"}}},{"from":[7.8,20.2,8.45],"to":[8.2,20.35,8.6],"rotation":{"angle":0,"axis":"y","origin":[8,11,8]},"faces":{"north":{"uv":[2.5,7,2.6875,7.0625],"texture":"#2"},"east":{"uv":[7.5,6,7.5625,6.0625],"texture":"#2"},"south":{"uv":[7,2.5,7.1875,2.5625],"texture":"#2"},"west":{"uv":[6.5,7.5,6.5625,7.5625],"texture":"#2"},"up":{"uv":[3.1875,7.0625,3,7],"texture":"#2"},"down":{"uv":[7.1875,3,7,3.0625],"texture":"#2"}}},{"from":[7.4,20.2,7.8],"to":[7.55,20.35,8.2],"rotation":{"angle":0,"axis":"y","origin":[8,11,8]},"faces":{"north":{"uv":[7.5,6.5,7.5625,6.5625],"texture":"#2"},"east":{"uv":[3.5,7,3.6875,7.0625],"texture":"#2"},"south":{"uv":[7,7.5,7.0625,7.5625],"texture":"#2"},"west":{"uv":[7,3.5,7.1875,3.5625],"texture":"#2"},"up":{"uv":[4.0625,7.1875,4,7],"texture":"#2"},"down":{"uv":[7.0625,4,7,4.1875],"texture":"#2"}}},{"from":[7.35,19.45,7.75],"to":[7.4,20.3,8.25],"rotation":{"angle":0,"axis":"y","origin":[8,0,8]},"faces":{"north":{"uv":[3.5,1,3.5625,1.4375],"texture":"#2"},"east":{"uv":[0.5,0,0.75,0.4375],"texture":"#2"},"south":{"uv":[1.5,3.5,1.5625,3.9375],"texture":"#2"},"west":{"uv":[0.5,0.5,0.75,0.9375],"texture":"#2"},"up":{"uv":[6.5625,3.25,6.5,3],"texture":"#2"},"down":{"uv":[3.5625,6.5,3.5,6.75],"texture":"#2"}}},{"from":[7.75,19.45,7.35],"to":[8.25,20.3,7.4],"rotation":{"angle":0,"axis":"y","origin":[8,0,8]},"faces":{"north":{"uv":[0,1,0.25,1.4375],"texture":"#2"},"east":{"uv":[3.5,1.5,3.5625,1.9375],"texture":"#2"},"south":{"uv":[1,0,1.25,0.4375],"texture":"#2"},"west":{"uv":[2,3.5,2.0625,3.9375],"texture":"#2"},"up":{"uv":[6.75,3.5625,6.5,3.5],"texture":"#2"},"down":{"uv":[4.25,6.5,4,6.5625],"texture":"#2"}}},{"from":[8.6,19.45,7.75],"to":[8.65,20.3,8.25],"rotation":{"angle":0,"axis":"y","origin":[8,0,8]},"faces":{"north":{"uv":[3.5,2,3.5625,2.4375],"texture":"#2"},"east":{"uv":[0.5,1,0.75,1.4375],"texture":"#2"},"south":{"uv":[2.5,3.5,2.5625,3.9375],"texture":"#2"},"west":{"uv":[1,0.5,1.25,0.9375],"texture":"#2"},"up":{"uv":[6.5625,4.25,6.5,4],"texture":"#2"},"down":{"uv":[4.5625,6.5,4.5,6.75],"texture":"#2"}}},{"from":[7.75,19.45,8.6],"to":[8.25,20.3,8.65],"rotation":{"angle":0,"axis":"y","origin":[8,0,8]},"faces":{"north":{"uv":[1,1,1.25,1.4375],"texture":"#2"},"east":{"uv":[3.5,2.5,3.5625,2.9375],"texture":"#2"},"south":{"uv":[0,1.5,0.25,1.9375],"texture":"#2"},"west":{"uv":[3,3.5,3.0625,3.9375],"texture":"#2"},"up":{"uv":[6.75,4.5625,6.5,4.5],"texture":"#2"},"down":{"uv":[5.25,6.5,5,6.5625],"texture":"#2"}}},{"from":[7.55,19.45,8.45],"to":[7.75,20.3,8.5],"rotation":{"angle":0,"axis":"y","origin":[8,0,8]},"faces":{"north":{"uv":[0.5,2,0.625,2.4375],"texture":"#2"},"east":{"uv":[3.5,3,3.5625,3.4375],"texture":"#2"},"south":{"uv":[2,0.5,2.125,0.9375],"texture":"#2"},"west":{"uv":[3.5,3.5,3.5625,3.9375],"texture":"#2"},"up":{"uv":[4.625,7.0625,4.5,7],"texture":"#2"},"down":{"uv":[7.125,4.5,7,4.5625],"texture":"#2"}}},{"from":[7.5,19.45,8.25],"to":[7.55,20.3,8.45],"rotation":{"angle":0,"axis":"y","origin":[8,0,8]},"faces":{"north":{"uv":[0,4,0.0625,4.4375],"texture":"#2"},"east":{"uv":[1,2,1.125,2.4375],"texture":"#2"},"south":{"uv":[4,0,4.0625,0.4375],"texture":"#2"},"west":{"uv":[2,1,2.125,1.4375],"texture":"#2"},"up":{"uv":[5.0625,7.125,5,7],"texture":"#2"},"down":{"uv":[7.0625,5,7,5.125],"texture":"#2"}}},{"from":[7.4,19.45,8.2],"to":[7.55,20.3,8.25],"rotation":{"angle":0,"axis":"y","origin":[8,0,8]},"faces":{"north":{"uv":[0.5,4,0.5625,4.4375],"texture":"#2"},"east":{"uv":[4,0.5,4.0625,0.9375],"texture":"#2"},"south":{"uv":[1,4,1.0625,4.4375],"texture":"#2"},"west":{"uv":[4,1,4.0625,1.4375],"texture":"#2"},"up":{"uv":[7.5625,7.0625,7.5,7],"texture":"#2"},"down":{"uv":[7.5625,7.5,7.5,7.5625],"texture":"#2"}}},{"from":[7.4,19.45,7.75],"to":[7.55,20.3,7.8],"rotation":{"angle":0,"axis":"y","origin":[8,0,8]},"faces":{"north":{"uv":[1.5,4,1.5625,4.4375],"texture":"#2"},"east":{"uv":[4,1.5,4.0625,1.9375],"texture":"#2"},"south":{"uv":[2,4,2.0625,4.4375],"texture":"#2"},"west":{"uv":[4,2,4.0625,2.4375],"texture":"#2"},"up":{"uv":[0.0625,8.0625,0,8],"texture":"#2"},"down":{"uv":[8.0625,0,8,0.0625],"texture":"#2"}}},{"from":[7.5,19.45,7.55],"to":[7.55,20.3,7.75],"rotation":{"angle":0,"axis":"y","origin":[8,0,8]},"faces":{"north":{"uv":[2.5,4,2.5625,4.4375],"texture":"#2"},"east":{"uv":[1.5,2,1.625,2.4375],"texture":"#2"},"south":{"uv":[4,2.5,4.0625,2.9375],"texture":"#2"},"west":{"uv":[2,1.5,2.125,1.9375],"texture":"#2"},"up":{"uv":[5.5625,7.125,5.5,7],"texture":"#2"},"down":{"uv":[7.0625,5.5,7,5.625],"texture":"#2"}}},{"from":[7.55,19.45,7.5],"to":[7.75,20.3,7.55],"rotation":{"angle":0,"axis":"y","origin":[8,0,8]},"faces":{"north":{"uv":[2,2,2.125,2.4375],"texture":"#2"},"east":{"uv":[3,4,3.0625,4.4375],"texture":"#2"},"south":{"uv":[0,2.5,0.125,2.9375],"texture":"#2"},"west":{"uv":[4,3,4.0625,3.4375],"texture":"#2"},"up":{"uv":[6.125,7.0625,6,7],"texture":"#2"},"down":{"uv":[7.125,6,7,6.0625],"texture":"#2"}}},{"from":[7.75,19.45,7.4],"to":[7.8,20.3,7.55],"rotation":{"angle":0,"axis":"y","origin":[8,0,8]},"faces":{"north":{"uv":[3.5,4,3.5625,4.4375],"texture":"#2"},"east":{"uv":[4,3.5,4.0625,3.9375],"texture":"#2"},"south":{"uv":[4,4,4.0625,4.4375],"texture":"#2"},"west":{"uv":[0,4.5,0.0625,4.9375],"texture":"#2"},"up":{"uv":[0.5625,8.0625,0.5,8],"texture":"#2"},"down":{"uv":[8.0625,0.5,8,0.5625],"texture":"#2"}}},{"from":[8.2,19.45,7.4],"to":[8.25,20.3,7.55],"rotation":{"angle":0,"axis":"y","origin":[8,0,8]},"faces":{"north":{"uv":[4.5,0,4.5625,0.4375],"texture":"#2"},"east":{"uv":[0.5,4.5,0.5625,4.9375],"texture":"#2"},"south":{"uv":[4.5,0.5,4.5625,0.9375],"texture":"#2"},"west":{"uv":[1,4.5,1.0625,4.9375],"texture":"#2"},"up":{"uv":[1.0625,8.0625,1,8],"texture":"#2"},"down":{"uv":[8.0625,1,8,1.0625],"texture":"#2"}}},{"from":[8.25,19.45,7.5],"to":[8.45,20.3,7.55],"rotation":{"angle":0,"axis":"y","origin":[8,0,8]},"faces":{"north":{"uv":[2.5,0,2.625,0.4375],"texture":"#2"},"east":{"uv":[4.5,1,4.5625,1.4375],"texture":"#2"},"south":{"uv":[0.5,2.5,0.625,2.9375],"texture":"#2"},"west":{"uv":[1.5,4.5,1.5625,4.9375],"texture":"#2"},"up":{"uv":[6.625,7.0625,6.5,7],"texture":"#2"},"down":{"uv":[7.125,6.5,7,6.5625],"texture":"#2"}}},{"from":[8.45,19.45,7.55],"to":[8.5,20.3,7.75],"rotation":{"angle":0,"axis":"y","origin":[8,0,8]},"faces":{"north":{"uv":[4.5,1.5,4.5625,1.9375],"texture":"#2"},"east":{"uv":[2.5,0.5,2.625,0.9375],"texture":"#2"},"south":{"uv":[2,4.5,2.0625,4.9375],"texture":"#2"},"west":{"uv":[1,2.5,1.125,2.9375],"texture":"#2"},"up":{"uv":[7.0625,7.125,7,7],"texture":"#2"},"down":{"uv":[0.0625,7.5,0,7.625],"texture":"#2"}}},{"from":[8.45,19.45,7.75],"to":[8.6,20.3,7.8],"rotation":{"angle":0,"axis":"y","origin":[8,0,8]},"faces":{"north":{"uv":[4.5,2,4.5625,2.4375],"texture":"#2"},"east":{"uv":[2.5,4.5,2.5625,4.9375],"texture":"#2"},"south":{"uv":[4.5,2.5,4.5625,2.9375],"texture":"#2"},"west":{"uv":[3,4.5,3.0625,4.9375],"texture":"#2"},"up":{"uv":[1.5625,8.0625,1.5,8],"texture":"#2"},"down":{"uv":[8.0625,1.5,8,1.5625],"texture":"#2"}}},{"from":[8.45,19.45,8.2],"to":[8.6,20.3,8.25],"rotation":{"angle":0,"axis":"y","origin":[8,0,8]},"faces":{"north":{"uv":[4.5,3,4.5625,3.4375],"texture":"#2"},"east":{"uv":[3.5,4.5,3.5625,4.9375],"texture":"#2"},"south":{"uv":[4.5,3.5,4.5625,3.9375],"texture":"#2"},"west":{"uv":[4,4.5,4.0625,4.9375],"texture":"#2"},"up":{"uv":[2.0625,8.0625,2,8],"texture":"#2"},"down":{"uv":[8.0625,2,8,2.0625],"texture":"#2"}}},{"from":[8.45,19.45,8.25],"to":[8.5,20.3,8.45],"rotation":{"angle":0,"axis":"y","origin":[8,0,8]},"faces":{"north":{"uv":[4.5,4,4.5625,4.4375],"texture":"#2"},"east":{"uv":[2.5,1,2.625,1.4375],"texture":"#2"},"south":{"uv":[4.5,4.5,4.5625,4.9375],"texture":"#2"},"west":{"uv":[1.5,2.5,1.625,2.9375],"texture":"#2"},"up":{"uv":[7.5625,0.125,7.5,0],"texture":"#2"},"down":{"uv":[0.5625,7.5,0.5,7.625],"texture":"#2"}}},{"from":[8.25,19.45,8.45],"to":[8.45,20.3,8.5],"rotation":{"angle":0,"axis":"y","origin":[8,0,8]},"faces":{"north":{"uv":[2.5,1.5,2.625,1.9375],"texture":"#2"},"east":{"uv":[0,5,0.0625,5.4375],"texture":"#2"},"south":{"uv":[2,2.5,2.125,2.9375],"texture":"#2"},"west":{"uv":[5,0,5.0625,0.4375],"texture":"#2"},"up":{"uv":[7.625,0.5625,7.5,0.5],"texture":"#2"},"down":{"uv":[1.125,7.5,1,7.5625],"texture":"#2"}}},{"from":[8.2,19.45,8.45],"to":[8.25,20.3,8.6],"rotation":{"angle":0,"axis":"y","origin":[8,0,8]},"faces":{"north":{"uv":[0.5,5,0.5625,5.4375],"texture":"#2"},"east":{"uv":[5,0.5,5.0625,0.9375],"texture":"#2"},"south":{"uv":[1,5,1.0625,5.4375],"texture":"#2"},"west":{"uv":[5,1,5.0625,1.4375],"texture":"#2"},"up":{"uv":[2.5625,8.0625,2.5,8],"texture":"#2"},"down":{"uv":[8.0625,2.5,8,2.5625],"texture":"#2"}}},{"from":[7.75,19.45,8.45],"to":[7.8,20.3,8.6],"rotation":{"angle":0,"axis":"y","origin":[8,0,8]},"faces":{"north":{"uv":[1.5,5,1.5625,5.4375],"texture":"#2"},"east":{"uv":[5,1.5,5.0625,1.9375],"texture":"#2"},"south":{"uv":[2,5,2.0625,5.4375],"texture":"#2"},"west":{"uv":[5,2,5.0625,2.4375],"texture":"#2"},"up":{"uv":[3.0625,8.0625,3,8],"texture":"#2"},"down":{"uv":[8.0625,3,8,3.0625],"texture":"#2"}}},{"from":[8.65,19.15,7.75],"to":[8.7,20,8.25],"rotation":{"angle":0,"axis":"y","origin":[8,0,8]},"faces":{"north":{"uv":[2.5,5,2.5625,5.4375],"texture":"#2"},"east":{"uv":[1.5,0,1.75,0.4375],"texture":"#2"},"south":{"uv":[5,2.5,5.0625,2.9375],"texture":"#2"},"west":{"uv":[0.5,1.5,0.75,1.9375],"texture":"#2"},"up":{"uv":[6.5625,5.25,6.5,5],"texture":"#2"},"down":{"uv":[5.5625,6.5,5.5,6.75],"texture":"#2"}}},{"from":[7.3,19.15,7.75],"to":[7.35,20,8.25],"rotation":{"angle":0,"axis":"y","origin":[8,0,8]},"faces":{"north":{"uv":[3,5,3.0625,5.4375],"texture":"#2"},"east":{"uv":[1.5,0.5,1.75,0.9375],"texture":"#2"},"south":{"uv":[5,3,5.0625,3.4375],"texture":"#2"},"west":{"uv":[1,1.5,1.25,1.9375],"texture":"#2"},"up":{"uv":[6.5625,5.75,6.5,5.5],"texture":"#2"},"down":{"uv":[6.0625,6.5,6,6.75],"texture":"#2"}}},{"from":[7.75,19.15,7.3],"to":[8.25,20,7.35],"rotation":{"angle":0,"axis":"y","origin":[8,0,8]},"faces":{"north":{"uv":[1.5,1,1.75,1.4375],"texture":"#2"},"east":{"uv":[3.5,5,3.5625,5.4375],"texture":"#2"},"south":{"uv":[1.5,1.5,1.75,1.9375],"texture":"#2"},"west":{"uv":[5,3.5,5.0625,3.9375],"texture":"#2"},"up":{"uv":[6.75,6.0625,6.5,6],"texture":"#2"},"down":{"uv":[6.75,6.5,6.5,6.5625],"texture":"#2"}}},{"from":[7.75,19.15,8.65],"to":[8.25,20,8.7],"rotation":{"angle":0,"axis":"y","origin":[8,0,8]},"faces":{"north":{"uv":[0,2,0.25,2.4375],"texture":"#2"},"east":{"uv":[4,5,4.0625,5.4375],"texture":"#2"},"south":{"uv":[2,0,2.25,0.4375],"texture":"#2"},"west":{"uv":[5,4,5.0625,4.4375],"texture":"#2"},"up":{"uv":[0.25,7.0625,0,7],"texture":"#2"},"down":{"uv":[7.25,0,7,0.0625],"texture":"#2"}}},{"from":[7.5,19.15,8.5],"to":[7.7,20,8.55],"rotation":{"angle":0,"axis":"y","origin":[8,0,8]},"faces":{"north":{"uv":[2.5,2,2.625,2.4375],"texture":"#2"},"east":{"uv":[4.5,5,4.5625,5.4375],"texture":"#2"},"south":{"uv":[2.5,2.5,2.625,2.9375],"texture":"#2"},"west":{"uv":[5,4.5,5.0625,4.9375],"texture":"#2"},"up":{"uv":[7.625,1.0625,7.5,1],"texture":"#2"},"down":{"uv":[1.625,7.5,1.5,7.5625],"texture":"#2"}}},{"from":[7.45,19.15,8.3],"to":[7.5,20,8.5],"rotation":{"angle":0,"axis":"y","origin":[8,0,8]},"faces":{"north":{"uv":[5,5,5.0625,5.4375],"texture":"#2"},"east":{"uv":[0,3,0.125,3.4375],"texture":"#2"},"south":{"uv":[0,5.5,0.0625,5.9375],"texture":"#2"},"west":{"uv":[3,0,3.125,0.4375],"texture":"#2"},"up":{"uv":[7.5625,1.625,7.5,1.5],"texture":"#2"},"down":{"uv":[2.0625,7.5,2,7.625],"texture":"#2"}}},{"from":[7.35,19.15,8.25],"to":[7.5,20,8.3],"rotation":{"angle":0,"axis":"y","origin":[8,0,8]},"faces":{"north":{"uv":[5.5,0,5.5625,0.4375],"texture":"#2"},"east":{"uv":[0.5,5.5,0.5625,5.9375],"texture":"#2"},"south":{"uv":[5.5,0.5,5.5625,0.9375],"texture":"#2"},"west":{"uv":[1,5.5,1.0625,5.9375],"texture":"#2"},"up":{"uv":[3.5625,8.0625,3.5,8],"texture":"#2"},"down":{"uv":[8.0625,3.5,8,3.5625],"texture":"#2"}}},{"from":[7.35,19.15,7.7],"to":[7.5,20,7.75],"rotation":{"angle":0,"axis":"y","origin":[8,0,8]},"faces":{"north":{"uv":[5.5,1,5.5625,1.4375],"texture":"#2"},"east":{"uv":[1.5,5.5,1.5625,5.9375],"texture":"#2"},"south":{"uv":[5.5,1.5,5.5625,1.9375],"texture":"#2"},"west":{"uv":[2,5.5,2.0625,5.9375],"texture":"#2"},"up":{"uv":[4.0625,8.0625,4,8],"texture":"#2"},"down":{"uv":[8.0625,4,8,4.0625],"texture":"#2"}}},{"from":[8.5,19.15,7.7],"to":[8.65,20,7.75],"rotation":{"angle":0,"axis":"y","origin":[8,12,8]},"faces":{"north":{"uv":[5.5,2,5.5625,2.4375],"texture":"#2"},"east":{"uv":[2.5,5.5,2.5625,5.9375],"texture":"#2"},"south":{"uv":[5.5,2.5,5.5625,2.9375],"texture":"#2"},"west":{"uv":[3,5.5,3.0625,5.9375],"texture":"#2"},"up":{"uv":[4.5625,8.0625,4.5,8],"texture":"#2"},"down":{"uv":[8.0625,4.5,8,4.5625],"texture":"#2"}}},{"from":[8.5,19.15,8.25],"to":[8.65,20,8.3],"rotation":{"angle":0,"axis":"y","origin":[8,12,8]},"faces":{"north":{"uv":[5.5,3,5.5625,3.4375],"texture":"#2"},"east":{"uv":[3.5,5.5,3.5625,5.9375],"texture":"#2"},"south":{"uv":[5.5,3.5,5.5625,3.9375],"texture":"#2"},"west":{"uv":[4,5.5,4.0625,5.9375],"texture":"#2"},"up":{"uv":[5.0625,8.0625,5,8],"texture":"#2"},"down":{"uv":[8.0625,5,8,5.0625],"texture":"#2"}}},{"from":[7.7,19.15,8.5],"to":[7.75,20,8.65],"rotation":{"angle":0,"axis":"y","origin":[8,0,8]},"faces":{"north":{"uv":[5.5,4,5.5625,4.4375],"texture":"#2"},"east":{"uv":[4.5,5.5,4.5625,5.9375],"texture":"#2"},"south":{"uv":[5.5,4.5,5.5625,4.9375],"texture":"#2"},"west":{"uv":[5,5.5,5.0625,5.9375],"texture":"#2"},"up":{"uv":[5.5625,8.0625,5.5,8],"texture":"#2"},"down":{"uv":[8.0625,5.5,8,5.5625],"texture":"#2"}}},{"from":[8.25,19.15,8.5],"to":[8.3,20,8.65],"rotation":{"angle":0,"axis":"y","origin":[8,0,8]},"faces":{"north":{"uv":[5.5,5,5.5625,5.4375],"texture":"#2"},"east":{"uv":[5.5,5.5,5.5625,5.9375],"texture":"#2"},"south":{"uv":[0,6,0.0625,6.4375],"texture":"#2"},"west":{"uv":[6,0,6.0625,0.4375],"texture":"#2"},"up":{"uv":[6.0625,8.0625,6,8],"texture":"#2"},"down":{"uv":[8.0625,6,8,6.0625],"texture":"#2"}}},{"from":[7.7,19.15,7.35],"to":[7.75,20,7.5],"rotation":{"angle":0,"axis":"y","origin":[8,12,8]},"faces":{"north":{"uv":[0.5,6,0.5625,6.4375],"texture":"#2"},"east":{"uv":[6,0.5,6.0625,0.9375],"texture":"#2"},"south":{"uv":[1,6,1.0625,6.4375],"texture":"#2"},"west":{"uv":[6,1,6.0625,1.4375],"texture":"#2"},"up":{"uv":[6.5625,8.0625,6.5,8],"texture":"#2"},"down":{"uv":[8.0625,6.5,8,6.5625],"texture":"#2"}}},{"from":[8.25,19.15,7.35],"to":[8.3,20,7.5],"rotation":{"angle":0,"axis":"y","origin":[8,12,8]},"faces":{"north":{"uv":[1.5,6,1.5625,6.4375],"texture":"#2"},"east":{"uv":[6,1.5,6.0625,1.9375],"texture":"#2"},"south":{"uv":[2,6,2.0625,6.4375],"texture":"#2"},"west":{"uv":[6,2,6.0625,2.4375],"texture":"#2"},"up":{"uv":[7.0625,8.0625,7,8],"texture":"#2"},"down":{"uv":[8.0625,7,8,7.0625],"texture":"#2"}}},{"from":[7.45,19.15,7.5],"to":[7.5,20,7.7],"rotation":{"angle":0,"axis":"y","origin":[8,11,8]},"faces":{"north":{"uv":[2.5,6,2.5625,6.4375],"texture":"#2"},"east":{"uv":[0.5,3,0.625,3.4375],"texture":"#2"},"south":{"uv":[6,2.5,6.0625,2.9375],"texture":"#2"},"west":{"uv":[3,0.5,3.125,0.9375],"texture":"#2"},"up":{"uv":[7.5625,2.125,7.5,2],"texture":"#2"},"down":{"uv":[2.5625,7.5,2.5,7.625],"texture":"#2"}}},{"from":[8.5,19.15,7.5],"to":[8.55,20,7.7],"rotation":{"angle":0,"axis":"y","origin":[8,0,8]},"faces":{"north":{"uv":[3,6,3.0625,6.4375],"texture":"#2"},"east":{"uv":[1,3,1.125,3.4375],"texture":"#2"},"south":{"uv":[6,3,6.0625,3.4375],"texture":"#2"},"west":{"uv":[3,1,3.125,1.4375],"texture":"#2"},"up":{"uv":[7.5625,2.625,7.5,2.5],"texture":"#2"},"down":{"uv":[3.0625,7.5,3,7.625],"texture":"#2"}}},{"from":[8.5,19.15,8.3],"to":[8.55,20,8.5],"rotation":{"angle":0,"axis":"y","origin":[8,0,8]},"faces":{"north":{"uv":[3.5,6,3.5625,6.4375],"texture":"#2"},"east":{"uv":[1.5,3,1.625,3.4375],"texture":"#2"},"south":{"uv":[6,3.5,6.0625,3.9375],"texture":"#2"},"west":{"uv":[3,1.5,3.125,1.9375],"texture":"#2"},"up":{"uv":[7.5625,3.125,7.5,3],"texture":"#2"},"down":{"uv":[3.5625,7.5,3.5,7.625],"texture":"#2"}}},{"from":[7.5,19.15,7.45],"to":[7.7,20,7.5],"rotation":{"angle":0,"axis":"y","origin":[8,0,8]},"faces":{"north":{"uv":[2,3,2.125,3.4375],"texture":"#2"},"east":{"uv":[4,6,4.0625,6.4375],"texture":"#2"},"south":{"uv":[3,2,3.125,2.4375],"texture":"#2"},"west":{"uv":[6,4,6.0625,4.4375],"texture":"#2"},"up":{"uv":[7.625,3.5625,7.5,3.5],"texture":"#2"},"down":{"uv":[4.125,7.5,4,7.5625],"texture":"#2"}}},{"from":[8.3,19.15,8.5],"to":[8.5,20,8.55],"rotation":{"angle":0,"axis":"y","origin":[8,0,8]},"faces":{"north":{"uv":[2.5,3,2.625,3.4375],"texture":"#2"},"east":{"uv":[4.5,6,4.5625,6.4375],"texture":"#2"},"south":{"uv":[3,2.5,3.125,2.9375],"texture":"#2"},"west":{"uv":[6,4.5,6.0625,4.9375],"texture":"#2"},"up":{"uv":[7.625,4.0625,7.5,4],"texture":"#2"},"down":{"uv":[4.625,7.5,4.5,7.5625],"texture":"#2"}}},{"from":[8.3,19.15,7.45],"to":[8.5,20,7.5],"rotation":{"angle":0,"axis":"y","origin":[8,11,8]},"faces":{"north":{"uv":[3,3,3.125,3.4375],"texture":"#2"},"east":{"uv":[5,6,5.0625,6.4375],"texture":"#2"},"south":{"uv":[0,3.5,0.125,3.9375],"texture":"#2"},"west":{"uv":[6,5,6.0625,5.4375],"texture":"#2"},"up":{"uv":[7.625,4.5625,7.5,4.5],"texture":"#2"},"down":{"uv":[5.125,7.5,5,7.5625],"texture":"#2"}}},{"from":[8.45,19.45,7.5],"to":[8.5,20.3,7.55],"rotation":{"angle":0,"axis":"y","origin":[8,11,8]},"faces":{"north":{"uv":[5.5,6,5.5625,6.4375],"texture":"#2"},"east":{"uv":[6,5.5,6.0625,5.9375],"texture":"#2"},"south":{"uv":[6,6,6.0625,6.4375],"texture":"#2"},"west":{"uv":[0,6.5,0.0625,6.9375],"texture":"#2"},"up":{"uv":[7.5625,8.0625,7.5,8],"texture":"#2"},"down":{"uv":[8.0625,7.5,8,7.5625],"texture":"#2"}}},{"from":[8.45,19.45,8.45],"to":[8.5,20.3,8.5],"rotation":{"angle":0,"axis":"y","origin":[8,11,8]},"faces":{"north":{"uv":[6.5,0,6.5625,0.4375],"texture":"#2"},"east":{"uv":[0.5,6.5,0.5625,6.9375],"texture":"#2"},"south":{"uv":[6.5,0.5,6.5625,0.9375],"texture":"#2"},"west":{"uv":[1,6.5,1.0625,6.9375],"texture":"#2"},"up":{"uv":[8.0625,8.0625,8,8],"texture":"#2"},"down":{"uv":[0.0625,8.5,0,8.5625],"texture":"#2"}}},{"from":[7.5,19.45,8.45],"to":[7.55,20.3,8.5],"rotation":{"angle":0,"axis":"y","origin":[8,11,8]},"faces":{"north":{"uv":[6.5,1,6.5625,1.4375],"texture":"#2"},"east":{"uv":[1.5,6.5,1.5625,6.9375],"texture":"#2"},"south":{"uv":[6.5,1.5,6.5625,1.9375],"texture":"#2"},"west":{"uv":[2,6.5,2.0625,6.9375],"texture":"#2"},"up":{"uv":[8.5625,0.0625,8.5,0],"texture":"#2"},"down":{"uv":[0.5625,8.5,0.5,8.5625],"texture":"#2"}}},{"from":[7.5,19.45,7.5],"to":[7.55,20.3,7.55],"rotation":{"angle":0,"axis":"y","origin":[8,11,8]},"faces":{"north":{"uv":[6.5,2,6.5625,2.4375],"texture":"#2"},"east":{"uv":[2.5,6.5,2.5625,6.9375],"texture":"#2"},"south":{"uv":[6.5,2.5,6.5625,2.9375],"texture":"#2"},"west":{"uv":[3,6.5,3.0625,6.9375],"texture":"#2"},"up":{"uv":[8.5625,0.5625,8.5,0.5],"texture":"#2"},"down":{"uv":[1.0625,8.5,1,8.5625],"texture":"#2"}}}],"display":{"thirdperson_righthand":{"rotation":[0,-90,0],"translation":[0,-12.5,1.25],"scale":[0.99,0.99,0.99]},"thirdperson_lefthand":{"rotation":[0,-90,0],"translation":[0,-12.5,1.25],"scale":[0.99,0.99,0.99]},"firstperson_righthand":{"rotation":[0,59,-8],"translation":[-3.25,0.25,5.5],"scale":[0.83,0.83,0.83]},"firstperson_lefthand":{"rotation":[0,-145,5],"translation":[-3.25,0,5.5],"scale":[0.83,0.83,0.83]},"ground":{"translation":[0,-12.75,0],"scale":[1.48,1.48,1.48]},"gui":{"rotation":[0,110,0],"translation":[0,-14.5,0],"scale":[1.8,1.8,1.8]},"head":{"rotation":[0,-90,0],"translation":[0,0.5,0],"scale":[1.55,1.55,1.55]},"fixed":{"rotation":[-90,180,0],"translation":[0,0,10.75],"scale":[2.79,2.79,2.79]}},"groups":[{"name":"group","origin":[8,8,8],"color":0,"children":[{"name":"group","origin":[8,8,8],"color":0,"children":[0,1,2,3,4]},{"name":"group","origin":[8,8,8],"color":0,"children":[{"name":"group","origin":[8,0,8],"color":0,"children":[5,6,7,8,9,10,11,12]},{"name":"group","origin":[8,0,8],"color":0,"children":[13,14,15,16,17,18,19,20]},{"name":"group","origin":[8,0,8],"color":0,"children":[21,22,23,24,25,26,27,28]},{"name":"group","origin":[8,0,8],"color":0,"children":[29,30,31,32,33,34,35,36]},{"name":"group","origin":[8,0,8],"color":0,"children":[37,38,39,40,41,42,43,44]},{"name":"group","origin":[8,0,8],"color":0,"children":[45,46,47,48,49,50,51,52]},{"name":"group","origin":[8,0,8],"color":0,"children":[53,54,55,56,57,58,59,60]},{"name":"group","origin":[8,0,8],"color":0,"children":[61,62,63,64,65,66,67,68]},{"name":"group","origin":[8,0,8],"color":0,"children":[69,70,71,72,73,74,75,76]},{"name":"group","origin":[8,0,8],"color":0,"children":[77,78,79,80,81,82,83,84]},{"name":"group","origin":[8,0,8],"color":0,"children":[85,86,87,88,89]}]},{"name":"group","origin":[8,0,8],"color":0,"children":[{"name":"group","origin":[8,0,8],"color":0,"children":[90,91,92,93,94]},{"name":"group","origin":[8,0,8],"color":0,"children":[95,96,97,98,99]},{"name":"group","origin":[8,0,8],"color":0,"children":[100,101,102,103,104]},{"name":"group","origin":[8,0,8],"color":0,"children":[105,106,107,108,109]},{"name":"group","origin":[8,0,8],"color":0,"children":[110,111,112,113,114]},{"name":"group","origin":[8,0,8],"color":0,"children":[115,116,117,118,119]},{"name":"group","origin":[8,0,8],"color":0,"children":[120,121,122,123,124]}]},{"name":"group","origin":[8,8,8],"color":0,"children":[{"name":"group","origin":[8,11,8],"color":0,"children":[125,126,127,128,129]},{"name":"group","origin":[8,0,8],"color":0,"children":[130,131,132,133,134,135,136,137,138,139,140,141,142,143,144,145,146,147,148,149]},{"name":"group","origin":[8,0,8],"color":0,"children":[150,151,152,153,154,155,156,157,158,159,160,161,162,163,164,165,166,167,168,169,170,171,172,173]}]}]}]}