{"credit":"Made with Blockbench","texture_size":[32,32],"textures":{"1":"politmine/item/brewery/cactus_jam/крышка","2":"politmine/item/brewery/cactus_jam/варенье","3":"politmine/item/brewery/cactus_jam/texture","particle":"politmine/item/brewery/cactus_jam/texture"},"elements":[{"from":[5.8,8.2,6],"to":[11.2,10,11.75],"faces":{"north":{"uv":[6,0,12,2],"texture":"#1"},"east":{"uv":[6,2,12,4],"texture":"#1"},"south":{"uv":[6,4,12,6],"texture":"#1"},"west":{"uv":[6,6,12,8],"texture":"#1"},"up":{"uv":[6,6,0,0],"texture":"#1"},"down":{"uv":[6,6,0,12],"texture":"#1"}}},{"from":[5.4,0.95,5.5],"to":[11.6,9,12.3],"faces":{"north":{"uv":[0,4,3,4],"texture":"#3"},"east":{"uv":[0,0,3.5,4],"texture":"#3"},"south":{"uv":[0,0,3,4],"texture":"#3"},"west":{"uv":[0,0,3.5,4],"texture":"#3"},"up":{"uv":[3,3.5,0,0],"texture":"#3"},"down":{"uv":[4,0,1,3.5],"texture":"#3"}}},{"from":[5.7,0.75,5.9],"to":[11.3,1.2,11.9],"faces":{"north":{"uv":[0,4,3,4],"texture":"#3"},"east":{"uv":[0,0,3.5,4],"texture":"#3"},"south":{"uv":[0,0,3,4],"texture":"#3"},"west":{"uv":[0,0,3.5,4],"texture":"#3"},"up":{"uv":[3,3.5,0,0],"texture":"#3"},"down":{"uv":[4,0,1,3.5],"texture":"#3"}}},{"from":[6.3,1.05,6.4],"to":[10.8,7.2,11.3],"faces":{"north":{"uv":[0,0,6,6],"texture":"#2"},"east":{"uv":[0,0,6,6],"texture":"#2"},"south":{"uv":[0,0,6,6],"texture":"#2"},"west":{"uv":[0,0,6,6],"texture":"#2"},"up":{"uv":[0,0,6,6],"texture":"#2"},"down":{"uv":[0,0,6,6],"texture":"#2"}}}],"gui_light":"front","display":{"thirdperson_righthand":{"translation":[0,1.25,-0.25],"scale":[0.44,0.44,0.44]},"thirdperson_lefthand":{"translation":[0.25,0.25,0],"scale":[0.44,0.44,0.44]},"firstperson_righthand":{"translation":[0,6.25,0],"scale":[1.09,1.09,1.09]},"firstperson_lefthand":{"translation":[4.75,6.25,0],"scale":[1.03,1.03,1.03]},"ground":{"translation":[0,2,0],"scale":[0.7,0.7,0.7]},"gui":{"translation":[-0.5,2.75,-6.5],"scale":[1.23,1.23,1.23]},"fixed":{"rotation":[-90,1,0],"translation":[-1,-0.5,-14.75],"scale":[1.96,1.96,1.96]}}}