{"credit":"Made with Blockbench","textures":{"0":"politmine/item/brewery/chartreuse/etiketkashatrez","1":"politmine/item/brewery/chartreuse/stekloshartrez","2":"politmine/item/brewery/chartreuse/zhidkostshartrez","3":"politmine/item/brewery/chartreuse/krishkashartrez","particle":"politmine/item/brewery/chartreuse/etiketkashatrez"},"elements":[{"from":[8.4,11.95,7.75],"to":[8.55,12.4,8.25],"rotation":{"angle":0,"axis":"y","origin":[8,0,8]},"faces":{"north":{"uv":[7.75,2.25,7.78125,2.375],"texture":"#1"},"east":{"uv":[4,6.5,4.125,6.625],"texture":"#1"},"south":{"uv":[2.5,7.75,2.53125,7.875],"texture":"#1"},"west":{"uv":[6.5,4,6.625,4.125],"texture":"#1"},"up":{"uv":[7.78125,2.625,7.75,2.5],"texture":"#1"},"down":{"uv":[2.78125,7.75,2.75,7.875],"texture":"#1"}}},{"from":[7.45,11.95,7.75],"to":[7.6,12.4,8.25],"rotation":{"angle":0,"axis":"y","origin":[8,0,8]},"faces":{"north":{"uv":[7.75,2.75,7.78125,2.875],"texture":"#1"},"east":{"uv":[4.25,6.5,4.375,6.625],"texture":"#1"},"south":{"uv":[3,7.75,3.03125,7.875],"texture":"#1"},"west":{"uv":[6.5,4.25,6.625,4.375],"texture":"#1"},"up":{"uv":[7.78125,3.125,7.75,3],"texture":"#1"},"down":{"uv":[3.28125,7.75,3.25,7.875],"texture":"#1"}}},{"from":[7.6,11.95,8.15],"to":[7.85,12.4,8.4],"rotation":{"angle":0,"axis":"y","origin":[8,0,8]},"faces":{"north":{"uv":[5.75,7.25,5.8125,7.375],"texture":"#1"},"east":{"uv":[7.25,5.75,7.3125,5.875],"texture":"#1"},"south":{"uv":[6,7.25,6.0625,7.375],"texture":"#1"},"west":{"uv":[7.25,6,7.3125,6.125],"texture":"#1"},"up":{"uv":[7.8125,3.3125,7.75,3.25],"texture":"#1"},"down":{"uv":[3.5625,7.75,3.5,7.8125],"texture":"#1"}}},{"from":[8.15,11.95,8.15],"to":[8.4,12.4,8.4],"rotation":{"angle":0,"axis":"y","origin":[8,0,8]},"faces":{"north":{"uv":[6.25,7.25,6.3125,7.375],"texture":"#1"},"east":{"uv":[7.25,6.25,7.3125,6.375],"texture":"#1"},"south":{"uv":[7.25,6.5,7.3125,6.625],"texture":"#1"},"west":{"uv":[7.25,6.75,7.3125,6.875],"texture":"#1"},"up":{"uv":[7.8125,3.5625,7.75,3.5],"texture":"#1"},"down":{"uv":[3.8125,7.75,3.75,7.8125],"texture":"#1"}}},{"from":[8.15,11.95,7.6],"to":[8.4,12.4,7.85],"rotation":{"angle":0,"axis":"y","origin":[8,0,8]},"faces":{"north":{"uv":[7.25,7,7.3125,7.125],"texture":"#1"},"east":{"uv":[7.25,7.25,7.3125,7.375],"texture":"#1"},"south":{"uv":[0,7.5,0.0625,7.625],"texture":"#1"},"west":{"uv":[0.25,7.5,0.3125,7.625],"texture":"#1"},"up":{"uv":[7.8125,3.8125,7.75,3.75],"texture":"#1"},"down":{"uv":[4.0625,7.75,4,7.8125],"texture":"#1"}}},{"from":[7.6,11.95,7.6],"to":[7.85,12.4,7.85],"rotation":{"angle":0,"axis":"y","origin":[8,0,8]},"faces":{"north":{"uv":[0.5,7.5,0.5625,7.625],"texture":"#1"},"east":{"uv":[0.75,7.5,0.8125,7.625],"texture":"#1"},"south":{"uv":[7.5,1,7.5625,1.125],"texture":"#1"},"west":{"uv":[1.25,7.5,1.3125,7.625],"texture":"#1"},"up":{"uv":[7.8125,4.0625,7.75,4],"texture":"#1"},"down":{"uv":[4.3125,7.75,4.25,7.8125],"texture":"#1"}}},{"from":[7.75,11.95,7.45],"to":[8.25,12.4,7.6],"rotation":{"angle":0,"axis":"y","origin":[8,0,8]},"faces":{"north":{"uv":[4.5,6.5,4.625,6.625],"texture":"#1"},"east":{"uv":[7.75,4.25,7.78125,4.375],"texture":"#1"},"south":{"uv":[6.5,4.5,6.625,4.625],"texture":"#1"},"west":{"uv":[4.5,7.75,4.53125,7.875],"texture":"#1"},"up":{"uv":[7.875,4.53125,7.75,4.5],"texture":"#1"},"down":{"uv":[4.875,7.75,4.75,7.78125],"texture":"#1"}}},{"from":[7.75,11.95,8.4],"to":[8.25,12.4,8.55],"rotation":{"angle":0,"axis":"y","origin":[8,0,8]},"faces":{"north":{"uv":[4.75,6.5,4.875,6.625],"texture":"#1"},"east":{"uv":[7.75,4.75,7.78125,4.875],"texture":"#1"},"south":{"uv":[6.5,4.75,6.625,4.875],"texture":"#1"},"west":{"uv":[5,7.75,5.03125,7.875],"texture":"#1"},"up":{"uv":[7.875,5.03125,7.75,5],"texture":"#1"},"down":{"uv":[5.375,7.75,5.25,7.78125],"texture":"#1"}}},{"from":[8.5,11.25,7.65],"to":[8.65,11.95,8.35],"rotation":{"angle":0,"axis":"y","origin":[8,0,8]},"faces":{"north":{"uv":[5,7.5,5.03125,7.6875],"texture":"#1"},"east":{"uv":[4,4.75,4.1875,4.9375],"texture":"#1"},"south":{"uv":[7.5,5,7.53125,5.1875],"texture":"#1"},"west":{"uv":[4.75,4.25,4.9375,4.4375],"texture":"#1"},"up":{"uv":[5.28125,7.6875,5.25,7.5],"texture":"#1"},"down":{"uv":[7.53125,5.25,7.5,5.4375],"texture":"#1"}}},{"from":[7.35,11.25,7.65],"to":[7.5,11.95,8.35],"rotation":{"angle":0,"axis":"y","origin":[8,0,8]},"faces":{"north":{"uv":[5.5,7.5,5.53125,7.6875],"texture":"#1"},"east":{"uv":[4.5,4.75,4.6875,4.9375],"texture":"#1"},"south":{"uv":[7.5,5.5,7.53125,5.6875],"texture":"#1"},"west":{"uv":[4.75,4.5,4.9375,4.6875],"texture":"#1"},"up":{"uv":[5.78125,7.6875,5.75,7.5],"texture":"#1"},"down":{"uv":[7.53125,5.75,7.5,5.9375],"texture":"#1"}}},{"from":[7.5,11.25,8.25],"to":[7.75,11.95,8.5],"rotation":{"angle":0,"axis":"y","origin":[8,0,8]},"faces":{"north":{"uv":[4.75,6.75,4.8125,6.9375],"texture":"#1"},"east":{"uv":[6.75,6,6.8125,6.1875],"texture":"#1"},"south":{"uv":[6.25,6.75,6.3125,6.9375],"texture":"#1"},"west":{"uv":[6.75,6.25,6.8125,6.4375],"texture":"#1"},"up":{"uv":[7.8125,5.3125,7.75,5.25],"texture":"#1"},"down":{"uv":[5.5625,7.75,5.5,7.8125],"texture":"#1"}}},{"from":[8.25,11.25,8.25],"to":[8.5,11.95,8.5],"rotation":{"angle":0,"axis":"y","origin":[8,0,8]},"faces":{"north":{"uv":[6.5,6.75,6.5625,6.9375],"texture":"#1"},"east":{"uv":[6.75,6.75,6.8125,6.9375],"texture":"#1"},"south":{"uv":[0,7,0.0625,7.1875],"texture":"#1"},"west":{"uv":[0.25,7,0.3125,7.1875],"texture":"#1"},"up":{"uv":[7.8125,5.5625,7.75,5.5],"texture":"#1"},"down":{"uv":[5.8125,7.75,5.75,7.8125],"texture":"#1"}}},{"from":[8.25,11.25,7.5],"to":[8.5,11.95,7.75],"rotation":{"angle":0,"axis":"y","origin":[8,0,8]},"faces":{"north":{"uv":[0.5,7,0.5625,7.1875],"texture":"#1"},"east":{"uv":[7,0.5,7.0625,0.6875],"texture":"#1"},"south":{"uv":[0.75,7,0.8125,7.1875],"texture":"#1"},"west":{"uv":[7,0.75,7.0625,0.9375],"texture":"#1"},"up":{"uv":[7.8125,5.8125,7.75,5.75],"texture":"#1"},"down":{"uv":[6.0625,7.75,6,7.8125],"texture":"#1"}}},{"from":[7.5,11.25,7.5],"to":[7.75,11.95,7.75],"rotation":{"angle":0,"axis":"y","origin":[8,0,8]},"faces":{"north":{"uv":[1,7,1.0625,7.1875],"texture":"#1"},"east":{"uv":[7,1,7.0625,1.1875],"texture":"#1"},"south":{"uv":[1.25,7,1.3125,7.1875],"texture":"#1"},"west":{"uv":[7,1.25,7.0625,1.4375],"texture":"#1"},"up":{"uv":[7.8125,6.0625,7.75,6],"texture":"#1"},"down":{"uv":[6.3125,7.75,6.25,7.8125],"texture":"#1"}}},{"from":[7.65,11.25,7.35],"to":[8.35,11.95,7.5],"rotation":{"angle":0,"axis":"y","origin":[8,0,8]},"faces":{"north":{"uv":[4.75,4.75,4.9375,4.9375],"texture":"#1"},"east":{"uv":[6,7.5,6.03125,7.6875],"texture":"#1"},"south":{"uv":[5,0,5.1875,0.1875],"texture":"#1"},"west":{"uv":[7.5,6,7.53125,6.1875],"texture":"#1"},"up":{"uv":[6.4375,7.53125,6.25,7.5],"texture":"#1"},"down":{"uv":[7.6875,6.25,7.5,6.28125],"texture":"#1"}}},{"from":[7.65,11.25,8.5],"to":[8.35,11.95,8.65],"rotation":{"angle":0,"axis":"y","origin":[8,0,8]},"faces":{"north":{"uv":[5,0.25,5.1875,0.4375],"texture":"#1"},"east":{"uv":[6.5,7.5,6.53125,7.6875],"texture":"#1"},"south":{"uv":[5,0.5,5.1875,0.6875],"texture":"#1"},"west":{"uv":[7.5,6.5,7.53125,6.6875],"texture":"#1"},"up":{"uv":[6.9375,7.53125,6.75,7.5],"texture":"#1"},"down":{"uv":[7.6875,6.75,7.5,6.78125],"texture":"#1"}}},{"from":[8.6,10.55,7.55],"to":[8.75,11.25,8.45],"rotation":{"angle":0,"axis":"y","origin":[8,0,8]},"faces":{"north":{"uv":[7,7.5,7.03125,7.6875],"texture":"#1"},"east":{"uv":[4.75,0.75,4.96875,0.9375],"texture":"#1"},"south":{"uv":[7.5,7,7.53125,7.1875],"texture":"#1"},"west":{"uv":[4.75,1,4.96875,1.1875],"texture":"#1"},"up":{"uv":[7.53125,1.46875,7.5,1.25],"texture":"#1"},"down":{"uv":[1.53125,7.5,1.5,7.71875],"texture":"#1"}}},{"from":[7.25,10.55,7.55],"to":[7.4,11.25,8.45],"rotation":{"angle":0,"axis":"y","origin":[8,0,8]},"faces":{"north":{"uv":[7.25,7.5,7.28125,7.6875],"texture":"#1"},"east":{"uv":[4.75,1.25,4.96875,1.4375],"texture":"#1"},"south":{"uv":[7.5,7.25,7.53125,7.4375],"texture":"#1"},"west":{"uv":[1.5,4.75,1.71875,4.9375],"texture":"#1"},"up":{"uv":[7.53125,1.96875,7.5,1.75],"texture":"#1"},"down":{"uv":[2.03125,7.5,2,7.71875],"texture":"#1"}}},{"from":[8.35,10.55,7.4],"to":[8.6,11.25,7.65],"rotation":{"angle":0,"axis":"y","origin":[8,0,8]},"faces":{"north":{"uv":[1.5,7,1.5625,7.1875],"texture":"#1"},"east":{"uv":[7,1.5,7.0625,1.6875],"texture":"#1"},"south":{"uv":[1.75,7,1.8125,7.1875],"texture":"#1"},"west":{"uv":[7,1.75,7.0625,1.9375],"texture":"#1"},"up":{"uv":[7.8125,6.3125,7.75,6.25],"texture":"#1"},"down":{"uv":[6.5625,7.75,6.5,7.8125],"texture":"#1"}}},{"from":[7.4,10.55,7.4],"to":[7.65,11.25,7.65],"rotation":{"angle":0,"axis":"y","origin":[8,0,8]},"faces":{"north":{"uv":[2,7,2.0625,7.1875],"texture":"#1"},"east":{"uv":[7,2,7.0625,2.1875],"texture":"#1"},"south":{"uv":[2.25,7,2.3125,7.1875],"texture":"#1"},"west":{"uv":[7,2.75,7.0625,2.9375],"texture":"#1"},"up":{"uv":[7.8125,6.5625,7.75,6.5],"texture":"#1"},"down":{"uv":[6.8125,7.75,6.75,7.8125],"texture":"#1"}}},{"from":[7.4,10.55,8.35],"to":[7.65,11.25,8.6],"rotation":{"angle":0,"axis":"y","origin":[8,0,8]},"faces":{"north":{"uv":[7,3,7.0625,3.1875],"texture":"#1"},"east":{"uv":[3.5,7,3.5625,7.1875],"texture":"#1"},"south":{"uv":[3.75,7,3.8125,7.1875],"texture":"#1"},"west":{"uv":[7,4,7.0625,4.1875],"texture":"#1"},"up":{"uv":[7.8125,6.8125,7.75,6.75],"texture":"#1"},"down":{"uv":[7.0625,7.75,7,7.8125],"texture":"#1"}}},{"from":[8.35,10.55,8.35],"to":[8.6,11.25,8.6],"rotation":{"angle":0,"axis":"y","origin":[8,0,8]},"faces":{"north":{"uv":[4.25,7,4.3125,7.1875],"texture":"#1"},"east":{"uv":[7,4.25,7.0625,4.4375],"texture":"#1"},"south":{"uv":[4.5,7,4.5625,7.1875],"texture":"#1"},"west":{"uv":[4.75,7,4.8125,7.1875],"texture":"#1"},"up":{"uv":[7.8125,7.0625,7.75,7],"texture":"#1"},"down":{"uv":[7.3125,7.75,7.25,7.8125],"texture":"#1"}}},{"from":[7.55,10.55,7.25],"to":[8.45,11.25,7.4],"rotation":{"angle":0,"axis":"y","origin":[8,0,8]},"faces":{"north":{"uv":[4.75,1.5,4.96875,1.6875],"texture":"#1"},"east":{"uv":[7.5,7.5,7.53125,7.6875],"texture":"#1"},"south":{"uv":[1.75,4.75,1.96875,4.9375],"texture":"#1"},"west":{"uv":[0,7.75,0.03125,7.9375],"texture":"#1"},"up":{"uv":[7.71875,2.03125,7.5,2],"texture":"#1"},"down":{"uv":[2.46875,7.5,2.25,7.53125],"texture":"#1"}}},{"from":[7.55,10.55,8.6],"to":[8.45,11.25,8.75],"rotation":{"angle":0,"axis":"y","origin":[8,0,8]},"faces":{"north":{"uv":[4.75,1.75,4.96875,1.9375],"texture":"#1"},"east":{"uv":[7.75,0,7.78125,0.1875],"texture":"#1"},"south":{"uv":[2,4.75,2.21875,4.9375],"texture":"#1"},"west":{"uv":[0.25,7.75,0.28125,7.9375],"texture":"#1"},"up":{"uv":[2.71875,7.53125,2.5,7.5],"texture":"#1"},"down":{"uv":[2.96875,7.5,2.75,7.53125],"texture":"#1"}}},{"from":[8.5,10.25,7.65],"to":[8.65,10.55,8.35],"rotation":{"angle":0,"axis":"y","origin":[8,0,8]},"faces":{"north":{"uv":[8,8.5,8.03125,8.5625],"texture":"#1"},"east":{"uv":[5,7,5.1875,7.0625],"texture":"#1"},"south":{"uv":[8.5,8,8.53125,8.0625],"texture":"#1"},"west":{"uv":[5.25,7,5.4375,7.0625],"texture":"#1"},"up":{"uv":[7.78125,0.4375,7.75,0.25],"texture":"#1"},"down":{"uv":[0.53125,7.75,0.5,7.9375],"texture":"#1"}}},{"from":[7.35,10.25,7.65],"to":[7.5,10.55,8.35],"rotation":{"angle":0,"axis":"y","origin":[8,0,8]},"faces":{"north":{"uv":[8.25,8.5,8.28125,8.5625],"texture":"#1"},"east":{"uv":[5.5,7,5.6875,7.0625],"texture":"#1"},"south":{"uv":[8.5,8.25,8.53125,8.3125],"texture":"#1"},"west":{"uv":[5.75,7,5.9375,7.0625],"texture":"#1"},"up":{"uv":[7.78125,0.6875,7.75,0.5],"texture":"#1"},"down":{"uv":[0.78125,7.75,0.75,7.9375],"texture":"#1"}}},{"from":[7.5,10.25,8.25],"to":[7.75,10.55,8.5],"rotation":{"angle":0,"axis":"y","origin":[8,0,8]},"faces":{"north":{"uv":[7.75,7.25,7.8125,7.3125],"texture":"#1"},"east":{"uv":[7.5,7.75,7.5625,7.8125],"texture":"#1"},"south":{"uv":[7.75,7.5,7.8125,7.5625],"texture":"#1"},"west":{"uv":[7.75,7.75,7.8125,7.8125],"texture":"#1"},"up":{"uv":[0.0625,8.0625,0,8],"texture":"#1"},"down":{"uv":[8.0625,0,8,0.0625],"texture":"#1"}}},{"from":[8.25,10.25,8.25],"to":[8.5,10.55,8.5],"rotation":{"angle":0,"axis":"y","origin":[8,0,8]},"faces":{"north":{"uv":[0.25,8,0.3125,8.0625],"texture":"#1"},"east":{"uv":[8,0.25,8.0625,0.3125],"texture":"#1"},"south":{"uv":[0.5,8,0.5625,8.0625],"texture":"#1"},"west":{"uv":[8,0.5,8.0625,0.5625],"texture":"#1"},"up":{"uv":[0.8125,8.0625,0.75,8],"texture":"#1"},"down":{"uv":[8.0625,0.75,8,0.8125],"texture":"#1"}}},{"from":[8.25,10.25,7.5],"to":[8.5,10.55,7.75],"rotation":{"angle":0,"axis":"y","origin":[8,0,8]},"faces":{"north":{"uv":[1,8,1.0625,8.0625],"texture":"#1"},"east":{"uv":[8,1,8.0625,1.0625],"texture":"#1"},"south":{"uv":[1.25,8,1.3125,8.0625],"texture":"#1"},"west":{"uv":[8,1.25,8.0625,1.3125],"texture":"#1"},"up":{"uv":[1.5625,8.0625,1.5,8],"texture":"#1"},"down":{"uv":[8.0625,1.5,8,1.5625],"texture":"#1"}}},{"from":[7.5,10.25,7.5],"to":[7.75,10.55,7.75],"rotation":{"angle":0,"axis":"y","origin":[8,0,8]},"faces":{"north":{"uv":[1.75,8,1.8125,8.0625],"texture":"#1"},"east":{"uv":[8,1.75,8.0625,1.8125],"texture":"#1"},"south":{"uv":[2,8,2.0625,8.0625],"texture":"#1"},"west":{"uv":[8,2,8.0625,2.0625],"texture":"#1"},"up":{"uv":[2.3125,8.0625,2.25,8],"texture":"#1"},"down":{"uv":[8.0625,2.25,8,2.3125],"texture":"#1"}}},{"from":[7.65,10.25,7.35],"to":[8.35,10.55,7.5],"rotation":{"angle":0,"axis":"y","origin":[8,0,8]},"faces":{"north":{"uv":[6,7,6.1875,7.0625],"texture":"#1"},"east":{"uv":[8.5,8.5,8.53125,8.5625],"texture":"#1"},"south":{"uv":[7,6,7.1875,6.0625],"texture":"#1"},"west":{"uv":[0,8.75,0.03125,8.8125],"texture":"#1"},"up":{"uv":[7.9375,0.78125,7.75,0.75],"texture":"#1"},"down":{"uv":[1.1875,7.75,1,7.78125],"texture":"#1"}}},{"from":[7.65,10.25,8.5],"to":[8.35,10.55,8.65],"rotation":{"angle":0,"axis":"y","origin":[8,0,8]},"faces":{"north":{"uv":[6.25,7,6.4375,7.0625],"texture":"#1"},"east":{"uv":[8.75,0,8.78125,0.0625],"texture":"#1"},"south":{"uv":[7,6.25,7.1875,6.3125],"texture":"#1"},"west":{"uv":[0.25,8.75,0.28125,8.8125],"texture":"#1"},"up":{"uv":[7.9375,1.03125,7.75,1],"texture":"#1"},"down":{"uv":[1.4375,7.75,1.25,7.78125],"texture":"#1"}}},{"from":[8.6,10.05,7.55],"to":[8.75,10.25,8.45],"rotation":{"angle":0,"axis":"y","origin":[8,0,8]},"faces":{"north":{"uv":[8.75,0.25,8.78125,0.3125],"texture":"#1"},"east":{"uv":[6.75,0.5,6.96875,0.5625],"texture":"#1"},"south":{"uv":[0.5,8.75,0.53125,8.8125],"texture":"#1"},"west":{"uv":[1,6.75,1.21875,6.8125],"texture":"#1"},"up":{"uv":[3.03125,7.71875,3,7.5],"texture":"#1"},"down":{"uv":[3.28125,7.5,3.25,7.71875],"texture":"#1"}}},{"from":[7.25,10.05,7.55],"to":[7.4,10.25,8.45],"rotation":{"angle":0,"axis":"y","origin":[8,0,8]},"faces":{"north":{"uv":[8.75,0.5,8.78125,0.5625],"texture":"#1"},"east":{"uv":[1.25,6.75,1.46875,6.8125],"texture":"#1"},"south":{"uv":[0.75,8.75,0.78125,8.8125],"texture":"#1"},"west":{"uv":[1.5,6.75,1.71875,6.8125],"texture":"#1"},"up":{"uv":[7.53125,3.71875,7.5,3.5],"texture":"#1"},"down":{"uv":[7.53125,3.75,7.5,3.96875],"texture":"#1"}}},{"from":[8.35,10.05,7.4],"to":[8.6,10.25,7.65],"rotation":{"angle":0,"axis":"y","origin":[8,0,8]},"faces":{"north":{"uv":[2.5,8,2.5625,8.0625],"texture":"#1"},"east":{"uv":[8,2.5,8.0625,2.5625],"texture":"#1"},"south":{"uv":[2.75,8,2.8125,8.0625],"texture":"#1"},"west":{"uv":[8,2.75,8.0625,2.8125],"texture":"#1"},"up":{"uv":[3.0625,8.0625,3,8],"texture":"#1"},"down":{"uv":[8.0625,3,8,3.0625],"texture":"#1"}}},{"from":[7.4,10.05,7.4],"to":[7.65,10.25,7.65],"rotation":{"angle":0,"axis":"y","origin":[8,0,8]},"faces":{"north":{"uv":[3.25,8,3.3125,8.0625],"texture":"#1"},"east":{"uv":[8,3.25,8.0625,3.3125],"texture":"#1"},"south":{"uv":[3.5,8,3.5625,8.0625],"texture":"#1"},"west":{"uv":[8,3.5,8.0625,3.5625],"texture":"#1"},"up":{"uv":[3.8125,8.0625,3.75,8],"texture":"#1"},"down":{"uv":[8.0625,3.75,8,3.8125],"texture":"#1"}}},{"from":[7.4,10.05,8.35],"to":[7.65,10.25,8.6],"rotation":{"angle":0,"axis":"y","origin":[8,0,8]},"faces":{"north":{"uv":[4,8,4.0625,8.0625],"texture":"#1"},"east":{"uv":[8,4,8.0625,4.0625],"texture":"#1"},"south":{"uv":[4.25,8,4.3125,8.0625],"texture":"#1"},"west":{"uv":[8,4.25,8.0625,4.3125],"texture":"#1"},"up":{"uv":[4.5625,8.0625,4.5,8],"texture":"#1"},"down":{"uv":[8.0625,4.5,8,4.5625],"texture":"#1"}}},{"from":[8.35,10.05,8.35],"to":[8.6,10.25,8.6],"rotation":{"angle":0,"axis":"y","origin":[8,0,8]},"faces":{"north":{"uv":[4.75,8,4.8125,8.0625],"texture":"#1"},"east":{"uv":[8,4.75,8.0625,4.8125],"texture":"#1"},"south":{"uv":[5,8,5.0625,8.0625],"texture":"#1"},"west":{"uv":[8,5,8.0625,5.0625],"texture":"#1"},"up":{"uv":[5.3125,8.0625,5.25,8],"texture":"#1"},"down":{"uv":[8.0625,5.25,8,5.3125],"texture":"#1"}}},{"from":[7.55,10.05,7.25],"to":[8.45,10.25,7.4],"rotation":{"angle":0,"axis":"y","origin":[8,0,8]},"faces":{"north":{"uv":[1.75,6.75,1.96875,6.8125],"texture":"#1"},"east":{"uv":[8.75,0.75,8.78125,0.8125],"texture":"#1"},"south":{"uv":[2,6.75,2.21875,6.8125],"texture":"#1"},"west":{"uv":[1,8.75,1.03125,8.8125],"texture":"#1"},"up":{"uv":[4.46875,7.53125,4.25,7.5],"texture":"#1"},"down":{"uv":[4.71875,7.5,4.5,7.53125],"texture":"#1"}}},{"from":[7.55,10.05,8.6],"to":[8.45,10.25,8.75],"rotation":{"angle":0,"axis":"y","origin":[8,0,8]},"faces":{"north":{"uv":[6.75,2,6.96875,2.0625],"texture":"#1"},"east":{"uv":[8.75,1,8.78125,1.0625],"texture":"#1"},"south":{"uv":[2.25,6.75,2.46875,6.8125],"texture":"#1"},"west":{"uv":[1.25,8.75,1.28125,8.8125],"texture":"#1"},"up":{"uv":[4.96875,7.53125,4.75,7.5],"texture":"#1"},"down":{"uv":[7.71875,4.75,7.5,4.78125],"texture":"#1"}}},{"from":[8.7,9.8,7.45],"to":[8.85,10.05,8.55],"rotation":{"angle":0,"axis":"y","origin":[8,0,8]},"faces":{"north":{"uv":[8.75,1.25,8.78125,1.3125],"texture":"#1"},"east":{"uv":[5.75,4.5,6.03125,4.5625],"texture":"#1"},"south":{"uv":[1.5,8.75,1.53125,8.8125],"texture":"#1"},"west":{"uv":[5.75,4.75,6.03125,4.8125],"texture":"#1"},"up":{"uv":[3.53125,7.53125,3.5,7.25],"texture":"#1"},"down":{"uv":[7.28125,3.5,7.25,3.78125],"texture":"#1"}}},{"from":[7.15,9.8,7.45],"to":[7.3,10.05,8.55],"rotation":{"angle":0,"axis":"y","origin":[8,0,8]},"faces":{"north":{"uv":[8.75,1.5,8.78125,1.5625],"texture":"#1"},"east":{"uv":[5.75,5,6.03125,5.0625],"texture":"#1"},"south":{"uv":[1.75,8.75,1.78125,8.8125],"texture":"#1"},"west":{"uv":[5.75,5.25,6.03125,5.3125],"texture":"#1"},"up":{"uv":[3.78125,7.53125,3.75,7.25],"texture":"#1"},"down":{"uv":[4.03125,7.25,4,7.53125],"texture":"#1"}}},{"from":[8.45,9.8,7.3],"to":[8.7,10.05,7.55],"rotation":{"angle":0,"axis":"y","origin":[8,0,8]},"faces":{"north":{"uv":[5.5,8,5.5625,8.0625],"texture":"#1"},"east":{"uv":[8,5.5,8.0625,5.5625],"texture":"#1"},"south":{"uv":[5.75,8,5.8125,8.0625],"texture":"#1"},"west":{"uv":[8,5.75,8.0625,5.8125],"texture":"#1"},"up":{"uv":[6.0625,8.0625,6,8],"texture":"#1"},"down":{"uv":[8.0625,6,8,6.0625],"texture":"#1"}}},{"from":[7.3,9.8,7.3],"to":[7.55,10.05,7.55],"rotation":{"angle":0,"axis":"y","origin":[8,0,8]},"faces":{"north":{"uv":[6.25,8,6.3125,8.0625],"texture":"#1"},"east":{"uv":[8,6.25,8.0625,6.3125],"texture":"#1"},"south":{"uv":[6.5,8,6.5625,8.0625],"texture":"#1"},"west":{"uv":[8,6.5,8.0625,6.5625],"texture":"#1"},"up":{"uv":[6.8125,8.0625,6.75,8],"texture":"#1"},"down":{"uv":[8.0625,6.75,8,6.8125],"texture":"#1"}}},{"from":[7.3,9.8,8.45],"to":[7.55,10.05,8.7],"rotation":{"angle":0,"axis":"y","origin":[8,0,8]},"faces":{"north":{"uv":[7,8,7.0625,8.0625],"texture":"#1"},"east":{"uv":[8,7,8.0625,7.0625],"texture":"#1"},"south":{"uv":[7.25,8,7.3125,8.0625],"texture":"#1"},"west":{"uv":[8,7.25,8.0625,7.3125],"texture":"#1"},"up":{"uv":[7.5625,8.0625,7.5,8],"texture":"#1"},"down":{"uv":[8.0625,7.5,8,7.5625],"texture":"#1"}}},{"from":[8.45,9.8,8.45],"to":[8.7,10.05,8.7],"rotation":{"angle":0,"axis":"y","origin":[8,0,8]},"faces":{"north":{"uv":[7.75,8,7.8125,8.0625],"texture":"#1"},"east":{"uv":[8,7.75,8.0625,7.8125],"texture":"#1"},"south":{"uv":[8,8,8.0625,8.0625],"texture":"#1"},"west":{"uv":[0,8.25,0.0625,8.3125],"texture":"#1"},"up":{"uv":[8.3125,0.0625,8.25,0],"texture":"#1"},"down":{"uv":[0.3125,8.25,0.25,8.3125],"texture":"#1"}}},{"from":[7.45,9.8,7.15],"to":[8.55,10.05,7.3],"rotation":{"angle":0,"axis":"y","origin":[8,0,8]},"faces":{"north":{"uv":[5.75,5.5,6.03125,5.5625],"texture":"#1"},"east":{"uv":[8.75,1.75,8.78125,1.8125],"texture":"#1"},"south":{"uv":[5.75,5.75,6.03125,5.8125],"texture":"#1"},"west":{"uv":[2,8.75,2.03125,8.8125],"texture":"#1"},"up":{"uv":[7.53125,4.03125,7.25,4],"texture":"#1"},"down":{"uv":[4.53125,7.25,4.25,7.28125],"texture":"#1"}}},{"from":[7.45,9.8,8.7],"to":[8.55,10.05,8.85],"rotation":{"angle":0,"axis":"y","origin":[8,0,8]},"faces":{"north":{"uv":[6,0,6.28125,0.0625],"texture":"#1"},"east":{"uv":[8.75,2,8.78125,2.0625],"texture":"#1"},"south":{"uv":[6,0.25,6.28125,0.3125],"texture":"#1"},"west":{"uv":[2.25,8.75,2.28125,8.8125],"texture":"#1"},"up":{"uv":[7.53125,4.28125,7.25,4.25],"texture":"#1"},"down":{"uv":[7.53125,4.5,7.25,4.53125],"texture":"#1"}}},{"from":[8.8,9.7,7.35],"to":[8.95,9.8,8.65],"rotation":{"angle":0,"axis":"y","origin":[8,0,8]},"faces":{"north":{"uv":[2.5,9,2.53125,9.03125],"texture":"#1"},"east":{"uv":[7.25,0.5,7.5625,0.53125],"texture":"#1"},"south":{"uv":[9,2.5,9.03125,2.53125],"texture":"#1"},"west":{"uv":[7.25,0.75,7.5625,0.78125],"texture":"#1"},"up":{"uv":[1.03125,7.5625,1,7.25],"texture":"#1"},"down":{"uv":[7.28125,1,7.25,1.3125],"texture":"#1"}}},{"from":[7.05,9.7,7.35],"to":[7.2,9.8,8.65],"rotation":{"angle":0,"axis":"y","origin":[8,0,8]},"faces":{"north":{"uv":[2.75,9,2.78125,9.03125],"texture":"#1"},"east":{"uv":[1.25,7.25,1.5625,7.28125],"texture":"#1"},"south":{"uv":[9,2.75,9.03125,2.78125],"texture":"#1"},"west":{"uv":[7.25,1.5,7.5625,1.53125],"texture":"#1"},"up":{"uv":[1.78125,7.5625,1.75,7.25],"texture":"#1"},"down":{"uv":[7.28125,1.75,7.25,2.0625],"texture":"#1"}}},{"from":[7.2,9.7,8.55],"to":[7.45,9.8,8.8],"rotation":{"angle":0,"axis":"y","origin":[8,0,8]},"faces":{"north":{"uv":[8.75,2.25,8.8125,2.28125],"texture":"#1"},"east":{"uv":[2.5,8.75,2.5625,8.78125],"texture":"#1"},"south":{"uv":[8.75,2.5,8.8125,2.53125],"texture":"#1"},"west":{"uv":[2.75,8.75,2.8125,8.78125],"texture":"#1"},"up":{"uv":[8.3125,0.3125,8.25,0.25],"texture":"#1"},"down":{"uv":[0.5625,8.25,0.5,8.3125],"texture":"#1"}}},{"from":[8.55,9.7,8.55],"to":[8.8,9.8,8.8],"rotation":{"angle":0,"axis":"y","origin":[8,0,8]},"faces":{"north":{"uv":[8.75,2.75,8.8125,2.78125],"texture":"#1"},"east":{"uv":[3,8.75,3.0625,8.78125],"texture":"#1"},"south":{"uv":[8.75,3,8.8125,3.03125],"texture":"#1"},"west":{"uv":[3.25,8.75,3.3125,8.78125],"texture":"#1"},"up":{"uv":[8.3125,0.5625,8.25,0.5],"texture":"#1"},"down":{"uv":[0.8125,8.25,0.75,8.3125],"texture":"#1"}}},{"from":[8.55,9.7,7.2],"to":[8.8,9.8,7.45],"rotation":{"angle":0,"axis":"y","origin":[8,0,8]},"faces":{"north":{"uv":[8.75,3.25,8.8125,3.28125],"texture":"#1"},"east":{"uv":[3.5,8.75,3.5625,8.78125],"texture":"#1"},"south":{"uv":[8.75,3.5,8.8125,3.53125],"texture":"#1"},"west":{"uv":[3.75,8.75,3.8125,8.78125],"texture":"#1"},"up":{"uv":[8.3125,0.8125,8.25,0.75],"texture":"#1"},"down":{"uv":[1.0625,8.25,1,8.3125],"texture":"#1"}}},{"from":[7.2,9.7,7.2],"to":[7.45,9.8,7.45],"rotation":{"angle":0,"axis":"y","origin":[8,0,8]},"faces":{"north":{"uv":[8.75,3.75,8.8125,3.78125],"texture":"#1"},"east":{"uv":[4,8.75,4.0625,8.78125],"texture":"#1"},"south":{"uv":[8.75,4,8.8125,4.03125],"texture":"#1"},"west":{"uv":[4.25,8.75,4.3125,8.78125],"texture":"#1"},"up":{"uv":[8.3125,1.0625,8.25,1],"texture":"#1"},"down":{"uv":[1.3125,8.25,1.25,8.3125],"texture":"#1"}}},{"from":[7.35,9.7,7.05],"to":[8.65,9.8,7.2],"rotation":{"angle":0,"axis":"y","origin":[8,0,8]},"faces":{"north":{"uv":[2,7.25,2.3125,7.28125],"texture":"#1"},"east":{"uv":[3,9,3.03125,9.03125],"texture":"#1"},"south":{"uv":[7.25,2.25,7.5625,2.28125],"texture":"#1"},"west":{"uv":[9,3,9.03125,3.03125],"texture":"#1"},"up":{"uv":[2.8125,7.28125,2.5,7.25],"texture":"#1"},"down":{"uv":[7.5625,2.5,7.25,2.53125],"texture":"#1"}}},{"from":[7.35,9.7,8.8],"to":[8.65,9.8,8.95],"rotation":{"angle":0,"axis":"y","origin":[8,0,8]},"faces":{"north":{"uv":[7.25,2.75,7.5625,2.78125],"texture":"#1"},"east":{"uv":[3.25,9,3.28125,9.03125],"texture":"#1"},"south":{"uv":[3,7.25,3.3125,7.28125],"texture":"#1"},"west":{"uv":[9,3.25,9.03125,3.28125],"texture":"#1"},"up":{"uv":[7.5625,3.03125,7.25,3],"texture":"#1"},"down":{"uv":[7.5625,3.25,7.25,3.28125],"texture":"#1"}}},{"from":[8.9,9.55,7.25],"to":[9.05,9.7,8.75],"rotation":{"angle":0,"axis":"y","origin":[8,0,8]},"faces":{"north":{"uv":[8.75,4.25,8.78125,4.3125],"texture":"#1"},"east":{"uv":[5.75,0.75,6.125,0.8125],"texture":"#1"},"south":{"uv":[4.5,8.75,4.53125,8.8125],"texture":"#1"},"west":{"uv":[1,5.75,1.375,5.8125],"texture":"#1"},"up":{"uv":[6.53125,7.375,6.5,7],"texture":"#1"},"down":{"uv":[7.03125,6.5,7,6.875],"texture":"#1"}}},{"from":[6.95,9.55,7.25],"to":[7.1,9.7,8.75],"rotation":{"angle":0,"axis":"y","origin":[8,0,8]},"faces":{"north":{"uv":[8.75,4.5,8.78125,4.5625],"texture":"#1"},"east":{"uv":[5.75,1,6.125,1.0625],"texture":"#1"},"south":{"uv":[4.75,8.75,4.78125,8.8125],"texture":"#1"},"west":{"uv":[5.75,1.25,6.125,1.3125],"texture":"#1"},"up":{"uv":[6.78125,7.375,6.75,7],"texture":"#1"},"down":{"uv":[7.03125,7,7,7.375],"texture":"#1"}}},{"from":[7.1,9.55,8.65],"to":[7.35,9.7,8.9],"rotation":{"angle":0,"axis":"y","origin":[8,0,8]},"faces":{"north":{"uv":[8.25,1.25,8.3125,1.3125],"texture":"#1"},"east":{"uv":[1.5,8.25,1.5625,8.3125],"texture":"#1"},"south":{"uv":[8.25,1.5,8.3125,1.5625],"texture":"#1"},"west":{"uv":[1.75,8.25,1.8125,8.3125],"texture":"#1"},"up":{"uv":[8.3125,1.8125,8.25,1.75],"texture":"#1"},"down":{"uv":[2.0625,8.25,2,8.3125],"texture":"#1"}}},{"from":[8.65,9.55,8.65],"to":[8.9,9.7,8.9],"rotation":{"angle":0,"axis":"y","origin":[8,0,8]},"faces":{"north":{"uv":[8.25,2,8.3125,2.0625],"texture":"#1"},"east":{"uv":[2.25,8.25,2.3125,8.3125],"texture":"#1"},"south":{"uv":[8.25,2.25,8.3125,2.3125],"texture":"#1"},"west":{"uv":[2.5,8.25,2.5625,8.3125],"texture":"#1"},"up":{"uv":[8.3125,2.5625,8.25,2.5],"texture":"#1"},"down":{"uv":[2.8125,8.25,2.75,8.3125],"texture":"#1"}}},{"from":[8.65,9.55,7.1],"to":[8.9,9.7,7.35],"rotation":{"angle":0,"axis":"y","origin":[8,0,8]},"faces":{"north":{"uv":[8.25,2.75,8.3125,2.8125],"texture":"#1"},"east":{"uv":[3,8.25,3.0625,8.3125],"texture":"#1"},"south":{"uv":[8.25,3,8.3125,3.0625],"texture":"#1"},"west":{"uv":[3.25,8.25,3.3125,8.3125],"texture":"#1"},"up":{"uv":[8.3125,3.3125,8.25,3.25],"texture":"#1"},"down":{"uv":[3.5625,8.25,3.5,8.3125],"texture":"#1"}}},{"from":[7.1,9.55,7.1],"to":[7.35,9.7,7.35],"rotation":{"angle":0,"axis":"y","origin":[8,0,8]},"faces":{"north":{"uv":[8.25,3.5,8.3125,3.5625],"texture":"#1"},"east":{"uv":[3.75,8.25,3.8125,8.3125],"texture":"#1"},"south":{"uv":[8.25,3.75,8.3125,3.8125],"texture":"#1"},"west":{"uv":[4,8.25,4.0625,8.3125],"texture":"#1"},"up":{"uv":[8.3125,4.0625,8.25,4],"texture":"#1"},"down":{"uv":[4.3125,8.25,4.25,8.3125],"texture":"#1"}}},{"from":[7.25,9.55,6.95],"to":[8.75,9.7,7.1],"rotation":{"angle":0,"axis":"y","origin":[8,0,8]},"faces":{"north":{"uv":[1.5,5.75,1.875,5.8125],"texture":"#1"},"east":{"uv":[8.75,4.75,8.78125,4.8125],"texture":"#1"},"south":{"uv":[5.75,1.5,6.125,1.5625],"texture":"#1"},"west":{"uv":[5,8.75,5.03125,8.8125],"texture":"#1"},"up":{"uv":[0.375,7.28125,0,7.25],"texture":"#1"},"down":{"uv":[7.625,0,7.25,0.03125],"texture":"#1"}}},{"from":[7.25,9.55,8.9],"to":[8.75,9.7,9.05],"rotation":{"angle":0,"axis":"y","origin":[8,0,8]},"faces":{"north":{"uv":[5.75,1.75,6.125,1.8125],"texture":"#1"},"east":{"uv":[8.75,5,8.78125,5.0625],"texture":"#1"},"south":{"uv":[2,5.75,2.375,5.8125],"texture":"#1"},"west":{"uv":[5.25,8.75,5.28125,8.8125],"texture":"#1"},"up":{"uv":[7.625,0.28125,7.25,0.25],"texture":"#1"},"down":{"uv":[0.875,7.25,0.5,7.28125],"texture":"#1"}}},{"from":[9,9.45,7.15],"to":[9.15,9.55,8.85],"rotation":{"angle":0,"axis":"y","origin":[8,0,8]},"faces":{"north":{"uv":[3.5,9,3.53125,9.03125],"texture":"#1"},"east":{"uv":[6.75,2.25,7.1875,2.28125],"texture":"#1"},"south":{"uv":[9,3.5,9.03125,3.53125],"texture":"#1"},"west":{"uv":[6.75,2.5,7.1875,2.53125],"texture":"#1"},"up":{"uv":[6.78125,3.1875,6.75,2.75],"texture":"#1"},"down":{"uv":[3.28125,6.75,3.25,7.1875],"texture":"#1"}}},{"from":[6.85,9.45,7.15],"to":[7,9.55,8.85],"rotation":{"angle":0,"axis":"y","origin":[8,0,8]},"faces":{"north":{"uv":[3.75,9,3.78125,9.03125],"texture":"#1"},"east":{"uv":[6.75,3.25,7.1875,3.28125],"texture":"#1"},"south":{"uv":[9,3.75,9.03125,3.78125],"texture":"#1"},"west":{"uv":[3.5,6.75,3.9375,6.78125],"texture":"#1"},"up":{"uv":[4.03125,7.1875,4,6.75],"texture":"#1"},"down":{"uv":[6.78125,4,6.75,4.4375],"texture":"#1"}}},{"from":[8.75,9.45,7],"to":[9,9.55,7.25],"rotation":{"angle":0,"axis":"y","origin":[8,0,8]},"faces":{"north":{"uv":[8.75,5.25,8.8125,5.28125],"texture":"#1"},"east":{"uv":[5.5,8.75,5.5625,8.78125],"texture":"#1"},"south":{"uv":[8.75,5.5,8.8125,5.53125],"texture":"#1"},"west":{"uv":[5.75,8.75,5.8125,8.78125],"texture":"#1"},"up":{"uv":[8.3125,4.3125,8.25,4.25],"texture":"#1"},"down":{"uv":[4.5625,8.25,4.5,8.3125],"texture":"#1"}}},{"from":[7,9.45,7],"to":[7.25,9.55,7.25],"rotation":{"angle":0,"axis":"y","origin":[8,0,8]},"faces":{"north":{"uv":[8.75,5.75,8.8125,5.78125],"texture":"#1"},"east":{"uv":[6,8.75,6.0625,8.78125],"texture":"#1"},"south":{"uv":[8.75,6,8.8125,6.03125],"texture":"#1"},"west":{"uv":[6.25,8.75,6.3125,8.78125],"texture":"#1"},"up":{"uv":[8.3125,4.5625,8.25,4.5],"texture":"#1"},"down":{"uv":[4.8125,8.25,4.75,8.3125],"texture":"#1"}}},{"from":[7,9.45,8.75],"to":[7.25,9.55,9],"rotation":{"angle":0,"axis":"y","origin":[8,0,8]},"faces":{"north":{"uv":[8.75,6.25,8.8125,6.28125],"texture":"#1"},"east":{"uv":[6.5,8.75,6.5625,8.78125],"texture":"#1"},"south":{"uv":[8.75,6.5,8.8125,6.53125],"texture":"#1"},"west":{"uv":[6.75,8.75,6.8125,8.78125],"texture":"#1"},"up":{"uv":[8.3125,4.8125,8.25,4.75],"texture":"#1"},"down":{"uv":[5.0625,8.25,5,8.3125],"texture":"#1"}}},{"from":[8.75,9.45,8.75],"to":[9,9.55,9],"rotation":{"angle":0,"axis":"y","origin":[8,0,8]},"faces":{"north":{"uv":[8.75,6.75,8.8125,6.78125],"texture":"#1"},"east":{"uv":[7,8.75,7.0625,8.78125],"texture":"#1"},"south":{"uv":[8.75,7,8.8125,7.03125],"texture":"#1"},"west":{"uv":[7.25,8.75,7.3125,8.78125],"texture":"#1"},"up":{"uv":[8.3125,5.0625,8.25,5],"texture":"#1"},"down":{"uv":[5.3125,8.25,5.25,8.3125],"texture":"#1"}}},{"from":[7.15,9.45,6.85],"to":[8.85,9.55,7],"rotation":{"angle":0,"axis":"y","origin":[8,0,8]},"faces":{"north":{"uv":[4.25,6.75,4.6875,6.78125],"texture":"#1"},"east":{"uv":[4,9,4.03125,9.03125],"texture":"#1"},"south":{"uv":[6.75,4.5,7.1875,4.53125],"texture":"#1"},"west":{"uv":[9,4,9.03125,4.03125],"texture":"#1"},"up":{"uv":[7.1875,4.78125,6.75,4.75],"texture":"#1"},"down":{"uv":[7.1875,5,6.75,5.03125],"texture":"#1"}}},{"from":[7.15,9.45,9],"to":[8.85,9.55,9.15],"rotation":{"angle":0,"axis":"y","origin":[8,0,8]},"faces":{"north":{"uv":[6.75,5.25,7.1875,5.28125],"texture":"#1"},"east":{"uv":[4.25,9,4.28125,9.03125],"texture":"#1"},"south":{"uv":[6.75,5.5,7.1875,5.53125],"texture":"#1"},"west":{"uv":[9,4.25,9.03125,4.28125],"texture":"#1"},"up":{"uv":[6.1875,6.78125,5.75,6.75],"texture":"#1"},"down":{"uv":[7.1875,5.75,6.75,5.78125],"texture":"#1"}}},{"from":[9.1,9.25,7.05],"to":[9.25,9.45,8.95],"rotation":{"angle":0,"axis":"y","origin":[8,0,8]},"faces":{"north":{"uv":[8.75,7.25,8.78125,7.3125],"texture":"#1"},"east":{"uv":[5,5.25,5.46875,5.3125],"texture":"#1"},"south":{"uv":[7.5,8.75,7.53125,8.8125],"texture":"#1"},"west":{"uv":[5.25,5,5.71875,5.0625],"texture":"#1"},"up":{"uv":[5.03125,6.96875,5,6.5],"texture":"#1"},"down":{"uv":[6.53125,5,6.5,5.46875],"texture":"#1"}}},{"from":[6.75,9.25,7.05],"to":[6.9,9.45,8.95],"rotation":{"angle":0,"axis":"y","origin":[8,0,8]},"faces":{"north":{"uv":[8.75,7.5,8.78125,7.5625],"texture":"#1"},"east":{"uv":[0,5.5,0.46875,5.5625],"texture":"#1"},"south":{"uv":[7.75,8.75,7.78125,8.8125],"texture":"#1"},"west":{"uv":[0.5,5.5,0.96875,5.5625],"texture":"#1"},"up":{"uv":[5.28125,6.96875,5.25,6.5],"texture":"#1"},"down":{"uv":[6.53125,5.5,6.5,5.96875],"texture":"#1"}}},{"from":[7.05,9.25,6.75],"to":[8.95,9.45,6.9],"rotation":{"angle":0,"axis":"y","origin":[8,0,8]},"faces":{"north":{"uv":[1,5.5,1.46875,5.5625],"texture":"#1"},"east":{"uv":[8.75,7.75,8.78125,7.8125],"texture":"#1"},"south":{"uv":[1.5,5.5,1.96875,5.5625],"texture":"#1"},"west":{"uv":[8,8.75,8.03125,8.8125],"texture":"#1"},"up":{"uv":[6.46875,6.53125,6,6.5],"texture":"#1"},"down":{"uv":[6.96875,6.5,6.5,6.53125],"texture":"#1"}}},{"from":[6.9,9.25,6.9],"to":[7.15,9.45,7.15],"rotation":{"angle":0,"axis":"y","origin":[8,0,8]},"faces":{"north":{"uv":[8.25,5.25,8.3125,5.3125],"texture":"#1"},"east":{"uv":[5.5,8.25,5.5625,8.3125],"texture":"#1"},"south":{"uv":[8.25,5.5,8.3125,5.5625],"texture":"#1"},"west":{"uv":[5.75,8.25,5.8125,8.3125],"texture":"#1"},"up":{"uv":[8.3125,5.8125,8.25,5.75],"texture":"#1"},"down":{"uv":[6.0625,8.25,6,8.3125],"texture":"#1"}}},{"from":[8.85,9.25,8.85],"to":[9.1,9.45,9.1],"rotation":{"angle":0,"axis":"y","origin":[8,0,8]},"faces":{"north":{"uv":[8.25,6,8.3125,6.0625],"texture":"#1"},"east":{"uv":[6.25,8.25,6.3125,8.3125],"texture":"#1"},"south":{"uv":[8.25,6.25,8.3125,6.3125],"texture":"#1"},"west":{"uv":[6.5,8.25,6.5625,8.3125],"texture":"#1"},"up":{"uv":[8.3125,6.5625,8.25,6.5],"texture":"#1"},"down":{"uv":[6.8125,8.25,6.75,8.3125],"texture":"#1"}}},{"from":[6.9,9.25,8.85],"to":[7.15,9.45,9.1],"rotation":{"angle":0,"axis":"y","origin":[8,0,8]},"faces":{"north":{"uv":[8.25,6.75,8.3125,6.8125],"texture":"#1"},"east":{"uv":[7,8.25,7.0625,8.3125],"texture":"#1"},"south":{"uv":[8.25,7,8.3125,7.0625],"texture":"#1"},"west":{"uv":[7.25,8.25,7.3125,8.3125],"texture":"#1"},"up":{"uv":[8.3125,7.3125,8.25,7.25],"texture":"#1"},"down":{"uv":[7.5625,8.25,7.5,8.3125],"texture":"#1"}}},{"from":[8.85,9.25,6.9],"to":[9.1,9.45,7.15],"rotation":{"angle":0,"axis":"y","origin":[8,0,8]},"faces":{"north":{"uv":[8.25,7.5,8.3125,7.5625],"texture":"#1"},"east":{"uv":[7.75,8.25,7.8125,8.3125],"texture":"#1"},"south":{"uv":[8.25,7.75,8.3125,7.8125],"texture":"#1"},"west":{"uv":[8,8.25,8.0625,8.3125],"texture":"#1"},"up":{"uv":[8.3125,8.0625,8.25,8],"texture":"#1"},"down":{"uv":[8.3125,8.25,8.25,8.3125],"texture":"#1"}}},{"from":[7.05,9.25,9.1],"to":[8.95,9.45,9.25],"rotation":{"angle":0,"axis":"y","origin":[8,0,8]},"faces":{"north":{"uv":[2,5.5,2.46875,5.5625],"texture":"#1"},"east":{"uv":[8.75,8,8.78125,8.0625],"texture":"#1"},"south":{"uv":[2.5,5.5,2.96875,5.5625],"texture":"#1"},"west":{"uv":[8.25,8.75,8.28125,8.8125],"texture":"#1"},"up":{"uv":[0.46875,6.78125,0,6.75],"texture":"#1"},"down":{"uv":[0.96875,6.75,0.5,6.78125],"texture":"#1"}}},{"from":[9.2,9.05,6.95],"to":[9.35,9.25,9.05],"rotation":{"angle":0,"axis":"y","origin":[8,0,8]},"faces":{"north":{"uv":[8.75,8.25,8.78125,8.3125],"texture":"#1"},"east":{"uv":[5,2.25,5.53125,2.3125],"texture":"#1"},"south":{"uv":[8.5,8.75,8.53125,8.8125],"texture":"#1"},"west":{"uv":[5,2.5,5.53125,2.5625],"texture":"#1"},"up":{"uv":[6.28125,3.28125,6.25,2.75],"texture":"#1"},"down":{"uv":[6.28125,4.5,6.25,5.03125],"texture":"#1"}}},{"from":[6.65,9.05,6.95],"to":[6.8,9.25,9.05],"rotation":{"angle":0,"axis":"y","origin":[8,0,8]},"faces":{"north":{"uv":[8.75,8.5,8.78125,8.5625],"texture":"#1"},"east":{"uv":[5,2.75,5.53125,2.8125],"texture":"#1"},"south":{"uv":[8.75,8.75,8.78125,8.8125],"texture":"#1"},"west":{"uv":[5,3,5.53125,3.0625],"texture":"#1"},"up":{"uv":[6.28125,5.78125,6.25,5.25],"texture":"#1"},"down":{"uv":[5.53125,6.25,5.5,6.78125],"texture":"#1"}}},{"from":[8.95,9.05,6.8],"to":[9.2,9.25,7.05],"rotation":{"angle":0,"axis":"y","origin":[8,0,8]},"faces":{"north":{"uv":[0,8.5,0.0625,8.5625],"texture":"#1"},"east":{"uv":[8.5,0,8.5625,0.0625],"texture":"#1"},"south":{"uv":[0.25,8.5,0.3125,8.5625],"texture":"#1"},"west":{"uv":[8.5,0.25,8.5625,0.3125],"texture":"#1"},"up":{"uv":[0.5625,8.5625,0.5,8.5],"texture":"#1"},"down":{"uv":[8.5625,0.5,8.5,0.5625],"texture":"#1"}}},{"from":[6.8,9.05,6.8],"to":[7.05,9.25,7.05],"rotation":{"angle":0,"axis":"y","origin":[8,0,8]},"faces":{"north":{"uv":[0.75,8.5,0.8125,8.5625],"texture":"#1"},"east":{"uv":[8.5,0.75,8.5625,0.8125],"texture":"#1"},"south":{"uv":[1,8.5,1.0625,8.5625],"texture":"#1"},"west":{"uv":[8.5,1,8.5625,1.0625],"texture":"#1"},"up":{"uv":[1.3125,8.5625,1.25,8.5],"texture":"#1"},"down":{"uv":[8.5625,1.25,8.5,1.3125],"texture":"#1"}}},{"from":[6.8,9.05,8.95],"to":[7.05,9.25,9.2],"rotation":{"angle":0,"axis":"y","origin":[8,0,8]},"faces":{"north":{"uv":[1.5,8.5,1.5625,8.5625],"texture":"#1"},"east":{"uv":[8.5,1.5,8.5625,1.5625],"texture":"#1"},"south":{"uv":[1.75,8.5,1.8125,8.5625],"texture":"#1"},"west":{"uv":[8.5,1.75,8.5625,1.8125],"texture":"#1"},"up":{"uv":[2.0625,8.5625,2,8.5],"texture":"#1"},"down":{"uv":[8.5625,2,8.5,2.0625],"texture":"#1"}}},{"from":[8.95,9.05,8.95],"to":[9.2,9.25,9.2],"rotation":{"angle":0,"axis":"y","origin":[8,0,8]},"faces":{"north":{"uv":[2.25,8.5,2.3125,8.5625],"texture":"#1"},"east":{"uv":[8.5,2.25,8.5625,2.3125],"texture":"#1"},"south":{"uv":[2.5,8.5,2.5625,8.5625],"texture":"#1"},"west":{"uv":[8.5,2.5,8.5625,2.5625],"texture":"#1"},"up":{"uv":[2.8125,8.5625,2.75,8.5],"texture":"#1"},"down":{"uv":[8.5625,2.75,8.5,2.8125],"texture":"#1"}}},{"from":[6.95,9.05,6.65],"to":[9.05,9.25,6.8],"rotation":{"angle":0,"axis":"y","origin":[8,0,8]},"faces":{"north":{"uv":[3.75,5,4.28125,5.0625],"texture":"#1"},"east":{"uv":[0,9,0.03125,9.0625],"texture":"#1"},"south":{"uv":[5,4.25,5.53125,4.3125],"texture":"#1"},"west":{"uv":[9,0,9.03125,0.0625],"texture":"#1"},"up":{"uv":[6.78125,1.53125,6.25,1.5],"texture":"#1"},"down":{"uv":[6.78125,1.75,6.25,1.78125],"texture":"#1"}}},{"from":[6.95,9.05,9.2],"to":[9.05,9.25,9.35],"rotation":{"angle":0,"axis":"y","origin":[8,0,8]},"faces":{"north":{"uv":[4.5,5,5.03125,5.0625],"texture":"#1"},"east":{"uv":[0.25,9,0.28125,9.0625],"texture":"#1"},"south":{"uv":[5,4.5,5.53125,4.5625],"texture":"#1"},"west":{"uv":[9,0.25,9.03125,0.3125],"texture":"#1"},"up":{"uv":[6.53125,6.28125,6,6.25],"texture":"#1"},"down":{"uv":[7.03125,0,6.5,0.03125],"texture":"#1"}}},{"from":[9.3,8.85,6.85],"to":[9.45,9.05,9.15],"rotation":{"angle":0,"axis":"y","origin":[8,0,8]},"faces":{"north":{"uv":[0.5,9,0.53125,9.0625],"texture":"#1"},"east":{"uv":[5,0.75,5.5625,0.8125],"texture":"#1"},"south":{"uv":[9,0.5,9.03125,0.5625],"texture":"#1"},"west":{"uv":[5,1,5.5625,1.0625],"texture":"#1"},"up":{"uv":[1.03125,6.5625,1,6],"texture":"#1"},"down":{"uv":[1.28125,6,1.25,6.5625],"texture":"#1"}}},{"from":[6.55,8.85,6.85],"to":[6.7,9.05,9.15],"rotation":{"angle":0,"axis":"y","origin":[8,0,8]},"faces":{"north":{"uv":[0.75,9,0.78125,9.0625],"texture":"#1"},"east":{"uv":[5,1.25,5.5625,1.3125],"texture":"#1"},"south":{"uv":[9,0.75,9.03125,0.8125],"texture":"#1"},"west":{"uv":[1.5,5,2.0625,5.0625],"texture":"#1"},"up":{"uv":[1.53125,6.5625,1.5,6],"texture":"#1"},"down":{"uv":[1.78125,6,1.75,6.5625],"texture":"#1"}}},{"from":[9.05,8.85,6.7],"to":[9.3,9.05,6.95],"rotation":{"angle":0,"axis":"y","origin":[8,0,8]},"faces":{"north":{"uv":[3,8.5,3.0625,8.5625],"texture":"#1"},"east":{"uv":[8.5,3,8.5625,3.0625],"texture":"#1"},"south":{"uv":[3.25,8.5,3.3125,8.5625],"texture":"#1"},"west":{"uv":[8.5,3.25,8.5625,3.3125],"texture":"#1"},"up":{"uv":[3.5625,8.5625,3.5,8.5],"texture":"#1"},"down":{"uv":[8.5625,3.5,8.5,3.5625],"texture":"#1"}}},{"from":[6.7,8.85,6.7],"to":[6.95,9.05,6.95],"rotation":{"angle":0,"axis":"y","origin":[8,0,8]},"faces":{"north":{"uv":[3.75,8.5,3.8125,8.5625],"texture":"#1"},"east":{"uv":[8.5,3.75,8.5625,3.8125],"texture":"#1"},"south":{"uv":[4,8.5,4.0625,8.5625],"texture":"#1"},"west":{"uv":[8.5,4,8.5625,4.0625],"texture":"#1"},"up":{"uv":[4.3125,8.5625,4.25,8.5],"texture":"#1"},"down":{"uv":[8.5625,4.25,8.5,4.3125],"texture":"#1"}}},{"from":[6.7,8.85,9.05],"to":[6.95,9.05,9.3],"rotation":{"angle":0,"axis":"y","origin":[8,0,8]},"faces":{"north":{"uv":[4.5,8.5,4.5625,8.5625],"texture":"#1"},"east":{"uv":[8.5,4.5,8.5625,4.5625],"texture":"#1"},"south":{"uv":[4.75,8.5,4.8125,8.5625],"texture":"#1"},"west":{"uv":[8.5,4.75,8.5625,4.8125],"texture":"#1"},"up":{"uv":[5.0625,8.5625,5,8.5],"texture":"#1"},"down":{"uv":[8.5625,5,8.5,5.0625],"texture":"#1"}}},{"from":[9.05,8.85,9.05],"to":[9.3,9.05,9.3],"rotation":{"angle":0,"axis":"y","origin":[8,0,8]},"faces":{"north":{"uv":[5.25,8.5,5.3125,8.5625],"texture":"#1"},"east":{"uv":[8.5,5.25,8.5625,5.3125],"texture":"#1"},"south":{"uv":[5.5,8.5,5.5625,8.5625],"texture":"#1"},"west":{"uv":[8.5,5.5,8.5625,5.5625],"texture":"#1"},"up":{"uv":[5.8125,8.5625,5.75,8.5],"texture":"#1"},"down":{"uv":[8.5625,5.75,8.5,5.8125],"texture":"#1"}}},{"from":[6.85,8.85,6.55],"to":[9.15,9.05,6.7],"rotation":{"angle":0,"axis":"y","origin":[8,0,8]},"faces":{"north":{"uv":[5,1.5,5.5625,1.5625],"texture":"#1"},"east":{"uv":[1,9,1.03125,9.0625],"texture":"#1"},"south":{"uv":[5,1.75,5.5625,1.8125],"texture":"#1"},"west":{"uv":[9,1,9.03125,1.0625],"texture":"#1"},"up":{"uv":[6.5625,0.53125,6,0.5],"texture":"#1"},"down":{"uv":[6.5625,2,6,2.03125],"texture":"#1"}}},{"from":[6.85,8.85,9.3],"to":[9.15,9.05,9.45],"rotation":{"angle":0,"axis":"y","origin":[8,0,8]},"faces":{"north":{"uv":[5,2,5.5625,2.0625],"texture":"#1"},"east":{"uv":[1.25,9,1.28125,9.0625],"texture":"#1"},"south":{"uv":[2.25,5,2.8125,5.0625],"texture":"#1"},"west":{"uv":[9,1.25,9.03125,1.3125],"texture":"#1"},"up":{"uv":[6.5625,2.28125,6,2.25],"texture":"#1"},"down":{"uv":[6.5625,2.5,6,2.53125],"texture":"#1"}}},{"from":[9.4,3.55,6.75],"to":[9.55,8.85,9.25],"rotation":{"angle":0,"axis":"y","origin":[8,0,8]},"faces":{"north":{"uv":[3,5.25,3.03125,6.28125],"texture":"#1"},"east":{"uv":[0,0,0.625,1.03125],"texture":"#1"},"south":{"uv":[3.25,5.25,3.28125,6.28125],"texture":"#1"},"west":{"uv":[0.75,0,1.375,1.03125],"texture":"#1"},"up":{"uv":[5.78125,2.625,5.75,2],"texture":"#1"},"down":{"uv":[2.53125,5.75,2.5,6.375],"texture":"#1"}}},{"from":[6.45,3.55,6.75],"to":[6.6,8.85,9.25],"rotation":{"angle":0,"axis":"y","origin":[8,0,8]},"faces":{"north":{"uv":[3.5,5.25,3.53125,6.28125],"texture":"#1"},"east":{"uv":[0,1.25,0.625,2.28125],"texture":"#1"},"south":{"uv":[3.75,5.25,3.78125,6.28125],"texture":"#1"},"west":{"uv":[0.75,1.25,1.375,2.28125],"texture":"#1"},"up":{"uv":[2.78125,6.375,2.75,5.75],"texture":"#1"},"down":{"uv":[5.78125,2.75,5.75,3.375],"texture":"#1"}}},{"from":[9.15,3.55,6.6],"to":[9.4,8.85,6.85],"rotation":{"angle":0,"axis":"y","origin":[8,0,8]},"faces":{"north":{"uv":[1.5,3.5,1.5625,4.53125],"texture":"#1"},"east":{"uv":[1.75,3.5,1.8125,4.53125],"texture":"#1"},"south":{"uv":[2,3.5,2.0625,4.53125],"texture":"#1"},"west":{"uv":[2.25,3.5,2.3125,4.53125],"texture":"#1"},"up":{"uv":[6.0625,8.5625,6,8.5],"texture":"#1"},"down":{"uv":[8.5625,6,8.5,6.0625],"texture":"#1"}}},{"from":[6.6,3.55,6.6],"to":[6.85,8.85,6.85],"rotation":{"angle":0,"axis":"y","origin":[8,0,8]},"faces":{"north":{"uv":[2.5,3.5,2.5625,4.53125],"texture":"#1"},"east":{"uv":[2.75,3.5,2.8125,4.53125],"texture":"#1"},"south":{"uv":[3.75,0,3.8125,1.03125],"texture":"#1"},"west":{"uv":[3.75,1.25,3.8125,2.28125],"texture":"#1"},"up":{"uv":[6.3125,8.5625,6.25,8.5],"texture":"#1"},"down":{"uv":[8.5625,6.25,8.5,6.3125],"texture":"#1"}}},{"from":[6.6,3.55,9.15],"to":[6.85,8.85,9.4],"rotation":{"angle":0,"axis":"y","origin":[8,0,8]},"faces":{"north":{"uv":[3.75,2.5,3.8125,3.53125],"texture":"#1"},"east":{"uv":[3.75,3.75,3.8125,4.78125],"texture":"#1"},"south":{"uv":[4,0,4.0625,1.03125],"texture":"#1"},"west":{"uv":[4,1.25,4.0625,2.28125],"texture":"#1"},"up":{"uv":[6.5625,8.5625,6.5,8.5],"texture":"#1"},"down":{"uv":[8.5625,6.5,8.5,6.5625],"texture":"#1"}}},{"from":[9.15,3.55,9.15],"to":[9.4,8.85,9.4],"rotation":{"angle":0,"axis":"y","origin":[8,0,8]},"faces":{"north":{"uv":[4,2.5,4.0625,3.53125],"texture":"#1"},"east":{"uv":[3,4,3.0625,5.03125],"texture":"#1"},"south":{"uv":[3.25,4,3.3125,5.03125],"texture":"#1"},"west":{"uv":[3.5,4,3.5625,5.03125],"texture":"#1"},"up":{"uv":[6.8125,8.5625,6.75,8.5],"texture":"#1"},"down":{"uv":[8.5625,6.75,8.5,6.8125],"texture":"#1"}}},{"from":[6.75,3.55,6.45],"to":[9.25,8.85,6.6],"rotation":{"angle":0,"axis":"y","origin":[8,0,8]},"faces":{"north":{"uv":[1.5,0,2.125,1.03125],"texture":"#1"},"east":{"uv":[4,5.25,4.03125,6.28125],"texture":"#1"},"south":{"uv":[1.5,1.25,2.125,2.28125],"texture":"#1"},"west":{"uv":[4.25,5.25,4.28125,6.28125],"texture":"#1"},"up":{"uv":[6.375,3.53125,5.75,3.5],"texture":"#1"},"down":{"uv":[6.375,3.75,5.75,3.78125],"texture":"#1"}}},{"from":[6.75,3.55,9.4],"to":[9.25,8.85,9.55],"rotation":{"angle":0,"axis":"y","origin":[8,0,8]},"faces":{"north":{"uv":[2.25,0,2.875,1.03125],"texture":"#1"},"east":{"uv":[4.5,5.25,4.53125,6.28125],"texture":"#1"},"south":{"uv":[2.25,1.25,2.875,2.28125],"texture":"#1"},"west":{"uv":[4.75,5.25,4.78125,6.28125],"texture":"#1"},"up":{"uv":[6.375,4.03125,5.75,4],"texture":"#1"},"down":{"uv":[6.375,4.25,5.75,4.28125],"texture":"#1"}}},{"from":[9.3,1.15,6.85],"to":[9.45,3.55,9.15],"rotation":{"angle":0,"axis":"y","origin":[8,0,8]},"faces":{"north":{"uv":[5.5,3.25,5.53125,4.15625],"texture":"#1"},"east":{"uv":[0,2.5,0.5625,3.40625],"texture":"#1"},"south":{"uv":[5,5.5,5.03125,6.40625],"texture":"#1"},"west":{"uv":[0.75,2.5,1.3125,3.40625],"texture":"#1"},"up":{"uv":[2.03125,6.5625,2,6],"texture":"#1"},"down":{"uv":[2.28125,6,2.25,6.5625],"texture":"#1"}}},{"from":[6.55,1.15,6.85],"to":[6.7,3.55,9.15],"rotation":{"angle":0,"axis":"y","origin":[8,0,8]},"faces":{"north":{"uv":[5.25,5.5,5.28125,6.40625],"texture":"#1"},"east":{"uv":[1.5,2.5,2.0625,3.40625],"texture":"#1"},"south":{"uv":[5.5,5.25,5.53125,6.15625],"texture":"#1"},"west":{"uv":[2.25,2.5,2.8125,3.40625],"texture":"#1"},"up":{"uv":[6.03125,3.3125,6,2.75],"texture":"#1"},"down":{"uv":[5.78125,6,5.75,6.5625],"texture":"#1"}}},{"from":[9.05,1.15,6.7],"to":[9.3,3.55,6.95],"rotation":{"angle":0,"axis":"y","origin":[8,0,8]},"faces":{"north":{"uv":[4,3.75,4.0625,4.65625],"texture":"#1"},"east":{"uv":[0,4.25,0.0625,5.15625],"texture":"#1"},"south":{"uv":[4.25,0,4.3125,0.90625],"texture":"#1"},"west":{"uv":[0.25,4.25,0.3125,5.15625],"texture":"#1"},"up":{"uv":[7.0625,8.5625,7,8.5],"texture":"#1"},"down":{"uv":[8.5625,7,8.5,7.0625],"texture":"#1"}}},{"from":[6.7,1.15,6.7],"to":[6.95,3.55,6.95],"rotation":{"angle":0,"axis":"y","origin":[8,0,8]},"faces":{"north":{"uv":[0.5,4.25,0.5625,5.15625],"texture":"#1"},"east":{"uv":[0.75,4.25,0.8125,5.15625],"texture":"#1"},"south":{"uv":[1,4.25,1.0625,5.15625],"texture":"#1"},"west":{"uv":[4.25,1,4.3125,1.90625],"texture":"#1"},"up":{"uv":[7.3125,8.5625,7.25,8.5],"texture":"#1"},"down":{"uv":[8.5625,7.25,8.5,7.3125],"texture":"#1"}}},{"from":[6.7,1.15,9.05],"to":[6.95,3.55,9.3],"rotation":{"angle":0,"axis":"y","origin":[8,0,8]},"faces":{"north":{"uv":[1.25,4.25,1.3125,5.15625],"texture":"#1"},"east":{"uv":[4.25,2,4.3125,2.90625],"texture":"#1"},"south":{"uv":[4.25,3,4.3125,3.90625],"texture":"#1"},"west":{"uv":[4.25,4,4.3125,4.90625],"texture":"#1"},"up":{"uv":[7.5625,8.5625,7.5,8.5],"texture":"#1"},"down":{"uv":[8.5625,7.5,8.5,7.5625],"texture":"#1"}}},{"from":[9.05,1.15,9.05],"to":[9.3,3.55,9.3],"rotation":{"angle":0,"axis":"y","origin":[8,0,8]},"faces":{"north":{"uv":[4.5,0,4.5625,0.90625],"texture":"#1"},"east":{"uv":[4.5,1,4.5625,1.90625],"texture":"#1"},"south":{"uv":[4.5,2,4.5625,2.90625],"texture":"#1"},"west":{"uv":[4.5,3,4.5625,3.90625],"texture":"#1"},"up":{"uv":[7.8125,8.5625,7.75,8.5],"texture":"#1"},"down":{"uv":[8.5625,7.75,8.5,7.8125],"texture":"#1"}}},{"from":[6.85,1.15,6.55],"to":[9.15,3.55,6.7],"rotation":{"angle":0,"axis":"y","origin":[8,0,8]},"faces":{"north":{"uv":[3,0,3.5625,0.90625],"texture":"#1"},"east":{"uv":[0,5.75,0.03125,6.65625],"texture":"#1"},"south":{"uv":[3,1,3.5625,1.90625],"texture":"#1"},"west":{"uv":[0.25,5.75,0.28125,6.65625],"texture":"#1"},"up":{"uv":[6.5625,6.03125,6,6],"texture":"#1"},"down":{"uv":[6.8125,0.75,6.25,0.78125],"texture":"#1"}}},{"from":[6.85,1.15,9.3],"to":[9.15,3.55,9.45],"rotation":{"angle":0,"axis":"y","origin":[8,0,8]},"faces":{"north":{"uv":[3,2,3.5625,2.90625],"texture":"#1"},"east":{"uv":[0.5,5.75,0.53125,6.65625],"texture":"#1"},"south":{"uv":[3,3,3.5625,3.90625],"texture":"#1"},"west":{"uv":[0.75,5.75,0.78125,6.65625],"texture":"#1"},"up":{"uv":[6.8125,1.03125,6.25,1],"texture":"#1"},"down":{"uv":[6.8125,1.25,6.25,1.28125],"texture":"#1"}}},{"from":[9.2,1,6.95],"to":[9.35,1.2,9.05],"rotation":{"angle":0,"axis":"y","origin":[8,0,8]},"faces":{"north":{"uv":[1.5,9,1.53125,9.0625],"texture":"#1"},"east":{"uv":[5,4.75,5.53125,4.8125],"texture":"#1"},"south":{"uv":[9,1.5,9.03125,1.5625],"texture":"#1"},"west":{"uv":[0,5.25,0.53125,5.3125],"texture":"#1"},"up":{"uv":[2.53125,7.03125,2.5,6.5],"texture":"#1"},"down":{"uv":[2.78125,6.5,2.75,7.03125],"texture":"#1"}}},{"from":[6.65,1,6.95],"to":[6.8,1.2,9.05],"rotation":{"angle":0,"axis":"y","origin":[8,0,8]},"faces":{"north":{"uv":[1.75,9,1.78125,9.0625],"texture":"#1"},"east":{"uv":[5.25,0,5.78125,0.0625],"texture":"#1"},"south":{"uv":[9,1.75,9.03125,1.8125],"texture":"#1"},"west":{"uv":[5.25,0.25,5.78125,0.3125],"texture":"#1"},"up":{"uv":[6.53125,3.28125,6.5,2.75],"texture":"#1"},"down":{"uv":[3.03125,6.5,3,7.03125],"texture":"#1"}}},{"from":[6.8,1,6.8],"to":[9.2,1.2,9.2],"rotation":{"angle":0,"axis":"y","origin":[8,0,8]},"faces":{"north":{"uv":[4.75,3.25,5.34375,3.3125],"texture":"#1"},"east":{"uv":[4.75,3.5,5.34375,3.5625],"texture":"#1"},"south":{"uv":[4.75,3.75,5.34375,3.8125],"texture":"#1"},"west":{"uv":[4.75,4,5.34375,4.0625],"texture":"#1"},"up":{"uv":[0.59375,4.09375,0,3.5],"texture":"#1"},"down":{"uv":[1.34375,3.5,0.75,4.09375],"texture":"#1"}}},{"from":[6.95,1,6.65],"to":[9.05,1.2,6.8],"rotation":{"angle":0,"axis":"y","origin":[8,0,8]},"faces":{"north":{"uv":[5.25,0.5,5.78125,0.5625],"texture":"#1"},"east":{"uv":[2,9,2.03125,9.0625],"texture":"#1"},"south":{"uv":[0.75,5.25,1.28125,5.3125],"texture":"#1"},"west":{"uv":[9,2,9.03125,2.0625],"texture":"#1"},"up":{"uv":[7.03125,0.28125,6.5,0.25],"texture":"#1"},"down":{"uv":[3.78125,6.5,3.25,6.53125],"texture":"#1"}}},{"from":[6.95,1,9.2],"to":[9.05,1.2,9.35],"rotation":{"angle":0,"axis":"y","origin":[8,0,8]},"faces":{"north":{"uv":[1.5,5.25,2.03125,5.3125],"texture":"#1"},"east":{"uv":[2.25,9,2.28125,9.0625],"texture":"#1"},"south":{"uv":[2.25,5.25,2.78125,5.3125],"texture":"#1"},"west":{"uv":[9,2.25,9.03125,2.3125],"texture":"#1"},"up":{"uv":[7.03125,3.53125,6.5,3.5],"texture":"#1"},"down":{"uv":[7.03125,3.75,6.5,3.78125],"texture":"#1"}}},{"from":[9.25,4.65,6.4],"to":[9.3,7.75,6.6],"rotation":{"angle":0,"axis":"y","origin":[8,0,8]},"faces":{"north":{"uv":[7,0,7.0625,4.09375],"texture":"#0"},"east":{"uv":[0,5,0.1875,9.09375],"texture":"#0"},"south":{"uv":[7,5,7.0625,9.09375],"texture":"#0"},"west":{"uv":[1,5,1.1875,9.09375],"texture":"#0"},"up":{"uv":[6.21875,12.71875,6.15625,12.53125],"texture":"#0"},"down":{"uv":[11.6875,6.5,11.625,6.6875],"texture":"#0"}}},{"from":[6.75,4.65,6.4],"to":[9.25,7.75,6.45],"rotation":{"angle":0,"axis":"y","origin":[8,0,8]},"faces":{"north":{"uv":[5.53125,4.75,10.5625,10.71875],"texture":"#0"},"east":{"uv":[8,0,8.0625,4.09375],"texture":"#0"},"south":{"uv":[3,0,5.5,4.09375],"texture":"#0"},"west":{"uv":[12.59375,3.5625,12.65625,7.65625],"texture":"#0"},"up":{"uv":[7.6875,12.9375,5.1875,12.875],"texture":"#0"},"down":{"uv":[14.6875,7.875,12.1875,7.9375],"texture":"#0"}}},{"from":[6.7,4.65,6.4],"to":[6.75,7.75,6.6],"rotation":{"angle":0,"axis":"y","origin":[8,0,8]},"faces":{"north":{"uv":[9,0,9.0625,4.09375],"texture":"#0"},"east":{"uv":[2,5,2.1875,9.09375],"texture":"#0"},"south":{"uv":[9,5,9.0625,9.09375],"texture":"#0"},"west":{"uv":[3,5,3.1875,9.09375],"texture":"#0"},"up":{"uv":[4.96875,12.59375,4.90625,12.40625],"texture":"#0"},"down":{"uv":[13.28125,6.78125,13.21875,6.96875],"texture":"#0"}}},{"from":[6.6,4.65,6.55],"to":[6.7,7.75,6.6],"rotation":{"angle":0,"axis":"y","origin":[8,0,8]},"faces":{"north":{"uv":[4,5,4.09375,9.09375],"texture":"#0"},"east":{"uv":[0,10,0.0625,14.09375],"texture":"#0"},"south":{"uv":[5,5,5.09375,9.09375],"texture":"#0"},"west":{"uv":[10,0,10.0625,4.09375],"texture":"#0"},"up":{"uv":[6,12.46875,5.90625,12.40625],"texture":"#0"},"down":{"uv":[13.3125,7.78125,13.21875,7.84375],"texture":"#0"}}},{"from":[9.3,4.65,6.55],"to":[9.4,7.75,6.6],"rotation":{"angle":0,"axis":"y","origin":[8,0,8]},"faces":{"north":{"uv":[6,0,6.09375,4.09375],"texture":"#0"},"east":{"uv":[1,10,1.0625,14.09375],"texture":"#0"},"south":{"uv":[6,5,6.09375,9.09375],"texture":"#0"},"west":{"uv":[2,10,2.0625,14.09375],"texture":"#0"},"up":{"uv":[9.25,12.59375,9.15625,12.53125],"texture":"#0"},"down":{"uv":[11.71875,9.5,11.625,9.5625],"texture":"#0"}}},{"from":[7.65,10.55,7.4],"to":[8.35,11.15,7.65],"rotation":{"angle":0,"axis":"y","origin":[8,0,8]},"faces":{"north":{"uv":[9.5,12.5,9.875,12.6875],"texture":"#2"},"east":{"uv":[12,14,12.125,14.1875],"texture":"#2"},"south":{"uv":[10,12.5,10.375,12.6875],"texture":"#2"},"west":{"uv":[12.5,14,12.625,14.1875],"texture":"#2"},"up":{"uv":[10.375,13.125,10,13],"texture":"#2"},"down":{"uv":[13.375,10,13,10.125],"texture":"#2"}}},{"from":[8.35,10.55,7.65],"to":[8.6,11.15,8.35],"rotation":{"angle":0,"axis":"y","origin":[8,0,8]},"faces":{"north":{"uv":[13,14,13.125,14.1875],"texture":"#2"},"east":{"uv":[12.5,10,12.875,10.1875],"texture":"#2"},"south":{"uv":[13.5,14,13.625,14.1875],"texture":"#2"},"west":{"uv":[10.5,12.5,10.875,12.6875],"texture":"#2"},"up":{"uv":[10.625,13.375,10.5,13],"texture":"#2"},"down":{"uv":[13.125,10.5,13,10.875],"texture":"#2"}}},{"from":[7.65,10.55,8.35],"to":[8.35,11.15,8.6],"rotation":{"angle":0,"axis":"y","origin":[8,0,8]},"faces":{"north":{"uv":[12.5,10.5,12.875,10.6875],"texture":"#2"},"east":{"uv":[14,14,14.125,14.1875],"texture":"#2"},"south":{"uv":[11,12.5,11.375,12.6875],"texture":"#2"},"west":{"uv":[0,14.5,0.125,14.6875],"texture":"#2"},"up":{"uv":[11.375,13.125,11,13],"texture":"#2"},"down":{"uv":[13.375,11,13,11.125],"texture":"#2"}}},{"from":[7.4,10.55,7.65],"to":[7.65,11.15,8.35],"rotation":{"angle":0,"axis":"y","origin":[8,0,8]},"faces":{"north":{"uv":[0.5,14.5,0.625,14.6875],"texture":"#2"},"east":{"uv":[11.5,12.5,11.875,12.6875],"texture":"#2"},"south":{"uv":[1,14.5,1.125,14.6875],"texture":"#2"},"west":{"uv":[12,12.5,12.375,12.6875],"texture":"#2"},"up":{"uv":[11.625,13.375,11.5,13],"texture":"#2"},"down":{"uv":[13.125,11.5,13,11.875],"texture":"#2"}}},{"from":[7.65,10.55,7.65],"to":[8.35,11.15,8.35],"rotation":{"angle":0,"axis":"y","origin":[8,0,8]},"faces":{"north":{"uv":[12.5,12.5,12.875,12.6875],"texture":"#2"},"east":{"uv":[0,13,0.375,13.1875],"texture":"#2"},"south":{"uv":[13,0,13.375,0.1875],"texture":"#2"},"west":{"uv":[0.5,13,0.875,13.1875],"texture":"#2"},"up":{"uv":[10.375,0.375,10,0],"texture":"#2"},"down":{"uv":[10.375,0.5,10,0.875],"texture":"#2"}}},{"from":[7.75,10.25,7.5],"to":[8.25,10.55,7.75],"rotation":{"angle":0,"axis":"y","origin":[8,0,8]},"faces":{"north":{"uv":[14,3,14.25,3.125],"texture":"#2"},"east":{"uv":[1.5,14.5,1.625,14.625],"texture":"#2"},"south":{"uv":[14,3.5,14.25,3.625],"texture":"#2"},"west":{"uv":[2,14.5,2.125,14.625],"texture":"#2"},"up":{"uv":[4.25,14.125,4,14],"texture":"#2"},"down":{"uv":[14.25,4,14,4.125],"texture":"#2"}}},{"from":[8.25,10.25,7.75],"to":[8.5,10.55,8.25],"rotation":{"angle":0,"axis":"y","origin":[8,0,8]},"faces":{"north":{"uv":[2.5,14.5,2.625,14.625],"texture":"#2"},"east":{"uv":[4.5,14,4.75,14.125],"texture":"#2"},"south":{"uv":[3,14.5,3.125,14.625],"texture":"#2"},"west":{"uv":[14,4.5,14.25,4.625],"texture":"#2"},"up":{"uv":[5.125,14.25,5,14],"texture":"#2"},"down":{"uv":[5.625,14,5.5,14.25],"texture":"#2"}}},{"from":[7.75,10.25,8.25],"to":[8.25,10.55,8.5],"rotation":{"angle":0,"axis":"y","origin":[8,0,8]},"faces":{"north":{"uv":[6,14,6.25,14.125],"texture":"#2"},"east":{"uv":[14.5,3,14.625,3.125],"texture":"#2"},"south":{"uv":[6.5,14,6.75,14.125],"texture":"#2"},"west":{"uv":[3.5,14.5,3.625,14.625],"texture":"#2"},"up":{"uv":[7.25,14.125,7,14],"texture":"#2"},"down":{"uv":[7.75,14,7.5,14.125],"texture":"#2"}}},{"from":[7.5,10.25,7.75],"to":[7.75,10.55,8.25],"rotation":{"angle":0,"axis":"y","origin":[8,0,8]},"faces":{"north":{"uv":[14.5,3.5,14.625,3.625],"texture":"#2"},"east":{"uv":[8,14,8.25,14.125],"texture":"#2"},"south":{"uv":[4,14.5,4.125,14.625],"texture":"#2"},"west":{"uv":[8.5,14,8.75,14.125],"texture":"#2"},"up":{"uv":[9.125,14.25,9,14],"texture":"#2"},"down":{"uv":[9.625,14,9.5,14.25],"texture":"#2"}}},{"from":[7.75,10.25,7.75],"to":[8.25,10.55,8.25],"rotation":{"angle":0,"axis":"y","origin":[8,0,8]},"faces":{"north":{"uv":[10,14,10.25,14.125],"texture":"#2"},"east":{"uv":[10.5,14,10.75,14.125],"texture":"#2"},"south":{"uv":[11,14,11.25,14.125],"texture":"#2"},"west":{"uv":[11.5,14,11.75,14.125],"texture":"#2"},"up":{"uv":[13.25,3.75,13,3.5],"texture":"#2"},"down":{"uv":[4.25,13,4,13.25],"texture":"#2"}}},{"from":[7.65,10.05,7.4],"to":[8.35,10.25,7.65],"rotation":{"angle":0,"axis":"y","origin":[8,0,8]},"faces":{"north":{"uv":[12,13,12.375,13.125],"texture":"#2"},"east":{"uv":[14.5,4,14.625,4.125],"texture":"#2"},"south":{"uv":[13,12,13.375,12.125],"texture":"#2"},"west":{"uv":[4.5,14.5,4.625,14.625],"texture":"#2"},"up":{"uv":[12.875,13.125,12.5,13],"texture":"#2"},"down":{"uv":[13.375,12.5,13,12.625],"texture":"#2"}}},{"from":[8.35,10.05,7.65],"to":[8.6,10.25,8.35],"rotation":{"angle":0,"axis":"y","origin":[8,0,8]},"faces":{"north":{"uv":[14.5,4.5,14.625,4.625],"texture":"#2"},"east":{"uv":[13,13,13.375,13.125],"texture":"#2"},"south":{"uv":[5,14.5,5.125,14.625],"texture":"#2"},"west":{"uv":[0,13.5,0.375,13.625],"texture":"#2"},"up":{"uv":[13.625,0.375,13.5,0],"texture":"#2"},"down":{"uv":[0.625,13.5,0.5,13.875],"texture":"#2"}}},{"from":[7.65,10.05,8.35],"to":[8.35,10.25,8.6],"rotation":{"angle":0,"axis":"y","origin":[8,0,8]},"faces":{"north":{"uv":[1,13.5,1.375,13.625],"texture":"#2"},"east":{"uv":[14.5,5,14.625,5.125],"texture":"#2"},"south":{"uv":[13.5,1,13.875,1.125],"texture":"#2"},"west":{"uv":[5.5,14.5,5.625,14.625],"texture":"#2"},"up":{"uv":[1.875,13.625,1.5,13.5],"texture":"#2"},"down":{"uv":[13.875,1.5,13.5,1.625],"texture":"#2"}}},{"from":[7.4,10.05,7.65],"to":[7.65,10.25,8.35],"rotation":{"angle":0,"axis":"y","origin":[8,0,8]},"faces":{"north":{"uv":[14.5,5.5,14.625,5.625],"texture":"#2"},"east":{"uv":[3,13.5,3.375,13.625],"texture":"#2"},"south":{"uv":[6,14.5,6.125,14.625],"texture":"#2"},"west":{"uv":[13.5,3,13.875,3.125],"texture":"#2"},"up":{"uv":[13.625,3.875,13.5,3.5],"texture":"#2"},"down":{"uv":[4.125,13.5,4,13.875],"texture":"#2"}}},{"from":[7.65,10.05,7.65],"to":[8.35,10.25,8.35],"rotation":{"angle":0,"axis":"y","origin":[8,0,8]},"faces":{"north":{"uv":[13.5,4,13.875,4.125],"texture":"#2"},"east":{"uv":[4.5,13.5,4.875,13.625],"texture":"#2"},"south":{"uv":[13.5,4.5,13.875,4.625],"texture":"#2"},"west":{"uv":[5,13.5,5.375,13.625],"texture":"#2"},"up":{"uv":[10.375,1.375,10,1],"texture":"#2"},"down":{"uv":[10.375,1.5,10,1.875],"texture":"#2"}}},{"from":[7.55,9.8,7.3],"to":[8.45,10.05,7.55],"rotation":{"angle":0,"axis":"y","origin":[8,0,8]},"faces":{"north":{"uv":[13,4,13.4375,4.125],"texture":"#2"},"east":{"uv":[14.5,6,14.625,6.125],"texture":"#2"},"south":{"uv":[5,13,5.4375,13.125],"texture":"#2"},"west":{"uv":[6.5,14.5,6.625,14.625],"texture":"#2"},"up":{"uv":[13.4375,5.125,13,5],"texture":"#2"},"down":{"uv":[5.9375,13,5.5,13.125],"texture":"#2"}}},{"from":[8.45,9.8,7.55],"to":[8.7,10.05,8.45],"rotation":{"angle":0,"axis":"y","origin":[8,0,8]},"faces":{"north":{"uv":[14.5,6.5,14.625,6.625],"texture":"#2"},"east":{"uv":[13,5.5,13.4375,5.625],"texture":"#2"},"south":{"uv":[7,14.5,7.125,14.625],"texture":"#2"},"west":{"uv":[6,13,6.4375,13.125],"texture":"#2"},"up":{"uv":[13.125,6.4375,13,6],"texture":"#2"},"down":{"uv":[6.625,13,6.5,13.4375],"texture":"#2"}}},{"from":[7.55,9.8,8.45],"to":[8.45,10.05,8.7],"rotation":{"angle":0,"axis":"y","origin":[8,0,8]},"faces":{"north":{"uv":[13,6.5,13.4375,6.625],"texture":"#2"},"east":{"uv":[14.5,7,14.625,7.125],"texture":"#2"},"south":{"uv":[7,13,7.4375,13.125],"texture":"#2"},"west":{"uv":[7.5,14.5,7.625,14.625],"texture":"#2"},"up":{"uv":[13.4375,7.125,13,7],"texture":"#2"},"down":{"uv":[7.9375,13,7.5,13.125],"texture":"#2"}}},{"from":[7.3,9.8,7.55],"to":[7.55,10.05,8.45],"rotation":{"angle":0,"axis":"y","origin":[8,0,8]},"faces":{"north":{"uv":[14.5,7.5,14.625,7.625],"texture":"#2"},"east":{"uv":[13,7.5,13.4375,7.625],"texture":"#2"},"south":{"uv":[8,14.5,8.125,14.625],"texture":"#2"},"west":{"uv":[8,13,8.4375,13.125],"texture":"#2"},"up":{"uv":[13.125,8.4375,13,8],"texture":"#2"},"down":{"uv":[8.625,13,8.5,13.4375],"texture":"#2"}}},{"from":[7.55,9.8,7.55],"to":[8.45,10.05,8.45],"rotation":{"angle":0,"axis":"y","origin":[8,0,8]},"faces":{"north":{"uv":[13,8.5,13.4375,8.625],"texture":"#2"},"east":{"uv":[13,9,13.4375,9.125],"texture":"#2"},"south":{"uv":[9.5,13,9.9375,13.125],"texture":"#2"},"west":{"uv":[13,9.5,13.4375,9.625],"texture":"#2"},"up":{"uv":[8.4375,9.9375,8,9.5],"texture":"#2"},"down":{"uv":[8.9375,9.5,8.5,9.9375],"texture":"#2"}}},{"from":[7.45,9.7,7.2],"to":[8.55,9.8,7.45],"rotation":{"angle":0,"axis":"y","origin":[8,0,8]},"faces":{"north":{"uv":[13.5,13,14.0625,13.0625],"texture":"#2"},"east":{"uv":[14.5,14,14.625,14.0625],"texture":"#2"},"south":{"uv":[13.5,13.5,14.0625,13.5625],"texture":"#2"},"west":{"uv":[14.5,14.5,14.625,14.5625],"texture":"#2"},"up":{"uv":[13.5625,0.625,13,0.5],"texture":"#2"},"down":{"uv":[1.5625,13,1,13.125],"texture":"#2"}}},{"from":[8.55,9.7,7.45],"to":[8.8,9.8,8.55],"rotation":{"angle":0,"axis":"y","origin":[8,0,8]},"faces":{"north":{"uv":[0,15,0.125,15.0625],"texture":"#2"},"east":{"uv":[0,14,0.5625,14.0625],"texture":"#2"},"south":{"uv":[15,0,15.125,0.0625],"texture":"#2"},"west":{"uv":[14,0,14.5625,0.0625],"texture":"#2"},"up":{"uv":[13.125,1.5625,13,1],"texture":"#2"},"down":{"uv":[2.125,13,2,13.5625],"texture":"#2"}}},{"from":[7.45,9.7,8.55],"to":[8.55,9.8,8.8],"rotation":{"angle":0,"axis":"y","origin":[8,0,8]},"faces":{"north":{"uv":[14,0.5,14.5625,0.5625],"texture":"#2"},"east":{"uv":[0.5,15,0.625,15.0625],"texture":"#2"},"south":{"uv":[1,14,1.5625,14.0625],"texture":"#2"},"west":{"uv":[15,0.5,15.125,0.5625],"texture":"#2"},"up":{"uv":[13.5625,2.125,13,2],"texture":"#2"},"down":{"uv":[13.5625,2.5,13,2.625],"texture":"#2"}}},{"from":[7.2,9.7,7.45],"to":[7.45,9.8,8.55],"rotation":{"angle":0,"axis":"y","origin":[8,0,8]},"faces":{"north":{"uv":[1,15,1.125,15.0625],"texture":"#2"},"east":{"uv":[14,1,14.5625,1.0625],"texture":"#2"},"south":{"uv":[15,1,15.125,1.0625],"texture":"#2"},"west":{"uv":[14,1.5,14.5625,1.5625],"texture":"#2"},"up":{"uv":[2.625,13.5625,2.5,13],"texture":"#2"},"down":{"uv":[3.625,13,3.5,13.5625],"texture":"#2"}}},{"from":[7.45,9.7,7.45],"to":[8.55,9.8,8.55],"rotation":{"angle":0,"axis":"y","origin":[8,0,8]},"faces":{"north":{"uv":[2,14,2.5625,14.0625],"texture":"#2"},"east":{"uv":[14,2,14.5625,2.0625],"texture":"#2"},"south":{"uv":[14,2.5,14.5625,2.5625],"texture":"#2"},"west":{"uv":[3,14,3.5625,14.0625],"texture":"#2"},"up":{"uv":[9.5625,8.5625,9,8],"texture":"#2"},"down":{"uv":[9.5625,9,9,9.5625],"texture":"#2"}}},{"from":[7.35,9.55,7.1],"to":[8.65,9.7,7.35],"rotation":{"angle":0,"axis":"y","origin":[8,0,8]},"faces":{"north":{"uv":[13.5,9,14.125,9.0625],"texture":"#2"},"east":{"uv":[1.5,15,1.625,15.0625],"texture":"#2"},"south":{"uv":[9.5,13.5,10.125,13.5625],"texture":"#2"},"west":{"uv":[15,1.5,15.125,1.5625],"texture":"#2"},"up":{"uv":[13.125,4.625,12.5,4.5],"texture":"#2"},"down":{"uv":[5.625,12.5,5,12.625],"texture":"#2"}}},{"from":[8.65,9.55,7.35],"to":[8.9,9.7,8.65],"rotation":{"angle":0,"axis":"y","origin":[8,0,8]},"faces":{"north":{"uv":[2,15,2.125,15.0625],"texture":"#2"},"east":{"uv":[13.5,9.5,14.125,9.5625],"texture":"#2"},"south":{"uv":[15,2,15.125,2.0625],"texture":"#2"},"west":{"uv":[13.5,10,14.125,10.0625],"texture":"#2"},"up":{"uv":[12.625,5.625,12.5,5],"texture":"#2"},"down":{"uv":[12.625,6,12.5,6.625],"texture":"#2"}}},{"from":[7.35,9.55,8.65],"to":[8.65,9.7,8.9],"rotation":{"angle":0,"axis":"y","origin":[8,0,8]},"faces":{"north":{"uv":[10.5,13.5,11.125,13.5625],"texture":"#2"},"east":{"uv":[2.5,15,2.625,15.0625],"texture":"#2"},"south":{"uv":[13.5,10.5,14.125,10.5625],"texture":"#2"},"west":{"uv":[15,2.5,15.125,2.5625],"texture":"#2"},"up":{"uv":[7.125,12.625,6.5,12.5],"texture":"#2"},"down":{"uv":[8.625,12.5,8,12.625],"texture":"#2"}}},{"from":[7.1,9.55,7.35],"to":[7.35,9.7,8.65],"rotation":{"angle":0,"axis":"y","origin":[8,0,8]},"faces":{"north":{"uv":[3,15,3.125,15.0625],"texture":"#2"},"east":{"uv":[13.5,11,14.125,11.0625],"texture":"#2"},"south":{"uv":[15,3,15.125,3.0625],"texture":"#2"},"west":{"uv":[11.5,13.5,12.125,13.5625],"texture":"#2"},"up":{"uv":[9.125,13.125,9,12.5],"texture":"#2"},"down":{"uv":[12.625,9,12.5,9.625],"texture":"#2"}}},{"from":[7.35,9.55,7.35],"to":[8.65,9.7,8.65],"rotation":{"angle":0,"axis":"y","origin":[8,0,8]},"faces":{"north":{"uv":[13.5,11.5,14.125,11.5625],"texture":"#2"},"east":{"uv":[13.5,12,14.125,12.0625],"texture":"#2"},"south":{"uv":[12.5,13.5,13.125,13.5625],"texture":"#2"},"west":{"uv":[13.5,12.5,14.125,12.5625],"texture":"#2"},"up":{"uv":[9.625,6.625,9,6],"texture":"#2"},"down":{"uv":[9.625,7,9,7.625],"texture":"#2"}}},{"from":[7.25,9.45,7],"to":[8.75,9.55,7.25],"rotation":{"angle":0,"axis":"y","origin":[8,0,8]},"faces":{"north":{"uv":[13.5,5,14.25,5.0625],"texture":"#2"},"east":{"uv":[3.5,15,3.625,15.0625],"texture":"#2"},"south":{"uv":[5.5,13.5,6.25,13.5625],"texture":"#2"},"west":{"uv":[15,3.5,15.125,3.5625],"texture":"#2"},"up":{"uv":[1.75,12.625,1,12.5],"texture":"#2"},"down":{"uv":[2.75,12.5,2,12.625],"texture":"#2"}}},{"from":[8.75,9.45,7.25],"to":[9,9.55,8.75],"rotation":{"angle":0,"axis":"y","origin":[8,0,8]},"faces":{"north":{"uv":[4,15,4.125,15.0625],"texture":"#2"},"east":{"uv":[13.5,5.5,14.25,5.5625],"texture":"#2"},"south":{"uv":[15,4,15.125,4.0625],"texture":"#2"},"west":{"uv":[13.5,6,14.25,6.0625],"texture":"#2"},"up":{"uv":[12.625,2.75,12.5,2],"texture":"#2"},"down":{"uv":[3.125,12.5,3,13.25],"texture":"#2"}}},{"from":[7.25,9.45,8.75],"to":[8.75,9.55,9],"rotation":{"angle":0,"axis":"y","origin":[8,0,8]},"faces":{"north":{"uv":[6.5,13.5,7.25,13.5625],"texture":"#2"},"east":{"uv":[4.5,15,4.625,15.0625],"texture":"#2"},"south":{"uv":[13.5,6.5,14.25,6.5625],"texture":"#2"},"west":{"uv":[15,4.5,15.125,4.5625],"texture":"#2"},"up":{"uv":[13.25,3.125,12.5,3],"texture":"#2"},"down":{"uv":[4.25,12.5,3.5,12.625],"texture":"#2"}}},{"from":[7,9.45,7.25],"to":[7.25,9.55,8.75],"rotation":{"angle":0,"axis":"y","origin":[8,0,8]},"faces":{"north":{"uv":[5,15,5.125,15.0625],"texture":"#2"},"east":{"uv":[13.5,7,14.25,7.0625],"texture":"#2"},"south":{"uv":[15,5,15.125,5.0625],"texture":"#2"},"west":{"uv":[7.5,13.5,8.25,13.5625],"texture":"#2"},"up":{"uv":[12.625,4.25,12.5,3.5],"texture":"#2"},"down":{"uv":[4.625,12.5,4.5,13.25],"texture":"#2"}}},{"from":[7.25,9.45,7.25],"to":[8.75,9.55,8.75],"rotation":{"angle":0,"axis":"y","origin":[8,0,8]},"faces":{"north":{"uv":[13.5,7.5,14.25,7.5625],"texture":"#2"},"east":{"uv":[13.5,8,14.25,8.0625],"texture":"#2"},"south":{"uv":[8.5,13.5,9.25,13.5625],"texture":"#2"},"west":{"uv":[13.5,8.5,14.25,8.5625],"texture":"#2"},"up":{"uv":[9.75,4.75,9,4],"texture":"#2"},"down":{"uv":[9.75,5,9,5.75],"texture":"#2"}}},{"from":[7.15,9.25,6.9],"to":[8.85,9.45,7.15],"rotation":{"angle":0,"axis":"y","origin":[8,0,8]},"faces":{"north":{"uv":[1,12,1.875,12.125],"texture":"#2"},"east":{"uv":[14.5,8,14.625,8.125],"texture":"#2"},"south":{"uv":[12,1,12.875,1.125],"texture":"#2"},"west":{"uv":[8.5,14.5,8.625,14.625],"texture":"#2"},"up":{"uv":[12.875,1.625,12,1.5],"texture":"#2"},"down":{"uv":[2.875,12,2,12.125],"texture":"#2"}}},{"from":[8.85,9.25,7.15],"to":[9.1,9.45,8.85],"rotation":{"angle":0,"axis":"y","origin":[8,0,8]},"faces":{"north":{"uv":[14.5,8.5,14.625,8.625],"texture":"#2"},"east":{"uv":[3,12,3.875,12.125],"texture":"#2"},"south":{"uv":[9,14.5,9.125,14.625],"texture":"#2"},"west":{"uv":[5,12,5.875,12.125],"texture":"#2"},"up":{"uv":[6.125,12.875,6,12],"texture":"#2"},"down":{"uv":[12.125,6,12,6.875],"texture":"#2"}}},{"from":[7.15,9.25,8.85],"to":[8.85,9.45,9.1],"rotation":{"angle":0,"axis":"y","origin":[8,0,8]},"faces":{"north":{"uv":[6.5,12,7.375,12.125],"texture":"#2"},"east":{"uv":[14.5,9,14.625,9.125],"texture":"#2"},"south":{"uv":[12,7,12.875,7.125],"texture":"#2"},"west":{"uv":[9.5,14.5,9.625,14.625],"texture":"#2"},"up":{"uv":[12.875,7.625,12,7.5],"texture":"#2"},"down":{"uv":[12.875,8,12,8.125],"texture":"#2"}}},{"from":[6.9,9.25,7.15],"to":[7.15,9.45,8.85],"rotation":{"angle":0,"axis":"y","origin":[8,0,8]},"faces":{"north":{"uv":[14.5,9.5,14.625,9.625],"texture":"#2"},"east":{"uv":[12,8.5,12.875,8.625],"texture":"#2"},"south":{"uv":[10,14.5,10.125,14.625],"texture":"#2"},"west":{"uv":[9.5,12,10.375,12.125],"texture":"#2"},"up":{"uv":[7.625,12.875,7.5,12],"texture":"#2"},"down":{"uv":[12.125,10,12,10.875],"texture":"#2"}}},{"from":[7.15,9.25,7.15],"to":[8.85,9.45,8.85],"rotation":{"angle":0,"axis":"y","origin":[8,0,8]},"faces":{"north":{"uv":[12,11,12.875,11.125],"texture":"#2"},"east":{"uv":[12,11.5,12.875,11.625],"texture":"#2"},"south":{"uv":[12,12,12.875,12.125],"texture":"#2"},"west":{"uv":[0,12.5,0.875,12.625],"texture":"#2"},"up":{"uv":[9.875,2.875,9,2],"texture":"#2"},"down":{"uv":[9.875,3,9,3.875],"texture":"#2"}}},{"from":[7.05,9.05,6.8],"to":[8.95,9.25,7.05],"rotation":{"angle":0,"axis":"y","origin":[8,0,8]},"faces":{"north":{"uv":[11,10,11.9375,10.125],"texture":"#2"},"east":{"uv":[14.5,10,14.625,10.125],"texture":"#2"},"south":{"uv":[11,11,11.9375,11.125],"texture":"#2"},"west":{"uv":[10.5,14.5,10.625,14.625],"texture":"#2"},"up":{"uv":[0.9375,11.625,0,11.5],"texture":"#2"},"down":{"uv":[1.9375,11.5,1,11.625],"texture":"#2"}}},{"from":[8.95,9.05,7.05],"to":[9.2,9.25,8.95],"rotation":{"angle":0,"axis":"y","origin":[8,0,8]},"faces":{"north":{"uv":[14.5,10.5,14.625,10.625],"texture":"#2"},"east":{"uv":[2,11.5,2.9375,11.625],"texture":"#2"},"south":{"uv":[11,14.5,11.125,14.625],"texture":"#2"},"west":{"uv":[3,11.5,3.9375,11.625],"texture":"#2"},"up":{"uv":[4.125,12.4375,4,11.5],"texture":"#2"},"down":{"uv":[4.625,11.5,4.5,12.4375],"texture":"#2"}}},{"from":[7.05,9.05,8.95],"to":[8.95,9.25,9.2],"rotation":{"angle":0,"axis":"y","origin":[8,0,8]},"faces":{"north":{"uv":[5,11.5,5.9375,11.625],"texture":"#2"},"east":{"uv":[14.5,11,14.625,11.125],"texture":"#2"},"south":{"uv":[11.5,5,12.4375,5.125],"texture":"#2"},"west":{"uv":[11.5,14.5,11.625,14.625],"texture":"#2"},"up":{"uv":[12.4375,5.625,11.5,5.5],"texture":"#2"},"down":{"uv":[6.9375,11.5,6,11.625],"texture":"#2"}}},{"from":[6.8,9.05,7.05],"to":[7.05,9.25,8.95],"rotation":{"angle":0,"axis":"y","origin":[8,0,8]},"faces":{"north":{"uv":[14.5,11.5,14.625,11.625],"texture":"#2"},"east":{"uv":[7,11.5,7.9375,11.625],"texture":"#2"},"south":{"uv":[12,14.5,12.125,14.625],"texture":"#2"},"west":{"uv":[11.5,9,12.4375,9.125],"texture":"#2"},"up":{"uv":[11.125,12.4375,11,11.5],"texture":"#2"},"down":{"uv":[11.625,11.5,11.5,12.4375],"texture":"#2"}}},{"from":[7.05,9.05,7.05],"to":[8.95,9.25,8.95],"rotation":{"angle":0,"axis":"y","origin":[8,0,8]},"faces":{"north":{"uv":[11.5,9.5,12.4375,9.625],"texture":"#2"},"east":{"uv":[0,12,0.9375,12.125],"texture":"#2"},"south":{"uv":[12,0,12.9375,0.125],"texture":"#2"},"west":{"uv":[12,0.5,12.9375,0.625],"texture":"#2"},"up":{"uv":[9.9375,0.9375,9,0],"texture":"#2"},"down":{"uv":[9.9375,1,9,1.9375],"texture":"#2"}}},{"from":[6.95,8.85,6.7],"to":[9.05,9.05,6.95],"rotation":{"angle":0,"axis":"y","origin":[8,0,8]},"faces":{"north":{"uv":[9.5,10,10.5625,10.125],"texture":"#2"},"east":{"uv":[14.5,12,14.625,12.125],"texture":"#2"},"south":{"uv":[10,9.5,11.0625,9.625],"texture":"#2"},"west":{"uv":[12.5,14.5,12.625,14.625],"texture":"#2"},"up":{"uv":[11.5625,0.125,10.5,0],"texture":"#2"},"down":{"uv":[11.5625,0.5,10.5,0.625],"texture":"#2"}}},{"from":[9.05,8.85,6.95],"to":[9.3,9.05,9.05],"rotation":{"angle":0,"axis":"y","origin":[8,0,8]},"faces":{"north":{"uv":[14.5,12.5,14.625,12.625],"texture":"#2"},"east":{"uv":[10.5,1,11.5625,1.125],"texture":"#2"},"south":{"uv":[13,14.5,13.125,14.625],"texture":"#2"},"west":{"uv":[10.5,1.5,11.5625,1.625],"texture":"#2"},"up":{"uv":[10.625,3.0625,10.5,2],"texture":"#2"},"down":{"uv":[10.625,3.5,10.5,4.5625],"texture":"#2"}}},{"from":[6.95,8.85,9.05],"to":[9.05,9.05,9.3],"rotation":{"angle":0,"axis":"y","origin":[8,0,8]},"faces":{"north":{"uv":[10.5,6,11.5625,6.125],"texture":"#2"},"east":{"uv":[14.5,13,14.625,13.125],"texture":"#2"},"south":{"uv":[10.5,6.5,11.5625,6.625],"texture":"#2"},"west":{"uv":[13.5,14.5,13.625,14.625],"texture":"#2"},"up":{"uv":[11.5625,7.125,10.5,7],"texture":"#2"},"down":{"uv":[11.5625,7.5,10.5,7.625],"texture":"#2"}}},{"from":[6.7,8.85,6.95],"to":[6.95,9.05,9.05],"rotation":{"angle":0,"axis":"y","origin":[8,0,8]},"faces":{"north":{"uv":[14.5,13.5,14.625,13.625],"texture":"#2"},"east":{"uv":[8,10.5,9.0625,10.625],"texture":"#2"},"south":{"uv":[14,14.5,14.125,14.625],"texture":"#2"},"west":{"uv":[10.5,8,11.5625,8.125],"texture":"#2"},"up":{"uv":[9.625,11.5625,9.5,10.5],"texture":"#2"},"down":{"uv":[10.125,10.5,10,11.5625],"texture":"#2"}}},{"from":[6.95,8.85,6.95],"to":[9.05,9.05,9.05],"rotation":{"angle":0,"axis":"y","origin":[8,0,8]},"faces":{"north":{"uv":[10.5,8.5,11.5625,8.625],"texture":"#2"},"east":{"uv":[10.5,10.5,11.5625,10.625],"texture":"#2"},"south":{"uv":[11,2,12.0625,2.125],"texture":"#2"},"west":{"uv":[11,2.5,12.0625,2.625],"texture":"#2"},"up":{"uv":[4.0625,9.0625,3,8],"texture":"#2"},"down":{"uv":[5.5625,8,4.5,9.0625],"texture":"#2"}}},{"from":[9.15,3.55,6.85],"to":[9.4,8.85,9.15],"rotation":{"angle":0,"axis":"y","origin":[8,0,8]},"faces":{"north":{"uv":[0,9.5,0.125,11.5],"texture":"#2"},"east":{"uv":[0,0,1.125,2],"texture":"#2"},"south":{"uv":[0.5,9.5,0.625,11.5],"texture":"#2"},"west":{"uv":[1.5,0,2.625,2],"texture":"#2"},"up":{"uv":[10.125,3.125,10,2],"texture":"#2"},"down":{"uv":[10.125,3.5,10,4.625],"texture":"#2"}}},{"from":[6.85,3.55,6.6],"to":[9.15,8.85,6.85],"rotation":{"angle":0,"axis":"y","origin":[8,0,8]},"faces":{"north":{"uv":[0,2,1.125,4],"texture":"#2"},"east":{"uv":[1,9.5,1.125,11.5],"texture":"#2"},"south":{"uv":[1.5,2,2.625,4],"texture":"#2"},"west":{"uv":[1.5,9.5,1.625,11.5],"texture":"#2"},"up":{"uv":[11.125,5.125,10,5],"texture":"#2"},"down":{"uv":[11.125,5.5,10,5.625],"texture":"#2"}}},{"from":[6.6,3.55,6.85],"to":[6.85,8.85,9.15],"rotation":{"angle":0,"axis":"y","origin":[8,0,8]},"faces":{"north":{"uv":[2,9.5,2.125,11.5],"texture":"#2"},"east":{"uv":[3,0,4.125,2],"texture":"#2"},"south":{"uv":[2.5,9.5,2.625,11.5],"texture":"#2"},"west":{"uv":[3,2,4.125,4],"texture":"#2"},"up":{"uv":[10.125,7.125,10,6],"texture":"#2"},"down":{"uv":[10.125,7.5,10,8.625],"texture":"#2"}}},{"from":[6.85,3.55,9.15],"to":[9.15,8.85,9.4],"rotation":{"angle":0,"axis":"y","origin":[8,0,8]},"faces":{"north":{"uv":[0,4,1.125,6],"texture":"#2"},"east":{"uv":[3,9.5,3.125,11.5],"texture":"#2"},"south":{"uv":[1.5,4,2.625,6],"texture":"#2"},"west":{"uv":[3.5,9.5,3.625,11.5],"texture":"#2"},"up":{"uv":[9.125,10.125,8,10],"texture":"#2"},"down":{"uv":[11.125,9,10,9.125],"texture":"#2"}}},{"from":[6.85,3.55,6.85],"to":[9.15,8.85,9.15],"rotation":{"angle":0,"axis":"y","origin":[8,0,8]},"faces":{"north":{"uv":[3,4,4.125,6],"texture":"#2"},"east":{"uv":[4.5,0,5.625,2],"texture":"#2"},"south":{"uv":[4.5,2,5.625,4],"texture":"#2"},"west":{"uv":[4.5,4,5.625,6],"texture":"#2"},"up":{"uv":[1.125,9.125,0,8],"texture":"#2"},"down":{"uv":[2.625,8,1.5,9.125],"texture":"#2"}}},{"from":[6.95,1.2,6.7],"to":[9.05,3.55,6.95],"rotation":{"angle":0,"axis":"y","origin":[8,0,8]},"faces":{"north":{"uv":[0,6,1.0625,7.75],"texture":"#2"},"east":{"uv":[4,9.5,4.125,11.25],"texture":"#2"},"south":{"uv":[6,0,7.0625,1.75],"texture":"#2"},"west":{"uv":[4.5,9.5,4.625,11.25],"texture":"#2"},"up":{"uv":[12.0625,3.125,11,3],"texture":"#2"},"down":{"uv":[12.0625,3.5,11,3.625],"texture":"#2"}}},{"from":[9.05,1.2,6.95],"to":[9.3,3.55,9.05],"rotation":{"angle":0,"axis":"y","origin":[8,0,8]},"faces":{"north":{"uv":[5,9.5,5.125,11.25],"texture":"#2"},"east":{"uv":[1.5,6,2.5625,7.75],"texture":"#2"},"south":{"uv":[5.5,9.5,5.625,11.25],"texture":"#2"},"west":{"uv":[6,2,7.0625,3.75],"texture":"#2"},"up":{"uv":[8.125,12.0625,8,11],"texture":"#2"},"down":{"uv":[8.625,11,8.5,12.0625],"texture":"#2"}}},{"from":[6.95,1.2,9.05],"to":[9.05,3.55,9.3],"rotation":{"angle":0,"axis":"y","origin":[8,0,8]},"faces":{"north":{"uv":[3,6,4.0625,7.75],"texture":"#2"},"east":{"uv":[6,9.5,6.125,11.25],"texture":"#2"},"south":{"uv":[6,4,7.0625,5.75],"texture":"#2"},"west":{"uv":[6.5,9.5,6.625,11.25],"texture":"#2"},"up":{"uv":[12.0625,4.125,11,4],"texture":"#2"},"down":{"uv":[12.0625,4.5,11,4.625],"texture":"#2"}}},{"from":[6.7,1.2,6.95],"to":[6.95,3.55,9.05],"rotation":{"angle":0,"axis":"y","origin":[8,0,8]},"faces":{"north":{"uv":[7,9.5,7.125,11.25],"texture":"#2"},"east":{"uv":[4.5,6,5.5625,7.75],"texture":"#2"},"south":{"uv":[7.5,9.5,7.625,11.25],"texture":"#2"},"west":{"uv":[6,6,7.0625,7.75],"texture":"#2"},"up":{"uv":[9.125,12.0625,9,11],"texture":"#2"},"down":{"uv":[10.625,11,10.5,12.0625],"texture":"#2"}}},{"from":[6.95,1.2,6.95],"to":[9.05,3.55,9.05],"rotation":{"angle":0,"axis":"y","origin":[8,0,8]},"faces":{"north":{"uv":[7.5,0,8.5625,1.75],"texture":"#2"},"east":{"uv":[7.5,2,8.5625,3.75],"texture":"#2"},"south":{"uv":[7.5,4,8.5625,5.75],"texture":"#2"},"west":{"uv":[7.5,6,8.5625,7.75],"texture":"#2"},"up":{"uv":[7.0625,9.0625,6,8],"texture":"#2"},"down":{"uv":[8.5625,8,7.5,9.0625],"texture":"#2"}}},{"from":[8.45,12.8,7.7],"to":[8.6,13.45,8.3],"rotation":{"angle":0,"axis":"y","origin":[8,0,8]},"faces":{"north":{"uv":[1,6,1.125,6.625],"texture":"#3"},"east":{"uv":[1,2,1.625,2.625],"texture":"#3"},"south":{"uv":[6,1,6.125,1.625],"texture":"#3"},"west":{"uv":[2,1,2.625,1.625],"texture":"#3"},"up":{"uv":[2.125,6.625,2,6],"texture":"#3"},"down":{"uv":[6.125,2,6,2.625],"texture":"#3"}}},{"from":[7.4,12.8,7.7],"to":[7.55,13.45,8.3],"rotation":{"angle":0,"axis":"y","origin":[8,0,8]},"faces":{"north":{"uv":[3,6,3.125,6.625],"texture":"#3"},"east":{"uv":[2,2,2.625,2.625],"texture":"#3"},"south":{"uv":[6,3,6.125,3.625],"texture":"#3"},"west":{"uv":[0,3,0.625,3.625],"texture":"#3"},"up":{"uv":[4.125,6.625,4,6],"texture":"#3"},"down":{"uv":[6.125,4,6,4.625],"texture":"#3"}}},{"from":[7.55,12.8,7.55],"to":[8.45,13.45,8.45],"rotation":{"angle":0,"axis":"y","origin":[8,0,8]},"faces":{"north":{"uv":[1,0,1.875,0.625],"texture":"#3"},"east":{"uv":[1,1,1.875,1.625],"texture":"#3"},"south":{"uv":[0,2,0.875,2.625],"texture":"#3"},"west":{"uv":[2,0,2.875,0.625],"texture":"#3"},"up":{"uv":[0.875,0.875,0,0],"texture":"#3"},"down":{"uv":[0.875,1,0,1.875],"texture":"#3"}}},{"from":[7.7,12.8,7.4],"to":[8.3,13.45,7.55],"rotation":{"angle":0,"axis":"y","origin":[8,0,8]},"faces":{"north":{"uv":[3,0,3.625,0.625],"texture":"#3"},"east":{"uv":[5,6,5.125,6.625],"texture":"#3"},"south":{"uv":[1,3,1.625,3.625],"texture":"#3"},"west":{"uv":[6,5,6.125,5.625],"texture":"#3"},"up":{"uv":[6.625,6.125,6,6],"texture":"#3"},"down":{"uv":[0.625,7,0,7.125],"texture":"#3"}}},{"from":[7.7,12.8,8.45],"to":[8.3,13.45,8.6],"rotation":{"angle":0,"axis":"y","origin":[8,0,8]},"faces":{"north":{"uv":[3,1,3.625,1.625],"texture":"#3"},"east":{"uv":[7,0,7.125,0.625],"texture":"#3"},"south":{"uv":[2,3,2.625,3.625],"texture":"#3"},"west":{"uv":[1,7,1.125,7.625],"texture":"#3"},"up":{"uv":[7.625,1.125,7,1],"texture":"#3"},"down":{"uv":[2.625,7,2,7.125],"texture":"#3"}}},{"from":[8.4,12.4,7.75],"to":[8.55,12.85,8.25],"rotation":{"angle":0,"axis":"y","origin":[8,0,8]},"faces":{"north":{"uv":[3,8,3.125,8.4375],"texture":"#3"},"east":{"uv":[3,2,3.5,2.4375],"texture":"#3"},"south":{"uv":[8,3,8.125,3.4375],"texture":"#3"},"west":{"uv":[3,3,3.5,3.4375],"texture":"#3"},"up":{"uv":[7.125,2.5,7,2],"texture":"#3"},"down":{"uv":[3.125,7,3,7.5],"texture":"#3"}}},{"from":[7.45,12.4,7.75],"to":[7.6,12.85,8.25],"rotation":{"angle":0,"axis":"y","origin":[8,0,8]},"faces":{"north":{"uv":[4,8,4.125,8.4375],"texture":"#3"},"east":{"uv":[0,4,0.5,4.4375],"texture":"#3"},"south":{"uv":[8,4,8.125,4.4375],"texture":"#3"},"west":{"uv":[4,0,4.5,0.4375],"texture":"#3"},"up":{"uv":[7.125,3.5,7,3],"texture":"#3"},"down":{"uv":[4.125,7,4,7.5],"texture":"#3"}}},{"from":[7.6,12.4,8.15],"to":[7.85,12.85,8.4],"rotation":{"angle":0,"axis":"y","origin":[8,0,8]},"faces":{"north":{"uv":[3,4,3.25,4.4375],"texture":"#3"},"east":{"uv":[4,3,4.25,3.4375],"texture":"#3"},"south":{"uv":[4,4,4.25,4.4375],"texture":"#3"},"west":{"uv":[0,5,0.25,5.4375],"texture":"#3"},"up":{"uv":[7.25,4.25,7,4],"texture":"#3"},"down":{"uv":[5.25,7,5,7.25],"texture":"#3"}}},{"from":[8.15,12.4,8.15],"to":[8.4,12.85,8.4],"rotation":{"angle":0,"axis":"y","origin":[8,0,8]},"faces":{"north":{"uv":[5,0,5.25,0.4375],"texture":"#3"},"east":{"uv":[1,5,1.25,5.4375],"texture":"#3"},"south":{"uv":[5,1,5.25,1.4375],"texture":"#3"},"west":{"uv":[2,5,2.25,5.4375],"texture":"#3"},"up":{"uv":[7.25,5.25,7,5],"texture":"#3"},"down":{"uv":[6.25,7,6,7.25],"texture":"#3"}}},{"from":[8.15,12.4,7.6],"to":[8.4,12.85,7.85],"rotation":{"angle":0,"axis":"y","origin":[8,0,8]},"faces":{"north":{"uv":[5,2,5.25,2.4375],"texture":"#3"},"east":{"uv":[3,5,3.25,5.4375],"texture":"#3"},"south":{"uv":[5,3,5.25,3.4375],"texture":"#3"},"west":{"uv":[4,5,4.25,5.4375],"texture":"#3"},"up":{"uv":[7.25,6.25,7,6],"texture":"#3"},"down":{"uv":[7.25,7,7,7.25],"texture":"#3"}}},{"from":[7.6,12.4,7.6],"to":[7.85,12.85,7.85],"rotation":{"angle":0,"axis":"y","origin":[8,0,8]},"faces":{"north":{"uv":[5,4,5.25,4.4375],"texture":"#3"},"east":{"uv":[5,5,5.25,5.4375],"texture":"#3"},"south":{"uv":[0,6,0.25,6.4375],"texture":"#3"},"west":{"uv":[6,0,6.25,0.4375],"texture":"#3"},"up":{"uv":[0.25,8.25,0,8],"texture":"#3"},"down":{"uv":[8.25,0,8,0.25],"texture":"#3"}}},{"from":[7.75,12.4,7.45],"to":[8.25,12.85,7.6],"rotation":{"angle":0,"axis":"y","origin":[8,0,8]},"faces":{"north":{"uv":[1,4,1.5,4.4375],"texture":"#3"},"east":{"uv":[5,8,5.125,8.4375],"texture":"#3"},"south":{"uv":[4,1,4.5,1.4375],"texture":"#3"},"west":{"uv":[8,5,8.125,5.4375],"texture":"#3"},"up":{"uv":[1.5,8.125,1,8],"texture":"#3"},"down":{"uv":[8.5,1,8,1.125],"texture":"#3"}}},{"from":[7.75,12.4,8.4],"to":[8.25,12.85,8.55],"rotation":{"angle":0,"axis":"y","origin":[8,0,8]},"faces":{"north":{"uv":[2,4,2.5,4.4375],"texture":"#3"},"east":{"uv":[6,8,6.125,8.4375],"texture":"#3"},"south":{"uv":[4,2,4.5,2.4375],"texture":"#3"},"west":{"uv":[8,6,8.125,6.4375],"texture":"#3"},"up":{"uv":[2.5,8.125,2,8],"texture":"#3"},"down":{"uv":[8.5,2,8,2.125],"texture":"#3"}}}],"display":{"thirdperson_righthand":{"rotation":[0,180,0],"translation":[0,-3.5,1.25],"scale":[0.8,0.8,0.8]},"thirdperson_lefthand":{"rotation":[0,180,0],"translation":[0,-3.5,1.25],"scale":[0.8,0.8,0.8]},"firstperson_righthand":{"rotation":[180,43.75,180],"translation":[-1.25,6.75,3.5],"scale":[0.97,0.97,0.97]},"firstperson_lefthand":{"rotation":[180,43.75,180],"translation":[-1.25,6.75,3.5],"scale":[0.97,0.97,0.97]},"ground":{"translation":[0,2,0],"scale":[1.24,1.24,1.24]},"gui":{"rotation":[162.98,35,-147],"translation":[1.25,1.25,0],"scale":[1.31,1.31,1.31]},"head":{"translation":[0,14,0.5],"scale":[1.28,1.28,1.28]},"fixed":{"rotation":[-90,0,0],"translation":[0,0,-15.25],"scale":[2.19,2.19,2.19]}},"groups":[{"name":"group","origin":[8,8,8],"color":0,"children":[{"name":"group","origin":[8,0,8],"color":0,"children":[0,1,2,3,4,5,6,7]},{"name":"group","origin":[8,0,8],"color":0,"children":[8,9,10,11,12,13,14,15]},{"name":"group","origin":[8,0,8],"color":0,"children":[16,17,18,19,20,21,22,23]},{"name":"group","origin":[8,0,8],"color":0,"children":[24,25,26,27,28,29,30,31]},{"name":"group","origin":[8,0,8],"color":0,"children":[32,33,34,35,36,37,38,39]},{"name":"group","origin":[8,0,8],"color":0,"children":[40,41,42,43,44,45,46,47]},{"name":"group","origin":[8,0,8],"color":0,"children":[48,49,50,51,52,53,54,55]},{"name":"group","origin":[8,0,8],"color":0,"children":[56,57,58,59,60,61,62,63]},{"name":"group","origin":[8,0,8],"color":0,"children":[64,65,66,67,68,69,70,71]},{"name":"group","origin":[8,0,8],"color":0,"children":[72,73,74,75,76,77,78,79]},{"name":"group","origin":[8,0,8],"color":0,"children":[80,81,82,83,84,85,86,87]},{"name":"group","origin":[8,0,8],"color":0,"children":[88,89,90,91,92,93,94,95]},{"name":"group","origin":[8,0,8],"color":0,"children":[96,97,98,99,100,101,102,103]},{"name":"group","origin":[8,0,8],"color":0,"children":[104,105,106,107,108,109,110,111]},{"name":"group","origin":[8,0,8],"color":0,"children":[112,113,114,115,116]}]},{"name":"group","origin":[8,0,8],"color":0,"children":[117,118,119,120,121]},{"name":"group","origin":[0,0,0],"color":0,"children":[{"name":"group","origin":[0,0,0],"color":0,"children":[122,123,124,125,126]},{"name":"group","origin":[0,0,0],"color":0,"children":[127,128,129,130,131]},{"name":"group","origin":[0,0,0],"color":0,"children":[132,133,134,135,136]},{"name":"group","origin":[0,0,0],"color":0,"children":[137,138,139,140,141]},{"name":"group","origin":[0,0,0],"color":0,"children":[142,143,144,145,146]},{"name":"group","origin":[0,0,0],"color":0,"children":[147,148,149,150,151]},{"name":"group","origin":[0,0,0],"color":0,"children":[152,153,154,155,156]},{"name":"group","origin":[0,0,0],"color":0,"children":[157,158,159,160,161]},{"name":"group","origin":[0,0,0],"color":0,"children":[162,163,164,165,166]},{"name":"group","origin":[0,0,0],"color":0,"children":[167,168,169,170,171]},{"name":"group","origin":[0,0,0],"color":0,"children":[172,173,174,175,176]},{"name":"group","origin":[0,0,0],"color":0,"children":[177,178,179,180,181]}]},{"name":"group","origin":[8,8,8],"color":0,"children":[{"name":"group","origin":[8,0,8],"color":0,"children":[182,183,184,185,186]},{"name":"group","origin":[8,0,8],"color":0,"children":[187,188,189,190,191,192,193,194]}]}]}