{"credit":"Made with Blockbench","texture_size":[64,64],"textures":{"0":"politmine/item/brewery/coca_cola/coca_cola","particle":"politmine/item/brewery/coca_cola/coca_cola"},"elements":[{"from":[4.94,1.02,4.94],"to":[11.06,5.1,11.06],"rotation":{"angle":0,"axis":"y","origin":[-0.16,0,-0.16]},"faces":{"north":{"uv":[6.75,5,8.25,6],"texture":"#0"},"east":{"uv":[6.75,6.25,8.25,7.25],"texture":"#0"},"south":{"uv":[7,0,8.5,1],"texture":"#0"},"west":{"uv":[7,1.25,8.5,2.25],"texture":"#0"},"up":{"uv":[5,1.5,3.5,0],"texture":"#0"},"down":{"uv":[5,1.75,3.5,3.25],"texture":"#0"}}},{"from":[5.195,1.02,11.06],"to":[10.805,5.1,11.315],"rotation":{"angle":0,"axis":"y","origin":[-0.16,0,-0.16]},"faces":{"north":{"uv":[6.75,5,8.25,6],"texture":"#0"},"east":{"uv":[6.75,6.25,8.25,7.25],"texture":"#0"},"south":{"uv":[7,0,8.5,1],"texture":"#0"},"west":{"uv":[7,1.25,8.5,2.25],"texture":"#0"},"up":{"uv":[5,1.5,3.5,0],"texture":"#0"},"down":{"uv":[5,1.75,3.5,3.25],"texture":"#0"}}},{"from":[5.195,1.02,4.685],"to":[10.805,5.1,4.94],"rotation":{"angle":0,"axis":"y","origin":[-0.16,0,-0.16]},"faces":{"north":{"uv":[6.75,5,8.25,6],"texture":"#0"},"east":{"uv":[6.75,6.25,8.25,7.25],"texture":"#0"},"south":{"uv":[7,0,8.5,1],"texture":"#0"},"west":{"uv":[7,1.25,8.5,2.25],"texture":"#0"},"up":{"uv":[5,1.5,3.5,0],"texture":"#0"},"down":{"uv":[5,1.75,3.5,3.25],"texture":"#0"}}},{"from":[4.685,1.02,5.195],"to":[4.94,5.1,10.805],"rotation":{"angle":0,"axis":"y","origin":[-0.16,0,-0.16]},"faces":{"north":{"uv":[6.75,6.25,8.25,7.25],"texture":"#0"},"east":{"uv":[7,0,8.5,1],"texture":"#0"},"south":{"uv":[7,1.25,8.5,2.25],"texture":"#0"},"west":{"uv":[6.75,5,8.25,6],"texture":"#0"},"up":{"uv":[5,1.5,3.5,0],"rotation":270,"texture":"#0"},"down":{"uv":[5,1.75,3.5,3.25],"rotation":90,"texture":"#0"}}},{"from":[11.06,1.02,5.195],"to":[11.315,5.1,10.805],"rotation":{"angle":0,"axis":"y","origin":[-0.16,0,-0.16]},"faces":{"north":{"uv":[6.75,6.25,8.25,7.25],"texture":"#0"},"east":{"uv":[7,0,8.5,1],"texture":"#0"},"south":{"uv":[7,1.25,8.5,2.25],"texture":"#0"},"west":{"uv":[6.75,5,8.25,6],"texture":"#0"},"up":{"uv":[5,1.5,3.5,0],"rotation":270,"texture":"#0"},"down":{"uv":[5,1.75,3.5,3.25],"rotation":90,"texture":"#0"}}},{"from":[11.315,1.02,5.96],"to":[11.57,5.1,10.04],"rotation":{"angle":0,"axis":"y","origin":[-0.16,0,-0.16]},"faces":{"north":{"uv":[6.75,6.25,8.25,7.25],"texture":"#0"},"east":{"uv":[7,0,8.5,1],"texture":"#0"},"south":{"uv":[7,1.25,8.5,2.25],"texture":"#0"},"west":{"uv":[6.75,5,8.25,6],"texture":"#0"},"up":{"uv":[5,1.5,3.5,0],"rotation":270,"texture":"#0"},"down":{"uv":[5,1.75,3.5,3.25],"rotation":90,"texture":"#0"}}},{"from":[4.43,1.02,5.96],"to":[4.685,5.1,10.04],"rotation":{"angle":0,"axis":"y","origin":[-0.16,0,-0.16]},"faces":{"north":{"uv":[6.75,6.25,8.25,7.25],"texture":"#0"},"east":{"uv":[7,0,8.5,1],"texture":"#0"},"south":{"uv":[7,1.25,8.5,2.25],"texture":"#0"},"west":{"uv":[6.75,5,8.25,6],"texture":"#0"},"up":{"uv":[5,1.5,3.5,0],"rotation":270,"texture":"#0"},"down":{"uv":[5,1.75,3.5,3.25],"rotation":90,"texture":"#0"}}},{"from":[4.175,1.02,6.98],"to":[4.43,5.1,9.02],"rotation":{"angle":0,"axis":"y","origin":[-0.16,0,-0.16]},"faces":{"north":{"uv":[6.75,6.25,8.25,7.25],"texture":"#0"},"east":{"uv":[7,0,8.5,1],"texture":"#0"},"south":{"uv":[7,1.25,8.5,2.25],"texture":"#0"},"west":{"uv":[6.75,5,8.25,6],"texture":"#0"},"up":{"uv":[5,1.5,3.5,0],"rotation":270,"texture":"#0"},"down":{"uv":[5,1.75,3.5,3.25],"rotation":90,"texture":"#0"}}},{"from":[11.57,1.02,6.98],"to":[11.825,5.1,9.02],"rotation":{"angle":0,"axis":"y","origin":[-0.16,0,-0.16]},"faces":{"north":{"uv":[6.75,6.25,8.25,7.25],"texture":"#0"},"east":{"uv":[7,0,8.5,1],"texture":"#0"},"south":{"uv":[7,1.25,8.5,2.25],"texture":"#0"},"west":{"uv":[6.75,5,8.25,6],"texture":"#0"},"up":{"uv":[5,1.5,3.5,0],"rotation":270,"texture":"#0"},"down":{"uv":[5,1.75,3.5,3.25],"rotation":90,"texture":"#0"}}},{"from":[6.98,1.02,4.175],"to":[9.02,5.1,4.43],"rotation":{"angle":0,"axis":"y","origin":[-0.16,0,-0.16]},"faces":{"north":{"uv":[7,0,8.5,1],"texture":"#0"},"east":{"uv":[7,1.25,8.5,2.25],"texture":"#0"},"south":{"uv":[6.75,5,8.25,6],"texture":"#0"},"west":{"uv":[6.75,6.25,8.25,7.25],"texture":"#0"},"up":{"uv":[5,1.5,3.5,0],"rotation":180,"texture":"#0"},"down":{"uv":[5,1.75,3.5,3.25],"rotation":180,"texture":"#0"}}},{"from":[6.98,1.02,11.57],"to":[9.02,5.1,11.825],"rotation":{"angle":0,"axis":"y","origin":[-0.16,0,-0.16]},"faces":{"north":{"uv":[7,0,8.5,1],"texture":"#0"},"east":{"uv":[7,1.25,8.5,2.25],"texture":"#0"},"south":{"uv":[6.75,5,8.25,6],"texture":"#0"},"west":{"uv":[6.75,6.25,8.25,7.25],"texture":"#0"},"up":{"uv":[5,1.5,3.5,0],"rotation":180,"texture":"#0"},"down":{"uv":[5,1.75,3.5,3.25],"rotation":180,"texture":"#0"}}},{"from":[5.96,1.02,4.43],"to":[10.04,5.1,4.685],"rotation":{"angle":0,"axis":"y","origin":[-0.16,0,-0.16]},"faces":{"north":{"uv":[7,0,8.5,1],"texture":"#0"},"east":{"uv":[7,1.25,8.5,2.25],"texture":"#0"},"south":{"uv":[6.75,5,8.25,6],"texture":"#0"},"west":{"uv":[6.75,6.25,8.25,7.25],"texture":"#0"},"up":{"uv":[5,1.5,3.5,0],"rotation":180,"texture":"#0"},"down":{"uv":[5,1.75,3.5,3.25],"rotation":180,"texture":"#0"}}},{"from":[5.96,1.02,11.315],"to":[10.04,5.1,11.57],"rotation":{"angle":0,"axis":"y","origin":[-0.16,0,-0.16]},"faces":{"north":{"uv":[7,0,8.5,1],"texture":"#0"},"east":{"uv":[7,1.25,8.5,2.25],"texture":"#0"},"south":{"uv":[6.75,5,8.25,6],"texture":"#0"},"west":{"uv":[6.75,6.25,8.25,7.25],"texture":"#0"},"up":{"uv":[5,1.5,3.5,0],"rotation":180,"texture":"#0"},"down":{"uv":[5,1.75,3.5,3.25],"rotation":180,"texture":"#0"}}},{"from":[5,9,5],"to":[11,16,11],"faces":{"north":{"uv":[0,0,1.5,1.75],"texture":"#0"},"east":{"uv":[1.75,0,3.25,1.75],"texture":"#0"},"south":{"uv":[0,0,1.5,1.75],"texture":"#0"},"west":{"uv":[1.75,2,3.25,3.75],"texture":"#0"},"up":{"uv":[3.25,5.5,1.75,4],"texture":"#0"},"down":{"uv":[6.75,0,5.25,1.5],"texture":"#0"}}},{"from":[5.5,9,4.5],"to":[10.5,16,5],"faces":{"north":{"uv":[0,0,1.5,1.75],"texture":"#0"},"east":{"uv":[1.75,0,3.25,1.75],"texture":"#0"},"south":{"uv":[0,0,1.5,1.75],"texture":"#0"},"west":{"uv":[1.75,2,3.25,3.75],"texture":"#0"},"up":{"uv":[3.25,5.5,1.75,4],"texture":"#0"},"down":{"uv":[6.75,0,5.25,1.5],"texture":"#0"}}},{"from":[6.5,9,4.25],"to":[9.5,16,4.5],"faces":{"north":{"uv":[0,0,1.5,1.75],"texture":"#0"},"east":{"uv":[1.75,0,3.25,1.75],"texture":"#0"},"south":{"uv":[0,0,1.5,1.75],"texture":"#0"},"west":{"uv":[1.75,2,3.25,3.75],"texture":"#0"},"up":{"uv":[3.25,5.5,1.75,4],"texture":"#0"},"down":{"uv":[6.75,0,5.25,1.5],"texture":"#0"}}},{"from":[6.5,9,11.5],"to":[9.5,16,11.75],"faces":{"north":{"uv":[0,0,1.5,1.75],"texture":"#0"},"east":{"uv":[1.75,0,3.25,1.75],"texture":"#0"},"south":{"uv":[0,0,1.5,1.75],"texture":"#0"},"west":{"uv":[1.75,2,3.25,3.75],"texture":"#0"},"up":{"uv":[3.25,5.5,1.75,4],"texture":"#0"},"down":{"uv":[6.75,0,5.25,1.5],"texture":"#0"}}},{"from":[11.5,9,6.5],"to":[11.75,16,9.5],"faces":{"north":{"uv":[1.75,0,3.25,1.75],"texture":"#0"},"east":{"uv":[0,2,1.5,3.75],"texture":"#0"},"south":{"uv":[1.75,0,3.25,1.75],"texture":"#0"},"west":{"uv":[0,0,1.5,1.75],"texture":"#0"},"up":{"uv":[3.25,5.5,1.75,4],"rotation":270,"texture":"#0"},"down":{"uv":[6.75,0,5.25,1.5],"rotation":90,"texture":"#0"}}},{"from":[4.25,9,6.5],"to":[4.5,16,9.5],"faces":{"north":{"uv":[1.75,0,3.25,1.75],"texture":"#0"},"east":{"uv":[0,2,1.5,3.75],"texture":"#0"},"south":{"uv":[1.75,0,3.25,1.75],"texture":"#0"},"west":{"uv":[0,0,1.5,1.75],"texture":"#0"},"up":{"uv":[3.25,5.5,1.75,4],"rotation":270,"texture":"#0"},"down":{"uv":[6.75,0,5.25,1.5],"rotation":90,"texture":"#0"}}},{"from":[5.5,9,11],"to":[10.5,16,11.5],"faces":{"north":{"uv":[0,0,1.5,1.75],"texture":"#0"},"east":{"uv":[1.75,0,3.25,1.75],"texture":"#0"},"south":{"uv":[0,0,1.5,1.75],"texture":"#0"},"west":{"uv":[1.75,2,3.25,3.75],"texture":"#0"},"up":{"uv":[3.25,5.5,1.75,4],"texture":"#0"},"down":{"uv":[6.75,0,5.25,1.5],"texture":"#0"}}},{"from":[4.5,9,5.5],"to":[5,16,10.5],"faces":{"north":{"uv":[1.75,0,3.25,1.75],"texture":"#0"},"east":{"uv":[0,2,1.5,3.75],"texture":"#0"},"south":{"uv":[1.75,0,3.25,1.75],"texture":"#0"},"west":{"uv":[0,0,1.5,1.75],"texture":"#0"},"up":{"uv":[3.25,5.5,1.75,4],"rotation":270,"texture":"#0"},"down":{"uv":[6.75,0,5.25,1.5],"rotation":90,"texture":"#0"}}},{"from":[11,9,5.5],"to":[11.5,16,10.5],"faces":{"north":{"uv":[1.75,0,3.25,1.75],"texture":"#0"},"east":{"uv":[0,2,1.5,3.75],"texture":"#0"},"south":{"uv":[1.75,0,3.25,1.75],"texture":"#0"},"west":{"uv":[0,0,1.5,1.75],"texture":"#0"},"up":{"uv":[3.25,5.5,1.75,4],"rotation":270,"texture":"#0"},"down":{"uv":[6.75,0,5.25,1.5],"rotation":90,"texture":"#0"}}},{"from":[5.2,5,5.2],"to":[10.8,9,10.8],"faces":{"north":{"uv":[3,7,4.5,8],"texture":"#0"},"east":{"uv":[0,7.25,1.5,8.25],"texture":"#0"},"south":{"uv":[6.75,7.5,8.25,8.5],"texture":"#0"},"west":{"uv":[4.75,8,6.25,9],"texture":"#0"},"up":{"uv":[5,5,3.5,3.5],"texture":"#0"},"down":{"uv":[1.5,4,0,5.5],"texture":"#0"}}},{"from":[4.95,5,5.7],"to":[5.3,9,10.3],"faces":{"north":{"uv":[3,7,4.5,8],"texture":"#0"},"east":{"uv":[0,7.25,1.5,8.25],"texture":"#0"},"south":{"uv":[6.75,7.5,8.25,8.5],"texture":"#0"},"west":{"uv":[4.75,8,6.25,9],"texture":"#0"},"up":{"uv":[5,5,3.5,3.5],"texture":"#0"},"down":{"uv":[1.5,4,0,5.5],"texture":"#0"}}},{"from":[10.7,5,5.7],"to":[11.05,9,10.3],"faces":{"north":{"uv":[3,7,4.5,8],"texture":"#0"},"east":{"uv":[0,7.25,1.5,8.25],"texture":"#0"},"south":{"uv":[6.75,7.5,8.25,8.5],"texture":"#0"},"west":{"uv":[4.75,8,6.25,9],"texture":"#0"},"up":{"uv":[5,5,3.5,3.5],"texture":"#0"},"down":{"uv":[1.5,4,0,5.5],"texture":"#0"}}},{"from":[5.7,5,4.95],"to":[10.3,9,5.3],"faces":{"north":{"uv":[0,7.25,1.5,8.25],"texture":"#0"},"east":{"uv":[6.75,7.5,8.25,8.5],"texture":"#0"},"south":{"uv":[4.75,8,6.25,9],"texture":"#0"},"west":{"uv":[3,7,4.5,8],"texture":"#0"},"up":{"uv":[5,5,3.5,3.5],"rotation":270,"texture":"#0"},"down":{"uv":[1.5,4,0,5.5],"rotation":90,"texture":"#0"}}},{"from":[5.7,5,10.7],"to":[10.3,9,11.05],"faces":{"north":{"uv":[0,7.25,1.5,8.25],"texture":"#0"},"east":{"uv":[6.75,7.5,8.25,8.5],"texture":"#0"},"south":{"uv":[4.75,8,6.25,9],"texture":"#0"},"west":{"uv":[3,7,4.5,8],"texture":"#0"},"up":{"uv":[5,5,3.5,3.5],"rotation":270,"texture":"#0"},"down":{"uv":[1.5,4,0,5.5],"rotation":90,"texture":"#0"}}},{"from":[6.45,5,10.95],"to":[9.55,9,11.3],"faces":{"north":{"uv":[0,7.25,1.5,8.25],"texture":"#0"},"east":{"uv":[6.75,7.5,8.25,8.5],"texture":"#0"},"south":{"uv":[4.75,8,6.25,9],"texture":"#0"},"west":{"uv":[3,7,4.5,8],"texture":"#0"},"up":{"uv":[5,5,3.5,3.5],"rotation":270,"texture":"#0"},"down":{"uv":[1.5,4,0,5.5],"rotation":90,"texture":"#0"}}},{"from":[6.45,5,4.7],"to":[9.55,9,5.05],"faces":{"north":{"uv":[0,7.25,1.5,8.25],"texture":"#0"},"east":{"uv":[6.75,7.5,8.25,8.5],"texture":"#0"},"south":{"uv":[4.75,8,6.25,9],"texture":"#0"},"west":{"uv":[3,7,4.5,8],"texture":"#0"},"up":{"uv":[5,5,3.5,3.5],"rotation":270,"texture":"#0"},"down":{"uv":[1.5,4,0,5.5],"rotation":90,"texture":"#0"}}},{"from":[4.7,5,6.45],"to":[5.05,9,9.55],"faces":{"north":{"uv":[6.75,7.5,8.25,8.5],"texture":"#0"},"east":{"uv":[4.75,8,6.25,9],"texture":"#0"},"south":{"uv":[3,7,4.5,8],"texture":"#0"},"west":{"uv":[0,7.25,1.5,8.25],"texture":"#0"},"up":{"uv":[5,5,3.5,3.5],"rotation":180,"texture":"#0"},"down":{"uv":[1.5,4,0,5.5],"rotation":180,"texture":"#0"}}},{"from":[10.95,5,6.45],"to":[11.3,9,9.55],"faces":{"north":{"uv":[6.75,7.5,8.25,8.5],"texture":"#0"},"east":{"uv":[4.75,8,6.25,9],"texture":"#0"},"south":{"uv":[3,7,4.5,8],"texture":"#0"},"west":{"uv":[0,7.25,1.5,8.25],"texture":"#0"},"up":{"uv":[5,5,3.5,3.5],"rotation":180,"texture":"#0"},"down":{"uv":[1.5,4,0,5.5],"rotation":180,"texture":"#0"}}},{"from":[5.2,16,5.2],"to":[10.8,17,10.8],"faces":{"north":{"uv":[8.75,2,10.25,2.25],"texture":"#0"},"east":{"uv":[0,9.5,1.5,9.75],"texture":"#0"},"south":{"uv":[1.75,9.5,3.25,9.75],"texture":"#0"},"west":{"uv":[9.5,2.5,11,2.75],"texture":"#0"},"up":{"uv":[6.75,3.25,5.25,1.75],"texture":"#0"},"down":{"uv":[5,5.25,3.5,6.75],"texture":"#0"}}},{"from":[5.4,17,5.4],"to":[10.6,18,10.6],"faces":{"north":{"uv":[9.5,5,10.75,5.25],"texture":"#0"},"east":{"uv":[5.25,9.5,6.5,9.75],"texture":"#0"},"south":{"uv":[9.5,5.5,10.75,5.75],"texture":"#0"},"west":{"uv":[9.5,6,10.75,6.25],"texture":"#0"},"up":{"uv":[1.25,7,0,5.75],"texture":"#0"},"down":{"uv":[2.75,5.75,1.5,7],"texture":"#0"}}},{"from":[5.6,18,5.6],"to":[10.4,19,10.4],"faces":{"north":{"uv":[9.5,6.5,10.75,6.75],"texture":"#0"},"east":{"uv":[6.75,9.5,8,9.75],"texture":"#0"},"south":{"uv":[9.5,7,10.75,7.25],"texture":"#0"},"west":{"uv":[9.5,7.5,10.75,7.75],"texture":"#0"},"up":{"uv":[6.5,7.75,5.25,6.5],"texture":"#0"},"down":{"uv":[8,3.5,6.75,4.75],"texture":"#0"}}},{"from":[5.8,19,5.8],"to":[10.2,20.25,10.2],"faces":{"north":{"uv":[9.5,8,10.5,8.25],"texture":"#0"},"east":{"uv":[9.5,8.5,10.5,8.75],"texture":"#0"},"south":{"uv":[9.5,9,10.5,9.25],"texture":"#0"},"west":{"uv":[9.5,9.5,10.5,9.75],"texture":"#0"},"up":{"uv":[2.75,8.25,1.75,7.25],"texture":"#0"},"down":{"uv":[9.25,2.5,8.25,3.5],"texture":"#0"}}},{"from":[6,20,6],"to":[10,21.5,10],"faces":{"north":{"uv":[9.75,0,10.75,0.25],"texture":"#0"},"east":{"uv":[9.75,0.5,10.75,0.75],"texture":"#0"},"south":{"uv":[9.75,1,10.75,1.25],"texture":"#0"},"west":{"uv":[9.75,1.5,10.75,1.75],"texture":"#0"},"up":{"uv":[4,9.25,3,8.25],"texture":"#0"},"down":{"uv":[9.25,3.75,8.25,4.75],"texture":"#0"}}},{"from":[6.3,21.5,6.3],"to":[9.7,22.75,9.7],"faces":{"north":{"uv":[8.25,9.75,9,10],"texture":"#0"},"east":{"uv":[0,10,0.75,10.25],"texture":"#0"},"south":{"uv":[1,10,1.75,10.25],"texture":"#0"},"west":{"uv":[2,10,2.75,10.25],"texture":"#0"},"up":{"uv":[1.75,9.25,1,8.5],"texture":"#0"},"down":{"uv":[2.75,8.5,2,9.25],"texture":"#0"}}},{"from":[6.41348,25.66105,6.41348],"to":[9.58652,26.65262,9.58652],"rotation":{"angle":0,"axis":"y","origin":[-2.5768,0,-2.5768]},"faces":{"north":{"uv":[7,2.5,7.75,3],"texture":"#0"},"east":{"uv":[7,2.75,7.75,3],"texture":"#0"},"south":{"uv":[7,2.5,7.75,3],"texture":"#0"},"west":{"uv":[7,2.5,7.75,3],"texture":"#0"},"up":{"uv":[7.75,3.25,7,2.5],"texture":"#0"},"down":{"uv":[7.75,2.5,7,3.25],"texture":"#0"}}},{"from":[6.74401,26.65262,6.74401],"to":[9.25599,26.98315,9.25599],"rotation":{"angle":0,"axis":"y","origin":[-2.5768,0,-2.5768]},"faces":{"north":{"uv":[7,2.5,7.75,3],"texture":"#0"},"east":{"uv":[7,2.75,7.75,3],"texture":"#0"},"south":{"uv":[7,2.5,7.75,3],"texture":"#0"},"west":{"uv":[7,2.5,7.75,3],"texture":"#0"},"up":{"uv":[7.75,3.25,7,2.5],"texture":"#0"},"down":{"uv":[7.75,2.5,7,3.25],"texture":"#0"}}},{"from":[6.08295,25.66105,7.07453],"to":[6.61179,26.65262,8.92547],"rotation":{"angle":0,"axis":"y","origin":[-2.5768,0,-2.5768]},"faces":{"north":{"uv":[7,2.5,7.75,3],"texture":"#0"},"east":{"uv":[7,2.75,7.75,3],"texture":"#0"},"south":{"uv":[7,2.5,7.75,3],"texture":"#0"},"west":{"uv":[7,2.5,7.75,3],"texture":"#0"},"up":{"uv":[7.75,3.25,7,2.5],"texture":"#0"},"down":{"uv":[7.75,2.5,7,3.25],"texture":"#0"}}},{"from":[9.38821,25.66105,7.07453],"to":[9.91704,26.65262,8.92547],"rotation":{"angle":0,"axis":"y","origin":[-2.5768,0,-2.5768]},"faces":{"north":{"uv":[7,2.5,7.75,3],"texture":"#0"},"east":{"uv":[7,2.75,7.75,3],"texture":"#0"},"south":{"uv":[7,2.5,7.75,3],"texture":"#0"},"west":{"uv":[7,2.5,7.75,3],"texture":"#0"},"up":{"uv":[7.75,3.25,7,2.5],"texture":"#0"},"down":{"uv":[7.75,2.5,7,3.25],"texture":"#0"}}},{"from":[7.07453,25.66105,6.08296],"to":[8.92547,26.65262,6.61179],"rotation":{"angle":0,"axis":"y","origin":[-2.5768,0,-2.5768]},"faces":{"north":{"uv":[7,2.75,7.75,3],"texture":"#0"},"east":{"uv":[7,2.5,7.75,3],"texture":"#0"},"south":{"uv":[7,2.5,7.75,3],"texture":"#0"},"west":{"uv":[7,2.5,7.75,3],"texture":"#0"},"up":{"uv":[7.75,3.25,7,2.5],"rotation":270,"texture":"#0"},"down":{"uv":[7.75,2.5,7,3.25],"rotation":90,"texture":"#0"}}},{"from":[7.07453,25.66105,9.38821],"to":[8.92547,26.65262,9.91704],"rotation":{"angle":0,"axis":"y","origin":[-2.5768,0,-2.5768]},"faces":{"north":{"uv":[7,2.75,7.75,3],"texture":"#0"},"east":{"uv":[7,2.5,7.75,3],"texture":"#0"},"south":{"uv":[7,2.5,7.75,3],"texture":"#0"},"west":{"uv":[7,2.5,7.75,3],"texture":"#0"},"up":{"uv":[7.75,3.25,7,2.5],"rotation":270,"texture":"#0"},"down":{"uv":[7.75,2.5,7,3.25],"rotation":90,"texture":"#0"}}},{"from":[6.6,22.75,6.6],"to":[9.4,24.75,9.5],"faces":{"north":{"uv":[8.5,5,9.25,5.75],"texture":"#0"},"east":{"uv":[8.5,6,9.25,6.75],"texture":"#0"},"south":{"uv":[8.5,7,9.25,7.75],"texture":"#0"},"west":{"uv":[8.5,8,9.25,8.75],"texture":"#0"},"up":{"uv":[9.5,0.75,8.75,0],"texture":"#0"},"down":{"uv":[9.5,1,8.75,1.75],"texture":"#0"}}},{"from":[6.6,24.75,6.5],"to":[9.4,25.65,9.4],"faces":{"north":{"uv":[6.5,9.125,7.25,9.25],"texture":"#0"},"east":{"uv":[7.5,9.125,8.25,9.25],"texture":"#0"},"south":{"uv":[8.5,9.375,9.25,9.5],"texture":"#0"},"west":{"uv":[4.25,9.5,5,9.75],"texture":"#0"},"up":{"uv":[9.25,5.75,8.5,5],"texture":"#0"},"down":{"uv":[0.75,8.5,0,9.25],"texture":"#0"}}},{"from":[7.1,24.75,6.25],"to":[8.9,25.65,6.65],"faces":{"north":{"uv":[6.5,9.125,7.25,9.25],"texture":"#0"},"east":{"uv":[7.5,9.125,8.25,9.25],"texture":"#0"},"south":{"uv":[8.5,9.375,9.25,9.5],"texture":"#0"},"west":{"uv":[4.25,9.5,5,9.75],"texture":"#0"},"up":{"uv":[9.25,5.75,8.5,5],"texture":"#0"},"down":{"uv":[0.75,8.5,0,9.25],"texture":"#0"}}},{"from":[7.1,24.75,9.35],"to":[8.9,25.65,9.65],"faces":{"north":{"uv":[6.5,9.125,7.25,9.25],"texture":"#0"},"east":{"uv":[7.5,9.125,8.25,9.25],"texture":"#0"},"south":{"uv":[8.5,9.375,9.25,9.5],"texture":"#0"},"west":{"uv":[4.25,9.5,5,9.75],"texture":"#0"},"up":{"uv":[9.25,5.75,8.5,5],"texture":"#0"},"down":{"uv":[0.75,8.5,0,9.25],"texture":"#0"}}},{"from":[9.35,24.75,7],"to":[9.65,25.65,8.9],"faces":{"north":{"uv":[7.5,9.125,8.25,9.25],"texture":"#0"},"east":{"uv":[8.5,9.375,9.25,9.5],"texture":"#0"},"south":{"uv":[4.25,9.5,5,9.75],"texture":"#0"},"west":{"uv":[6.5,9.125,7.25,9.25],"texture":"#0"},"up":{"uv":[9.25,5.75,8.5,5],"rotation":270,"texture":"#0"},"down":{"uv":[0.75,8.5,0,9.25],"rotation":90,"texture":"#0"}}},{"from":[6.35,24.75,7],"to":[6.65,25.65,8.9],"faces":{"north":{"uv":[7.5,9.125,8.25,9.25],"texture":"#0"},"east":{"uv":[8.5,9.375,9.25,9.5],"texture":"#0"},"south":{"uv":[4.25,9.5,5,9.75],"texture":"#0"},"west":{"uv":[6.5,9.125,7.25,9.25],"texture":"#0"},"up":{"uv":[9.25,5.75,8.5,5],"rotation":270,"texture":"#0"},"down":{"uv":[0.75,8.5,0,9.25],"rotation":90,"texture":"#0"}}},{"from":[5.5,0.5,5.5],"to":[10.4,1,10.5],"faces":{"north":{"uv":[9.5,3,10.75,3.25],"texture":"#0"},"east":{"uv":[9.5,3.5,10.75,3.75],"texture":"#0"},"south":{"uv":[9.5,4,10.75,4.25],"texture":"#0"},"west":{"uv":[9.5,4.5,10.75,4.75],"texture":"#0"},"up":{"uv":[6.5,4.75,5.25,3.5],"texture":"#0"},"down":{"uv":[6.5,5,5.25,6.25],"texture":"#0"}}},{"from":[5.7,16,10.7],"to":[10.3,17,11.05],"faces":{"north":{"uv":[8.75,2,10.25,2.25],"texture":"#0"},"east":{"uv":[0,9.5,1.5,9.75],"texture":"#0"},"south":{"uv":[1.75,9.5,3.25,9.75],"texture":"#0"},"west":{"uv":[9.5,2.5,11,2.75],"texture":"#0"},"up":{"uv":[6.75,3.25,5.25,1.75],"texture":"#0"},"down":{"uv":[5,5.25,3.5,6.75],"texture":"#0"}}},{"from":[6.7,16,10.95],"to":[9.3,17,11.55],"faces":{"north":{"uv":[8.75,2,10.25,2.25],"texture":"#0"},"east":{"uv":[0,9.5,1.5,9.75],"texture":"#0"},"south":{"uv":[1.75,9.5,3.25,9.75],"texture":"#0"},"west":{"uv":[9.5,2.5,11,2.75],"texture":"#0"},"up":{"uv":[6.75,3.25,5.25,1.75],"texture":"#0"},"down":{"uv":[5,5.25,3.5,6.75],"texture":"#0"}}},{"from":[5.7,16,4.95],"to":[10.3,17,5.3],"rotation":{"angle":0,"axis":"y","origin":[0,0,16]},"faces":{"north":{"uv":[3.25,9.5,1.75,9.75],"texture":"#0"},"east":{"uv":[1.5,9.5,0,9.75],"texture":"#0"},"south":{"uv":[10.25,2,8.75,2.25],"texture":"#0"},"west":{"uv":[11,2.5,9.5,2.75],"texture":"#0"},"up":{"uv":[6.75,1.75,5.25,3.25],"texture":"#0"},"down":{"uv":[5,6.75,3.5,5.25],"texture":"#0"}}},{"from":[6.7,16,4.45],"to":[9.3,17,5.05],"rotation":{"angle":0,"axis":"y","origin":[0,0,16]},"faces":{"north":{"uv":[3.25,9.5,1.75,9.75],"texture":"#0"},"east":{"uv":[1.5,9.5,0,9.75],"texture":"#0"},"south":{"uv":[10.25,2,8.75,2.25],"texture":"#0"},"west":{"uv":[11,2.5,9.5,2.75],"texture":"#0"},"up":{"uv":[6.75,1.75,5.25,3.25],"texture":"#0"},"down":{"uv":[5,6.75,3.5,5.25],"texture":"#0"}}},{"from":[10.7,16,5.7],"to":[11.05,17,10.3],"rotation":{"angle":0,"axis":"y","origin":[0,0,16]},"faces":{"north":{"uv":[0,9.5,1.5,9.75],"texture":"#0"},"east":{"uv":[1.75,9.5,3.25,9.75],"texture":"#0"},"south":{"uv":[9.5,2.5,11,2.75],"texture":"#0"},"west":{"uv":[8.75,2,10.25,2.25],"texture":"#0"},"up":{"uv":[6.75,3.25,5.25,1.75],"rotation":270,"texture":"#0"},"down":{"uv":[5,5.25,3.5,6.75],"rotation":90,"texture":"#0"}}},{"from":[10.95,16,6.7],"to":[11.55,17,9.3],"rotation":{"angle":0,"axis":"y","origin":[0,0,16]},"faces":{"north":{"uv":[0,9.5,1.5,9.75],"texture":"#0"},"east":{"uv":[1.75,9.5,3.25,9.75],"texture":"#0"},"south":{"uv":[9.5,2.5,11,2.75],"texture":"#0"},"west":{"uv":[8.75,2,10.25,2.25],"texture":"#0"},"up":{"uv":[6.75,3.25,5.25,1.75],"rotation":270,"texture":"#0"},"down":{"uv":[5,5.25,3.5,6.75],"rotation":90,"texture":"#0"}}},{"from":[4.95,16,5.7],"to":[5.3,17,10.3],"rotation":{"angle":0,"axis":"y","origin":[0,0,16]},"faces":{"north":{"uv":[1.5,9.5,0,9.75],"texture":"#0"},"east":{"uv":[10.25,2,8.75,2.25],"texture":"#0"},"south":{"uv":[11,2.5,9.5,2.75],"texture":"#0"},"west":{"uv":[3.25,9.5,1.75,9.75],"texture":"#0"},"up":{"uv":[6.75,1.75,5.25,3.25],"rotation":270,"texture":"#0"},"down":{"uv":[5,6.75,3.5,5.25],"rotation":90,"texture":"#0"}}},{"from":[4.45,16,6.7],"to":[5.05,17,9.3],"rotation":{"angle":0,"axis":"y","origin":[0,0,16]},"faces":{"north":{"uv":[1.5,9.5,0,9.75],"texture":"#0"},"east":{"uv":[10.25,2,8.75,2.25],"texture":"#0"},"south":{"uv":[11,2.5,9.5,2.75],"texture":"#0"},"west":{"uv":[3.25,9.5,1.75,9.75],"texture":"#0"},"up":{"uv":[6.75,1.75,5.25,3.25],"rotation":270,"texture":"#0"},"down":{"uv":[5,6.75,3.5,5.25],"rotation":90,"texture":"#0"}}},{"from":[6.9,17,5],"to":[9.1,18,5.45],"faces":{"north":{"uv":[9.5,5,10.75,5.25],"texture":"#0"},"east":{"uv":[5.25,9.5,6.5,9.75],"texture":"#0"},"south":{"uv":[9.5,5.5,10.75,5.75],"texture":"#0"},"west":{"uv":[9.5,6,10.75,6.25],"texture":"#0"},"up":{"uv":[1.25,7,0,5.75],"texture":"#0"},"down":{"uv":[2.75,5.75,1.5,7],"texture":"#0"}}},{"from":[5.9,17,5.25],"to":[10.1,18,5.45],"faces":{"north":{"uv":[9.5,5,10.75,5.25],"texture":"#0"},"east":{"uv":[5.25,9.5,6.5,9.75],"texture":"#0"},"south":{"uv":[9.5,5.5,10.75,5.75],"texture":"#0"},"west":{"uv":[9.5,6,10.75,6.25],"texture":"#0"},"up":{"uv":[1.25,7,0,5.75],"texture":"#0"},"down":{"uv":[2.75,5.75,1.5,7],"texture":"#0"}}},{"from":[6.9,17,10.55],"to":[9.1,18,11],"rotation":{"angle":0,"axis":"y","origin":[0,0,16]},"faces":{"north":{"uv":[10.75,5.5,9.5,5.75],"texture":"#0"},"east":{"uv":[6.5,9.5,5.25,9.75],"texture":"#0"},"south":{"uv":[10.75,5,9.5,5.25],"texture":"#0"},"west":{"uv":[10.75,6,9.5,6.25],"texture":"#0"},"up":{"uv":[1.25,5.75,0,7],"texture":"#0"},"down":{"uv":[2.75,7,1.5,5.75],"texture":"#0"}}},{"from":[5.9,17,10.55],"to":[10.1,18,10.75],"rotation":{"angle":0,"axis":"y","origin":[0,0,16]},"faces":{"north":{"uv":[10.75,5.5,9.5,5.75],"texture":"#0"},"east":{"uv":[6.5,9.5,5.25,9.75],"texture":"#0"},"south":{"uv":[10.75,5,9.5,5.25],"texture":"#0"},"west":{"uv":[10.75,6,9.5,6.25],"texture":"#0"},"up":{"uv":[1.25,5.75,0,7],"texture":"#0"},"down":{"uv":[2.75,7,1.5,5.75],"texture":"#0"}}},{"from":[5,17,6.9],"to":[5.45,18,9.1],"rotation":{"angle":0,"axis":"y","origin":[0,0,16]},"faces":{"north":{"uv":[5.25,9.5,6.5,9.75],"texture":"#0"},"east":{"uv":[9.5,5.5,10.75,5.75],"texture":"#0"},"south":{"uv":[9.5,6,10.75,6.25],"texture":"#0"},"west":{"uv":[9.5,5,10.75,5.25],"texture":"#0"},"up":{"uv":[1.25,7,0,5.75],"rotation":270,"texture":"#0"},"down":{"uv":[2.75,5.75,1.5,7],"rotation":90,"texture":"#0"}}},{"from":[4.75,17,6.9],"to":[5.2,17.5,9.1],"rotation":{"angle":0,"axis":"y","origin":[0,0,16]},"faces":{"north":{"uv":[5.25,9.5,6.5,9.75],"texture":"#0"},"east":{"uv":[9.5,5.5,10.75,5.75],"texture":"#0"},"south":{"uv":[9.5,6,10.75,6.25],"texture":"#0"},"west":{"uv":[9.5,5,10.75,5.25],"texture":"#0"},"up":{"uv":[1.25,7,0,5.75],"rotation":270,"texture":"#0"},"down":{"uv":[2.75,5.75,1.5,7],"rotation":90,"texture":"#0"}}},{"from":[10.8,17,6.9],"to":[11.25,17.5,9.1],"rotation":{"angle":0,"axis":"y","origin":[16,0,16]},"faces":{"north":{"uv":[6.5,9.5,5.25,9.75],"texture":"#0"},"east":{"uv":[10.75,5,9.5,5.25],"texture":"#0"},"south":{"uv":[10.75,6,9.5,6.25],"texture":"#0"},"west":{"uv":[10.75,5.5,9.5,5.75],"texture":"#0"},"up":{"uv":[1.25,5.75,0,7],"rotation":270,"texture":"#0"},"down":{"uv":[2.75,7,1.5,5.75],"rotation":90,"texture":"#0"}}},{"from":[6.9,17,10.75],"to":[9.1,17.5,11.2],"rotation":{"angle":0,"axis":"y","origin":[16,0,16]},"faces":{"north":{"uv":[10.75,5,9.5,5.25],"texture":"#0"},"east":{"uv":[10.75,6,9.5,6.25],"texture":"#0"},"south":{"uv":[10.75,5.5,9.5,5.75],"texture":"#0"},"west":{"uv":[6.5,9.5,5.25,9.75],"texture":"#0"},"up":{"uv":[1.25,5.75,0,7],"rotation":180,"texture":"#0"},"down":{"uv":[2.75,7,1.5,5.75],"rotation":180,"texture":"#0"}}},{"from":[6.9,17,4.75],"to":[9.1,17.5,5.2],"rotation":{"angle":0,"axis":"y","origin":[16,0,16]},"faces":{"north":{"uv":[10.75,5,9.5,5.25],"texture":"#0"},"east":{"uv":[10.75,6,9.5,6.25],"texture":"#0"},"south":{"uv":[10.75,5.5,9.5,5.75],"texture":"#0"},"west":{"uv":[6.5,9.5,5.25,9.75],"texture":"#0"},"up":{"uv":[1.25,5.75,0,7],"rotation":180,"texture":"#0"},"down":{"uv":[2.75,7,1.5,5.75],"rotation":180,"texture":"#0"}}},{"from":[5.25,17,5.9],"to":[5.45,18,10.1],"rotation":{"angle":0,"axis":"y","origin":[0,0,16]},"faces":{"north":{"uv":[5.25,9.5,6.5,9.75],"texture":"#0"},"east":{"uv":[9.5,5.5,10.75,5.75],"texture":"#0"},"south":{"uv":[9.5,6,10.75,6.25],"texture":"#0"},"west":{"uv":[9.5,5,10.75,5.25],"texture":"#0"},"up":{"uv":[1.25,7,0,5.75],"rotation":270,"texture":"#0"},"down":{"uv":[2.75,5.75,1.5,7],"rotation":90,"texture":"#0"}}},{"from":[10.55,17,6.9],"to":[11,18,9.1],"rotation":{"angle":0,"axis":"y","origin":[0,0,16]},"faces":{"north":{"uv":[6.5,9.5,5.25,9.75],"texture":"#0"},"east":{"uv":[10.75,5,9.5,5.25],"texture":"#0"},"south":{"uv":[10.75,6,9.5,6.25],"texture":"#0"},"west":{"uv":[10.75,5.5,9.5,5.75],"texture":"#0"},"up":{"uv":[1.25,5.75,0,7],"rotation":270,"texture":"#0"},"down":{"uv":[2.75,7,1.5,5.75],"rotation":90,"texture":"#0"}}},{"from":[10.55,17,5.9],"to":[10.75,18,10.1],"rotation":{"angle":0,"axis":"y","origin":[0,0,16]},"faces":{"north":{"uv":[6.5,9.5,5.25,9.75],"texture":"#0"},"east":{"uv":[10.75,5,9.5,5.25],"texture":"#0"},"south":{"uv":[10.75,6,9.5,6.25],"texture":"#0"},"west":{"uv":[10.75,5.5,9.5,5.75],"texture":"#0"},"up":{"uv":[1.25,5.75,0,7],"rotation":270,"texture":"#0"},"down":{"uv":[2.75,7,1.5,5.75],"rotation":90,"texture":"#0"}}},{"from":[6.1,18,10.35],"to":[9.9,19,10.65],"faces":{"north":{"uv":[9.5,6.5,10.75,6.75],"texture":"#0"},"east":{"uv":[6.75,9.5,8,9.75],"texture":"#0"},"south":{"uv":[9.5,7,10.75,7.25],"texture":"#0"},"west":{"uv":[9.5,7.5,10.75,7.75],"texture":"#0"},"up":{"uv":[6.5,7.75,5.25,6.5],"texture":"#0"},"down":{"uv":[8,3.5,6.75,4.75],"texture":"#0"}}},{"from":[7.1,18,10.6],"to":[8.9,19,10.9],"faces":{"north":{"uv":[9.5,6.5,10.75,6.75],"texture":"#0"},"east":{"uv":[6.75,9.5,8,9.75],"texture":"#0"},"south":{"uv":[9.5,7,10.75,7.25],"texture":"#0"},"west":{"uv":[9.5,7.5,10.75,7.75],"texture":"#0"},"up":{"uv":[6.5,7.75,5.25,6.5],"texture":"#0"},"down":{"uv":[8,3.5,6.75,4.75],"texture":"#0"}}},{"from":[6.1,18,5.35],"to":[9.9,19,5.65],"rotation":{"angle":0,"axis":"y","origin":[0,0,16]},"faces":{"north":{"uv":[10.75,7,9.5,7.25],"texture":"#0"},"east":{"uv":[8,9.5,6.75,9.75],"texture":"#0"},"south":{"uv":[10.75,6.5,9.5,6.75],"texture":"#0"},"west":{"uv":[10.75,7.5,9.5,7.75],"texture":"#0"},"up":{"uv":[6.5,6.5,5.25,7.75],"texture":"#0"},"down":{"uv":[8,4.75,6.75,3.5],"texture":"#0"}}},{"from":[7.1,18,5.1],"to":[8.9,19,5.4],"rotation":{"angle":0,"axis":"y","origin":[0,0,16]},"faces":{"north":{"uv":[10.75,7,9.5,7.25],"texture":"#0"},"east":{"uv":[8,9.5,6.75,9.75],"texture":"#0"},"south":{"uv":[10.75,6.5,9.5,6.75],"texture":"#0"},"west":{"uv":[10.75,7.5,9.5,7.75],"texture":"#0"},"up":{"uv":[6.5,6.5,5.25,7.75],"texture":"#0"},"down":{"uv":[8,4.75,6.75,3.5],"texture":"#0"}}},{"from":[10.35,18,6.1],"to":[10.65,19,9.9],"rotation":{"angle":0,"axis":"y","origin":[0,0,16]},"faces":{"north":{"uv":[6.75,9.5,8,9.75],"texture":"#0"},"east":{"uv":[9.5,7,10.75,7.25],"texture":"#0"},"south":{"uv":[9.5,7.5,10.75,7.75],"texture":"#0"},"west":{"uv":[9.5,6.5,10.75,6.75],"texture":"#0"},"up":{"uv":[6.5,7.75,5.25,6.5],"rotation":270,"texture":"#0"},"down":{"uv":[8,3.5,6.75,4.75],"rotation":90,"texture":"#0"}}},{"from":[10.6,18,7.1],"to":[10.9,19,8.9],"rotation":{"angle":0,"axis":"y","origin":[0,0,16]},"faces":{"north":{"uv":[6.75,9.5,8,9.75],"texture":"#0"},"east":{"uv":[9.5,7,10.75,7.25],"texture":"#0"},"south":{"uv":[9.5,7.5,10.75,7.75],"texture":"#0"},"west":{"uv":[9.5,6.5,10.75,6.75],"texture":"#0"},"up":{"uv":[6.5,7.75,5.25,6.5],"rotation":270,"texture":"#0"},"down":{"uv":[8,3.5,6.75,4.75],"rotation":90,"texture":"#0"}}},{"from":[5.35,18,6.1],"to":[5.65,19,9.9],"rotation":{"angle":0,"axis":"y","origin":[0,0,16]},"faces":{"north":{"uv":[8,9.5,6.75,9.75],"texture":"#0"},"east":{"uv":[10.75,6.5,9.5,6.75],"texture":"#0"},"south":{"uv":[10.75,7.5,9.5,7.75],"texture":"#0"},"west":{"uv":[10.75,7,9.5,7.25],"texture":"#0"},"up":{"uv":[6.5,6.5,5.25,7.75],"rotation":270,"texture":"#0"},"down":{"uv":[8,4.75,6.75,3.5],"rotation":90,"texture":"#0"}}},{"from":[5.1,18,7.1],"to":[5.4,19,8.9],"rotation":{"angle":0,"axis":"y","origin":[0,0,16]},"faces":{"north":{"uv":[8,9.5,6.75,9.75],"texture":"#0"},"east":{"uv":[10.75,6.5,9.5,6.75],"texture":"#0"},"south":{"uv":[10.75,7.5,9.5,7.75],"texture":"#0"},"west":{"uv":[10.75,7,9.5,7.25],"texture":"#0"},"up":{"uv":[6.5,6.5,5.25,7.75],"rotation":270,"texture":"#0"},"down":{"uv":[8,4.75,6.75,3.5],"rotation":90,"texture":"#0"}}},{"from":[7.3,19,10.3],"to":[8.7,20.25,10.7],"rotation":{"angle":0,"axis":"y","origin":[0,0,16]},"faces":{"north":{"uv":[10.5,9,9.5,9.25],"texture":"#0"},"east":{"uv":[10.5,8.5,9.5,8.75],"texture":"#0"},"south":{"uv":[10.5,8,9.5,8.25],"texture":"#0"},"west":{"uv":[10.5,9.5,9.5,9.75],"texture":"#0"},"up":{"uv":[2.75,7.25,1.75,8.25],"texture":"#0"},"down":{"uv":[9.25,3.5,8.25,2.5],"texture":"#0"}}},{"from":[6.3,19,10.05],"to":[9.7,20.25,10.45],"rotation":{"angle":0,"axis":"y","origin":[0,0,16]},"faces":{"north":{"uv":[10.5,9,9.5,9.25],"texture":"#0"},"east":{"uv":[10.5,8.5,9.5,8.75],"texture":"#0"},"south":{"uv":[10.5,8,9.5,8.25],"texture":"#0"},"west":{"uv":[10.5,9.5,9.5,9.75],"texture":"#0"},"up":{"uv":[2.75,7.25,1.75,8.25],"texture":"#0"},"down":{"uv":[9.25,3.5,8.25,2.5],"texture":"#0"}}},{"from":[7.3,19,5.3],"to":[8.7,20.25,5.7],"faces":{"north":{"uv":[9.5,8,10.5,8.25],"texture":"#0"},"east":{"uv":[9.5,8.5,10.5,8.75],"texture":"#0"},"south":{"uv":[9.5,9,10.5,9.25],"texture":"#0"},"west":{"uv":[9.5,9.5,10.5,9.75],"texture":"#0"},"up":{"uv":[2.75,8.25,1.75,7.25],"texture":"#0"},"down":{"uv":[9.25,2.5,8.25,3.5],"texture":"#0"}}},{"from":[6.3,19,5.55],"to":[9.7,20.25,5.95],"faces":{"north":{"uv":[9.5,8,10.5,8.25],"texture":"#0"},"east":{"uv":[9.5,8.5,10.5,8.75],"texture":"#0"},"south":{"uv":[9.5,9,10.5,9.25],"texture":"#0"},"west":{"uv":[9.5,9.5,10.5,9.75],"texture":"#0"},"up":{"uv":[2.75,8.25,1.75,7.25],"texture":"#0"},"down":{"uv":[9.25,2.5,8.25,3.5],"texture":"#0"}}},{"from":[10.3,19,7.3],"to":[10.7,20.25,8.7],"rotation":{"angle":0,"axis":"y","origin":[0,0,16]},"faces":{"north":{"uv":[10.5,8.5,9.5,8.75],"texture":"#0"},"east":{"uv":[10.5,8,9.5,8.25],"texture":"#0"},"south":{"uv":[10.5,9.5,9.5,9.75],"texture":"#0"},"west":{"uv":[10.5,9,9.5,9.25],"texture":"#0"},"up":{"uv":[2.75,7.25,1.75,8.25],"rotation":270,"texture":"#0"},"down":{"uv":[9.25,3.5,8.25,2.5],"rotation":90,"texture":"#0"}}},{"from":[10.05,19,6.3],"to":[10.45,20.25,9.7],"rotation":{"angle":0,"axis":"y","origin":[0,0,16]},"faces":{"north":{"uv":[10.5,8.5,9.5,8.75],"texture":"#0"},"east":{"uv":[10.5,8,9.5,8.25],"texture":"#0"},"south":{"uv":[10.5,9.5,9.5,9.75],"texture":"#0"},"west":{"uv":[10.5,9,9.5,9.25],"texture":"#0"},"up":{"uv":[2.75,7.25,1.75,8.25],"rotation":270,"texture":"#0"},"down":{"uv":[9.25,3.5,8.25,2.5],"rotation":90,"texture":"#0"}}},{"from":[5.3,19,7.3],"to":[5.7,20.25,8.7],"rotation":{"angle":0,"axis":"y","origin":[0,0,16]},"faces":{"north":{"uv":[9.5,8.5,10.5,8.75],"texture":"#0"},"east":{"uv":[9.5,9,10.5,9.25],"texture":"#0"},"south":{"uv":[9.5,9.5,10.5,9.75],"texture":"#0"},"west":{"uv":[9.5,8,10.5,8.25],"texture":"#0"},"up":{"uv":[2.75,8.25,1.75,7.25],"rotation":270,"texture":"#0"},"down":{"uv":[9.25,2.5,8.25,3.5],"rotation":90,"texture":"#0"}}},{"from":[5.55,19,6.3],"to":[5.95,20.25,9.7],"rotation":{"angle":0,"axis":"y","origin":[0,0,16]},"faces":{"north":{"uv":[9.5,8.5,10.5,8.75],"texture":"#0"},"east":{"uv":[9.5,9,10.5,9.25],"texture":"#0"},"south":{"uv":[9.5,9.5,10.5,9.75],"texture":"#0"},"west":{"uv":[9.5,8,10.5,8.25],"texture":"#0"},"up":{"uv":[2.75,8.25,1.75,7.25],"rotation":270,"texture":"#0"},"down":{"uv":[9.25,2.5,8.25,3.5],"rotation":90,"texture":"#0"}}},{"from":[7.5,20,5.5],"to":[8.5,21.5,5.75],"faces":{"north":{"uv":[9.75,0,10.75,0.25],"texture":"#0"},"east":{"uv":[9.75,0.5,10.75,0.75],"texture":"#0"},"south":{"uv":[9.75,1,10.75,1.25],"texture":"#0"},"west":{"uv":[9.75,1.5,10.75,1.75],"texture":"#0"},"up":{"uv":[4,9.25,3,8.25],"texture":"#0"},"down":{"uv":[9.25,3.75,8.25,4.75],"texture":"#0"}}},{"from":[6.5,20,5.75],"to":[9.5,21.5,6],"faces":{"north":{"uv":[9.75,0,10.75,0.25],"texture":"#0"},"east":{"uv":[9.75,0.5,10.75,0.75],"texture":"#0"},"south":{"uv":[9.75,1,10.75,1.25],"texture":"#0"},"west":{"uv":[9.75,1.5,10.75,1.75],"texture":"#0"},"up":{"uv":[4,9.25,3,8.25],"texture":"#0"},"down":{"uv":[9.25,3.75,8.25,4.75],"texture":"#0"}}},{"from":[7.5,20,10.25],"to":[8.5,21.5,10.5],"rotation":{"angle":0,"axis":"y","origin":[0,0,16]},"faces":{"north":{"uv":[10.75,1,9.75,1.25],"texture":"#0"},"east":{"uv":[10.75,0.5,9.75,0.75],"texture":"#0"},"south":{"uv":[10.75,0,9.75,0.25],"texture":"#0"},"west":{"uv":[10.75,1.5,9.75,1.75],"texture":"#0"},"up":{"uv":[4,8.25,3,9.25],"texture":"#0"},"down":{"uv":[9.25,4.75,8.25,3.75],"texture":"#0"}}},{"from":[6.5,20,10],"to":[9.5,21.5,10.25],"rotation":{"angle":0,"axis":"y","origin":[0,0,16]},"faces":{"north":{"uv":[10.75,1,9.75,1.25],"texture":"#0"},"east":{"uv":[10.75,0.5,9.75,0.75],"texture":"#0"},"south":{"uv":[10.75,0,9.75,0.25],"texture":"#0"},"west":{"uv":[10.75,1.5,9.75,1.75],"texture":"#0"},"up":{"uv":[4,8.25,3,9.25],"texture":"#0"},"down":{"uv":[9.25,4.75,8.25,3.75],"texture":"#0"}}},{"from":[5.5,20,7.5],"to":[5.75,21.5,8.5],"rotation":{"angle":0,"axis":"y","origin":[0,0,16]},"faces":{"north":{"uv":[9.75,0.5,10.75,0.75],"texture":"#0"},"east":{"uv":[9.75,1,10.75,1.25],"texture":"#0"},"south":{"uv":[9.75,1.5,10.75,1.75],"texture":"#0"},"west":{"uv":[9.75,0,10.75,0.25],"texture":"#0"},"up":{"uv":[4,9.25,3,8.25],"rotation":270,"texture":"#0"},"down":{"uv":[9.25,3.75,8.25,4.75],"rotation":90,"texture":"#0"}}},{"from":[5.75,20,6.5],"to":[6,21.5,9.5],"rotation":{"angle":0,"axis":"y","origin":[0,0,16]},"faces":{"north":{"uv":[9.75,0.5,10.75,0.75],"texture":"#0"},"east":{"uv":[9.75,1,10.75,1.25],"texture":"#0"},"south":{"uv":[9.75,1.5,10.75,1.75],"texture":"#0"},"west":{"uv":[9.75,0,10.75,0.25],"texture":"#0"},"up":{"uv":[4,9.25,3,8.25],"rotation":270,"texture":"#0"},"down":{"uv":[9.25,3.75,8.25,4.75],"rotation":90,"texture":"#0"}}},{"from":[10.25,20,7.5],"to":[10.5,21.5,8.5],"rotation":{"angle":0,"axis":"y","origin":[0,0,16]},"faces":{"north":{"uv":[10.75,0.5,9.75,0.75],"texture":"#0"},"east":{"uv":[10.75,0,9.75,0.25],"texture":"#0"},"south":{"uv":[10.75,1.5,9.75,1.75],"texture":"#0"},"west":{"uv":[10.75,1,9.75,1.25],"texture":"#0"},"up":{"uv":[4,8.25,3,9.25],"rotation":270,"texture":"#0"},"down":{"uv":[9.25,4.75,8.25,3.75],"rotation":90,"texture":"#0"}}},{"from":[10,20,6.5],"to":[10.25,21.5,9.5],"rotation":{"angle":0,"axis":"y","origin":[0,0,16]},"faces":{"north":{"uv":[10.75,0.5,9.75,0.75],"texture":"#0"},"east":{"uv":[10.75,0,9.75,0.25],"texture":"#0"},"south":{"uv":[10.75,1.5,9.75,1.75],"texture":"#0"},"west":{"uv":[10.75,1,9.75,1.25],"texture":"#0"},"up":{"uv":[4,8.25,3,9.25],"rotation":270,"texture":"#0"},"down":{"uv":[9.25,4.75,8.25,3.75],"rotation":90,"texture":"#0"}}},{"from":[7.8,21.5,9.8],"to":[8.2,22.75,10.2],"faces":{"north":{"uv":[8.25,9.75,9,10],"texture":"#0"},"east":{"uv":[0,10,0.75,10.25],"texture":"#0"},"south":{"uv":[1,10,1.75,10.25],"texture":"#0"},"west":{"uv":[2,10,2.75,10.25],"texture":"#0"},"up":{"uv":[1.75,9.25,1,8.5],"texture":"#0"},"down":{"uv":[2.75,8.5,2,9.25],"texture":"#0"}}},{"from":[6.8,21.5,9.55],"to":[9.2,22.75,9.95],"faces":{"north":{"uv":[8.25,9.75,9,10],"texture":"#0"},"east":{"uv":[0,10,0.75,10.25],"texture":"#0"},"south":{"uv":[1,10,1.75,10.25],"texture":"#0"},"west":{"uv":[2,10,2.75,10.25],"texture":"#0"},"up":{"uv":[1.75,9.25,1,8.5],"texture":"#0"},"down":{"uv":[2.75,8.5,2,9.25],"texture":"#0"}}},{"from":[7.8,21.5,5.8],"to":[8.2,22.75,6.2],"rotation":{"angle":0,"axis":"y","origin":[0,0,16]},"faces":{"north":{"uv":[1.75,10,1,10.25],"texture":"#0"},"east":{"uv":[0.75,10,0,10.25],"texture":"#0"},"south":{"uv":[9,9.75,8.25,10],"texture":"#0"},"west":{"uv":[2.75,10,2,10.25],"texture":"#0"},"up":{"uv":[1.75,8.5,1,9.25],"texture":"#0"},"down":{"uv":[2.75,9.25,2,8.5],"texture":"#0"}}},{"from":[6.8,21.5,6.05],"to":[9.2,22.75,6.45],"rotation":{"angle":0,"axis":"y","origin":[0,0,16]},"faces":{"north":{"uv":[1.75,10,1,10.25],"texture":"#0"},"east":{"uv":[0.75,10,0,10.25],"texture":"#0"},"south":{"uv":[9,9.75,8.25,10],"texture":"#0"},"west":{"uv":[2.75,10,2,10.25],"texture":"#0"},"up":{"uv":[1.75,8.5,1,9.25],"texture":"#0"},"down":{"uv":[2.75,9.25,2,8.5],"texture":"#0"}}},{"from":[9.8,21.5,7.8],"to":[10.2,22.75,8.2],"rotation":{"angle":0,"axis":"y","origin":[0,0,16]},"faces":{"north":{"uv":[0,10,0.75,10.25],"texture":"#0"},"east":{"uv":[1,10,1.75,10.25],"texture":"#0"},"south":{"uv":[2,10,2.75,10.25],"texture":"#0"},"west":{"uv":[8.25,9.75,9,10],"texture":"#0"},"up":{"uv":[1.75,9.25,1,8.5],"rotation":270,"texture":"#0"},"down":{"uv":[2.75,8.5,2,9.25],"rotation":90,"texture":"#0"}}},{"from":[9.55,21.5,6.8],"to":[9.95,22.75,9.2],"rotation":{"angle":0,"axis":"y","origin":[0,0,16]},"faces":{"north":{"uv":[0,10,0.75,10.25],"texture":"#0"},"east":{"uv":[1,10,1.75,10.25],"texture":"#0"},"south":{"uv":[2,10,2.75,10.25],"texture":"#0"},"west":{"uv":[8.25,9.75,9,10],"texture":"#0"},"up":{"uv":[1.75,9.25,1,8.5],"rotation":270,"texture":"#0"},"down":{"uv":[2.75,8.5,2,9.25],"rotation":90,"texture":"#0"}}},{"from":[5.8,21.5,7.8],"to":[6.2,22.75,8.2],"rotation":{"angle":0,"axis":"y","origin":[0,0,16]},"faces":{"north":{"uv":[0.75,10,0,10.25],"texture":"#0"},"east":{"uv":[9,9.75,8.25,10],"texture":"#0"},"south":{"uv":[2.75,10,2,10.25],"texture":"#0"},"west":{"uv":[1.75,10,1,10.25],"texture":"#0"},"up":{"uv":[1.75,8.5,1,9.25],"rotation":270,"texture":"#0"},"down":{"uv":[2.75,9.25,2,8.5],"rotation":90,"texture":"#0"}}},{"from":[6.05,21.5,6.8],"to":[6.45,22.75,9.2],"rotation":{"angle":0,"axis":"y","origin":[0,0,16]},"faces":{"north":{"uv":[0.75,10,0,10.25],"texture":"#0"},"east":{"uv":[9,9.75,8.25,10],"texture":"#0"},"south":{"uv":[2.75,10,2,10.25],"texture":"#0"},"west":{"uv":[1.75,10,1,10.25],"texture":"#0"},"up":{"uv":[1.75,8.5,1,9.25],"rotation":270,"texture":"#0"},"down":{"uv":[2.75,9.25,2,8.5],"rotation":90,"texture":"#0"}}},{"from":[6.35,22.75,7.1],"to":[6.9,24.75,9],"faces":{"north":{"uv":[8.5,5,9.25,5.75],"texture":"#0"},"east":{"uv":[8.5,6,9.25,6.75],"texture":"#0"},"south":{"uv":[8.5,7,9.25,7.75],"texture":"#0"},"west":{"uv":[8.5,8,9.25,8.75],"texture":"#0"},"up":{"uv":[9.5,0.75,8.75,0],"texture":"#0"},"down":{"uv":[9.5,1,8.75,1.75],"texture":"#0"}}},{"from":[6.1,22.75,7.6],"to":[6.65,24.75,8.5],"faces":{"north":{"uv":[8.5,5,9.25,5.75],"texture":"#0"},"east":{"uv":[8.5,6,9.25,6.75],"texture":"#0"},"south":{"uv":[8.5,7,9.25,7.75],"texture":"#0"},"west":{"uv":[8.5,8,9.25,8.75],"texture":"#0"},"up":{"uv":[9.5,0.75,8.75,0],"texture":"#0"},"down":{"uv":[9.5,1,8.75,1.75],"texture":"#0"}}},{"from":[9.1,22.75,7.1],"to":[9.65,24.75,9],"rotation":{"angle":0,"axis":"y","origin":[16,0,0]},"faces":{"north":{"uv":[9.25,5,8.5,5.75],"texture":"#0"},"east":{"uv":[9.25,8,8.5,8.75],"texture":"#0"},"south":{"uv":[9.25,7,8.5,7.75],"texture":"#0"},"west":{"uv":[9.25,6,8.5,6.75],"texture":"#0"},"up":{"uv":[8.75,0.75,9.5,0],"texture":"#0"},"down":{"uv":[8.75,1,9.5,1.75],"texture":"#0"}}},{"from":[9.35,22.75,7.6],"to":[9.9,24.75,8.5],"rotation":{"angle":0,"axis":"y","origin":[16,0,0]},"faces":{"north":{"uv":[9.25,5,8.5,5.75],"texture":"#0"},"east":{"uv":[9.25,8,8.5,8.75],"texture":"#0"},"south":{"uv":[9.25,7,8.5,7.75],"texture":"#0"},"west":{"uv":[9.25,6,8.5,6.75],"texture":"#0"},"up":{"uv":[8.75,0.75,9.5,0],"texture":"#0"},"down":{"uv":[8.75,1,9.5,1.75],"texture":"#0"}}},{"from":[7.1,22.75,9.1],"to":[8.9,24.75,9.75],"rotation":{"angle":0,"axis":"y","origin":[16,0,0]},"faces":{"north":{"uv":[8.5,6,9.25,6.75],"texture":"#0"},"east":{"uv":[8.5,7,9.25,7.75],"texture":"#0"},"south":{"uv":[8.5,8,9.25,8.75],"texture":"#0"},"west":{"uv":[8.5,5,9.25,5.75],"texture":"#0"},"up":{"uv":[9.5,0.75,8.75,0],"rotation":270,"texture":"#0"},"down":{"uv":[9.5,1,8.75,1.75],"rotation":90,"texture":"#0"}}},{"from":[7.6,22.75,9.35],"to":[8.4,24.75,10],"rotation":{"angle":0,"axis":"y","origin":[16,0,0]},"faces":{"north":{"uv":[8.5,6,9.25,6.75],"texture":"#0"},"east":{"uv":[8.5,7,9.25,7.75],"texture":"#0"},"south":{"uv":[8.5,8,9.25,8.75],"texture":"#0"},"west":{"uv":[8.5,5,9.25,5.75],"texture":"#0"},"up":{"uv":[9.5,0.75,8.75,0],"rotation":270,"texture":"#0"},"down":{"uv":[9.5,1,8.75,1.75],"rotation":90,"texture":"#0"}}},{"from":[7.1,22.75,6.35],"to":[8.9,24.75,7],"rotation":{"angle":0,"axis":"y","origin":[16,0,0]},"faces":{"north":{"uv":[9.25,8,8.5,8.75],"texture":"#0"},"east":{"uv":[9.25,7,8.5,7.75],"texture":"#0"},"south":{"uv":[9.25,6,8.5,6.75],"texture":"#0"},"west":{"uv":[9.25,5,8.5,5.75],"texture":"#0"},"up":{"uv":[8.75,0.75,9.5,0],"rotation":270,"texture":"#0"},"down":{"uv":[8.75,1,9.5,1.75],"rotation":90,"texture":"#0"}}},{"from":[7.6,22.75,6.1],"to":[8.4,24.75,6.75],"rotation":{"angle":0,"axis":"y","origin":[16,0,0]},"faces":{"north":{"uv":[9.25,8,8.5,8.75],"texture":"#0"},"east":{"uv":[9.25,7,8.5,7.75],"texture":"#0"},"south":{"uv":[9.25,6,8.5,6.75],"texture":"#0"},"west":{"uv":[9.25,5,8.5,5.75],"texture":"#0"},"up":{"uv":[8.75,0.75,9.5,0],"rotation":270,"texture":"#0"},"down":{"uv":[8.75,1,9.5,1.75],"rotation":90,"texture":"#0"}}},{"from":[10.25,0.5,6],"to":[10.65,1,10],"rotation":{"angle":0,"axis":"y","origin":[16,0,0]},"faces":{"north":{"uv":[9.5,3,10.75,3.25],"texture":"#0"},"east":{"uv":[9.5,3.5,10.75,3.75],"texture":"#0"},"south":{"uv":[9.5,4,10.75,4.25],"texture":"#0"},"west":{"uv":[9.5,4.5,10.75,4.75],"texture":"#0"},"up":{"uv":[6.5,4.75,5.25,3.5],"texture":"#0"},"down":{"uv":[6.5,5,5.25,6.25],"texture":"#0"}}},{"from":[10.5,0.5,7],"to":[10.9,1,9],"rotation":{"angle":0,"axis":"y","origin":[16,0,0]},"faces":{"north":{"uv":[9.5,3,10.75,3.25],"texture":"#0"},"east":{"uv":[9.5,3.5,10.75,3.75],"texture":"#0"},"south":{"uv":[9.5,4,10.75,4.25],"texture":"#0"},"west":{"uv":[9.5,4.5,10.75,4.75],"texture":"#0"},"up":{"uv":[6.5,4.75,5.25,3.5],"texture":"#0"},"down":{"uv":[6.5,5,5.25,6.25],"texture":"#0"}}},{"from":[5.35,0.5,6],"to":[5.75,1,10],"rotation":{"angle":0,"axis":"y","origin":[16,0,0]},"faces":{"north":{"uv":[10.75,3,9.5,3.25],"texture":"#0"},"east":{"uv":[10.75,4.5,9.5,4.75],"texture":"#0"},"south":{"uv":[10.75,4,9.5,4.25],"texture":"#0"},"west":{"uv":[10.75,3.5,9.5,3.75],"texture":"#0"},"up":{"uv":[5.25,4.75,6.5,3.5],"texture":"#0"},"down":{"uv":[5.25,5,6.5,6.25],"texture":"#0"}}},{"from":[5.1,0.5,7],"to":[5.5,1,9],"rotation":{"angle":0,"axis":"y","origin":[16,0,0]},"faces":{"north":{"uv":[10.75,3,9.5,3.25],"texture":"#0"},"east":{"uv":[10.75,4.5,9.5,4.75],"texture":"#0"},"south":{"uv":[10.75,4,9.5,4.25],"texture":"#0"},"west":{"uv":[10.75,3.5,9.5,3.75],"texture":"#0"},"up":{"uv":[5.25,4.75,6.5,3.5],"texture":"#0"},"down":{"uv":[5.25,5,6.5,6.25],"texture":"#0"}}},{"from":[6,0.5,5.35],"to":[10,1,5.5],"rotation":{"angle":0,"axis":"y","origin":[16,0,0]},"faces":{"north":{"uv":[9.5,3.5,10.75,3.75],"texture":"#0"},"east":{"uv":[9.5,4,10.75,4.25],"texture":"#0"},"south":{"uv":[9.5,4.5,10.75,4.75],"texture":"#0"},"west":{"uv":[9.5,3,10.75,3.25],"texture":"#0"},"up":{"uv":[6.5,4.75,5.25,3.5],"rotation":270,"texture":"#0"},"down":{"uv":[6.5,5,5.25,6.25],"rotation":90,"texture":"#0"}}},{"from":[7,0.5,5.1],"to":[9,1,5.5],"rotation":{"angle":0,"axis":"y","origin":[16,0,0]},"faces":{"north":{"uv":[9.5,3.5,10.75,3.75],"texture":"#0"},"east":{"uv":[9.5,4,10.75,4.25],"texture":"#0"},"south":{"uv":[9.5,4.5,10.75,4.75],"texture":"#0"},"west":{"uv":[9.5,3,10.75,3.25],"texture":"#0"},"up":{"uv":[6.5,4.75,5.25,3.5],"rotation":270,"texture":"#0"},"down":{"uv":[6.5,5,5.25,6.25],"rotation":90,"texture":"#0"}}},{"from":[6,0.5,10.5],"to":[10,1,10.65],"rotation":{"angle":0,"axis":"y","origin":[16,0,0]},"faces":{"north":{"uv":[10.75,4.5,9.5,4.75],"texture":"#0"},"east":{"uv":[10.75,4,9.5,4.25],"texture":"#0"},"south":{"uv":[10.75,3.5,9.5,3.75],"texture":"#0"},"west":{"uv":[10.75,3,9.5,3.25],"texture":"#0"},"up":{"uv":[5.25,4.75,6.5,3.5],"rotation":270,"texture":"#0"},"down":{"uv":[5.25,5,6.5,6.25],"rotation":90,"texture":"#0"}}},{"from":[7,0.5,10.5],"to":[9,1,10.9],"rotation":{"angle":0,"axis":"y","origin":[16,0,0]},"faces":{"north":{"uv":[10.75,4.5,9.5,4.75],"texture":"#0"},"east":{"uv":[10.75,4,9.5,4.25],"texture":"#0"},"south":{"uv":[10.75,3.5,9.5,3.75],"texture":"#0"},"west":{"uv":[10.75,3,9.5,3.25],"texture":"#0"},"up":{"uv":[5.25,4.75,6.5,3.5],"rotation":270,"texture":"#0"},"down":{"uv":[5.25,5,6.5,6.25],"rotation":90,"texture":"#0"}}}],"display":{"thirdperson_righthand":{"translation":[0,-3.25,0.5],"scale":[0.33,0.33,0.33]},"thirdperson_lefthand":{"translation":[0,-3.25,0.5],"scale":[0.33,0.33,0.33]},"firstperson_righthand":{"rotation":[-7,3,7],"translation":[2.5,1.75,0],"scale":[0.59,0.59,0.59]},"firstperson_lefthand":{"rotation":[-7,3,7],"translation":[2.5,1.75,0],"scale":[0.59,0.59,0.59]},"ground":{"translation":[0,0.25,0],"scale":[0.59,0.59,0.59]},"gui":{"rotation":[-6,3,34],"translation":[1.25,-2.5,0],"scale":[0.55,0.55,0.55]},"head":{"rotation":[0,90,53],"translation":[0,-10.25,-12.75],"scale":[0.5,0.5,0.5]},"fixed":{"rotation":[-90,0,0],"translation":[0,0,-7.75],"scale":[1.11,1.11,1.11]}},"groups":[0,1,2,3,4,5,6,7,8,9,10,11,12,13,14,15,16,17,18,19,20,21,22,23,24,25,26,27,28,29,30,31,32,33,34,35,36,37,38,39,40,41,42,43,44,45,46,47,48,49,{"name":"group","origin":[8,8,8],"color":0,"children":[50,51,{"name":"group","origin":[8,8,8],"color":0,"children":[52,53]}]},{"name":"group","origin":[8,8,8],"color":0,"children":[54,55,{"name":"group","origin":[8,8,8],"color":0,"children":[56,57]}]},{"name":"group","origin":[8,8,8],"color":0,"children":[58,59,{"name":"group","origin":[8,8,8],"color":0,"children":[60,61]}]},{"name":"group","origin":[8,8,8],"color":0,"children":[62,63,64,65,66,67,{"name":"group","origin":[8,8,8],"color":0,"children":[68,69]}]},{"name":"group","origin":[8,8,8],"color":0,"children":[70,71,{"name":"group","origin":[8,8,8],"color":0,"children":[72,73]}]},{"name":"group","origin":[8,8,8],"color":0,"children":[74,75,{"name":"group","origin":[8,8,8],"color":0,"children":[76,77]}]},{"name":"group","origin":[8,8,8],"color":0,"children":[78,79,{"name":"group","origin":[8,8,8],"color":0,"children":[80,81]}]},{"name":"group","origin":[8,8,8],"color":0,"children":[82,83,{"name":"group","origin":[8,8,8],"color":0,"children":[84,85]}]},{"name":"group","origin":[8,8,8],"color":0,"children":[86,87,{"name":"group","origin":[8,8,8],"color":0,"children":[88,89]}]},{"name":"group","origin":[8,8,8],"color":0,"children":[90,91,{"name":"group","origin":[8,8,8],"color":0,"children":[92,93]}]},{"name":"group","origin":[8,8,8],"color":0,"children":[94,95,{"name":"group","origin":[8,8,8],"color":0,"children":[96,97]}]},{"name":"group","origin":[8,8,8],"color":0,"children":[98,99,{"name":"group","origin":[8,8,8],"color":0,"children":[100,101]}]},{"name":"group","origin":[8,8,8],"color":0,"children":[102,103,{"name":"group","origin":[8,8,8],"color":0,"children":[104,105]}]},{"name":"group","origin":[8,8,8],"color":0,"children":[106,107,{"name":"group","origin":[8,8,8],"color":0,"children":[108,109]}]},{"name":"group","origin":[8,8,8],"color":0,"children":[110,111,{"name":"group","origin":[8,8,8],"color":0,"children":[112,113]}]},{"name":"group","origin":[8,8,8],"color":0,"children":[114,115,{"name":"group","origin":[8,8,8],"color":0,"children":[116,117]}]}]}