{
	"credit": "Made with Blockbench",
	"texture_size": [32, 32],
	"textures": {
		"1": "politmine/item/brewery/condensed_milk/kaima",
		"2": "politmine/item/brewery/condensed_milk/banka",
		"3": "politmine/item/brewery/condensed_milk/verh_and_niz",
		"particle": "politmine/item/brewery/condensed_milk/banka"
	},
	"elements": [
		{
			"from": [10, -0.1, 1],
			"to": [13, 0.9, 2],
			"rotation": {"angle": 0, "axis": "y", "origin": [11.5, 0, 1.5]},
			"faces": {
				"north": {"uv": [2, 4, 3.5, 4.5], "texture": "#1"},
				"east": {"uv": [9.5, 0, 10, 0.5], "texture": "#1"},
				"south": {"uv": [2, 4.5, 3.5, 5], "texture": "#1"},
				"west": {"uv": [0.5, 9.5, 1, 10], "texture": "#1"},
				"up": {"uv": [8, 0.5, 6.5, 0], "texture": "#1"},
				"down": {"uv": [8, 0.5, 6.5, 1], "texture": "#1"}
			}
		},
		{
			"from": [5, -0.1, 0],
			"to": [11, 0.9, 1],
			"rotation": {"angle": 0, "axis": "y", "origin": [8, 0, 0.5]},
			"faces": {
				"north": {"uv": [0, 0, 3, 0.5], "texture": "#1"},
				"east": {"uv": [1, 9.5, 1.5, 10], "texture": "#1"},
				"south": {"uv": [0, 0.5, 3, 1], "texture": "#1"},
				"west": {"uv": [1.5, 9.5, 2, 10], "texture": "#1"},
				"up": {"uv": [3, 1.5, 0, 1], "texture": "#1"},
				"down": {"uv": [3, 1.5, 0, 2], "texture": "#1"}
			}
		},
		{
			"from": [3, -0.1, 2],
			"to": [4, 0.9, 3],
			"rotation": {"angle": 0, "axis": "y", "origin": [3.5, 0, 2.5]},
			"faces": {
				"north": {"uv": [2, 9.5, 2.5, 10], "texture": "#1"},
				"east": {"uv": [2.5, 9.5, 3, 10], "texture": "#1"},
				"south": {"uv": [3, 9.5, 3.5, 10], "texture": "#1"},
				"west": {"uv": [3.5, 9.5, 4, 10], "texture": "#1"},
				"up": {"uv": [10, 5.5, 9.5, 5], "texture": "#1"},
				"down": {"uv": [6, 9.5, 5.5, 10], "texture": "#1"}
			}
		},
		{
			"from": [3, -0.1, 1],
			"to": [6, 0.9, 2],
			"rotation": {"angle": 0, "axis": "y", "origin": [4.5, 0, 1.5]},
			"faces": {
				"north": {"uv": [6.5, 1, 8, 1.5], "texture": "#1"},
				"east": {"uv": [9.5, 5.5, 10, 6], "texture": "#1"},
				"south": {"uv": [6.5, 1.5, 8, 2], "texture": "#1"},
				"west": {"uv": [6, 9.5, 6.5, 10], "texture": "#1"},
				"up": {"uv": [4, 7, 2.5, 6.5], "texture": "#1"},
				"down": {"uv": [5.5, 6.5, 4, 7], "texture": "#1"}
			}
		},
		{
			"from": [2, -0.1, 2],
			"to": [3, 0.9, 3],
			"rotation": {"angle": 0, "axis": "y", "origin": [2.5, 0, 2.5]},
			"faces": {
				"north": {"uv": [9.5, 6, 10, 6.5], "texture": "#1"},
				"east": {"uv": [6.5, 9.5, 7, 10], "texture": "#1"},
				"south": {"uv": [7, 9.5, 7.5, 10], "texture": "#1"},
				"west": {"uv": [7.5, 9.5, 8, 10], "texture": "#1"},
				"up": {"uv": [10, 8, 9.5, 7.5], "texture": "#1"},
				"down": {"uv": [8.5, 9.5, 8, 10], "texture": "#1"}
			}
		},
		{
			"from": [2, -0.1, 3],
			"to": [3, 0.9, 4],
			"rotation": {"angle": 0, "axis": "y", "origin": [2.5, 0, 3.5]},
			"faces": {
				"north": {"uv": [9.5, 8, 10, 8.5], "texture": "#1"},
				"east": {"uv": [9.5, 8.5, 10, 9], "texture": "#1"},
				"south": {"uv": [9.5, 9, 10, 9.5], "texture": "#1"},
				"west": {"uv": [9.5, 9.5, 10, 10], "texture": "#1"},
				"up": {"uv": [10.5, 0.5, 10, 0], "texture": "#1"},
				"down": {"uv": [1, 10, 0.5, 10.5], "texture": "#1"}
			}
		},
		{
			"from": [1, -0.1, 3],
			"to": [2, 0.9, 6],
			"rotation": {"angle": 0, "axis": "y", "origin": [1.5, 0, 4.5]},
			"faces": {
				"north": {"uv": [10, 0.5, 10.5, 1], "texture": "#1"},
				"east": {"uv": [5.5, 6.5, 7, 7], "texture": "#1"},
				"south": {"uv": [1, 10, 1.5, 10.5], "texture": "#1"},
				"west": {"uv": [0.5, 7, 2, 7.5], "texture": "#1"},
				"up": {"uv": [7.5, 3.5, 7, 2], "texture": "#1"},
				"down": {"uv": [3, 7, 2.5, 8.5], "texture": "#1"}
			}
		},
		{
			"from": [1, -0.1, 10],
			"to": [2, 0.9, 13],
			"rotation": {"angle": 0, "axis": "y", "origin": [1.5, 0, 11.5]},
			"faces": {
				"north": {"uv": [10, 1, 10.5, 1.5], "texture": "#1"},
				"east": {"uv": [3, 7, 4.5, 7.5], "texture": "#1"},
				"south": {"uv": [1.5, 10, 2, 10.5], "texture": "#1"},
				"west": {"uv": [7, 3.5, 8.5, 4], "texture": "#1"},
				"up": {"uv": [5, 8.5, 4.5, 7], "texture": "#1"},
				"down": {"uv": [5.5, 7, 5, 8.5], "texture": "#1"}
			}
		},
		{
			"from": [0, -0.1, 5],
			"to": [1, 0.9, 11],
			"rotation": {"angle": 0, "axis": "y", "origin": [0.5, 0, 8]},
			"faces": {
				"north": {"uv": [10, 1.5, 10.5, 2], "texture": "#1"},
				"east": {"uv": [0, 2, 3, 2.5], "texture": "#1"},
				"south": {"uv": [2, 10, 2.5, 10.5], "texture": "#1"},
				"west": {"uv": [0, 2.5, 3, 3], "texture": "#1"},
				"up": {"uv": [0.5, 6, 0, 3], "texture": "#1"},
				"down": {"uv": [3.5, 0, 3, 3], "texture": "#1"}
			}
		},
		{
			"from": [2, -0.1, 12],
			"to": [3, 0.9, 13],
			"rotation": {"angle": 0, "axis": "y", "origin": [2.5, 0, 12.5]},
			"faces": {
				"north": {"uv": [2.5, 10, 3, 10.5], "texture": "#1"},
				"east": {"uv": [3, 10, 3.5, 10.5], "texture": "#1"},
				"south": {"uv": [3.5, 10, 4, 10.5], "texture": "#1"},
				"west": {"uv": [10, 3.5, 10.5, 4], "texture": "#1"},
				"up": {"uv": [4.5, 10.5, 4, 10], "texture": "#1"},
				"down": {"uv": [10.5, 4, 10, 4.5], "texture": "#1"}
			}
		},
		{
			"from": [2, -0.1, 13],
			"to": [3, 0.9, 14],
			"rotation": {"angle": 0, "axis": "y", "origin": [2.5, 0, 13.5]},
			"faces": {
				"north": {"uv": [4.5, 10, 5, 10.5], "texture": "#1"},
				"east": {"uv": [10, 4.5, 10.5, 5], "texture": "#1"},
				"south": {"uv": [5, 10, 5.5, 10.5], "texture": "#1"},
				"west": {"uv": [10, 5, 10.5, 5.5], "texture": "#1"},
				"up": {"uv": [6, 10.5, 5.5, 10], "texture": "#1"},
				"down": {"uv": [10.5, 5.5, 10, 6], "texture": "#1"}
			}
		},
		{
			"from": [3, -0.1, 13],
			"to": [4, 0.9, 14],
			"rotation": {"angle": 0, "axis": "y", "origin": [3.5, 0, 13.5]},
			"faces": {
				"north": {"uv": [6, 10, 6.5, 10.5], "texture": "#1"},
				"east": {"uv": [10, 6, 10.5, 6.5], "texture": "#1"},
				"south": {"uv": [6.5, 10, 7, 10.5], "texture": "#1"},
				"west": {"uv": [10, 6.5, 10.5, 7], "texture": "#1"},
				"up": {"uv": [7.5, 10.5, 7, 10], "texture": "#1"},
				"down": {"uv": [10.5, 7, 10, 7.5], "texture": "#1"}
			}
		},
		{
			"from": [3, -0.1, 14],
			"to": [6, 0.9, 15],
			"rotation": {"angle": 0, "axis": "y", "origin": [4.5, 0, 14.5]},
			"faces": {
				"north": {"uv": [7, 4, 8.5, 4.5], "texture": "#1"},
				"east": {"uv": [7.5, 10, 8, 10.5], "texture": "#1"},
				"south": {"uv": [7, 4.5, 8.5, 5], "texture": "#1"},
				"west": {"uv": [10, 7.5, 10.5, 8], "texture": "#1"},
				"up": {"uv": [7, 7.5, 5.5, 7], "texture": "#1"},
				"down": {"uv": [8.5, 6.5, 7, 7], "texture": "#1"}
			}
		},
		{
			"from": [5, -0.1, 15],
			"to": [11, 0.9, 16],
			"rotation": {"angle": 0, "axis": "y", "origin": [8, 0, 15.5]},
			"faces": {
				"north": {"uv": [0.5, 3, 3.5, 3.5], "texture": "#1"},
				"east": {"uv": [8, 10, 8.5, 10.5], "texture": "#1"},
				"south": {"uv": [3.5, 0, 6.5, 0.5], "texture": "#1"},
				"west": {"uv": [10, 8, 10.5, 8.5], "texture": "#1"},
				"up": {"uv": [3.5, 4, 0.5, 3.5], "texture": "#1"},
				"down": {"uv": [6.5, 0.5, 3.5, 1], "texture": "#1"}
			}
		},
		{
			"from": [10, -0.1, 14],
			"to": [13, 0.9, 15],
			"rotation": {"angle": 0, "axis": "y", "origin": [11.5, 0, 14.5]},
			"faces": {
				"north": {"uv": [7, 7, 8.5, 7.5], "texture": "#1"},
				"east": {"uv": [10, 8.5, 10.5, 9], "texture": "#1"},
				"south": {"uv": [0.5, 7.5, 2, 8], "texture": "#1"},
				"west": {"uv": [10, 9, 10.5, 9.5], "texture": "#1"},
				"up": {"uv": [9, 2.5, 7.5, 2], "texture": "#1"},
				"down": {"uv": [9, 2.5, 7.5, 3], "texture": "#1"}
			}
		},
		{
			"from": [12, -0.1, 13],
			"to": [13, 0.9, 14],
			"rotation": {"angle": 0, "axis": "y", "origin": [12.5, 0, 13.5]},
			"faces": {
				"north": {"uv": [9.5, 10, 10, 10.5], "texture": "#1"},
				"east": {"uv": [10, 9.5, 10.5, 10], "texture": "#1"},
				"south": {"uv": [10, 10, 10.5, 10.5], "texture": "#1"},
				"west": {"uv": [0, 10.5, 0.5, 11], "texture": "#1"},
				"up": {"uv": [11, 0.5, 10.5, 0], "texture": "#1"},
				"down": {"uv": [1, 10.5, 0.5, 11], "texture": "#1"}
			}
		},
		{
			"from": [13, -0.1, 13],
			"to": [14, 0.9, 14],
			"rotation": {"angle": 0, "axis": "y", "origin": [13.5, 0, 13.5]},
			"faces": {
				"north": {"uv": [10.5, 0.5, 11, 1], "texture": "#1"},
				"east": {"uv": [1, 10.5, 1.5, 11], "texture": "#1"},
				"south": {"uv": [10.5, 1, 11, 1.5], "texture": "#1"},
				"west": {"uv": [1.5, 10.5, 2, 11], "texture": "#1"},
				"up": {"uv": [11, 2, 10.5, 1.5], "texture": "#1"},
				"down": {"uv": [2.5, 10.5, 2, 11], "texture": "#1"}
			}
		},
		{
			"from": [14, -0.1, 10],
			"to": [15, 0.9, 13],
			"rotation": {"angle": 0, "axis": "y", "origin": [14.5, 0, 11.5]},
			"faces": {
				"north": {"uv": [10.5, 2, 11, 2.5], "texture": "#1"},
				"east": {"uv": [3, 7.5, 4.5, 8], "texture": "#1"},
				"south": {"uv": [2.5, 10.5, 3, 11], "texture": "#1"},
				"west": {"uv": [7.5, 3, 9, 3.5], "texture": "#1"},
				"up": {"uv": [6, 9, 5.5, 7.5], "texture": "#1"},
				"down": {"uv": [6.5, 7.5, 6, 9], "texture": "#1"}
			}
		},
		{
			"from": [13, -0.1, 12],
			"to": [14, 0.9, 13],
			"rotation": {"angle": 0, "axis": "y", "origin": [13.5, 0, 12.5]},
			"faces": {
				"north": {"uv": [10.5, 2.5, 11, 3], "texture": "#1"},
				"east": {"uv": [3, 10.5, 3.5, 11], "texture": "#1"},
				"south": {"uv": [10.5, 3, 11, 3.5], "texture": "#1"},
				"west": {"uv": [3.5, 10.5, 4, 11], "texture": "#1"},
				"up": {"uv": [11, 4, 10.5, 3.5], "texture": "#1"},
				"down": {"uv": [4.5, 10.5, 4, 11], "texture": "#1"}
			}
		},
		{
			"from": [15, -0.1, 5],
			"to": [16, 0.9, 11],
			"rotation": {"angle": 0, "axis": "y", "origin": [15.5, 0, 8]},
			"faces": {
				"north": {"uv": [10.5, 4, 11, 4.5], "texture": "#1"},
				"east": {"uv": [3.5, 1, 6.5, 1.5], "texture": "#1"},
				"south": {"uv": [4.5, 10.5, 5, 11], "texture": "#1"},
				"west": {"uv": [3.5, 1.5, 6.5, 2], "texture": "#1"},
				"up": {"uv": [4, 5, 3.5, 2], "texture": "#1"},
				"down": {"uv": [1, 4, 0.5, 7], "texture": "#1"}
			}
		},
		{
			"from": [14, -0.1, 3],
			"to": [15, 0.9, 6],
			"rotation": {"angle": 0, "axis": "y", "origin": [14.5, 0, 4.5]},
			"faces": {
				"north": {"uv": [10.5, 4.5, 11, 5], "texture": "#1"},
				"east": {"uv": [6.5, 7.5, 8, 8], "texture": "#1"},
				"south": {"uv": [5, 10.5, 5.5, 11], "texture": "#1"},
				"west": {"uv": [8, 0, 9.5, 0.5], "texture": "#1"},
				"up": {"uv": [1, 9.5, 0.5, 8], "texture": "#1"},
				"down": {"uv": [8.5, 0.5, 8, 2], "texture": "#1"}
			}
		},
		{
			"from": [13, -0.1, 3],
			"to": [14, 0.9, 4],
			"rotation": {"angle": 0, "axis": "y", "origin": [13.5, 0, 3.5]},
			"faces": {
				"north": {"uv": [10.5, 5, 11, 5.5], "texture": "#1"},
				"east": {"uv": [5.5, 10.5, 6, 11], "texture": "#1"},
				"south": {"uv": [10.5, 5.5, 11, 6], "texture": "#1"},
				"west": {"uv": [6, 10.5, 6.5, 11], "texture": "#1"},
				"up": {"uv": [11, 6.5, 10.5, 6], "texture": "#1"},
				"down": {"uv": [7, 10.5, 6.5, 11], "texture": "#1"}
			}
		},
		{
			"from": [13, -0.1, 2],
			"to": [14, 0.9, 3],
			"rotation": {"angle": 0, "axis": "y", "origin": [13.5, 0, 2.5]},
			"faces": {
				"north": {"uv": [10.5, 6.5, 11, 7], "texture": "#1"},
				"east": {"uv": [7, 10.5, 7.5, 11], "texture": "#1"},
				"south": {"uv": [10.5, 7, 11, 7.5], "texture": "#1"},
				"west": {"uv": [7.5, 10.5, 8, 11], "texture": "#1"},
				"up": {"uv": [11, 8, 10.5, 7.5], "texture": "#1"},
				"down": {"uv": [8.5, 10.5, 8, 11], "texture": "#1"}
			}
		},
		{
			"from": [12, -0.1, 2],
			"to": [13, 0.9, 3],
			"rotation": {"angle": 0, "axis": "y", "origin": [12.5, 0, 2.5]},
			"faces": {
				"north": {"uv": [10.5, 8, 11, 8.5], "texture": "#1"},
				"east": {"uv": [8.5, 10.5, 9, 11], "texture": "#1"},
				"south": {"uv": [10.5, 8.5, 11, 9], "texture": "#1"},
				"west": {"uv": [9, 10.5, 9.5, 11], "texture": "#1"},
				"up": {"uv": [11, 9.5, 10.5, 9], "texture": "#1"},
				"down": {"uv": [10, 10.5, 9.5, 11], "texture": "#1"}
			}
		},
		{
			"from": [5.25, 0.25, 10.75],
			"to": [10.75, 16, 15.75],
			"rotation": {"angle": 0, "axis": "y", "origin": [8, 0, 8]},
			"faces": {
				"north": {"uv": [0, 0, 0.6875, 1.96875], "texture": "#2"},
				"east": {"uv": [0, 4, 0.625, 5.96875], "texture": "#2"},
				"south": {"uv": [0.75, 0, 1.4375, 1.96875], "texture": "#2"},
				"west": {"uv": [0.625, 4, 1.25, 5.96875], "texture": "#2"},
				"up": {"uv": [7.1875, 2.125, 6.5, 1.5], "texture": "#2"},
				"down": {"uv": [7.1875, 2.125, 6.5, 2.75], "texture": "#2"}
			}
		},
		{
			"from": [5.25, 0.25, 5.25],
			"to": [10.75, 16, 10.75],
			"rotation": {"angle": 0, "axis": "y", "origin": [8, 0, 8]},
			"faces": {
				"north": {"uv": [1.5, 0, 2.1875, 1.96875], "texture": "#2"},
				"east": {"uv": [0, 2, 0.6875, 3.96875], "texture": "#2"},
				"south": {"uv": [0.75, 2, 1.4375, 3.96875], "texture": "#2"},
				"west": {"uv": [1.5, 2, 2.1875, 3.96875], "texture": "#2"},
				"up": {"uv": [7.1875, 0.6875, 6.5, 0], "texture": "#2"},
				"down": {"uv": [7.1875, 0.75, 6.5, 1.4375], "texture": "#2"}
			}
		},
		{
			"from": [0.25, 0.25, 5.25],
			"to": [5.25, 16, 10.75],
			"rotation": {"angle": 0, "axis": "y", "origin": [8, 0, 8]},
			"faces": {
				"north": {"uv": [1.25, 4, 1.875, 5.96875], "texture": "#2"},
				"east": {"uv": [2.25, 0, 2.9375, 1.96875], "texture": "#2"},
				"south": {"uv": [1.875, 4, 2.5, 5.96875], "texture": "#2"},
				"west": {"uv": [2.25, 2, 2.9375, 3.96875], "texture": "#2"},
				"up": {"uv": [7.125, 3.4375, 6.5, 2.75], "texture": "#2"},
				"down": {"uv": [7.125, 3.5, 6.5, 4.1875], "texture": "#2"}
			}
		},
		{
			"from": [10.75, 0.25, 5.25],
			"to": [15.75, 16, 10.75],
			"rotation": {"angle": 0, "axis": "y", "origin": [8, 0, 8]},
			"faces": {
				"north": {"uv": [2.5, 4, 3.125, 5.96875], "texture": "#2"},
				"east": {"uv": [3, 0, 3.6875, 1.96875], "texture": "#2"},
				"south": {"uv": [3.125, 4, 3.75, 5.96875], "texture": "#2"},
				"west": {"uv": [3, 2, 3.6875, 3.96875], "texture": "#2"},
				"up": {"uv": [7.125, 4.9375, 6.5, 4.25], "texture": "#2"},
				"down": {"uv": [7.125, 5, 6.5, 5.6875], "texture": "#2"}
			}
		},
		{
			"from": [5.25, 0.25, 0.25],
			"to": [10.75, 16, 5.25],
			"rotation": {"angle": 0, "axis": "y", "origin": [8, 0, 8]},
			"faces": {
				"north": {"uv": [3.75, 0, 4.4375, 1.96875], "texture": "#2"},
				"east": {"uv": [3.75, 4, 4.375, 5.96875], "texture": "#2"},
				"south": {"uv": [3.75, 2, 4.4375, 3.96875], "texture": "#2"},
				"west": {"uv": [4.375, 4, 5, 5.96875], "texture": "#2"},
				"up": {"uv": [7.1875, 6.375, 6.5, 5.75], "texture": "#2"},
				"down": {"uv": [7.1875, 6.375, 6.5, 7], "texture": "#2"}
			}
		},
		{
			"from": [3.25, 0.25, 1.25],
			"to": [5.25, 16, 3.25],
			"faces": {
				"north": {"uv": [4.5, 0, 4.75, 1.96875], "texture": "#2"},
				"east": {"uv": [4.5, 2, 4.75, 3.96875], "texture": "#2"},
				"south": {"uv": [4.75, 0, 5, 1.96875], "texture": "#2"},
				"west": {"uv": [4.75, 2, 5, 3.96875], "texture": "#2"},
				"up": {"uv": [7.75, 2.25, 7.5, 2], "texture": "#2"},
				"down": {"uv": [7.75, 2.25, 7.5, 2.5], "texture": "#2"}
			}
		},
		{
			"from": [3.25, 0.25, 3.25],
			"to": [5.25, 16, 5.25],
			"faces": {
				"north": {"uv": [5, 0, 5.25, 1.96875], "texture": "#2"},
				"east": {"uv": [5, 2, 5.25, 3.96875], "texture": "#2"},
				"south": {"uv": [5, 4, 5.25, 5.96875], "texture": "#2"},
				"west": {"uv": [5.25, 0, 5.5, 1.96875], "texture": "#2"},
				"up": {"uv": [7.75, 2.75, 7.5, 2.5], "texture": "#2"},
				"down": {"uv": [7.75, 2.75, 7.5, 3], "texture": "#2"}
			}
		},
		{
			"from": [1.25, 0.25, 3.25],
			"to": [3.25, 16, 5.25],
			"faces": {
				"north": {"uv": [5.25, 2, 5.5, 3.96875], "texture": "#2"},
				"east": {"uv": [5.25, 4, 5.5, 5.96875], "texture": "#2"},
				"south": {"uv": [5.5, 0, 5.75, 1.96875], "texture": "#2"},
				"west": {"uv": [5.5, 2, 5.75, 3.96875], "texture": "#2"},
				"up": {"uv": [7.75, 3.25, 7.5, 3], "texture": "#2"},
				"down": {"uv": [7.75, 3.25, 7.5, 3.5], "texture": "#2"}
			}
		},
		{
			"from": [2.25, 0.25, 2.25],
			"to": [3.25, 16, 3.25],
			"faces": {
				"north": {"uv": [6.5, 7, 6.625, 8.96875], "texture": "#2"},
				"east": {"uv": [6.625, 7, 6.75, 8.96875], "texture": "#2"},
				"south": {"uv": [6.75, 7, 6.875, 8.96875], "texture": "#2"},
				"west": {"uv": [6.875, 7, 7, 8.96875], "texture": "#2"},
				"up": {"uv": [7.25, 4.875, 7.125, 4.75], "texture": "#2"},
				"down": {"uv": [7.25, 4.875, 7.125, 5], "texture": "#2"}
			}
		},
		{
			"from": [12.75, 0.25, 2.25],
			"to": [13.75, 16, 3.25],
			"faces": {
				"north": {"uv": [7, 7, 7.125, 8.96875], "texture": "#2"},
				"east": {"uv": [7.125, 2.75, 7.25, 4.71875], "texture": "#2"},
				"south": {"uv": [7.125, 7, 7.25, 8.96875], "texture": "#2"},
				"west": {"uv": [7.25, 0, 7.375, 1.96875], "texture": "#2"},
				"up": {"uv": [7.25, 5.125, 7.125, 5], "texture": "#2"},
				"down": {"uv": [7.25, 5.125, 7.125, 5.25], "texture": "#2"}
			}
		},
		{
			"from": [10.75, 0.25, 1.25],
			"to": [12.75, 16, 3.25],
			"faces": {
				"north": {"uv": [5.5, 4, 5.75, 5.96875], "texture": "#2"},
				"east": {"uv": [5.75, 0, 6, 1.96875], "texture": "#2"},
				"south": {"uv": [5.75, 2, 6, 3.96875], "texture": "#2"},
				"west": {"uv": [5.75, 4, 6, 5.96875], "texture": "#2"},
				"up": {"uv": [7.75, 3.75, 7.5, 3.5], "texture": "#2"},
				"down": {"uv": [7.75, 3.75, 7.5, 4], "texture": "#2"}
			}
		},
		{
			"from": [10.75, 0.25, 3.25],
			"to": [12.75, 16, 5.25],
			"faces": {
				"north": {"uv": [0, 6, 0.25, 7.96875], "texture": "#2"},
				"east": {"uv": [6, 0, 6.25, 1.96875], "texture": "#2"},
				"south": {"uv": [0.25, 6, 0.5, 7.96875], "texture": "#2"},
				"west": {"uv": [0.5, 6, 0.75, 7.96875], "texture": "#2"},
				"up": {"uv": [7.75, 4.25, 7.5, 4], "texture": "#2"},
				"down": {"uv": [7.75, 4.25, 7.5, 4.5], "texture": "#2"}
			}
		},
		{
			"from": [12.75, 0.25, 3.25],
			"to": [14.75, 16, 5.25],
			"faces": {
				"north": {"uv": [0.75, 6, 1, 7.96875], "texture": "#2"},
				"east": {"uv": [1, 6, 1.25, 7.96875], "texture": "#2"},
				"south": {"uv": [1.25, 6, 1.5, 7.96875], "texture": "#2"},
				"west": {"uv": [1.5, 6, 1.75, 7.96875], "texture": "#2"},
				"up": {"uv": [7.75, 4.75, 7.5, 4.5], "texture": "#2"},
				"down": {"uv": [7.75, 4.75, 7.5, 5], "texture": "#2"}
			}
		},
		{
			"from": [12.75, 0.25, 10.75],
			"to": [14.75, 16, 12.75],
			"faces": {
				"north": {"uv": [1.75, 6, 2, 7.96875], "texture": "#2", "tintindex": 10},
				"east": {"uv": [2, 6, 2.25, 7.96875], "texture": "#2"},
				"south": {"uv": [6, 2, 6.25, 3.96875], "texture": "#2"},
				"west": {"uv": [2.25, 6, 2.5, 7.96875], "texture": "#2"},
				"up": {"uv": [7.75, 5.25, 7.5, 5], "texture": "#2"},
				"down": {"uv": [7.75, 5.25, 7.5, 5.5], "texture": "#2"}
			}
		},
		{
			"from": [10.75, 0.25, 10.75],
			"to": [12.75, 16, 12.75],
			"faces": {
				"north": {"uv": [2.5, 6, 2.75, 7.96875], "texture": "#2"},
				"east": {"uv": [2.75, 6, 3, 7.96875], "texture": "#2"},
				"south": {"uv": [3, 6, 3.25, 7.96875], "texture": "#2"},
				"west": {"uv": [3.25, 6, 3.5, 7.96875], "texture": "#2"},
				"up": {"uv": [7.75, 5.75, 7.5, 5.5], "texture": "#2"},
				"down": {"uv": [7.75, 5.75, 7.5, 6], "texture": "#2"}
			}
		},
		{
			"from": [10.75, 0.25, 12.75],
			"to": [12.75, 16, 14.75],
			"faces": {
				"north": {"uv": [3.5, 6, 3.75, 7.96875], "texture": "#2"},
				"east": {"uv": [3.75, 6, 4, 7.96875], "texture": "#2"},
				"south": {"uv": [4, 6, 4.25, 7.96875], "texture": "#2"},
				"west": {"uv": [6, 4, 6.25, 5.96875], "texture": "#2"},
				"up": {"uv": [7.75, 6.25, 7.5, 6], "texture": "#2"},
				"down": {"uv": [7.75, 6.25, 7.5, 6.5], "texture": "#2"}
			}
		},
		{
			"from": [12.75, 0.25, 12.75],
			"to": [13.75, 16, 13.75],
			"faces": {
				"north": {"uv": [7.25, 2, 7.375, 3.96875], "texture": "#2"},
				"east": {"uv": [7.25, 4, 7.375, 5.96875], "texture": "#2"},
				"south": {"uv": [7.25, 6, 7.375, 7.96875], "texture": "#2"},
				"west": {"uv": [7.375, 0, 7.5, 1.96875], "texture": "#2"},
				"up": {"uv": [7.25, 5.375, 7.125, 5.25], "texture": "#2"},
				"down": {"uv": [7.25, 5.375, 7.125, 5.5], "texture": "#2"}
			}
		},
		{
			"from": [3.25, 0.25, 12.75],
			"to": [5.25, 16, 14.75],
			"faces": {
				"north": {"uv": [4.25, 6, 4.5, 7.96875], "texture": "#2"},
				"east": {"uv": [4.5, 6, 4.75, 7.96875], "texture": "#2"},
				"south": {"uv": [4.75, 6, 5, 7.96875], "texture": "#2"},
				"west": {"uv": [5, 6, 5.25, 7.96875], "texture": "#2"},
				"up": {"uv": [7.75, 6.75, 7.5, 6.5], "texture": "#2"},
				"down": {"uv": [7.75, 6.75, 7.5, 7], "texture": "#2"}
			}
		},
		{
			"from": [3.25, 0.25, 10.75],
			"to": [5.25, 16, 12.75],
			"faces": {
				"north": {"uv": [5.25, 6, 5.5, 7.96875], "texture": "#2"},
				"east": {"uv": [5.5, 6, 5.75, 7.96875], "texture": "#2"},
				"south": {"uv": [5.75, 6, 6, 7.96875], "texture": "#2"},
				"west": {"uv": [6, 6, 6.25, 7.96875], "texture": "#2"},
				"up": {"uv": [7.75, 7.25, 7.5, 7], "texture": "#2"},
				"down": {"uv": [7.75, 7.25, 7.5, 7.5], "texture": "#2"}
			}
		},
		{
			"from": [1.25, 0.25, 10.75],
			"to": [3.25, 16, 12.75],
			"faces": {
				"north": {"uv": [6.25, 0, 6.5, 1.96875], "texture": "#2"},
				"east": {"uv": [6.25, 2, 6.5, 3.96875], "texture": "#2"},
				"south": {"uv": [6.25, 4, 6.5, 5.96875], "texture": "#2"},
				"west": {"uv": [6.25, 6, 6.5, 7.96875], "texture": "#2"},
				"up": {"uv": [7.75, 7.75, 7.5, 7.5], "texture": "#2"},
				"down": {"uv": [7.875, 0, 7.625, 0.25], "texture": "#2"}
			}
		},
		{
			"from": [2.25, 0.25, 12.75],
			"to": [3.25, 16, 13.75],
			"faces": {
				"north": {"uv": [7.375, 2, 7.5, 3.96875], "texture": "#2"},
				"east": {"uv": [7.375, 4, 7.5, 5.96875], "texture": "#2"},
				"south": {"uv": [7.375, 6, 7.5, 7.96875], "texture": "#2"},
				"west": {"uv": [7.5, 0, 7.625, 1.96875], "texture": "#2"},
				"up": {"uv": [7.25, 5.625, 7.125, 5.5], "texture": "#2"},
				"down": {"uv": [7.25, 5.625, 7.125, 5.75], "texture": "#2"}
			}
		},
		{
			"from": [10, 15.35, 1],
			"to": [13, 16.35, 2],
			"rotation": {"angle": 0, "axis": "y", "origin": [11.5, 0, 1.5]},
			"faces": {
				"north": {"uv": [3, 8, 4.5, 8.5], "texture": "#1"},
				"east": {"uv": [10.5, 9.5, 11, 10], "texture": "#1"},
				"south": {"uv": [8, 5, 9.5, 5.5], "texture": "#1"},
				"west": {"uv": [10, 10.5, 10.5, 11], "texture": "#1"},
				"up": {"uv": [9.5, 6, 8, 5.5], "texture": "#1"},
				"down": {"uv": [9.5, 6, 8, 6.5], "texture": "#1"}
			}
		},
		{
			"from": [5, 15.35, 0],
			"to": [11, 16.35, 1],
			"rotation": {"angle": 0, "axis": "y", "origin": [8, 0, 0.5]},
			"faces": {
				"north": {"uv": [4, 2, 7, 2.5], "texture": "#1"},
				"east": {"uv": [10.5, 10, 11, 10.5], "texture": "#1"},
				"south": {"uv": [4, 2.5, 7, 3], "texture": "#1"},
				"west": {"uv": [10.5, 10.5, 11, 11], "texture": "#1"},
				"up": {"uv": [7, 3.5, 4, 3], "texture": "#1"},
				"down": {"uv": [7, 3.5, 4, 4], "texture": "#1"}
			}
		},
		{
			"from": [3, 15.35, 2],
			"to": [4, 16.35, 3],
			"rotation": {"angle": 0, "axis": "y", "origin": [3.5, 0, 2.5]},
			"faces": {
				"north": {"uv": [0, 11, 0.5, 11.5], "texture": "#1"},
				"east": {"uv": [11, 0, 11.5, 0.5], "texture": "#1"},
				"south": {"uv": [0.5, 11, 1, 11.5], "texture": "#1"},
				"west": {"uv": [11, 0.5, 11.5, 1], "texture": "#1"},
				"up": {"uv": [1.5, 11.5, 1, 11], "texture": "#1"},
				"down": {"uv": [11.5, 1, 11, 1.5], "texture": "#1"}
			}
		},
		{
			"from": [3, 15.35, 1],
			"to": [6, 16.35, 2],
			"rotation": {"angle": 0, "axis": "y", "origin": [4.5, 0, 1.5]},
			"faces": {
				"north": {"uv": [6.5, 8, 8, 8.5], "texture": "#1"},
				"east": {"uv": [1.5, 11, 2, 11.5], "texture": "#1"},
				"south": {"uv": [8, 7.5, 9.5, 8], "texture": "#1"},
				"west": {"uv": [11, 1.5, 11.5, 2], "texture": "#1"},
				"up": {"uv": [9.5, 8.5, 8, 8], "texture": "#1"},
				"down": {"uv": [10, 0.5, 8.5, 1], "texture": "#1"}
			}
		},
		{
			"from": [2, 15.35, 2],
			"to": [3, 16.35, 3],
			"rotation": {"angle": 0, "axis": "y", "origin": [2.5, 0, 2.5]},
			"faces": {
				"north": {"uv": [2, 11, 2.5, 11.5], "texture": "#1"},
				"east": {"uv": [11, 2, 11.5, 2.5], "texture": "#1"},
				"south": {"uv": [2.5, 11, 3, 11.5], "texture": "#1"},
				"west": {"uv": [11, 2.5, 11.5, 3], "texture": "#1"},
				"up": {"uv": [3.5, 11.5, 3, 11], "texture": "#1"},
				"down": {"uv": [11.5, 3, 11, 3.5], "texture": "#1"}
			}
		},
		{
			"from": [2, 15.35, 3],
			"to": [3, 16.35, 4],
			"rotation": {"angle": 0, "axis": "y", "origin": [2.5, 0, 3.5]},
			"faces": {
				"north": {"uv": [3.5, 11, 4, 11.5], "texture": "#1"},
				"east": {"uv": [11, 3.5, 11.5, 4], "texture": "#1"},
				"south": {"uv": [4, 11, 4.5, 11.5], "texture": "#1"},
				"west": {"uv": [11, 4, 11.5, 4.5], "texture": "#1"},
				"up": {"uv": [5, 11.5, 4.5, 11], "texture": "#1"},
				"down": {"uv": [11.5, 4.5, 11, 5], "texture": "#1"}
			}
		},
		{
			"from": [1, 15.35, 3],
			"to": [2, 16.35, 6],
			"rotation": {"angle": 0, "axis": "y", "origin": [1.5, 0, 4.5]},
			"faces": {
				"north": {"uv": [5, 11, 5.5, 11.5], "texture": "#1"},
				"east": {"uv": [8.5, 1, 10, 1.5], "texture": "#1"},
				"south": {"uv": [11, 5, 11.5, 5.5], "texture": "#1"},
				"west": {"uv": [8.5, 1.5, 10, 2], "texture": "#1"},
				"up": {"uv": [1.5, 9.5, 1, 8], "texture": "#1"},
				"down": {"uv": [2, 8, 1.5, 9.5], "texture": "#1"}
			}
		},
		{
			"from": [1, 15.35, 10],
			"to": [2, 16.35, 13],
			"rotation": {"angle": 0, "axis": "y", "origin": [1.5, 0, 11.5]},
			"faces": {
				"north": {"uv": [5.5, 11, 6, 11.5], "texture": "#1"},
				"east": {"uv": [2.5, 8.5, 4, 9], "texture": "#1"},
				"south": {"uv": [11, 5.5, 11.5, 6], "texture": "#1"},
				"west": {"uv": [8.5, 3.5, 10, 4], "texture": "#1"},
				"up": {"uv": [4.5, 10, 4, 8.5], "texture": "#1"},
				"down": {"uv": [5, 8.5, 4.5, 10], "texture": "#1"}
			}
		},
		{
			"from": [0, 15.35, 5],
			"to": [1, 16.35, 11],
			"rotation": {"angle": 0, "axis": "y", "origin": [0.5, 0, 8]},
			"faces": {
				"north": {"uv": [6, 11, 6.5, 11.5], "texture": "#1"},
				"east": {"uv": [4, 4, 7, 4.5], "texture": "#1"},
				"south": {"uv": [11, 6, 11.5, 6.5], "texture": "#1"},
				"west": {"uv": [4, 4.5, 7, 5], "texture": "#1"},
				"up": {"uv": [1.5, 7, 1, 4], "texture": "#1"},
				"down": {"uv": [2, 4, 1.5, 7], "texture": "#1"}
			}
		},
		{
			"from": [2, 15.35, 12],
			"to": [3, 16.35, 13],
			"rotation": {"angle": 0, "axis": "y", "origin": [2.5, 0, 12.5]},
			"faces": {
				"north": {"uv": [6.5, 11, 7, 11.5], "texture": "#1"},
				"east": {"uv": [11, 6.5, 11.5, 7], "texture": "#1"},
				"south": {"uv": [7, 11, 7.5, 11.5], "texture": "#1"},
				"west": {"uv": [11, 7, 11.5, 7.5], "texture": "#1"},
				"up": {"uv": [8, 11.5, 7.5, 11], "texture": "#1"},
				"down": {"uv": [11.5, 7.5, 11, 8], "texture": "#1"}
			}
		},
		{
			"from": [2, 15.35, 13],
			"to": [3, 16.35, 14],
			"rotation": {"angle": 0, "axis": "y", "origin": [2.5, 0, 13.5]},
			"faces": {
				"north": {"uv": [8, 11, 8.5, 11.5], "texture": "#1"},
				"east": {"uv": [11, 8, 11.5, 8.5], "texture": "#1"},
				"south": {"uv": [8.5, 11, 9, 11.5], "texture": "#1"},
				"west": {"uv": [11, 8.5, 11.5, 9], "texture": "#1"},
				"up": {"uv": [9.5, 11.5, 9, 11], "texture": "#1"},
				"down": {"uv": [11.5, 9, 11, 9.5], "texture": "#1"}
			}
		},
		{
			"from": [3, 15.35, 13],
			"to": [4, 16.35, 14],
			"rotation": {"angle": 0, "axis": "y", "origin": [3.5, 0, 13.5]},
			"faces": {
				"north": {"uv": [9.5, 11, 10, 11.5], "texture": "#1"},
				"east": {"uv": [11, 9.5, 11.5, 10], "texture": "#1"},
				"south": {"uv": [10, 11, 10.5, 11.5], "texture": "#1"},
				"west": {"uv": [11, 10, 11.5, 10.5], "texture": "#1"},
				"up": {"uv": [11, 11.5, 10.5, 11], "texture": "#1"},
				"down": {"uv": [11.5, 10.5, 11, 11], "texture": "#1"}
			}
		},
		{
			"from": [3, 15.35, 14],
			"to": [6, 16.35, 15],
			"rotation": {"angle": 0, "axis": "y", "origin": [4.5, 0, 14.5]},
			"faces": {
				"north": {"uv": [8.5, 4, 10, 4.5], "texture": "#1"},
				"east": {"uv": [11, 11, 11.5, 11.5], "texture": "#1"},
				"south": {"uv": [8.5, 4.5, 10, 5], "texture": "#1"},
				"west": {"uv": [0, 11.5, 0.5, 12], "texture": "#1"},
				"up": {"uv": [8, 9, 6.5, 8.5], "texture": "#1"},
				"down": {"uv": [10, 6.5, 8.5, 7], "texture": "#1"}
			}
		},
		{
			"from": [5, 15.35, 15],
			"to": [11, 16.35, 16],
			"rotation": {"angle": 0, "axis": "y", "origin": [8, 0, 15.5]},
			"faces": {
				"north": {"uv": [2, 5, 5, 5.5], "texture": "#1"},
				"east": {"uv": [11.5, 0, 12, 0.5], "texture": "#1"},
				"south": {"uv": [5, 5, 8, 5.5], "texture": "#1"},
				"west": {"uv": [0.5, 11.5, 1, 12], "texture": "#1"},
				"up": {"uv": [5, 6, 2, 5.5], "texture": "#1"},
				"down": {"uv": [8, 5.5, 5, 6], "texture": "#1"}
			}
		},
		{
			"from": [10, 15.35, 14],
			"to": [13, 16.35, 15],
			"rotation": {"angle": 0, "axis": "y", "origin": [11.5, 0, 14.5]},
			"faces": {
				"north": {"uv": [8.5, 7, 10, 7.5], "texture": "#1"},
				"east": {"uv": [11.5, 0.5, 12, 1], "texture": "#1"},
				"south": {"uv": [8, 8.5, 9.5, 9], "texture": "#1"},
				"west": {"uv": [1, 11.5, 1.5, 12], "texture": "#1"},
				"up": {"uv": [10.5, 2.5, 9, 2], "texture": "#1"},
				"down": {"uv": [4, 9, 2.5, 9.5], "texture": "#1"}
			}
		},
		{
			"from": [12, 15.35, 13],
			"to": [13, 16.35, 14],
			"rotation": {"angle": 0, "axis": "y", "origin": [12.5, 0, 13.5]},
			"faces": {
				"north": {"uv": [11.5, 1, 12, 1.5], "texture": "#1"},
				"east": {"uv": [1.5, 11.5, 2, 12], "texture": "#1"},
				"south": {"uv": [11.5, 1.5, 12, 2], "texture": "#1"},
				"west": {"uv": [2, 11.5, 2.5, 12], "texture": "#1"},
				"up": {"uv": [12, 2.5, 11.5, 2], "texture": "#1"},
				"down": {"uv": [3, 11.5, 2.5, 12], "texture": "#1"}
			}
		},
		{
			"from": [13, 15.35, 13],
			"to": [14, 16.35, 14],
			"rotation": {"angle": 0, "axis": "y", "origin": [13.5, 0, 13.5]},
			"faces": {
				"north": {"uv": [11.5, 2.5, 12, 3], "texture": "#1"},
				"east": {"uv": [3, 11.5, 3.5, 12], "texture": "#1"},
				"south": {"uv": [11.5, 3, 12, 3.5], "texture": "#1"},
				"west": {"uv": [3.5, 11.5, 4, 12], "texture": "#1"},
				"up": {"uv": [12, 4, 11.5, 3.5], "texture": "#1"},
				"down": {"uv": [4.5, 11.5, 4, 12], "texture": "#1"}
			}
		},
		{
			"from": [14, 15.35, 10],
			"to": [15, 16.35, 13],
			"rotation": {"angle": 0, "axis": "y", "origin": [14.5, 0, 11.5]},
			"faces": {
				"north": {"uv": [11.5, 4, 12, 4.5], "texture": "#1"},
				"east": {"uv": [9, 2.5, 10.5, 3], "texture": "#1"},
				"south": {"uv": [4.5, 11.5, 5, 12], "texture": "#1"},
				"west": {"uv": [9, 3, 10.5, 3.5], "texture": "#1"},
				"up": {"uv": [5.5, 10, 5, 8.5], "texture": "#1"},
				"down": {"uv": [0.5, 9, 0, 10.5], "texture": "#1"}
			}
		},
		{
			"from": [13, 15.35, 12],
			"to": [14, 16.35, 13],
			"rotation": {"angle": 0, "axis": "y", "origin": [13.5, 0, 12.5]},
			"faces": {
				"north": {"uv": [11.5, 4.5, 12, 5], "texture": "#1"},
				"east": {"uv": [5, 11.5, 5.5, 12], "texture": "#1"},
				"south": {"uv": [11.5, 5, 12, 5.5], "texture": "#1"},
				"west": {"uv": [5.5, 11.5, 6, 12], "texture": "#1"},
				"up": {"uv": [12, 6, 11.5, 5.5], "texture": "#1"},
				"down": {"uv": [6.5, 11.5, 6, 12], "texture": "#1"}
			}
		},
		{
			"from": [15, 15.35, 5],
			"to": [16, 16.35, 11],
			"rotation": {"angle": 0, "axis": "y", "origin": [15.5, 0, 8]},
			"faces": {
				"north": {"uv": [11.5, 6, 12, 6.5], "texture": "#1"},
				"east": {"uv": [2, 6, 5, 6.5], "texture": "#1"},
				"south": {"uv": [6.5, 11.5, 7, 12], "texture": "#1"},
				"west": {"uv": [5, 6, 8, 6.5], "texture": "#1"},
				"up": {"uv": [0.5, 9, 0, 6], "texture": "#1"},
				"down": {"uv": [2.5, 6.5, 2, 9.5], "texture": "#1"}
			}
		},
		{
			"from": [14, 15.35, 3],
			"to": [15, 16.35, 6],
			"rotation": {"angle": 0, "axis": "y", "origin": [14.5, 0, 4.5]},
			"faces": {
				"north": {"uv": [11.5, 6.5, 12, 7], "texture": "#1"},
				"east": {"uv": [5.5, 9, 7, 9.5], "texture": "#1"},
				"south": {"uv": [7, 11.5, 7.5, 12], "texture": "#1"},
				"west": {"uv": [7, 9, 8.5, 9.5], "texture": "#1"},
				"up": {"uv": [9, 10.5, 8.5, 9], "texture": "#1"},
				"down": {"uv": [9.5, 9, 9, 10.5], "texture": "#1"}
			}
		},
		{
			"from": [13, 15.35, 3],
			"to": [14, 16.35, 4],
			"rotation": {"angle": 0, "axis": "y", "origin": [13.5, 0, 3.5]},
			"faces": {
				"north": {"uv": [11.5, 7, 12, 7.5], "texture": "#1"},
				"east": {"uv": [7.5, 11.5, 8, 12], "texture": "#1"},
				"south": {"uv": [11.5, 7.5, 12, 8], "texture": "#1"},
				"west": {"uv": [8, 11.5, 8.5, 12], "texture": "#1"},
				"up": {"uv": [12, 8.5, 11.5, 8], "texture": "#1"},
				"down": {"uv": [9, 11.5, 8.5, 12], "texture": "#1"}
			}
		},
		{
			"from": [13, 15.35, 2],
			"to": [14, 16.35, 3],
			"rotation": {"angle": 0, "axis": "y", "origin": [13.5, 0, 2.5]},
			"faces": {
				"north": {"uv": [11.5, 8.5, 12, 9], "texture": "#1"},
				"east": {"uv": [9, 11.5, 9.5, 12], "texture": "#1"},
				"south": {"uv": [11.5, 9, 12, 9.5], "texture": "#1"},
				"west": {"uv": [9.5, 11.5, 10, 12], "texture": "#1"},
				"up": {"uv": [12, 10, 11.5, 9.5], "texture": "#1"},
				"down": {"uv": [10.5, 11.5, 10, 12], "texture": "#1"}
			}
		},
		{
			"from": [12, 15.35, 2],
			"to": [13, 16.35, 3],
			"rotation": {"angle": 0, "axis": "y", "origin": [12.5, 0, 2.5]},
			"faces": {
				"north": {"uv": [11.5, 10, 12, 10.5], "texture": "#1"},
				"east": {"uv": [10.5, 11.5, 11, 12], "texture": "#1"},
				"south": {"uv": [11.5, 10.5, 12, 11], "texture": "#1"},
				"west": {"uv": [11, 11.5, 11.5, 12], "texture": "#1"},
				"up": {"uv": [12, 11.5, 11.5, 11], "texture": "#1"},
				"down": {"uv": [12, 11.5, 11.5, 12], "texture": "#1"}
			}
		},
		{
			"from": [3, 16.25, 1],
			"to": [13, 16.25, 4],
			"faces": {
				"north": {"uv": [0, 0, 5, 0], "texture": "#3"},
				"east": {"uv": [0, 0, 1.5, 0], "texture": "#3"},
				"south": {"uv": [0, 0, 5, 0], "texture": "#3"},
				"west": {"uv": [0, 0, 1.5, 0], "texture": "#3"},
				"up": {"uv": [12, 1.5, 7, 0], "texture": "#3"},
				"down": {"uv": [12, 1.5, 7, 3], "texture": "#3"}
			}
		},
		{
			"from": [1, 16.25, 3],
			"to": [15, 16.25, 13],
			"faces": {
				"north": {"uv": [0, 0, 7, 0], "texture": "#3"},
				"east": {"uv": [0, 0, 5, 0], "texture": "#3"},
				"south": {"uv": [0, 0, 7, 0], "texture": "#3"},
				"west": {"uv": [0, 0, 5, 0], "texture": "#3"},
				"up": {"uv": [7, 5, 0, 0], "texture": "#3"},
				"down": {"uv": [7, 5, 0, 10], "texture": "#3"}
			}
		},
		{
			"from": [3, 16.25, 12],
			"to": [13, 16.25, 15],
			"faces": {
				"north": {"uv": [0, 0, 5, 0], "texture": "#3"},
				"east": {"uv": [0, 0, 1.5, 0], "texture": "#3"},
				"south": {"uv": [0, 0, 5, 0], "texture": "#3"},
				"west": {"uv": [0, 0, 1.5, 0], "texture": "#3"},
				"up": {"uv": [12, 4.5, 7, 3], "texture": "#3"},
				"down": {"uv": [12, 4.5, 7, 6], "texture": "#3"}
			}
		},
		{
			"from": [3, 0.15, 1],
			"to": [13, 0.15, 4],
			"faces": {
				"north": {"uv": [0, 0, 5, 0], "texture": "#3"},
				"east": {"uv": [0, 0, 1.5, 0], "texture": "#3"},
				"south": {"uv": [0, 0, 5, 0], "texture": "#3"},
				"west": {"uv": [0, 0, 1.5, 0], "texture": "#3"},
				"up": {"uv": [12, 1.5, 7, 0], "texture": "#3"},
				"down": {"uv": [12, 1.5, 7, 3], "texture": "#3"}
			}
		},
		{
			"from": [1, 0.15, 3],
			"to": [15, 0.15, 13],
			"faces": {
				"north": {"uv": [0, 0, 7, 0], "texture": "#3"},
				"east": {"uv": [0, 0, 5, 0], "texture": "#3"},
				"south": {"uv": [0, 0, 7, 0], "texture": "#3"},
				"west": {"uv": [0, 0, 5, 0], "texture": "#3"},
				"up": {"uv": [7, 5, 0, 0], "texture": "#3"},
				"down": {"uv": [7, 5, 0, 10], "texture": "#3"}
			}
		},
		{
			"from": [3, 0.15, 12],
			"to": [13, 0.15, 15],
			"faces": {
				"north": {"uv": [0, 0, 5, 0], "texture": "#3"},
				"east": {"uv": [0, 0, 1.5, 0], "texture": "#3"},
				"south": {"uv": [0, 0, 5, 0], "texture": "#3"},
				"west": {"uv": [0, 0, 1.5, 0], "texture": "#3"},
				"up": {"uv": [12, 4.5, 7, 3], "texture": "#3"},
				"down": {"uv": [12, 4.5, 7, 6], "texture": "#3"}
			}
		}
	],
	"display": {
		"thirdperson_righthand": {
			"rotation": [13, 180, 0],
			"translation": [0, -1.5, 0],
			"scale": [0.27, 0.27, 0.27]
		},
		"thirdperson_lefthand": {
			"rotation": [13, 180, 0],
			"translation": [0, -1.5, 0],
			"scale": [0.27, 0.27, 0.27]
		},
		"firstperson_righthand": {
			"rotation": [0, -29, 0],
			"translation": [-1.75, 4.5, 1.5],
			"scale": [0.43, 0.43, 0.43]
		},
		"firstperson_lefthand": {
			"rotation": [0, -29, 0],
			"translation": [-1.75, 4.5, 1.5],
			"scale": [0.43, 0.43, 0.43]
		},
		"ground": {
			"translation": [0, -0.75, 0],
			"scale": [0.35, 0.35, 0.35]
		},
		"gui": {
			"rotation": [-6.41, -20.02, -18.14],
			"translation": [0.25, -0.5, 0],
			"scale": [0.56, 0.66, 0.63]
		},
		"head": {
			"rotation": [0, 180, 0],
			"translation": [0, -0.75, 0],
			"scale": [1.15, 1.15, 1.15]
		},
		"fixed": {
			"rotation": [90, 19, 180],
			"translation": [0, 0, -4.5],
			"scale": [0.69, 0.69, 0.66]
		}
	},
	"groups": [
		{
			"name": "group",
			"origin": [12.5, 0, 2.5],
			"color": 0,
			"children": [0, 1, 2, 3, 4, 5, 6, 7, 8, 9, 10, 11, 12, 13, 14, 15, 16, 17, 18, 19, 20, 21, 22, 23]
		},
		{
			"name": "group",
			"origin": [0, 0, 0],
			"color": 0,
			"children": [24, 25, 26, 27, 28, 29, 30, 31, 32, 33, 34, 35, 36, 37, 38, 39, 40, 41, 42, 43, 44]
		},
		{
			"name": "group",
			"origin": [12.5, 0, 2.5],
			"color": 0,
			"children": [45, 46, 47, 48, 49, 50, 51, 52, 53, 54, 55, 56, 57, 58, 59, 60, 61, 62, 63, 64, 65, 66, 67, 68]
		},
		{
			"name": "group",
			"origin": [0, 0, 0],
			"color": 0,
			"children": [
				69,
				70,
				71,
				{
					"name": "group",
					"origin": [0, 0, 0],
					"color": 0,
					"children": [72, 73, 74]
				}
			]
		}
	]
}