{"credit":"Made with Blockbench","textures":{"0":"politmine/item/brewery/dom_perignon/bottle","2":"politmine/item/brewery/dom_perignon/folga","particle":"politmine/item/brewery/dom_perignon/bottle"},"elements":[{"from":[5,0,5],"to":[11,2,11],"faces":{"north":{"uv":[6,0,12,1],"texture":"#0"},"east":{"uv":[6,1,12,2],"texture":"#0"},"south":{"uv":[6,2,12,3],"texture":"#0"},"west":{"uv":[6,3,12,4],"texture":"#0"},"up":{"uv":[6,6,0,0],"texture":"#0"},"down":{"uv":[6,6,0,12],"texture":"#0"}}},{"from":[6,0,4],"to":[10,10,5],"faces":{"north":{"uv":[6,4,10,5],"texture":"#0"},"east":{"uv":[12,0,13,1],"texture":"#0"},"south":{"uv":[6,5,10,6],"texture":"#0"},"west":{"uv":[1,12,2,13],"texture":"#0"},"up":{"uv":[10,7,6,6],"texture":"#0"},"down":{"uv":[10,7,6,8],"texture":"#0"}}},{"from":[4,0,6],"to":[5,10,10],"faces":{"north":{"uv":[12,2,13,3],"texture":"#0"},"east":{"uv":[6,10,10,11],"texture":"#0"},"south":{"uv":[3,12,4,13],"texture":"#0"},"west":{"uv":[10,6,14,7],"texture":"#0"},"up":{"uv":[11,11,10,7],"texture":"#0"},"down":{"uv":[7,11,6,15],"texture":"#0"}}},{"from":[11,0,6],"to":[12,10,10],"faces":{"north":{"uv":[12,3,13,4],"texture":"#0"},"east":{"uv":[7,11,11,12],"texture":"#0"},"south":{"uv":[4,12,5,13],"texture":"#0"},"west":{"uv":[11,7,15,8],"texture":"#0"},"up":{"uv":[12,12,11,8],"texture":"#0"},"down":{"uv":[1,12,0,16],"texture":"#0"}}},{"from":[6,0,11],"to":[10,10,12],"faces":{"north":{"uv":[6,8,10,9],"texture":"#0"},"east":{"uv":[12,1,13,2],"texture":"#0"},"south":{"uv":[6,9,10,10],"texture":"#0"},"west":{"uv":[2,12,3,13],"texture":"#0"},"up":{"uv":[14,5,10,4],"texture":"#0"},"down":{"uv":[14,5,10,6],"texture":"#0"}}},{"from":[5,1,10],"to":[6,10,11],"faces":{"north":{"uv":[0,0,1,9],"texture":"#0"},"east":{"uv":[0,0,1,9],"texture":"#0"},"south":{"uv":[0,0,1,9],"texture":"#0"},"west":{"uv":[0,0,1,9],"texture":"#0"},"up":{"uv":[0,0,1,1],"texture":"#0"},"down":{"uv":[0,0,1,1],"texture":"#0"}}},{"from":[5,1,5],"to":[6,10,6],"faces":{"north":{"uv":[0,0,1,9],"texture":"#0"},"east":{"uv":[0,0,1,9],"texture":"#0"},"south":{"uv":[0,0,1,9],"texture":"#0"},"west":{"uv":[0,0,1,9],"texture":"#0"},"up":{"uv":[0,0,1,1],"texture":"#0"},"down":{"uv":[0,0,1,1],"texture":"#0"}}},{"from":[10,1,10],"to":[11,10,11],"faces":{"north":{"uv":[0,0,1,9],"texture":"#0"},"east":{"uv":[0,0,1,9],"texture":"#0"},"south":{"uv":[0,0,1,9],"texture":"#0"},"west":{"uv":[0,0,1,9],"texture":"#0"},"up":{"uv":[0,0,1,1],"texture":"#0"},"down":{"uv":[0,0,1,1],"texture":"#0"}}},{"from":[11,4,5.6],"to":[12,8,6.6],"faces":{"north":{"uv":[0,0,1,4],"texture":"#0"},"east":{"uv":[0,0,1,4],"texture":"#0"},"south":{"uv":[0,0,1,4],"texture":"#0"},"west":{"uv":[0,0,1,4],"texture":"#0"},"up":{"uv":[0,0,1,1],"texture":"#0"},"down":{"uv":[0,0,1,1],"texture":"#0"}}},{"from":[11,4,9.45],"to":[12,8,10.45],"faces":{"north":{"uv":[0,0,1,4],"texture":"#0"},"east":{"uv":[0,0,1,4],"texture":"#0"},"south":{"uv":[0,0,1,4],"texture":"#0"},"west":{"uv":[0,0,1,4],"texture":"#0"},"up":{"uv":[0,0,1,1],"texture":"#0"},"down":{"uv":[0,0,1,1],"texture":"#0"}}},{"from":[11,3.5,9.7],"to":[12,4,10.2],"faces":{"north":{"uv":[0,0,1,0.5],"texture":"#0"},"east":{"uv":[0,0,0.5,0.5],"texture":"#0"},"south":{"uv":[0,0,1,0.5],"texture":"#0"},"west":{"uv":[0,0,0.5,0.5],"texture":"#0"},"up":{"uv":[0,0,1,0.5],"texture":"#0"},"down":{"uv":[0,0,1,0.5],"texture":"#0"}}},{"from":[11,8,9.7],"to":[12,8.5,10.2],"faces":{"north":{"uv":[0,0,1,0.5],"texture":"#0"},"east":{"uv":[0,0,0.5,0.5],"texture":"#0"},"south":{"uv":[0,0,1,0.5],"texture":"#0"},"west":{"uv":[0,0,0.5,0.5],"texture":"#0"},"up":{"uv":[0,0,1,0.5],"texture":"#0"},"down":{"uv":[0,0,1,0.5],"texture":"#0"}}},{"from":[11,8,5.8],"to":[12,8.5,6.3],"faces":{"north":{"uv":[0,0,1,0.5],"texture":"#0"},"east":{"uv":[0,0,0.5,0.5],"texture":"#0"},"south":{"uv":[0,0,1,0.5],"texture":"#0"},"west":{"uv":[0,0,0.5,0.5],"texture":"#0"},"up":{"uv":[0,0,1,0.5],"texture":"#0"},"down":{"uv":[0,0,1,0.5],"texture":"#0"}}},{"from":[11,3.5,5.7],"to":[12,4,6.2],"faces":{"north":{"uv":[0,0,1,0.5],"texture":"#0"},"east":{"uv":[0,0,0.5,0.5],"texture":"#0"},"south":{"uv":[0,0,1,0.5],"texture":"#0"},"west":{"uv":[0,0,0.5,0.5],"texture":"#0"},"up":{"uv":[0,0,1,0.5],"texture":"#0"},"down":{"uv":[0,0,1,0.5],"texture":"#0"}}},{"from":[11,4,9.45],"to":[12,8,10.45],"faces":{"north":{"uv":[0,0,1,4],"texture":"#0"},"east":{"uv":[0,0,1,4],"texture":"#0"},"south":{"uv":[0,0,1,4],"texture":"#0"},"west":{"uv":[0,0,1,4],"texture":"#0"},"up":{"uv":[0,0,1,1],"texture":"#0"},"down":{"uv":[0,0,1,1],"texture":"#0"}}},{"from":[10,1,5],"to":[11,10,6],"faces":{"north":{"uv":[0,0,1,9],"texture":"#0"},"east":{"uv":[0,0,1,9],"texture":"#0"},"south":{"uv":[0,0,1,9],"texture":"#0"},"west":{"uv":[0,0,1,9],"texture":"#0"},"up":{"uv":[0,0,1,1],"texture":"#0"},"down":{"uv":[0,0,1,1],"texture":"#0"}}},{"from":[6,10,5],"to":[7,12,6],"faces":{"north":{"uv":[0,0,1,2],"texture":"#0"},"east":{"uv":[0,0,1,2],"texture":"#0"},"south":{"uv":[0,0,1,2],"texture":"#0"},"west":{"uv":[0,0,1,2],"texture":"#0"},"up":{"uv":[0,0,1,1],"texture":"#0"},"down":{"uv":[0,0,1,1],"texture":"#0"}}},{"from":[9,10,5],"to":[10,12,6],"faces":{"north":{"uv":[0,0,1,2],"texture":"#0"},"east":{"uv":[0,0,1,2],"texture":"#0"},"south":{"uv":[0,0,1,2],"texture":"#0"},"west":{"uv":[0,0,1,2],"texture":"#0"},"up":{"uv":[0,0,1,1],"texture":"#0"},"down":{"uv":[0,0,1,1],"texture":"#0"}}},{"from":[9.6,10,5.5],"to":[10.6,11.4,6.5],"faces":{"north":{"uv":[0,0,1,1.4],"texture":"#0"},"east":{"uv":[0,0,1,1.4],"texture":"#0"},"south":{"uv":[0,0,1,1.4],"texture":"#0"},"west":{"uv":[0,0,1,1.4],"texture":"#0"},"up":{"uv":[0,0,1,1],"texture":"#0"},"down":{"uv":[0,0,1,1],"texture":"#0"}}},{"from":[10.5,10,6.4],"to":[11.5,11.4,7.4],"faces":{"north":{"uv":[0,0,1,1.4],"texture":"#0"},"east":{"uv":[0,0,1,1.4],"texture":"#0"},"south":{"uv":[0,0,1,1.4],"texture":"#0"},"west":{"uv":[0,0,1,1.4],"texture":"#0"},"up":{"uv":[0,0,1,1],"texture":"#0"},"down":{"uv":[0,0,1,1],"texture":"#0"}}},{"from":[10.5,10,8.4],"to":[11.5,11.4,9.6],"faces":{"north":{"uv":[0,0,1,1.4],"texture":"#0"},"east":{"uv":[0,0,1.2,1.4],"texture":"#0"},"south":{"uv":[0,0,1,1.4],"texture":"#0"},"west":{"uv":[0,0,1.2,1.4],"texture":"#0"},"up":{"uv":[0,0,1,1.2],"texture":"#0"},"down":{"uv":[0,0,1,1.2],"texture":"#0"}}},{"from":[4.5,10,8.4],"to":[5.5,11.4,9.6],"faces":{"north":{"uv":[0,0,1,1.4],"texture":"#0"},"east":{"uv":[0,0,1.2,1.4],"texture":"#0"},"south":{"uv":[0,0,1,1.4],"texture":"#0"},"west":{"uv":[0,0,1.2,1.4],"texture":"#0"},"up":{"uv":[0,0,1,1.2],"texture":"#0"},"down":{"uv":[0,0,1,1.2],"texture":"#0"}}},{"from":[4.5,10,6.4],"to":[5.5,11.4,7.4],"faces":{"north":{"uv":[0,0,1,1.4],"texture":"#0"},"east":{"uv":[0,0,1,1.4],"texture":"#0"},"south":{"uv":[0,0,1,1.4],"texture":"#0"},"west":{"uv":[0,0,1,1.4],"texture":"#0"},"up":{"uv":[0,0,1,1],"texture":"#0"},"down":{"uv":[0,0,1,1],"texture":"#0"}}},{"from":[6.5,10,4.4],"to":[7.5,11.4,5.4],"faces":{"north":{"uv":[0,0,1,1.4],"texture":"#0"},"east":{"uv":[0,0,1,1.4],"texture":"#0"},"south":{"uv":[0,0,1,1.4],"texture":"#0"},"west":{"uv":[0,0,1,1.4],"texture":"#0"},"up":{"uv":[0,0,1,1],"texture":"#0"},"down":{"uv":[0,0,1,1],"texture":"#0"}}},{"from":[7.3,13,5.2],"to":[8.7,14,6.2],"faces":{"north":{"uv":[0,0,1.4,1],"texture":"#0"},"east":{"uv":[0,0,1,1],"texture":"#0"},"south":{"uv":[0,0,1.4,1],"texture":"#0"},"west":{"uv":[0,0,1,1],"texture":"#0"},"up":{"uv":[0,0,1.4,1],"texture":"#0"},"down":{"uv":[0,0,1.4,1],"texture":"#0"}}},{"from":[7.3,14.5,5.7],"to":[8.7,15.75,6.7],"faces":{"north":{"uv":[6.46875,4.625,0,0],"texture":"#0"},"east":{"uv":[0,0,10.46875,9.21875],"texture":"#0"},"south":{"uv":[0,0,10.59375,9.25],"texture":"#0"},"west":{"uv":[0,0,10.96875,8.8125],"texture":"#0"},"up":{"uv":[0,0,10.86875,7.875],"texture":"#0"},"down":{"uv":[0,0,9.80625,7.0625],"texture":"#0"}}},{"from":[9.3,14.4,7.3],"to":[10.3,15.65,8.7],"faces":{"north":{"uv":[0,0,1,1.25],"texture":"#0"},"east":{"uv":[0,0,1.4,1.25],"texture":"#0"},"south":{"uv":[0,0,1,1.25],"texture":"#0"},"west":{"uv":[0,0,1.4,1.25],"texture":"#0"},"up":{"uv":[0,0,1.4,1],"rotation":90,"texture":"#0"},"down":{"uv":[0,0,1.4,1],"rotation":270,"texture":"#0"}}},{"from":[8.3,17.9,7.05],"to":[9.3,19.65,8.95],"faces":{"north":{"uv":[0,0,16,16],"texture":"#2"},"east":{"uv":[0,0,16,15.30932],"texture":"#2"},"south":{"uv":[0,0,16,16],"texture":"#2"},"west":{"uv":[0,0,16,16],"texture":"#2"},"up":{"uv":[0,0,16,16],"rotation":90,"texture":"#2"},"down":{"uv":[0,0,16,16],"rotation":270,"texture":"#2"}}},{"from":[7.05,17.9,6.7],"to":[8.95,19.65,7.7],"faces":{"north":{"uv":[0,0,16,16],"texture":"#2"},"east":{"uv":[0,0,16,15.30932],"texture":"#2"},"south":{"uv":[0,0,16,16],"texture":"#2"},"west":{"uv":[0,0,16,16],"texture":"#2"},"up":{"uv":[0,0,16,16],"texture":"#2"},"down":{"uv":[0,0,16,16],"texture":"#2"}}},{"from":[7.05,17.9,8.3],"to":[8.95,19.65,9.3],"faces":{"north":{"uv":[0,0,16,16],"texture":"#2"},"east":{"uv":[0,0,16,15.30932],"texture":"#2"},"south":{"uv":[0,0,16,16],"texture":"#2"},"west":{"uv":[0,0,16,16],"texture":"#2"},"up":{"uv":[0,0,16,16],"texture":"#2"},"down":{"uv":[0,0,16,16],"texture":"#2"}}},{"from":[6.7,17.9,7.05],"to":[7.7,19.65,8.95],"faces":{"north":{"uv":[0,0,16,16],"texture":"#2"},"east":{"uv":[0,0,16,15.30932],"texture":"#2"},"south":{"uv":[0,0,16,16],"texture":"#2"},"west":{"uv":[0,0,16,16],"texture":"#2"},"up":{"uv":[0,0,16,16],"rotation":90,"texture":"#2"},"down":{"uv":[0,0,16,16],"rotation":270,"texture":"#2"}}},{"from":[6.2,15.9,7.3],"to":[7.2,17.65,8.7],"faces":{"north":{"uv":[0,0,10.43125,9.21875],"texture":"#0"},"east":{"uv":[0,0,10.61875,9.625],"texture":"#0"},"south":{"uv":[0,0,10.49375,9.9375],"texture":"#0"},"west":{"uv":[0,0,10.4,9.46875],"texture":"#0"},"up":{"uv":[0,0,10.15,9.59375],"texture":"#0"},"down":{"uv":[0,0,9.49375,9.0625],"texture":"#0"}}},{"from":[8.8,15.9,7.3],"to":[9.8,17.65,8.7],"faces":{"north":{"uv":[0,0,10.43125,9.21875],"texture":"#0"},"east":{"uv":[0,0,10.61875,9.625],"texture":"#0"},"south":{"uv":[0,0,10.49375,9.9375],"texture":"#0"},"west":{"uv":[0,0,10.4,9.46875],"texture":"#0"},"up":{"uv":[0,0,10.15,9.59375],"texture":"#0"},"down":{"uv":[0,0,9.49375,9.0625],"texture":"#0"}}},{"from":[7.3,15.9,6.2],"to":[8.7,17.65,7.2],"faces":{"north":{"uv":[0,0,10.03125,9.21875],"texture":"#0"},"east":{"uv":[0,0,10.21875,9.625],"texture":"#0"},"south":{"uv":[0,0,10.09375,9.9375],"texture":"#0"},"west":{"uv":[0,0,10,9.46875],"texture":"#0"},"up":{"uv":[0,0,9.75,9.59375],"texture":"#0"},"down":{"uv":[0,0,9.09375,9.0625],"texture":"#0"}}},{"from":[7.05,18.85,6.9],"to":[8.95,20.6,7.9],"faces":{"north":{"uv":[0,0,16,16],"texture":"#2"},"east":{"uv":[0,0,16,15.30932],"texture":"#2"},"south":{"uv":[0,0,16,16],"texture":"#2"},"west":{"uv":[0,0,16,16],"texture":"#2"},"up":{"uv":[0,0,16,16],"rotation":180,"texture":"#2"},"down":{"uv":[0,0,16,16],"rotation":180,"texture":"#2"}}},{"from":[7.05,18.85,8.1],"to":[8.95,20.6,9.1],"faces":{"north":{"uv":[0,0,16,16],"texture":"#2"},"east":{"uv":[0,0,16,15.30932],"texture":"#2"},"south":{"uv":[0,0,16,16],"texture":"#2"},"west":{"uv":[0,0,16,16],"texture":"#2"},"up":{"uv":[0,0,16,16],"rotation":180,"texture":"#2"},"down":{"uv":[0,0,16,16],"rotation":180,"texture":"#2"}}},{"from":[8.1,18.85,7.05],"to":[9.1,20.6,8.95],"faces":{"north":{"uv":[0,0,16,16],"texture":"#2"},"east":{"uv":[0,0,16,15.30932],"texture":"#2"},"south":{"uv":[0,0,16,16],"texture":"#2"},"west":{"uv":[0,0,16,16],"texture":"#2"},"up":{"uv":[0,0,16,16],"rotation":90,"texture":"#2"},"down":{"uv":[0,0,16,16],"rotation":270,"texture":"#2"}}},{"from":[8.2,18.85,7.35],"to":[9.2,20.6,8.65],"faces":{"north":{"uv":[0,0,16,16],"texture":"#2"},"east":{"uv":[0,0,16,15.30932],"texture":"#2"},"south":{"uv":[0,0,16,16],"texture":"#2"},"west":{"uv":[0,0,16,16],"texture":"#2"},"up":{"uv":[0,0,16,16],"rotation":90,"texture":"#2"},"down":{"uv":[0,0,16,16],"rotation":270,"texture":"#2"}}},{"from":[8.1,20.65,7.35],"to":[9.125,23.6,8.65],"faces":{"north":{"uv":[0,0,16,16],"texture":"#2"},"east":{"uv":[0,0,16,16],"texture":"#2"},"south":{"uv":[0,0,16,16],"texture":"#2"},"west":{"uv":[0,0,16,16],"texture":"#2"},"up":{"uv":[0,0,16,16],"rotation":90,"texture":"#2"},"down":{"uv":[0,0,16,16],"rotation":270,"texture":"#2"}}},{"from":[7.35,20.65,7.05],"to":[8.65,23.6,8.025],"faces":{"north":{"uv":[0,0,16,16],"texture":"#2"},"east":{"uv":[0,0,16,16],"texture":"#2"},"south":{"uv":[0,0,16,16],"texture":"#2"},"west":{"uv":[0,0,16,16],"texture":"#2"},"up":{"uv":[0,0,16,16],"texture":"#2"},"down":{"uv":[0,0,16,16],"texture":"#2"}}},{"from":[7.35,20.65,7.975],"to":[8.65,23.6,8.95],"faces":{"north":{"uv":[0,0,16,16],"texture":"#2"},"east":{"uv":[0,0,16,16],"texture":"#2"},"south":{"uv":[0,0,16,16],"texture":"#2"},"west":{"uv":[0,0,16,16],"texture":"#2"},"up":{"uv":[0,0,16,16],"texture":"#2"},"down":{"uv":[0,0,16,16],"texture":"#2"}}},{"from":[7.35,20.65,6.975],"to":[8.65,23.35,9.025],"faces":{"north":{"uv":[0,0,16,16],"texture":"#2"},"east":{"uv":[0,0,16,16],"texture":"#2"},"south":{"uv":[0,0,16,16],"texture":"#2"},"west":{"uv":[0,0,16,16],"texture":"#2"},"up":{"uv":[0,0,16,16],"texture":"#2"},"down":{"uv":[0,0,16,16],"texture":"#2"}}},{"from":[6.85,20.65,7.35],"to":[7.875,23.6,8.65],"faces":{"north":{"uv":[0,0,16,16],"texture":"#2"},"east":{"uv":[0,0,16,16],"texture":"#2"},"south":{"uv":[0,0,16,16],"texture":"#2"},"west":{"uv":[0,0,16,16],"texture":"#2"},"up":{"uv":[0,0,16,16],"rotation":90,"texture":"#2"},"down":{"uv":[0,0,16,16],"rotation":270,"texture":"#2"}}},{"from":[6.8,18.85,7.35],"to":[7.8,20.6,8.65],"faces":{"north":{"uv":[0,0,16,16],"texture":"#2"},"east":{"uv":[0,0,16,15.30932],"texture":"#2"},"south":{"uv":[0,0,16,16],"texture":"#2"},"west":{"uv":[0,0,16,16],"texture":"#2"},"up":{"uv":[0,0,16,16],"rotation":90,"texture":"#2"},"down":{"uv":[0,0,16,16],"rotation":270,"texture":"#2"}}},{"from":[7.35,18.85,8.2],"to":[8.65,20.6,9.2],"faces":{"north":{"uv":[0,0,16,16],"texture":"#2"},"east":{"uv":[0,0,16,15.30932],"texture":"#2"},"south":{"uv":[0,0,16,16],"texture":"#2"},"west":{"uv":[0,0,16,16],"texture":"#2"},"up":{"uv":[0,0,16,16],"rotation":180,"texture":"#2"},"down":{"uv":[0,0,16,16],"rotation":180,"texture":"#2"}}},{"from":[6.9,18.85,7.05],"to":[7.9,20.6,8.95],"faces":{"north":{"uv":[0,0,16,16],"texture":"#2"},"east":{"uv":[0,0,16,15.30932],"texture":"#2"},"south":{"uv":[0,0,16,16],"texture":"#2"},"west":{"uv":[0,0,16,16],"texture":"#2"},"up":{"uv":[0,0,16,16],"rotation":90,"texture":"#2"},"down":{"uv":[0,0,16,16],"rotation":270,"texture":"#2"}}},{"from":[7.3,15.9,8.8],"to":[8.7,17.65,9.8],"faces":{"north":{"uv":[0,0,10.03125,9.21875],"texture":"#0"},"east":{"uv":[0,0,10.21875,9.625],"texture":"#0"},"south":{"uv":[0,0,10.09375,9.9375],"texture":"#0"},"west":{"uv":[0,0,10,9.46875],"texture":"#0"},"up":{"uv":[0,0,9.75,9.59375],"texture":"#0"},"down":{"uv":[0,0,9.09375,9.0625],"texture":"#0"}}},{"from":[5.7,14.4,7.3],"to":[6.7,15.65,8.7],"faces":{"north":{"uv":[0,0,1,1.25],"texture":"#0"},"east":{"uv":[0,0,1.4,1.25],"texture":"#0"},"south":{"uv":[0,0,1,1.25],"texture":"#0"},"west":{"uv":[0,0,1.4,1.25],"texture":"#0"},"up":{"uv":[0,0,1.4,1],"rotation":90,"texture":"#0"},"down":{"uv":[0,0,1.4,1],"rotation":270,"texture":"#0"}}},{"from":[7.3,14.4,9.3],"to":[8.7,15.65,10.3],"faces":{"north":{"uv":[0,0,1.4,1.25],"texture":"#0"},"east":{"uv":[0,0,1,1.25],"texture":"#0"},"south":{"uv":[0,0,1.4,1.25],"texture":"#0"},"west":{"uv":[0,0,1,1.25],"texture":"#0"},"up":{"uv":[0,0,1.4,1],"texture":"#0"},"down":{"uv":[0,0,1.4,1],"texture":"#0"}}},{"from":[7.3,13,9.8],"to":[8.7,14,10.8],"faces":{"north":{"uv":[0,0,1.4,1],"texture":"#0"},"east":{"uv":[0,0,1,1],"texture":"#0"},"south":{"uv":[0,0,1.4,1],"texture":"#0"},"west":{"uv":[0,0,1,1],"texture":"#0"},"up":{"uv":[0,0,1.4,1],"texture":"#0"},"down":{"uv":[0,0,1.4,1],"texture":"#0"}}},{"from":[9.8,13,7.3],"to":[10.8,14,8.7],"faces":{"north":{"uv":[0,0,1,1],"texture":"#0"},"east":{"uv":[0,0,1.4,1],"texture":"#0"},"south":{"uv":[0,0,1,1],"texture":"#0"},"west":{"uv":[0,0,1.4,1],"texture":"#0"},"up":{"uv":[0,0,1.4,1],"rotation":270,"texture":"#0"},"down":{"uv":[0,0,1.4,1],"rotation":90,"texture":"#0"}}},{"from":[5.2,13,7.3],"to":[6.2,14,8.7],"faces":{"north":{"uv":[0,0,1,1],"texture":"#0"},"east":{"uv":[0,0,1.4,1],"texture":"#0"},"south":{"uv":[0,0,1,1],"texture":"#0"},"west":{"uv":[0,0,1.4,1],"texture":"#0"},"up":{"uv":[0,0,1.4,1],"rotation":270,"texture":"#0"},"down":{"uv":[0,0,1.4,1],"rotation":90,"texture":"#0"}}},{"from":[5,13,7.2],"to":[6,13.5,8.8],"faces":{"north":{"uv":[0,0,1,0.5],"texture":"#0"},"east":{"uv":[0,0,1.6,0.5],"texture":"#0"},"south":{"uv":[0,0,1,0.5],"texture":"#0"},"west":{"uv":[0,0,1.6,0.5],"texture":"#0"},"up":{"uv":[0,0,1.6,1],"rotation":270,"texture":"#0"},"down":{"uv":[0,0,1.6,1],"rotation":90,"texture":"#0"}}},{"from":[7.2,13,5],"to":[8.8,13.5,6.1],"faces":{"north":{"uv":[0,0,1.6,0.5],"texture":"#0"},"east":{"uv":[0,0,1.1,0.5],"texture":"#0"},"south":{"uv":[0,0,1.6,0.5],"texture":"#0"},"west":{"uv":[0,0,1.1,0.5],"texture":"#0"},"up":{"uv":[0,0,1.6,1.1],"rotation":180,"texture":"#0"},"down":{"uv":[0,0,1.6,1.1],"rotation":180,"texture":"#0"}}},{"from":[7.2,13,9.8],"to":[8.8,13.5,10.9],"faces":{"north":{"uv":[0,0,1.6,0.5],"texture":"#0"},"east":{"uv":[0,0,1.1,0.5],"texture":"#0"},"south":{"uv":[0,0,1.6,0.5],"texture":"#0"},"west":{"uv":[0,0,1.1,0.5],"texture":"#0"},"up":{"uv":[0,0,1.6,1.1],"rotation":180,"texture":"#0"},"down":{"uv":[0,0,1.6,1.1],"rotation":180,"texture":"#0"}}},{"from":[10,13,7.2],"to":[11,13.5,8.8],"faces":{"north":{"uv":[0,0,1,0.5],"texture":"#0"},"east":{"uv":[0,0,1.6,0.5],"texture":"#0"},"south":{"uv":[0,0,1,0.5],"texture":"#0"},"west":{"uv":[0,0,1.6,0.5],"texture":"#0"},"up":{"uv":[0,0,1.6,1],"rotation":270,"texture":"#0"},"down":{"uv":[0,0,1.6,1],"rotation":90,"texture":"#0"}}},{"from":[8.5,10,4.4],"to":[9.5,11.4,5.4],"faces":{"north":{"uv":[0,0,1,1.4],"texture":"#0"},"east":{"uv":[0,0,1,1.4],"texture":"#0"},"south":{"uv":[0,0,1,1.4],"texture":"#0"},"west":{"uv":[0,0,1,1.4],"texture":"#0"},"up":{"uv":[0,0,1,1],"texture":"#0"},"down":{"uv":[0,0,1,1],"texture":"#0"}}},{"from":[8.5,10,10.4],"to":[9.5,11.4,11.4],"faces":{"north":{"uv":[0,0,1,1.4],"texture":"#0"},"east":{"uv":[0,0,1,1.4],"texture":"#0"},"south":{"uv":[0,0,1,1.4],"texture":"#0"},"west":{"uv":[0,0,1,1.4],"texture":"#0"},"up":{"uv":[0,0,1,1],"texture":"#0"},"down":{"uv":[0,0,1,1],"texture":"#0"}}},{"from":[6.5,10,10.4],"to":[7.5,11.4,11.4],"faces":{"north":{"uv":[0,0,1,1.4],"texture":"#0"},"east":{"uv":[0,0,1,1.4],"texture":"#0"},"south":{"uv":[0,0,1,1.4],"texture":"#0"},"west":{"uv":[0,0,1,1.4],"texture":"#0"},"up":{"uv":[0,0,1,1],"texture":"#0"},"down":{"uv":[0,0,1,1],"texture":"#0"}}},{"from":[8.6,12,5.5],"to":[9.6,13.9,6.5],"faces":{"north":{"uv":[0,0,1,1.9],"texture":"#0"},"east":{"uv":[0,0,1,1.9],"texture":"#0"},"south":{"uv":[0,0,1,1.9],"texture":"#0"},"west":{"uv":[0,0,1,1.9],"texture":"#0"},"up":{"uv":[0,0,1,1],"texture":"#0"},"down":{"uv":[0,0,1,1],"texture":"#0"}}},{"from":[9.5,12,6.4],"to":[10.5,13.9,7.4],"faces":{"north":{"uv":[0,0,1,1.9],"texture":"#0"},"east":{"uv":[0,0,1,1.9],"texture":"#0"},"south":{"uv":[0,0,1,1.9],"texture":"#0"},"west":{"uv":[0,0,1,1.9],"texture":"#0"},"up":{"uv":[0,0,1,1],"texture":"#0"},"down":{"uv":[0,0,1,1],"texture":"#0"}}},{"from":[9.5,12,8.6],"to":[10.5,13.9,9.6],"faces":{"north":{"uv":[0,0,1,1.9],"texture":"#0"},"east":{"uv":[0,0,1,1.9],"texture":"#0"},"south":{"uv":[0,0,1,1.9],"texture":"#0"},"west":{"uv":[0,0,1,1.9],"texture":"#0"},"up":{"uv":[0,0,1,1],"texture":"#0"},"down":{"uv":[0,0,1,1],"texture":"#0"}}},{"from":[5.5,12,8.6],"to":[6.5,13.9,9.6],"faces":{"north":{"uv":[0,0,1,1.9],"texture":"#0"},"east":{"uv":[0,0,1,1.9],"texture":"#0"},"south":{"uv":[0,0,1,1.9],"texture":"#0"},"west":{"uv":[0,0,1,1.9],"texture":"#0"},"up":{"uv":[0,0,1,1],"texture":"#0"},"down":{"uv":[0,0,1,1],"texture":"#0"}}},{"from":[5.5,12,6.4],"to":[6.5,13.9,7.4],"faces":{"north":{"uv":[0,0,1,1.9],"texture":"#0"},"east":{"uv":[0,0,1,1.9],"texture":"#0"},"south":{"uv":[0,0,1,1.9],"texture":"#0"},"west":{"uv":[0,0,1,1.9],"texture":"#0"},"up":{"uv":[0,0,1,1],"texture":"#0"},"down":{"uv":[0,0,1,1],"texture":"#0"}}},{"from":[6.35,12,5.5],"to":[7.35,13.9,6.5],"faces":{"north":{"uv":[0,0,1,1.9],"texture":"#0"},"east":{"uv":[0,0,1,1.9],"texture":"#0"},"south":{"uv":[0,0,1,1.9],"texture":"#0"},"west":{"uv":[0,0,1,1.9],"texture":"#0"},"up":{"uv":[0,0,1,1],"texture":"#0"},"down":{"uv":[0,0,1,1],"texture":"#0"}}},{"from":[6.35,12,9.5],"to":[7.35,13.9,10.5],"faces":{"north":{"uv":[0,0,1,1.9],"texture":"#0"},"east":{"uv":[0,0,1,1.9],"texture":"#0"},"south":{"uv":[0,0,1,1.9],"texture":"#0"},"west":{"uv":[0,0,1,1.9],"texture":"#0"},"up":{"uv":[0,0,1,1],"texture":"#0"},"down":{"uv":[0,0,1,1],"texture":"#0"}}},{"from":[8.6,12,9.5],"to":[9.6,13.9,10.5],"faces":{"north":{"uv":[0,0,1,1.9],"texture":"#0"},"east":{"uv":[0,0,1,1.9],"texture":"#0"},"south":{"uv":[0,0,1,1.9],"texture":"#0"},"west":{"uv":[0,0,1,1.9],"texture":"#0"},"up":{"uv":[0,0,1,1],"texture":"#0"},"down":{"uv":[0,0,1,1],"texture":"#0"}}},{"from":[5.6,10,9.5],"to":[6.6,11.4,10.5],"faces":{"north":{"uv":[0,0,1,1.4],"texture":"#0"},"east":{"uv":[0,0,1,1.4],"texture":"#0"},"south":{"uv":[0,0,1,1.4],"texture":"#0"},"west":{"uv":[0,0,1,1.4],"texture":"#0"},"up":{"uv":[0,0,1,1],"texture":"#0"},"down":{"uv":[0,0,1,1],"texture":"#0"}}},{"from":[9.6,10,9.5],"to":[10.6,11.4,10.5],"faces":{"north":{"uv":[0,0,1,1.4],"texture":"#0"},"east":{"uv":[0,0,1,1.4],"texture":"#0"},"south":{"uv":[0,0,1,1.4],"texture":"#0"},"west":{"uv":[0,0,1,1.4],"texture":"#0"},"up":{"uv":[0,0,1,1],"texture":"#0"},"down":{"uv":[0,0,1,1],"texture":"#0"}}},{"from":[5.6,10,5.5],"to":[6.6,11.4,6.5],"faces":{"north":{"uv":[0,0,1,1.4],"texture":"#0"},"east":{"uv":[0,0,1,1.4],"texture":"#0"},"south":{"uv":[0,0,1,1.4],"texture":"#0"},"west":{"uv":[0,0,1,1.4],"texture":"#0"},"up":{"uv":[0,0,1,1],"texture":"#0"},"down":{"uv":[0,0,1,1],"texture":"#0"}}},{"from":[7,9.7,4],"to":[9,11.9,5.2],"faces":{"north":{"uv":[0,0,2,2.2],"texture":"#0"},"east":{"uv":[0,0,1.2,2.2],"texture":"#0"},"south":{"uv":[0,0,2,2.2],"texture":"#0"},"west":{"uv":[0,0,1.2,2.2],"texture":"#0"},"up":{"uv":[0,0,2,1.2],"texture":"#0"},"down":{"uv":[0,0,2,1.2],"texture":"#0"}}},{"from":[7,10.7,4.4],"to":[9,12.4,5.5],"faces":{"north":{"uv":[0,0,2,1.7],"texture":"#0"},"east":{"uv":[0,0,1.1,1.7],"texture":"#0"},"south":{"uv":[0,0,2,1.7],"texture":"#0"},"west":{"uv":[0,0,1.1,1.7],"texture":"#0"},"up":{"uv":[0,0,2,1.1],"texture":"#0"},"down":{"uv":[0,0,2,1.1],"texture":"#0"}}},{"from":[7,10.7,10.5],"to":[9,12.4,11.7],"faces":{"north":{"uv":[0,0,2,1.7],"texture":"#0"},"east":{"uv":[0,0,1.2,1.7],"texture":"#0"},"south":{"uv":[0,0,2,1.7],"texture":"#0"},"west":{"uv":[0,0,1.2,1.7],"texture":"#0"},"up":{"uv":[0,0,2,1.2],"texture":"#0"},"down":{"uv":[0,0,2,1.2],"texture":"#0"}}},{"from":[7,12.7,9.5],"to":[9,14.4,10.5],"faces":{"north":{"uv":[0,0,2,1.7],"texture":"#0"},"east":{"uv":[0,0,1,1.7],"texture":"#0"},"south":{"uv":[0,0,2,1.7],"texture":"#0"},"west":{"uv":[0,0,1,1.7],"texture":"#0"},"up":{"uv":[0,0,2,1],"texture":"#0"},"down":{"uv":[0,0,2,1],"texture":"#0"}}},{"from":[7,12.7,5.5],"to":[9,14.4,6.5],"faces":{"north":{"uv":[0,0,2,1.7],"texture":"#0"},"east":{"uv":[0,0,1,1.7],"texture":"#0"},"south":{"uv":[0,0,2,1.7],"texture":"#0"},"west":{"uv":[0,0,1,1.7],"texture":"#0"},"up":{"uv":[0,0,2,1],"texture":"#0"},"down":{"uv":[0,0,2,1],"texture":"#0"}}},{"from":[10.5,10.7,7],"to":[11.7,12.4,9],"faces":{"north":{"uv":[0,0,1.2,1.7],"texture":"#0"},"east":{"uv":[0,0,2,1.7],"texture":"#0"},"south":{"uv":[0,0,1.2,1.7],"texture":"#0"},"west":{"uv":[0,0,2,1.7],"texture":"#0"},"up":{"uv":[0,0,2,1.2],"rotation":270,"texture":"#0"},"down":{"uv":[0,0,2,1.2],"rotation":90,"texture":"#0"}}},{"from":[9.5,12.7,7],"to":[10.5,14.4,9],"faces":{"north":{"uv":[0,0,1,1.7],"texture":"#0"},"east":{"uv":[0,0,2,1.7],"texture":"#0"},"south":{"uv":[0,0,1,1.7],"texture":"#0"},"west":{"uv":[0,0,2,1.7],"texture":"#0"},"up":{"uv":[0,0,2,1],"rotation":270,"texture":"#0"},"down":{"uv":[0,0,2,1],"rotation":90,"texture":"#0"}}},{"from":[5.5,12.7,7],"to":[6.5,14.4,9],"faces":{"north":{"uv":[0,0,1,1.7],"texture":"#0"},"east":{"uv":[0,0,2,1.7],"texture":"#0"},"south":{"uv":[0,0,1,1.7],"texture":"#0"},"west":{"uv":[0,0,2,1.7],"texture":"#0"},"up":{"uv":[0,0,2,1],"rotation":270,"texture":"#0"},"down":{"uv":[0,0,2,1],"rotation":90,"texture":"#0"}}},{"from":[4.4,10.7,7],"to":[5.5,12.4,9],"faces":{"north":{"uv":[0,0,1.1,1.7],"texture":"#0"},"east":{"uv":[0,0,2,1.7],"texture":"#0"},"south":{"uv":[0,0,1.1,1.7],"texture":"#0"},"west":{"uv":[0,0,2,1.7],"texture":"#0"},"up":{"uv":[0,0,2,1.1],"rotation":270,"texture":"#0"},"down":{"uv":[0,0,2,1.1],"rotation":90,"texture":"#0"}}},{"from":[7,9.7,10.8],"to":[9,11.9,12],"faces":{"north":{"uv":[0,0,2,2.2],"texture":"#0"},"east":{"uv":[0,0,1.2,2.2],"texture":"#0"},"south":{"uv":[0,0,2,2.2],"texture":"#0"},"west":{"uv":[0,0,1.2,2.2],"texture":"#0"},"up":{"uv":[0,0,2,1.2],"texture":"#0"},"down":{"uv":[0,0,2,1.2],"texture":"#0"}}},{"from":[4,9.7,7],"to":[5.2,11.9,9],"faces":{"north":{"uv":[0,0,1.2,2.2],"texture":"#0"},"east":{"uv":[0,0,2,2.2],"texture":"#0"},"south":{"uv":[0,0,1.2,2.2],"texture":"#0"},"west":{"uv":[0,0,2,2.2],"texture":"#0"},"up":{"uv":[0,0,2,1.2],"rotation":90,"texture":"#0"},"down":{"uv":[0,0,2,1.2],"rotation":270,"texture":"#0"}}},{"from":[10.8,9.7,7],"to":[12,11.9,9],"faces":{"north":{"uv":[0,0,1.2,2.2],"texture":"#0"},"east":{"uv":[0,0,2,2.2],"texture":"#0"},"south":{"uv":[0,0,1.2,2.2],"texture":"#0"},"west":{"uv":[0,0,2,2.2],"texture":"#0"},"up":{"uv":[0,0,2,1.2],"rotation":90,"texture":"#0"},"down":{"uv":[0,0,2,1.2],"rotation":270,"texture":"#0"}}},{"from":[9,10,10],"to":[10,12,11],"faces":{"north":{"uv":[0,0,1,2],"texture":"#0"},"east":{"uv":[0,0,1,2],"texture":"#0"},"south":{"uv":[0,0,1,2],"texture":"#0"},"west":{"uv":[0,0,1,2],"texture":"#0"},"up":{"uv":[0,0,1,1],"texture":"#0"},"down":{"uv":[0,0,1,1],"texture":"#0"}}},{"from":[6,10,10],"to":[7,12,11],"faces":{"north":{"uv":[0,0,1,2],"texture":"#0"},"east":{"uv":[0,0,1,2],"texture":"#0"},"south":{"uv":[0,0,1,2],"texture":"#0"},"west":{"uv":[0,0,1,2],"texture":"#0"},"up":{"uv":[0,0,1,1],"texture":"#0"},"down":{"uv":[0,0,1,1],"texture":"#0"}}},{"from":[5,10,9],"to":[6,12,10],"faces":{"north":{"uv":[0,0,1,2],"texture":"#0"},"east":{"uv":[0,0,1,2],"texture":"#0"},"south":{"uv":[0,0,1,2],"texture":"#0"},"west":{"uv":[0,0,1,2],"texture":"#0"},"up":{"uv":[0,0,1,1],"texture":"#0"},"down":{"uv":[0,0,1,1],"texture":"#0"}}},{"from":[10,10,9],"to":[11,12,10],"faces":{"north":{"uv":[0,0,1,2],"texture":"#0"},"east":{"uv":[0,0,1,2],"texture":"#0"},"south":{"uv":[0,0,1,2],"texture":"#0"},"west":{"uv":[0,0,1,2],"texture":"#0"},"up":{"uv":[0,0,1,1],"texture":"#0"},"down":{"uv":[0,0,1,1],"texture":"#0"}}},{"from":[10,10,6],"to":[11,12,7],"faces":{"north":{"uv":[0,0,1,2],"texture":"#0"},"east":{"uv":[0,0,1,2],"texture":"#0"},"south":{"uv":[0,0,1,2],"texture":"#0"},"west":{"uv":[0,0,1,2],"texture":"#0"},"up":{"uv":[0,0,1,1],"texture":"#0"},"down":{"uv":[0,0,1,1],"texture":"#0"}}},{"from":[9,11.5,6],"to":[10,14.5,7],"faces":{"north":{"uv":[0,0,1,3],"texture":"#0"},"east":{"uv":[0,0,1,3],"texture":"#0"},"south":{"uv":[0,0,1,3],"texture":"#0"},"west":{"uv":[0,0,1,3],"texture":"#0"},"up":{"uv":[0,0,1,1],"texture":"#0"},"down":{"uv":[0,0,1,1],"texture":"#0"}}},{"from":[6,11.5,6],"to":[7,14.5,7],"faces":{"north":{"uv":[0,0,1,3],"texture":"#0"},"east":{"uv":[0,0,1,3],"texture":"#0"},"south":{"uv":[0,0,1,3],"texture":"#0"},"west":{"uv":[0,0,1,3],"texture":"#0"},"up":{"uv":[0,0,1,1],"texture":"#0"},"down":{"uv":[0,0,1,1],"texture":"#0"}}},{"from":[6.5,13,6.25],"to":[7.5,16,7.5],"faces":{"north":{"uv":[0,0,3.59375,2.6875],"texture":"#0"},"east":{"uv":[0,0,8.90625,5.4375],"texture":"#0"},"south":{"uv":[0,0,1.625,1.3125],"texture":"#0"},"west":{"uv":[0,0,1.25,3],"texture":"#0"},"up":{"uv":[0,0,1,1.25],"texture":"#0"},"down":{"uv":[0,0,1,1.25],"texture":"#0"}}},{"from":[8.5,13,6.5],"to":[9.5,16,7.5],"faces":{"north":{"uv":[0,0,6.09375,3],"texture":"#0"},"east":{"uv":[0,0,9.09375,7.53125],"texture":"#0"},"south":{"uv":[0,0,10.875,8.8125],"texture":"#0"},"west":{"uv":[0,0,4.09375,5.75],"texture":"#0"},"up":{"uv":[0,0,8.15625,7.46875],"texture":"#0"},"down":{"uv":[0,0,8.25,6.96875],"texture":"#0"}}},{"from":[8.5,13,8.5],"to":[9.5,16,9.5],"faces":{"north":{"uv":[0,0,1,3],"texture":"#0"},"east":{"uv":[0,0,1,3],"texture":"#0"},"south":{"uv":[0,0,1,3],"texture":"#0"},"west":{"uv":[0,0,1,3],"texture":"#0"},"up":{"uv":[0,0,1,1],"texture":"#0"},"down":{"uv":[0,0,1,1],"texture":"#0"}}},{"from":[6.5,13,8.5],"to":[7.5,16,9.5],"faces":{"north":{"uv":[0,0,1,3],"texture":"#0"},"east":{"uv":[0,0,1,3],"texture":"#0"},"south":{"uv":[0,0,1,3],"texture":"#0"},"west":{"uv":[0,0,1,3],"texture":"#0"},"up":{"uv":[0,0,1,1],"texture":"#0"},"down":{"uv":[0,0,1,1],"texture":"#0"}}},{"from":[9,11.25,9],"to":[10,14.75,10],"faces":{"north":{"uv":[0,0,1,3.5],"texture":"#0"},"east":{"uv":[0,0,1,3.5],"texture":"#0"},"south":{"uv":[0,0,1,3.5],"texture":"#0"},"west":{"uv":[0,0,1,3.5],"texture":"#0"},"up":{"uv":[0,0,1,1],"texture":"#0"},"down":{"uv":[0,0,1,1],"texture":"#0"}}},{"from":[6,11.5,9],"to":[7,14.5,10],"faces":{"north":{"uv":[0,0,1,3],"texture":"#0"},"east":{"uv":[0,0,1,3],"texture":"#0"},"south":{"uv":[0,0,1,3],"texture":"#0"},"west":{"uv":[0,0,1,3],"texture":"#0"},"up":{"uv":[0,0,1,1],"texture":"#0"},"down":{"uv":[0,0,1,1],"texture":"#0"}}},{"from":[7,9,4.75],"to":[9,13,7],"faces":{"north":{"uv":[0,0,2,4],"texture":"#0"},"east":{"uv":[0,0,2.25,4],"texture":"#0"},"south":{"uv":[0,0,2,4],"texture":"#0"},"west":{"uv":[0,0,2.25,4],"texture":"#0"},"up":{"uv":[0,0,2,2.25],"texture":"#0"},"down":{"uv":[0,0,2,2.25],"texture":"#0"}}},{"from":[7,10,9],"to":[9,13,11.3],"faces":{"north":{"uv":[0,0,2,3],"texture":"#0"},"east":{"uv":[0,0,2.3,3],"texture":"#0"},"south":{"uv":[0,0,2,3],"texture":"#0"},"west":{"uv":[0,0,2.3,3],"texture":"#0"},"up":{"uv":[0,0,2,2.3],"texture":"#0"},"down":{"uv":[0,0,2,2.3],"texture":"#0"}}},{"from":[10,10,7],"to":[11,12,9],"faces":{"north":{"uv":[0,0,1,2],"texture":"#0"},"east":{"uv":[0,0,2,2],"texture":"#0"},"south":{"uv":[0,0,1,2],"texture":"#0"},"west":{"uv":[0,0,2,2],"texture":"#0"},"up":{"uv":[0,0,2,1],"rotation":270,"texture":"#0"},"down":{"uv":[0,0,2,1],"rotation":90,"texture":"#0"}}},{"from":[9,10,7],"to":[11.3,13,9],"faces":{"north":{"uv":[0,0,2.3,3],"texture":"#0"},"east":{"uv":[0,0,2,3],"texture":"#0"},"south":{"uv":[0,0,2.3,3],"texture":"#0"},"west":{"uv":[0,0,2,3],"texture":"#0"},"up":{"uv":[0,0,2,2.3],"rotation":270,"texture":"#0"},"down":{"uv":[0,0,2,2.3],"rotation":90,"texture":"#0"}}},{"from":[9,13,7],"to":[10,16,9],"faces":{"north":{"uv":[0,0,1,3],"texture":"#0"},"east":{"uv":[0,0,2,3],"texture":"#0"},"south":{"uv":[0,0,1,3],"texture":"#0"},"west":{"uv":[0,0,2,3],"texture":"#0"},"up":{"uv":[0,0,2,1],"rotation":270,"texture":"#0"},"down":{"uv":[10.0625,0,2,7.34375],"rotation":90,"texture":"#0"}}},{"from":[8.5,15,7],"to":[9.5,18,9],"faces":{"north":{"uv":[0,0,11.03125,10.46875],"texture":"#0"},"east":{"uv":[0,0,11.21875,10.875],"texture":"#0"},"south":{"uv":[0,0,11.09375,11.1875],"texture":"#0"},"west":{"uv":[0,0,11,10.71875],"texture":"#0"},"up":{"uv":[0,0,10.75,10.84375],"texture":"#0"},"down":{"uv":[0,0,10.09375,10.3125],"texture":"#0"}}},{"from":[6.5,15,7],"to":[7.5,18,9],"faces":{"north":{"uv":[0,0,11.03125,10.46875],"texture":"#0"},"east":{"uv":[0,0,11.21875,10.875],"texture":"#0"},"south":{"uv":[0,0,11.09375,11.1875],"texture":"#0"},"west":{"uv":[0,0,11,10.71875],"texture":"#0"},"up":{"uv":[0,0,10.75,10.84375],"texture":"#0"},"down":{"uv":[0,0,10.09375,10.3125],"texture":"#0"}}},{"from":[7,15,6.5],"to":[9,18,7.5],"faces":{"north":{"uv":[0,0,10.03125,10.46875],"texture":"#0"},"east":{"uv":[0,0,10.21875,10.875],"texture":"#0"},"south":{"uv":[0,0,10.09375,11.1875],"texture":"#0"},"west":{"uv":[0,0,10,10.71875],"texture":"#0"},"up":{"uv":[0,0,9.75,10.84375],"texture":"#0"},"down":{"uv":[0,0,9.09375,10.3125],"texture":"#0"}}},{"from":[7,15,8.5],"to":[9,18,9.5],"faces":{"north":{"uv":[0,0,10.03125,10.46875],"texture":"#0"},"east":{"uv":[0,0,10.21875,10.875],"texture":"#0"},"south":{"uv":[0,0,10.09375,11.1875],"texture":"#0"},"west":{"uv":[0,0,10,10.71875],"texture":"#0"},"up":{"uv":[0,0,9.75,10.84375],"texture":"#0"},"down":{"uv":[0,0,9.09375,10.3125],"texture":"#0"}}},{"from":[6,13,7],"to":[7,16,9],"faces":{"north":{"uv":[0,0,7.40625,3.40625],"texture":"#0"},"east":{"uv":[4.09375,3.8125,9.3125,7.21875],"texture":"#0"},"south":{"uv":[0,0,5.03125,4.28125],"texture":"#0"},"west":{"uv":[0,0,2,3],"texture":"#0"},"up":{"uv":[0,0,7.21875,5.6875],"rotation":270,"texture":"#0"},"down":{"uv":[0,0,4.25,3.875],"rotation":90,"texture":"#0"}}},{"from":[7,13,6],"to":[9,16,7],"faces":{"north":{"uv":[0,0,9.53125,7.25],"texture":"#0"},"east":{"uv":[0,0,8.375,6.875],"texture":"#0"},"south":{"uv":[0,0,7.78125,7],"texture":"#0"},"west":{"uv":[0,0,9.125,5.75],"texture":"#0"},"up":{"uv":[0,0,2,1],"rotation":180,"texture":"#0"},"down":{"uv":[0,0,10.84375,7.90625],"rotation":180,"texture":"#0"}}},{"from":[6.8,18,6.8],"to":[9.2,19.4,9.2],"faces":{"north":{"uv":[0,0,16,16],"texture":"#2"},"east":{"uv":[0,0,16,16],"texture":"#2"},"south":{"uv":[0,0,16,16],"texture":"#2"},"west":{"uv":[0,0,16,16],"texture":"#2"},"up":{"uv":[0,0,16,16],"rotation":180,"texture":"#2"},"down":{"uv":[0,0,16,16],"rotation":180,"texture":"#2"}}},{"from":[7,16,8],"to":[9,19,9],"faces":{"north":{"uv":[0,0,10.03125,10.46875],"texture":"#0"},"east":{"uv":[0,0,10.21875,10.875],"texture":"#0"},"south":{"uv":[0,0,10.09375,11.1875],"texture":"#0"},"west":{"uv":[0,0,10,10.71875],"texture":"#0"},"up":{"uv":[0,0,9.75,10.84375],"texture":"#0"},"down":{"uv":[0,0,9.09375,10.3125],"texture":"#0"}}},{"from":[6.975,20.5,7.1],"to":[9,23.75,8.9],"faces":{"north":{"uv":[0,0,16,16],"texture":"#2"},"east":{"uv":[0,0,16,16],"texture":"#2"},"south":{"uv":[0,0,16,16],"texture":"#2"},"west":{"uv":[0,0,16,16],"texture":"#2"},"up":{"uv":[0,0,16,16],"rotation":180,"texture":"#2"},"down":{"uv":[0,0,16,16],"rotation":180,"texture":"#2"}}},{"from":[6.75,23.75,6.75],"to":[9.25,24.5,9.25],"faces":{"north":{"uv":[0,0,16,16],"texture":"#2"},"east":{"uv":[0,0,16,14.30932],"texture":"#2"},"south":{"uv":[0,0,16,15.66525],"texture":"#2"},"west":{"uv":[0,0,16,16],"texture":"#2"},"up":{"uv":[0,0,16,16],"rotation":180,"texture":"#2"},"down":{"uv":[0,0,16,16],"rotation":180,"texture":"#2"}}},{"from":[6.85,23.55,6.85],"to":[9.15,24.3,9.15],"faces":{"north":{"uv":[0,0,16,16],"texture":"#2"},"east":{"uv":[0,0,16,14.30932],"texture":"#2"},"south":{"uv":[0,0,16,15.66525],"texture":"#2"},"west":{"uv":[0,0,16,16],"texture":"#2"},"up":{"uv":[0,0,16,16],"rotation":180,"texture":"#2"},"down":{"uv":[0,0,16,16],"rotation":180,"texture":"#2"}}},{"from":[6.925,23.35,6.95],"to":[9.025,24.1,9.05],"faces":{"north":{"uv":[0,0,16,16],"texture":"#2"},"east":{"uv":[0,0,16,14.30932],"texture":"#2"},"south":{"uv":[0,0,16,15.66525],"texture":"#2"},"west":{"uv":[0,0,16,16],"texture":"#2"},"up":{"uv":[0,0,16,16],"rotation":180,"texture":"#2"},"down":{"uv":[0,0,16,16],"rotation":180,"texture":"#2"}}},{"from":[7,24.5,7],"to":[9,26.5,9],"faces":{"north":{"uv":[0,0,16,16],"texture":"#2"},"east":{"uv":[0,0,16,15.55932],"texture":"#2"},"south":{"uv":[0,0,16,16],"texture":"#2"},"west":{"uv":[0,0,16,16],"texture":"#2"},"up":{"uv":[0,0,16,16],"rotation":180,"texture":"#2"},"down":{"uv":[0,0,16,16],"rotation":180,"texture":"#2"}}},{"from":[7,24.6,7],"to":[9,26.6,9],"faces":{"north":{"uv":[0,0,16,16],"texture":"#2"},"east":{"uv":[0,0,16,15.55932],"texture":"#2"},"south":{"uv":[0,0,16,16],"texture":"#2"},"west":{"uv":[0,0,16,16],"texture":"#2"},"up":{"uv":[0,0,16,16],"rotation":180,"texture":"#2"},"down":{"uv":[0,0,16,16],"rotation":180,"texture":"#2"}}},{"from":[7.1,24.7,7.1],"to":[8.9,26.7,8.9],"faces":{"north":{"uv":[0,0,16,16],"texture":"#2"},"east":{"uv":[0,0,16,16],"texture":"#2"},"south":{"uv":[0,0,16,16],"texture":"#2"},"west":{"uv":[0,0,16,16],"texture":"#2"},"up":{"uv":[0,0,16,16],"rotation":180,"texture":"#2"},"down":{"uv":[0,0,16,16],"rotation":180,"texture":"#2"}}},{"from":[7.2,24.8,7.2],"to":[8.8,26.8,8.8],"faces":{"north":{"uv":[0,0,16,16],"texture":"#2"},"east":{"uv":[0,0,16,15.55932],"texture":"#2"},"south":{"uv":[0,0,16,16],"texture":"#2"},"west":{"uv":[0,0,16,16],"texture":"#2"},"up":{"uv":[0,0,16,16],"rotation":180,"texture":"#2"},"down":{"uv":[0,0,16,16],"rotation":180,"texture":"#2"}}},{"from":[7.2,24.8,7.2],"to":[8.8,26.8,8.8],"faces":{"north":{"uv":[0,0,16,16],"texture":"#2"},"east":{"uv":[0,0,16,15.55932],"texture":"#2"},"south":{"uv":[0,0,16,16],"texture":"#2"},"west":{"uv":[0,0,16,16],"texture":"#2"},"up":{"uv":[0,0,16,16],"rotation":180,"texture":"#2"},"down":{"uv":[0,0,16,16],"rotation":180,"texture":"#2"}}},{"from":[7.1,24.7,7.1],"to":[8.9,26.7,8.9],"faces":{"north":{"uv":[0,0,16,16],"texture":"#2"},"east":{"uv":[0,0,16,15.55932],"texture":"#2"},"south":{"uv":[0,0,16,16],"texture":"#2"},"west":{"uv":[0,0,16,16],"texture":"#2"},"up":{"uv":[0,0,16,16],"rotation":180,"texture":"#2"},"down":{"uv":[0,0,16,16],"rotation":180,"texture":"#2"}}},{"from":[7,24.5,6.85],"to":[9,26.5,7.6],"faces":{"north":{"uv":[0,0,16,16],"texture":"#2"},"east":{"uv":[0,0,16,15.55932],"texture":"#2"},"south":{"uv":[0,0,16,16],"texture":"#2"},"west":{"uv":[0,0,16,16],"texture":"#2"},"up":{"uv":[0,0,16,16],"rotation":180,"texture":"#2"},"down":{"uv":[0,0,16,16],"rotation":180,"texture":"#2"}}},{"from":[7.25,24.5,6.75],"to":[8.75,26.5,7.5],"faces":{"north":{"uv":[0,0,16,16],"texture":"#2"},"east":{"uv":[0,0,16,15.55932],"texture":"#2"},"south":{"uv":[0,0,16,16],"texture":"#2"},"west":{"uv":[0,0,16,16],"texture":"#2"},"up":{"uv":[0,0,16,16],"rotation":180,"texture":"#2"},"down":{"uv":[0,0,16,16],"rotation":180,"texture":"#2"}}},{"from":[8.4,24.5,7],"to":[9.15,26.5,9],"faces":{"north":{"uv":[0,0,16,16],"texture":"#2"},"east":{"uv":[0,0,16,15.55932],"texture":"#2"},"south":{"uv":[0,0,16,16],"texture":"#2"},"west":{"uv":[0,0,16,16],"texture":"#2"},"up":{"uv":[0,0,16,16],"rotation":270,"texture":"#2"},"down":{"uv":[0,0,16,16],"rotation":90,"texture":"#2"}}},{"from":[6.8,24.5,7],"to":[7.55,26.5,9],"faces":{"north":{"uv":[0,0,16,16],"texture":"#2"},"east":{"uv":[0,0,16,15.55932],"texture":"#2"},"south":{"uv":[0,0,16,16],"texture":"#2"},"west":{"uv":[0,0,16,16],"texture":"#2"},"up":{"uv":[0,0,16,16],"rotation":270,"texture":"#2"},"down":{"uv":[0,0,16,16],"rotation":90,"texture":"#2"}}},{"from":[7,24.5,8.45],"to":[9,26.5,9.2],"faces":{"north":{"uv":[0,0,16,16],"texture":"#2"},"east":{"uv":[0,0,16,15.55932],"texture":"#2"},"south":{"uv":[0,0,16,16],"texture":"#2"},"west":{"uv":[0,0,16,16],"texture":"#2"},"up":{"uv":[0,0,16,16],"rotation":180,"texture":"#2"},"down":{"uv":[0,0,16,16],"rotation":180,"texture":"#2"}}},{"from":[7,13,9],"to":[9,16,10],"faces":{"north":{"uv":[0,0,2,3],"texture":"#0"},"east":{"uv":[0,0,1,3],"texture":"#0"},"south":{"uv":[0,0,2,3],"texture":"#0"},"west":{"uv":[0,0,1,3],"texture":"#0"},"up":{"uv":[0,0,2,1],"rotation":180,"texture":"#0"},"down":{"uv":[0,0,2,1],"rotation":180,"texture":"#0"}}},{"from":[5,10,7],"to":[6,12,9],"faces":{"north":{"uv":[0,0,1,2],"texture":"#0"},"east":{"uv":[0,0,2,2],"texture":"#0"},"south":{"uv":[0,0,1,2],"texture":"#0"},"west":{"uv":[0,0,2,2],"texture":"#0"},"up":{"uv":[0,0,2,1],"rotation":270,"texture":"#0"},"down":{"uv":[0,0,2,1],"rotation":90,"texture":"#0"}}},{"from":[4.75,10,7],"to":[7,13,9],"faces":{"north":{"uv":[0,0,2.25,3],"texture":"#0"},"east":{"uv":[0,0,2,3],"texture":"#0"},"south":{"uv":[0,0,2.25,3],"texture":"#0"},"west":{"uv":[0,0,2,3],"texture":"#0"},"up":{"uv":[0,0,2,2.25],"rotation":270,"texture":"#0"},"down":{"uv":[0,0,2,2.25],"rotation":90,"texture":"#0"}}},{"from":[5,10,6],"to":[6,12,7],"faces":{"north":{"uv":[0,0,1,2],"texture":"#0"},"east":{"uv":[0,0,1,2],"texture":"#0"},"south":{"uv":[0,0,1,2],"texture":"#0"},"west":{"uv":[0,0,1,2],"texture":"#0"},"up":{"uv":[0,0,1,1],"texture":"#0"},"down":{"uv":[0,0,1,1],"texture":"#0"}}}],"display":{"thirdperson_righthand":{"translation":[0,-7,1.25],"scale":[0.5,0.5,0.5]},"thirdperson_lefthand":{"rotation":[2,0,0],"translation":[0,-7.5,1.25],"scale":[0.5,0.5,0.5]},"firstperson_righthand":{"rotation":[-178.54,4.62,-175.82],"translation":[2.25,-5,-0.75],"scale":[0.8,0.8,0.8]},"firstperson_lefthand":{"rotation":[0,0,-2],"translation":[0.25,-6,0],"scale":[0.8,0.8,0.8]},"ground":{"translation":[0,0.75,0],"scale":[0.6,0.6,0.6]},"gui":{"rotation":[-94.3,-45.36,-94.04],"translation":[-1.75,-1.75,0],"scale":[4,0.67,0.687]},"head":{"rotation":[16.25,0,0],"translation":[-0.5,-21,-11.25]},"fixed":{"rotation":[0,90,-90],"translation":[0,0,-10.75],"scale":[1.32,1.32,1.32]}},"groups":[{"name":"Донышко","origin":[0,0,0],"color":0,"children":[0,1,2,3,4,5,6,7,8,9,10,11,12,13,14,15,16,17,18,19,20,21,22,23,24,25,26,27,28,29,30,31,32,33,34,35,36,37,38,39,40,41,42,43,44,45,46,47,48,49,50,51,52,53,54,55,56,57,58,59,60,61,62,63,64,65,66,67,68,69,70,71,72,73,74,75,76,77,78,79,80,81,82,83,84,85,86,87,88,89,90,91,92,93,94,95,96,97,98,99,100,101,102,103,104,105,106,107,108,109,110,111,112,113,114,115,116,117,118,119,120,121,122,123,124,125,126]}]}