{"credit":"Made with Blockbench","textures":{"0":"politmine/item/brewery/espresso/1","particle":"politmine/item/brewery/espresso/1"},"elements":[{"from":[6.5,0,9.75],"to":[9.5,0.25,10],"rotation":{"angle":0,"axis":"y","origin":[0,-5.25,0]},"faces":{"north":{"uv":[0,6,5,14],"texture":"#0"},"east":{"uv":[5,6,0,14],"texture":"#0"},"south":{"uv":[0,6,5,14],"texture":"#0"},"west":{"uv":[0,6,5,14],"texture":"#0"},"up":{"uv":[3,3,0,0],"rotation":270,"texture":"#0"},"down":{"uv":[3,3,0,6],"rotation":90,"texture":"#0"}}},{"from":[6.5,0,6],"to":[9.5,0.25,6.25],"rotation":{"angle":0,"axis":"y","origin":[0,-5.25,16]},"faces":{"north":{"uv":[5,6,0,14],"texture":"#0"},"east":{"uv":[5,6,0,14],"texture":"#0"},"south":{"uv":[5,6,0,14],"texture":"#0"},"west":{"uv":[5,6,0,14],"texture":"#0"},"up":{"uv":[0,3,3,0],"rotation":270,"texture":"#0"},"down":{"uv":[0,3,3,6],"rotation":90,"texture":"#0"}}},{"from":[6,0,6.5],"to":[6.25,0.25,9.5],"rotation":{"angle":0,"axis":"y","origin":[0,-5.25,16]},"faces":{"north":{"uv":[5,6,0,14],"texture":"#0"},"east":{"uv":[5,6,0,14],"texture":"#0"},"south":{"uv":[5,6,0,14],"texture":"#0"},"west":{"uv":[5,6,0,14],"texture":"#0"},"up":{"uv":[0,3,3,0],"rotation":180,"texture":"#0"},"down":{"uv":[0,3,3,6],"rotation":180,"texture":"#0"}}},{"from":[9.75,0,6.5],"to":[10,0.25,9.5],"rotation":{"angle":0,"axis":"y","origin":[0,-5.25,16]},"faces":{"north":{"uv":[5,6,0,14],"texture":"#0"},"east":{"uv":[5,6,0,14],"texture":"#0"},"south":{"uv":[5,6,0,14],"texture":"#0"},"west":{"uv":[5,6,0,14],"texture":"#0"},"up":{"uv":[0,3,3,0],"rotation":180,"texture":"#0"},"down":{"uv":[0,3,3,6],"rotation":180,"texture":"#0"}}},{"from":[6.25,0,6.25],"to":[9.75,0.25,9.75],"rotation":{"angle":0,"axis":"y","origin":[0,-5.25,0]},"faces":{"north":{"uv":[0,6,5,14],"texture":"#0"},"east":{"uv":[5,6,0,14],"texture":"#0"},"south":{"uv":[0,6,5,14],"texture":"#0"},"west":{"uv":[0,6,5,14],"texture":"#0"},"up":{"uv":[3,3,0,0],"texture":"#0"},"down":{"uv":[3,3,0,6],"texture":"#0"}}},{"from":[9.75,0.25,6.25],"to":[10,0.5,9.75],"rotation":{"angle":0,"axis":"y","origin":[0,-5.25,0]},"faces":{"north":{"uv":[0,6,5,14],"texture":"#0"},"east":{"uv":[5,6,0,14],"texture":"#0"},"south":{"uv":[0,6,5,14],"texture":"#0"},"west":{"uv":[0,6,5,14],"texture":"#0"},"up":{"uv":[3,3,0,0],"texture":"#0"},"down":{"uv":[3,3,0,6],"texture":"#0"}}},{"from":[6,0.25,6.25],"to":[6.25,0.5,9.75],"rotation":{"angle":0,"axis":"y","origin":[0,-5.25,0]},"faces":{"north":{"uv":[0,6,5,14],"texture":"#0"},"east":{"uv":[5,6,0,14],"texture":"#0"},"south":{"uv":[0,6,5,14],"texture":"#0"},"west":{"uv":[0,6,5,14],"texture":"#0"},"up":{"uv":[3,3,0,0],"texture":"#0"},"down":{"uv":[3,3,0,6],"texture":"#0"}}},{"from":[5.75,0.25,6.75],"to":[6,0.5,9.25],"rotation":{"angle":0,"axis":"y","origin":[0,-5.25,0]},"faces":{"north":{"uv":[0,6,5,14],"texture":"#0"},"east":{"uv":[5,6,0,14],"texture":"#0"},"south":{"uv":[0,6,5,14],"texture":"#0"},"west":{"uv":[0,6,5,14],"texture":"#0"},"up":{"uv":[3,3,0,0],"texture":"#0"},"down":{"uv":[3,3,0,6],"texture":"#0"}}},{"from":[5.5,0.5,6.75],"to":[5.75,0.75,9.25],"rotation":{"angle":0,"axis":"y","origin":[0,-5.25,0]},"faces":{"north":{"uv":[0,6,5,14],"texture":"#0"},"east":{"uv":[5,6,0,14],"texture":"#0"},"south":{"uv":[0,6,5,14],"texture":"#0"},"west":{"uv":[0,6,5,14],"texture":"#0"},"up":{"uv":[3,3,0,0],"texture":"#0"},"down":{"uv":[3,3,0,6],"texture":"#0"}}},{"from":[10,0.25,6.75],"to":[10.25,0.5,9.25],"rotation":{"angle":0,"axis":"y","origin":[0,-5.25,0]},"faces":{"north":{"uv":[0,6,5,14],"texture":"#0"},"east":{"uv":[5,6,0,14],"texture":"#0"},"south":{"uv":[0,6,5,14],"texture":"#0"},"west":{"uv":[0,6,5,14],"texture":"#0"},"up":{"uv":[3,3,0,0],"texture":"#0"},"down":{"uv":[3,3,0,6],"texture":"#0"}}},{"from":[10.25,0.5,6.75],"to":[10.5,0.75,9.25],"rotation":{"angle":0,"axis":"y","origin":[0,-5.25,0]},"faces":{"north":{"uv":[0,6,5,14],"texture":"#0"},"east":{"uv":[5,6,0,14],"texture":"#0"},"south":{"uv":[0,6,5,14],"texture":"#0"},"west":{"uv":[0,6,5,14],"texture":"#0"},"up":{"uv":[3,3,0,0],"texture":"#0"},"down":{"uv":[3,3,0,6],"texture":"#0"}}},{"from":[6.75,0.25,5.75],"to":[9.25,0.5,6],"rotation":{"angle":0,"axis":"y","origin":[0,-5.25,0]},"faces":{"north":{"uv":[0,6,5,14],"texture":"#0"},"east":{"uv":[5,6,0,14],"texture":"#0"},"south":{"uv":[0,6,5,14],"texture":"#0"},"west":{"uv":[0,6,5,14],"texture":"#0"},"up":{"uv":[3,3,0,0],"rotation":270,"texture":"#0"},"down":{"uv":[3,3,0,6],"rotation":90,"texture":"#0"}}},{"from":[6.75,0.5,5.5],"to":[9.25,0.75,5.75],"rotation":{"angle":0,"axis":"y","origin":[0,-5.25,0]},"faces":{"north":{"uv":[0,6,5,14],"texture":"#0"},"east":{"uv":[5,6,0,14],"texture":"#0"},"south":{"uv":[0,6,5,14],"texture":"#0"},"west":{"uv":[0,6,5,14],"texture":"#0"},"up":{"uv":[3,3,0,0],"rotation":270,"texture":"#0"},"down":{"uv":[3,3,0,6],"rotation":90,"texture":"#0"}}},{"from":[6.75,0.25,10],"to":[9.25,0.5,10.25],"rotation":{"angle":0,"axis":"y","origin":[0,-5.25,0]},"faces":{"north":{"uv":[0,6,5,14],"texture":"#0"},"east":{"uv":[5,6,0,14],"texture":"#0"},"south":{"uv":[0,6,5,14],"texture":"#0"},"west":{"uv":[0,6,5,14],"texture":"#0"},"up":{"uv":[3,3,0,0],"rotation":270,"texture":"#0"},"down":{"uv":[3,3,0,6],"rotation":90,"texture":"#0"}}},{"from":[6.75,0.5,10.25],"to":[9.25,0.75,10.5],"rotation":{"angle":0,"axis":"y","origin":[0,-5.25,0]},"faces":{"north":{"uv":[0,6,5,14],"texture":"#0"},"east":{"uv":[5,6,0,14],"texture":"#0"},"south":{"uv":[0,6,5,14],"texture":"#0"},"west":{"uv":[0,6,5,14],"texture":"#0"},"up":{"uv":[3,3,0,0],"rotation":270,"texture":"#0"},"down":{"uv":[3,3,0,6],"rotation":90,"texture":"#0"}}},{"from":[6.25,0.25,6],"to":[9.75,0.5,6.25],"rotation":{"angle":0,"axis":"y","origin":[0,-5.25,0]},"faces":{"north":{"uv":[0,6,5,14],"texture":"#0"},"east":{"uv":[5,6,0,14],"texture":"#0"},"south":{"uv":[0,6,5,14],"texture":"#0"},"west":{"uv":[0,6,5,14],"texture":"#0"},"up":{"uv":[3,3,0,0],"rotation":270,"texture":"#0"},"down":{"uv":[3,3,0,6],"rotation":90,"texture":"#0"}}},{"from":[6.25,0.5,5.75],"to":[9.75,0.75,6],"rotation":{"angle":0,"axis":"y","origin":[0,-5.25,0]},"faces":{"north":{"uv":[0,6,5,14],"texture":"#0"},"east":{"uv":[5,6,0,14],"texture":"#0"},"south":{"uv":[0,6,5,14],"texture":"#0"},"west":{"uv":[0,6,5,14],"texture":"#0"},"up":{"uv":[3,3,0,0],"rotation":270,"texture":"#0"},"down":{"uv":[3,3,0,6],"rotation":90,"texture":"#0"}}},{"from":[6.25,0.5,10],"to":[9.75,0.75,10.25],"rotation":{"angle":0,"axis":"y","origin":[0,-5.25,0]},"faces":{"north":{"uv":[0,6,5,14],"texture":"#0"},"east":{"uv":[5,6,0,14],"texture":"#0"},"south":{"uv":[0,6,5,14],"texture":"#0"},"west":{"uv":[0,6,5,14],"texture":"#0"},"up":{"uv":[3,3,0,0],"rotation":270,"texture":"#0"},"down":{"uv":[3,3,0,6],"rotation":90,"texture":"#0"}}},{"from":[9.75,0.5,9.75],"to":[10,0.75,10],"rotation":{"angle":0,"axis":"y","origin":[0,-5.25,0]},"faces":{"north":{"uv":[0,6,5,14],"texture":"#0"},"east":{"uv":[5,6,0,14],"texture":"#0"},"south":{"uv":[0,6,5,14],"texture":"#0"},"west":{"uv":[0,6,5,14],"texture":"#0"},"up":{"uv":[3,3,0,0],"rotation":270,"texture":"#0"},"down":{"uv":[3,3,0,6],"rotation":90,"texture":"#0"}}},{"from":[9.75,0.5,6],"to":[10,0.75,6.25],"rotation":{"angle":0,"axis":"y","origin":[0,-5.25,0]},"faces":{"north":{"uv":[0,6,5,14],"texture":"#0"},"east":{"uv":[5,6,0,14],"texture":"#0"},"south":{"uv":[0,6,5,14],"texture":"#0"},"west":{"uv":[0,6,5,14],"texture":"#0"},"up":{"uv":[3,3,0,0],"rotation":270,"texture":"#0"},"down":{"uv":[3,3,0,6],"rotation":90,"texture":"#0"}}},{"from":[6,0.5,6],"to":[6.25,0.75,6.25],"rotation":{"angle":0,"axis":"y","origin":[0,-5.25,0]},"faces":{"north":{"uv":[0,6,5,14],"texture":"#0"},"east":{"uv":[5,6,0,14],"texture":"#0"},"south":{"uv":[0,6,5,14],"texture":"#0"},"west":{"uv":[0,6,5,14],"texture":"#0"},"up":{"uv":[3,3,0,0],"rotation":270,"texture":"#0"},"down":{"uv":[3,3,0,6],"rotation":90,"texture":"#0"}}},{"from":[6,0.5,9.75],"to":[6.25,0.75,10],"rotation":{"angle":0,"axis":"y","origin":[0,-5.25,0]},"faces":{"north":{"uv":[0,6,5,14],"texture":"#0"},"east":{"uv":[5,6,0,14],"texture":"#0"},"south":{"uv":[0,6,5,14],"texture":"#0"},"west":{"uv":[0,6,5,14],"texture":"#0"},"up":{"uv":[3,3,0,0],"rotation":270,"texture":"#0"},"down":{"uv":[3,3,0,6],"rotation":90,"texture":"#0"}}},{"from":[10,0.5,6.25],"to":[10.25,0.75,9.75],"rotation":{"angle":0,"axis":"y","origin":[0,-5.25,0]},"faces":{"north":{"uv":[0,6,5,14],"texture":"#0"},"east":{"uv":[5,6,0,14],"texture":"#0"},"south":{"uv":[0,6,5,14],"texture":"#0"},"west":{"uv":[0,6,5,14],"texture":"#0"},"up":{"uv":[3,3,0,0],"rotation":180,"texture":"#0"},"down":{"uv":[3,3,0,6],"rotation":180,"texture":"#0"}}},{"from":[5.75,0.5,6.25],"to":[6,0.75,9.75],"rotation":{"angle":0,"axis":"y","origin":[0,-5.25,0]},"faces":{"north":{"uv":[0,6,5,14],"texture":"#0"},"east":{"uv":[5,6,0,14],"texture":"#0"},"south":{"uv":[0,6,5,14],"texture":"#0"},"west":{"uv":[0,6,5,14],"texture":"#0"},"up":{"uv":[3,3,0,0],"rotation":180,"texture":"#0"},"down":{"uv":[3,3,0,6],"rotation":180,"texture":"#0"}}},{"from":[5.3,0.75,6.65],"to":[5.57,1.35,9.35],"rotation":{"angle":0,"axis":"y","origin":[-0.64,-5.67,-0.64]},"faces":{"north":{"uv":[0,6,5,14],"texture":"#0"},"east":{"uv":[5,6,0,14],"texture":"#0"},"south":{"uv":[0,6,5,14],"texture":"#0"},"west":{"uv":[0,6,5,14],"texture":"#0"},"up":{"uv":[3,3,0,0],"texture":"#0"},"down":{"uv":[3,3,0,6],"texture":"#0"}}},{"from":[10.43,0.75,6.65],"to":[10.7,1.35,9.35],"rotation":{"angle":0,"axis":"y","origin":[-0.64,-5.67,-0.64]},"faces":{"north":{"uv":[0,6,5,14],"texture":"#0"},"east":{"uv":[5,6,0,14],"texture":"#0"},"south":{"uv":[0,6,5,14],"texture":"#0"},"west":{"uv":[0,6,5,14],"texture":"#0"},"up":{"uv":[3,3,0,0],"texture":"#0"},"down":{"uv":[3,3,0,6],"texture":"#0"}}},{"from":[6.65,0.75,5.3],"to":[9.35,1.35,5.57],"rotation":{"angle":0,"axis":"y","origin":[-0.64,-5.67,-0.64]},"faces":{"north":{"uv":[0,6,5,14],"texture":"#0"},"east":{"uv":[5,6,0,14],"texture":"#0"},"south":{"uv":[0,6,5,14],"texture":"#0"},"west":{"uv":[0,6,5,14],"texture":"#0"},"up":{"uv":[3,3,0,0],"rotation":270,"texture":"#0"},"down":{"uv":[3,3,0,6],"rotation":90,"texture":"#0"}}},{"from":[6.65,0.75,10.43],"to":[9.35,1.35,10.7],"rotation":{"angle":0,"axis":"y","origin":[-0.64,-5.67,-0.64]},"faces":{"north":{"uv":[0,6,5,14],"texture":"#0"},"east":{"uv":[5,6,0,14],"texture":"#0"},"south":{"uv":[0,6,5,14],"texture":"#0"},"west":{"uv":[0,6,5,14],"texture":"#0"},"up":{"uv":[3,3,0,0],"rotation":270,"texture":"#0"},"down":{"uv":[3,3,0,6],"rotation":90,"texture":"#0"}}},{"from":[6.11,0.75,5.57],"to":[9.89,1.35,5.84],"rotation":{"angle":0,"axis":"y","origin":[-0.64,-5.67,-0.64]},"faces":{"north":{"uv":[0,6,5,14],"texture":"#0"},"east":{"uv":[5,6,0,14],"texture":"#0"},"south":{"uv":[0,6,5,14],"texture":"#0"},"west":{"uv":[0,6,5,14],"texture":"#0"},"up":{"uv":[3,3,0,0],"rotation":270,"texture":"#0"},"down":{"uv":[3,3,0,6],"rotation":90,"texture":"#0"}}},{"from":[6.11,0.75,10.16],"to":[9.89,1.35,10.43],"rotation":{"angle":0,"axis":"y","origin":[-0.64,-5.67,-0.64]},"faces":{"north":{"uv":[0,6,5,14],"texture":"#0"},"east":{"uv":[5,6,0,14],"texture":"#0"},"south":{"uv":[0,6,5,14],"texture":"#0"},"west":{"uv":[0,6,5,14],"texture":"#0"},"up":{"uv":[3,3,0,0],"rotation":270,"texture":"#0"},"down":{"uv":[3,3,0,6],"rotation":90,"texture":"#0"}}},{"from":[9.89,0.75,9.89],"to":[10.16,1.35,10.16],"rotation":{"angle":0,"axis":"y","origin":[-0.64,-5.67,-0.64]},"faces":{"north":{"uv":[0,6,5,14],"texture":"#0"},"east":{"uv":[5,6,0,14],"texture":"#0"},"south":{"uv":[0,6,5,14],"texture":"#0"},"west":{"uv":[0,6,5,14],"texture":"#0"},"up":{"uv":[3,3,0,0],"rotation":270,"texture":"#0"},"down":{"uv":[3,3,0,6],"rotation":90,"texture":"#0"}}},{"from":[9.89,0.75,5.84],"to":[10.16,1.35,6.11],"rotation":{"angle":0,"axis":"y","origin":[-0.64,-5.67,-0.64]},"faces":{"north":{"uv":[0,6,5,14],"texture":"#0"},"east":{"uv":[5,6,0,14],"texture":"#0"},"south":{"uv":[0,6,5,14],"texture":"#0"},"west":{"uv":[0,6,5,14],"texture":"#0"},"up":{"uv":[3,3,0,0],"rotation":270,"texture":"#0"},"down":{"uv":[3,3,0,6],"rotation":90,"texture":"#0"}}},{"from":[5.84,0.75,5.84],"to":[6.11,1.35,6.11],"rotation":{"angle":0,"axis":"y","origin":[-0.64,-5.67,-0.64]},"faces":{"north":{"uv":[0,6,5,14],"texture":"#0"},"east":{"uv":[5,6,0,14],"texture":"#0"},"south":{"uv":[0,6,5,14],"texture":"#0"},"west":{"uv":[0,6,5,14],"texture":"#0"},"up":{"uv":[3,3,0,0],"rotation":270,"texture":"#0"},"down":{"uv":[3,3,0,6],"rotation":90,"texture":"#0"}}},{"from":[5.84,0.75,9.89],"to":[6.11,1.35,10.16],"rotation":{"angle":0,"axis":"y","origin":[-0.64,-5.67,-0.64]},"faces":{"north":{"uv":[0,6,5,14],"texture":"#0"},"east":{"uv":[5,6,0,14],"texture":"#0"},"south":{"uv":[0,6,5,14],"texture":"#0"},"west":{"uv":[0,6,5,14],"texture":"#0"},"up":{"uv":[3,3,0,0],"rotation":270,"texture":"#0"},"down":{"uv":[3,3,0,6],"rotation":90,"texture":"#0"}}},{"from":[10.16,0.75,6.11],"to":[10.43,1.35,9.89],"rotation":{"angle":0,"axis":"y","origin":[-0.64,-5.67,-0.64]},"faces":{"north":{"uv":[0,6,5,14],"texture":"#0"},"east":{"uv":[5,6,0,14],"texture":"#0"},"south":{"uv":[0,6,5,14],"texture":"#0"},"west":{"uv":[0,6,5,14],"texture":"#0"},"up":{"uv":[3,3,0,0],"rotation":180,"texture":"#0"},"down":{"uv":[3,3,0,6],"rotation":180,"texture":"#0"}}},{"from":[5.57,0.75,6.11],"to":[5.84,1.35,9.89],"rotation":{"angle":0,"axis":"y","origin":[-0.64,-5.67,-0.64]},"faces":{"north":{"uv":[0,6,5,14],"texture":"#0"},"east":{"uv":[5,6,0,14],"texture":"#0"},"south":{"uv":[0,6,5,14],"texture":"#0"},"west":{"uv":[0,6,5,14],"texture":"#0"},"up":{"uv":[3,3,0,0],"rotation":180,"texture":"#0"},"down":{"uv":[3,3,0,6],"rotation":180,"texture":"#0"}}},{"from":[5.138,1.325,6.569],"to":[5.4242,1.961,9.431],"rotation":{"angle":0,"axis":"y","origin":[-1.1584,-6.0102,-1.1584]},"faces":{"north":{"uv":[0,6,5,14],"texture":"#0"},"east":{"uv":[5,6,0,14],"texture":"#0"},"south":{"uv":[0,6,5,14],"texture":"#0"},"west":{"uv":[0,6,5,14],"texture":"#0"},"up":{"uv":[3,3,0,0],"texture":"#0"},"down":{"uv":[3,3,0,6],"texture":"#0"}}},{"from":[10.5758,1.325,6.569],"to":[10.862,1.961,9.431],"rotation":{"angle":0,"axis":"y","origin":[-1.1584,-6.0102,-1.1584]},"faces":{"north":{"uv":[0,6,5,14],"texture":"#0"},"east":{"uv":[5,6,0,14],"texture":"#0"},"south":{"uv":[0,6,5,14],"texture":"#0"},"west":{"uv":[0,6,5,14],"texture":"#0"},"up":{"uv":[3,3,0,0],"texture":"#0"},"down":{"uv":[3,3,0,6],"texture":"#0"}}},{"from":[6.569,1.325,5.138],"to":[9.431,1.961,5.4242],"rotation":{"angle":0,"axis":"y","origin":[-1.1584,-6.0102,-1.1584]},"faces":{"north":{"uv":[0,6,5,14],"texture":"#0"},"east":{"uv":[5,6,0,14],"texture":"#0"},"south":{"uv":[0,6,5,14],"texture":"#0"},"west":{"uv":[0,6,5,14],"texture":"#0"},"up":{"uv":[3,3,0,0],"rotation":270,"texture":"#0"},"down":{"uv":[3,3,0,6],"rotation":90,"texture":"#0"}}},{"from":[6.569,1.325,10.5758],"to":[9.431,1.961,10.862],"rotation":{"angle":0,"axis":"y","origin":[-1.1584,-6.0102,-1.1584]},"faces":{"north":{"uv":[0,6,5,14],"texture":"#0"},"east":{"uv":[5,6,0,14],"texture":"#0"},"south":{"uv":[0,6,5,14],"texture":"#0"},"west":{"uv":[0,6,5,14],"texture":"#0"},"up":{"uv":[3,3,0,0],"rotation":270,"texture":"#0"},"down":{"uv":[3,3,0,6],"rotation":90,"texture":"#0"}}},{"from":[5.9966,1.325,5.4242],"to":[10.0034,1.961,5.7104],"rotation":{"angle":0,"axis":"y","origin":[-1.1584,-6.0102,-1.1584]},"faces":{"north":{"uv":[0,6,5,14],"texture":"#0"},"east":{"uv":[5,6,0,14],"texture":"#0"},"south":{"uv":[0,6,5,14],"texture":"#0"},"west":{"uv":[0,6,5,14],"texture":"#0"},"up":{"uv":[3,3,0,0],"rotation":270,"texture":"#0"},"down":{"uv":[3,3,0,6],"rotation":90,"texture":"#0"}}},{"from":[5.9966,1.325,10.2896],"to":[10.0034,1.961,10.5758],"rotation":{"angle":0,"axis":"y","origin":[-1.1584,-6.0102,-1.1584]},"faces":{"north":{"uv":[0,6,5,14],"texture":"#0"},"east":{"uv":[5,6,0,14],"texture":"#0"},"south":{"uv":[0,6,5,14],"texture":"#0"},"west":{"uv":[0,6,5,14],"texture":"#0"},"up":{"uv":[3,3,0,0],"rotation":270,"texture":"#0"},"down":{"uv":[3,3,0,6],"rotation":90,"texture":"#0"}}},{"from":[10.0034,1.325,10.0034],"to":[10.2896,1.961,10.2896],"rotation":{"angle":0,"axis":"y","origin":[-1.1584,-6.0102,-1.1584]},"faces":{"north":{"uv":[0,6,5,14],"texture":"#0"},"east":{"uv":[5,6,0,14],"texture":"#0"},"south":{"uv":[0,6,5,14],"texture":"#0"},"west":{"uv":[0,6,5,14],"texture":"#0"},"up":{"uv":[3,3,0,0],"rotation":270,"texture":"#0"},"down":{"uv":[3,3,0,6],"rotation":90,"texture":"#0"}}},{"from":[10.0034,1.325,5.7104],"to":[10.2896,1.961,5.9966],"rotation":{"angle":0,"axis":"y","origin":[-1.1584,-6.0102,-1.1584]},"faces":{"north":{"uv":[0,6,5,14],"texture":"#0"},"east":{"uv":[5,6,0,14],"texture":"#0"},"south":{"uv":[0,6,5,14],"texture":"#0"},"west":{"uv":[0,6,5,14],"texture":"#0"},"up":{"uv":[3,3,0,0],"rotation":270,"texture":"#0"},"down":{"uv":[3,3,0,6],"rotation":90,"texture":"#0"}}},{"from":[5.7104,1.325,5.7104],"to":[5.9966,1.961,5.9966],"rotation":{"angle":0,"axis":"y","origin":[-1.1584,-6.0102,-1.1584]},"faces":{"north":{"uv":[0,6,5,14],"texture":"#0"},"east":{"uv":[5,6,0,14],"texture":"#0"},"south":{"uv":[0,6,5,14],"texture":"#0"},"west":{"uv":[0,6,5,14],"texture":"#0"},"up":{"uv":[3,3,0,0],"rotation":270,"texture":"#0"},"down":{"uv":[3,3,0,6],"rotation":90,"texture":"#0"}}},{"from":[5.7104,1.325,10.0034],"to":[5.9966,1.961,10.2896],"rotation":{"angle":0,"axis":"y","origin":[-1.1584,-6.0102,-1.1584]},"faces":{"north":{"uv":[0,6,5,14],"texture":"#0"},"east":{"uv":[5,6,0,14],"texture":"#0"},"south":{"uv":[0,6,5,14],"texture":"#0"},"west":{"uv":[0,6,5,14],"texture":"#0"},"up":{"uv":[3,3,0,0],"rotation":270,"texture":"#0"},"down":{"uv":[3,3,0,6],"rotation":90,"texture":"#0"}}},{"from":[10.2896,1.325,5.9966],"to":[10.5758,1.961,10.0034],"rotation":{"angle":0,"axis":"y","origin":[-1.1584,-6.0102,-1.1584]},"faces":{"north":{"uv":[0,6,5,14],"texture":"#0"},"east":{"uv":[5,6,0,14],"texture":"#0"},"south":{"uv":[0,6,5,14],"texture":"#0"},"west":{"uv":[0,6,5,14],"texture":"#0"},"up":{"uv":[3,3,0,0],"rotation":180,"texture":"#0"},"down":{"uv":[3,3,0,6],"rotation":180,"texture":"#0"}}},{"from":[5.4242,1.325,5.9966],"to":[5.7104,1.961,10.0034],"rotation":{"angle":0,"axis":"y","origin":[-1.1584,-6.0102,-1.1584]},"faces":{"north":{"uv":[0,6,5,14],"texture":"#0"},"east":{"uv":[5,6,0,14],"texture":"#0"},"south":{"uv":[0,6,5,14],"texture":"#0"},"west":{"uv":[0,6,5,14],"texture":"#0"},"up":{"uv":[3,3,0,0],"rotation":180,"texture":"#0"},"down":{"uv":[3,3,0,6],"rotation":180,"texture":"#0"}}},{"from":[6.25,0.25,9.75],"to":[9.75,0.5,10],"rotation":{"angle":0,"axis":"y","origin":[0,-5.25,0]},"faces":{"north":{"uv":[0,6,5,14],"texture":"#0"},"east":{"uv":[5,6,0,14],"texture":"#0"},"south":{"uv":[0,6,5,14],"texture":"#0"},"west":{"uv":[0,6,5,14],"texture":"#0"},"up":{"uv":[3,3,0,0],"rotation":270,"texture":"#0"},"down":{"uv":[3,3,0,6],"rotation":90,"texture":"#0"}}},{"from":[10.32,1.82,10.03],"to":[10.61,2.81,10.32],"rotation":{"angle":0,"axis":"y","origin":[-1.28,-6.09,-1.28]},"faces":{"north":{"uv":[0,6,5,14],"texture":"#0"},"east":{"uv":[5,6,0,14],"texture":"#0"},"south":{"uv":[0,6,5,14],"texture":"#0"},"west":{"uv":[0,6,5,14],"texture":"#0"},"up":{"uv":[3,3,0,0],"rotation":270,"texture":"#0"},"down":{"uv":[3,3,0,6],"rotation":90,"texture":"#0"}}},{"from":[10.03,1.82,10.32],"to":[10.32,2.81,10.61],"rotation":{"angle":0,"axis":"y","origin":[-1.28,-6.09,-1.28]},"faces":{"north":{"uv":[0,6,5,14],"texture":"#0"},"east":{"uv":[5,6,0,14],"texture":"#0"},"south":{"uv":[0,6,5,14],"texture":"#0"},"west":{"uv":[0,6,5,14],"texture":"#0"},"up":{"uv":[3,3,0,0],"rotation":270,"texture":"#0"},"down":{"uv":[3,3,0,6],"rotation":90,"texture":"#0"}}},{"from":[10.4244,2.7094,10.12135],"to":[10.72745,4.74395,10.4244],"rotation":{"angle":0,"axis":"y","origin":[-1.6976,-6.36405,-1.6976]},"faces":{"north":{"uv":[0,6,5,14],"texture":"#0"},"east":{"uv":[5,6,0,14],"texture":"#0"},"south":{"uv":[0,6,5,14],"texture":"#0"},"west":{"uv":[0,6,5,14],"texture":"#0"},"up":{"uv":[3,3,0,0],"rotation":270,"texture":"#0"},"down":{"uv":[3,3,0,6],"rotation":90,"texture":"#0"}}},{"from":[10.12135,2.7094,10.4244],"to":[10.4244,4.74395,10.72745],"rotation":{"angle":0,"axis":"y","origin":[-1.6976,-6.36405,-1.6976]},"faces":{"north":{"uv":[0,6,5,14],"texture":"#0"},"east":{"uv":[5,6,0,14],"texture":"#0"},"south":{"uv":[0,6,5,14],"texture":"#0"},"west":{"uv":[0,6,5,14],"texture":"#0"},"up":{"uv":[3,3,0,0],"rotation":270,"texture":"#0"},"down":{"uv":[3,3,0,6],"rotation":90,"texture":"#0"}}},{"from":[10.03,1.82,5.39],"to":[10.32,2.81,5.68],"rotation":{"angle":0,"axis":"y","origin":[-1.28,-6.09,-1.28]},"faces":{"north":{"uv":[0,6,5,14],"texture":"#0"},"east":{"uv":[5,6,0,14],"texture":"#0"},"south":{"uv":[0,6,5,14],"texture":"#0"},"west":{"uv":[0,6,5,14],"texture":"#0"},"up":{"uv":[3,3,0,0],"rotation":180,"texture":"#0"},"down":{"uv":[3,3,0,6],"rotation":180,"texture":"#0"}}},{"from":[10.32,1.82,5.68],"to":[10.61,2.81,5.97],"rotation":{"angle":0,"axis":"y","origin":[-1.28,-6.09,-1.28]},"faces":{"north":{"uv":[0,6,5,14],"texture":"#0"},"east":{"uv":[5,6,0,14],"texture":"#0"},"south":{"uv":[0,6,5,14],"texture":"#0"},"west":{"uv":[0,6,5,14],"texture":"#0"},"up":{"uv":[3,3,0,0],"rotation":180,"texture":"#0"},"down":{"uv":[3,3,0,6],"rotation":180,"texture":"#0"}}},{"from":[10.12135,2.7094,5.27255],"to":[10.4244,4.74395,5.5756],"rotation":{"angle":0,"axis":"y","origin":[-1.6976,-6.36405,-1.6976]},"faces":{"north":{"uv":[0,6,5,14],"texture":"#0"},"east":{"uv":[5,6,0,14],"texture":"#0"},"south":{"uv":[0,6,5,14],"texture":"#0"},"west":{"uv":[0,6,5,14],"texture":"#0"},"up":{"uv":[3,3,0,0],"rotation":180,"texture":"#0"},"down":{"uv":[3,3,0,6],"rotation":180,"texture":"#0"}}},{"from":[10.4244,2.7094,5.5756],"to":[10.72745,4.74395,5.87865],"rotation":{"angle":0,"axis":"y","origin":[-1.6976,-6.36405,-1.6976]},"faces":{"north":{"uv":[0,6,5,14],"texture":"#0"},"east":{"uv":[5,6,0,14],"texture":"#0"},"south":{"uv":[0,6,5,14],"texture":"#0"},"west":{"uv":[0,6,5,14],"texture":"#0"},"up":{"uv":[3,3,0,0],"rotation":180,"texture":"#0"},"down":{"uv":[3,3,0,6],"rotation":180,"texture":"#0"}}},{"from":[5.68,1.82,5.39],"to":[5.97,2.81,5.68],"rotation":{"angle":0,"axis":"y","origin":[17.28,-6.09,-1.28]},"faces":{"north":{"uv":[5,6,0,14],"texture":"#0"},"east":{"uv":[5,6,0,14],"texture":"#0"},"south":{"uv":[5,6,0,14],"texture":"#0"},"west":{"uv":[5,6,0,14],"texture":"#0"},"up":{"uv":[0,3,3,0],"rotation":180,"texture":"#0"},"down":{"uv":[0,3,3,6],"rotation":180,"texture":"#0"}}},{"from":[5.39,1.82,5.68],"to":[5.68,2.81,5.97],"rotation":{"angle":0,"axis":"y","origin":[17.28,-6.09,-1.28]},"faces":{"north":{"uv":[5,6,0,14],"texture":"#0"},"east":{"uv":[5,6,0,14],"texture":"#0"},"south":{"uv":[5,6,0,14],"texture":"#0"},"west":{"uv":[5,6,0,14],"texture":"#0"},"up":{"uv":[0,3,3,0],"rotation":180,"texture":"#0"},"down":{"uv":[0,3,3,6],"rotation":180,"texture":"#0"}}},{"from":[5.5756,2.7094,5.27255],"to":[5.87865,4.74395,5.5756],"rotation":{"angle":0,"axis":"y","origin":[17.6976,-6.36405,-1.6976]},"faces":{"north":{"uv":[5,6,0,14],"texture":"#0"},"east":{"uv":[5,6,0,14],"texture":"#0"},"south":{"uv":[5,6,0,14],"texture":"#0"},"west":{"uv":[5,6,0,14],"texture":"#0"},"up":{"uv":[0,3,3,0],"rotation":180,"texture":"#0"},"down":{"uv":[0,3,3,6],"rotation":180,"texture":"#0"}}},{"from":[5.27255,2.7094,5.5756],"to":[5.5756,4.74395,5.87865],"rotation":{"angle":0,"axis":"y","origin":[17.6976,-6.36405,-1.6976]},"faces":{"north":{"uv":[5,6,0,14],"texture":"#0"},"east":{"uv":[5,6,0,14],"texture":"#0"},"south":{"uv":[5,6,0,14],"texture":"#0"},"west":{"uv":[5,6,0,14],"texture":"#0"},"up":{"uv":[0,3,3,0],"rotation":180,"texture":"#0"},"down":{"uv":[0,3,3,6],"rotation":180,"texture":"#0"}}},{"from":[5.68,1.82,10.32],"to":[5.97,2.81,10.61],"rotation":{"angle":0,"axis":"y","origin":[17.28,-6.09,17.28]},"faces":{"north":{"uv":[0,6,5,14],"texture":"#0"},"east":{"uv":[5,6,0,14],"texture":"#0"},"south":{"uv":[0,6,5,14],"texture":"#0"},"west":{"uv":[0,6,5,14],"texture":"#0"},"up":{"uv":[0,0,3,3],"rotation":180,"texture":"#0"},"down":{"uv":[0,6,3,3],"rotation":180,"texture":"#0"}}},{"from":[5.39,1.82,10.03],"to":[5.68,2.81,10.32],"rotation":{"angle":0,"axis":"y","origin":[17.28,-6.09,17.28]},"faces":{"north":{"uv":[0,6,5,14],"texture":"#0"},"east":{"uv":[5,6,0,14],"texture":"#0"},"south":{"uv":[0,6,5,14],"texture":"#0"},"west":{"uv":[0,6,5,14],"texture":"#0"},"up":{"uv":[0,0,3,3],"rotation":180,"texture":"#0"},"down":{"uv":[0,6,3,3],"rotation":180,"texture":"#0"}}},{"from":[5.5756,2.7094,10.4244],"to":[5.87865,4.74395,10.72745],"rotation":{"angle":0,"axis":"y","origin":[17.6976,-6.36405,17.6976]},"faces":{"north":{"uv":[0,6,5,14],"texture":"#0"},"east":{"uv":[5,6,0,14],"texture":"#0"},"south":{"uv":[0,6,5,14],"texture":"#0"},"west":{"uv":[0,6,5,14],"texture":"#0"},"up":{"uv":[0,0,3,3],"rotation":180,"texture":"#0"},"down":{"uv":[0,6,3,3],"rotation":180,"texture":"#0"}}},{"from":[5.27255,2.7094,10.12135],"to":[5.5756,4.74395,10.4244],"rotation":{"angle":0,"axis":"y","origin":[17.6976,-6.36405,17.6976]},"faces":{"north":{"uv":[0,6,5,14],"texture":"#0"},"east":{"uv":[5,6,0,14],"texture":"#0"},"south":{"uv":[0,6,5,14],"texture":"#0"},"west":{"uv":[0,6,5,14],"texture":"#0"},"up":{"uv":[0,0,3,3],"rotation":180,"texture":"#0"},"down":{"uv":[0,6,3,3],"rotation":180,"texture":"#0"}}},{"from":[5.25,0.5,7.5],"to":[5.5,0.75,8.5],"rotation":{"angle":0,"axis":"y","origin":[0,-5.25,0]},"faces":{"north":{"uv":[0,6,5,14],"texture":"#0"},"east":{"uv":[5,6,0,14],"texture":"#0"},"south":{"uv":[0,6,5,14],"texture":"#0"},"west":{"uv":[0,6,5,14],"texture":"#0"},"up":{"uv":[3,3,0,0],"texture":"#0"},"down":{"uv":[3,3,0,6],"texture":"#0"}}},{"from":[5.03,0.75,7.46],"to":[5.3,1.35,8.54],"rotation":{"angle":0,"axis":"y","origin":[-0.64,-5.67,-0.64]},"faces":{"north":{"uv":[0,6,5,14],"texture":"#0"},"east":{"uv":[5,6,0,14],"texture":"#0"},"south":{"uv":[0,6,5,14],"texture":"#0"},"west":{"uv":[0,6,5,14],"texture":"#0"},"up":{"uv":[3,3,0,0],"texture":"#0"},"down":{"uv":[3,3,0,6],"texture":"#0"}}},{"from":[4.8518,1.325,7.4276],"to":[5.138,1.961,8.5724],"rotation":{"angle":0,"axis":"y","origin":[-1.1584,-6.0102,-1.1584]},"faces":{"north":{"uv":[0,6,5,14],"texture":"#0"},"east":{"uv":[5,6,0,14],"texture":"#0"},"south":{"uv":[0,6,5,14],"texture":"#0"},"west":{"uv":[0,6,5,14],"texture":"#0"},"up":{"uv":[3,3,0,0],"texture":"#0"},"down":{"uv":[3,3,0,6],"texture":"#0"}}},{"from":[4.52,1.82,7.42],"to":[4.81,2.81,8.58],"rotation":{"angle":0,"axis":"y","origin":[-1.28,-6.09,-1.28]},"faces":{"north":{"uv":[0,6,5,14],"texture":"#0"},"east":{"uv":[5,6,0,14],"texture":"#0"},"south":{"uv":[0,6,5,14],"texture":"#0"},"west":{"uv":[0,6,5,14],"texture":"#0"},"up":{"uv":[3,3,0,0],"texture":"#0"},"down":{"uv":[3,3,0,6],"texture":"#0"}}},{"from":[4.81,1.82,6.55],"to":[5.1,2.81,7.42],"rotation":{"angle":0,"axis":"y","origin":[-1.28,-6.09,-1.28]},"faces":{"north":{"uv":[0,6,5,14],"texture":"#0"},"east":{"uv":[5,6,0,14],"texture":"#0"},"south":{"uv":[0,6,5,14],"texture":"#0"},"west":{"uv":[0,6,5,14],"texture":"#0"},"up":{"uv":[3,3,0,0],"texture":"#0"},"down":{"uv":[3,3,0,6],"texture":"#0"}}},{"from":[5.1,1.82,5.97],"to":[5.39,2.81,6.55],"rotation":{"angle":0,"axis":"y","origin":[-1.28,-6.09,-1.28]},"faces":{"north":{"uv":[0,6,5,14],"texture":"#0"},"east":{"uv":[5,6,0,14],"texture":"#0"},"south":{"uv":[0,6,5,14],"texture":"#0"},"west":{"uv":[0,6,5,14],"texture":"#0"},"up":{"uv":[3,3,0,0],"rotation":180,"texture":"#0"},"down":{"uv":[3,3,0,6],"rotation":180,"texture":"#0"}}},{"from":[4.81,1.82,8.58],"to":[5.1,2.81,9.45],"rotation":{"angle":0,"axis":"y","origin":[-1.28,-6.09,-1.28]},"faces":{"north":{"uv":[0,6,5,14],"texture":"#0"},"east":{"uv":[5,6,0,14],"texture":"#0"},"south":{"uv":[0,6,5,14],"texture":"#0"},"west":{"uv":[0,6,5,14],"texture":"#0"},"up":{"uv":[3,3,0,0],"texture":"#0"},"down":{"uv":[3,3,0,6],"texture":"#0"}}},{"from":[5.5,0.25,7.5],"to":[5.75,0.5,8.5],"rotation":{"angle":0,"axis":"y","origin":[0,-5.25,0]},"faces":{"north":{"uv":[0,6,5,14],"texture":"#0"},"east":{"uv":[5,6,0,14],"texture":"#0"},"south":{"uv":[0,6,5,14],"texture":"#0"},"west":{"uv":[0,6,5,14],"texture":"#0"},"up":{"uv":[3,3,0,0],"texture":"#0"},"down":{"uv":[3,3,0,6],"texture":"#0"}}},{"from":[5.75,0,7.5],"to":[6,0.25,8.5],"rotation":{"angle":0,"axis":"y","origin":[0,-5.25,0]},"faces":{"north":{"uv":[0,6,5,14],"texture":"#0"},"east":{"uv":[5,6,0,14],"texture":"#0"},"south":{"uv":[0,6,5,14],"texture":"#0"},"west":{"uv":[0,6,5,14],"texture":"#0"},"up":{"uv":[3,3,0,0],"texture":"#0"},"down":{"uv":[3,3,0,6],"texture":"#0"}}},{"from":[5.1,1.82,9.45],"to":[5.39,2.81,10.03],"rotation":{"angle":0,"axis":"y","origin":[-1.28,-6.09,-1.28]},"faces":{"north":{"uv":[0,6,5,14],"texture":"#0"},"east":{"uv":[5,6,0,14],"texture":"#0"},"south":{"uv":[0,6,5,14],"texture":"#0"},"west":{"uv":[0,6,5,14],"texture":"#0"},"up":{"uv":[3,3,0,0],"rotation":180,"texture":"#0"},"down":{"uv":[3,3,0,6],"rotation":180,"texture":"#0"}}},{"from":[4.3634,2.7094,7.3939],"to":[4.66645,4.74395,8.6061],"rotation":{"angle":0,"axis":"y","origin":[-1.6976,-6.36405,-1.6976]},"faces":{"north":{"uv":[0,6,5,14],"texture":"#0"},"east":{"uv":[5,6,0,14],"texture":"#0"},"south":{"uv":[0,6,5,14],"texture":"#0"},"west":{"uv":[0,6,5,14],"texture":"#0"},"up":{"uv":[3,3,0,0],"texture":"#0"},"down":{"uv":[3,3,0,6],"texture":"#0"}}},{"from":[4.66645,2.7094,6.48475],"to":[4.9695,4.74395,7.3939],"rotation":{"angle":0,"axis":"y","origin":[-1.6976,-6.36405,-1.6976]},"faces":{"north":{"uv":[0,6,5,14],"texture":"#0"},"east":{"uv":[5,6,0,14],"texture":"#0"},"south":{"uv":[0,6,5,14],"texture":"#0"},"west":{"uv":[0,6,5,14],"texture":"#0"},"up":{"uv":[3,3,0,0],"texture":"#0"},"down":{"uv":[3,3,0,6],"texture":"#0"}}},{"from":[4.9695,2.7094,5.87865],"to":[5.27255,4.74395,6.48475],"rotation":{"angle":0,"axis":"y","origin":[-1.6976,-6.36405,-1.6976]},"faces":{"north":{"uv":[0,6,5,14],"texture":"#0"},"east":{"uv":[5,6,0,14],"texture":"#0"},"south":{"uv":[0,6,5,14],"texture":"#0"},"west":{"uv":[0,6,5,14],"texture":"#0"},"up":{"uv":[3,3,0,0],"rotation":180,"texture":"#0"},"down":{"uv":[3,3,0,6],"rotation":180,"texture":"#0"}}},{"from":[4.66645,2.7094,8.6061],"to":[4.9695,4.74395,9.51525],"rotation":{"angle":0,"axis":"y","origin":[-1.6976,-6.36405,-1.6976]},"faces":{"north":{"uv":[0,6,5,14],"texture":"#0"},"east":{"uv":[5,6,0,14],"texture":"#0"},"south":{"uv":[0,6,5,14],"texture":"#0"},"west":{"uv":[0,6,5,14],"texture":"#0"},"up":{"uv":[3,3,0,0],"texture":"#0"},"down":{"uv":[3,3,0,6],"texture":"#0"}}},{"from":[4.9695,2.7094,9.51525],"to":[5.27255,4.74395,10.12135],"rotation":{"angle":0,"axis":"y","origin":[-1.6976,-6.36405,-1.6976]},"faces":{"north":{"uv":[0,6,5,14],"texture":"#0"},"east":{"uv":[5,6,0,14],"texture":"#0"},"south":{"uv":[0,6,5,14],"texture":"#0"},"west":{"uv":[0,6,5,14],"texture":"#0"},"up":{"uv":[3,3,0,0],"rotation":180,"texture":"#0"},"down":{"uv":[3,3,0,6],"rotation":180,"texture":"#0"}}},{"from":[10.5,0.5,7.5],"to":[10.75,0.75,8.5],"rotation":{"angle":0,"axis":"y","origin":[16,-5.25,0]},"faces":{"north":{"uv":[5,6,0,14],"texture":"#0"},"east":{"uv":[5,6,0,14],"texture":"#0"},"south":{"uv":[5,6,0,14],"texture":"#0"},"west":{"uv":[5,6,0,14],"texture":"#0"},"up":{"uv":[0,3,3,0],"texture":"#0"},"down":{"uv":[0,3,3,6],"texture":"#0"}}},{"from":[10.7,0.75,7.46],"to":[10.97,1.35,8.54],"rotation":{"angle":0,"axis":"y","origin":[16.64,-5.67,-0.64]},"faces":{"north":{"uv":[5,6,0,14],"texture":"#0"},"east":{"uv":[5,6,0,14],"texture":"#0"},"south":{"uv":[5,6,0,14],"texture":"#0"},"west":{"uv":[5,6,0,14],"texture":"#0"},"up":{"uv":[0,3,3,0],"texture":"#0"},"down":{"uv":[0,3,3,6],"texture":"#0"}}},{"from":[10.862,1.325,7.4276],"to":[11.1482,1.961,8.5724],"rotation":{"angle":0,"axis":"y","origin":[17.1584,-6.0102,-1.1584]},"faces":{"north":{"uv":[5,6,0,14],"texture":"#0"},"east":{"uv":[5,6,0,14],"texture":"#0"},"south":{"uv":[5,6,0,14],"texture":"#0"},"west":{"uv":[5,6,0,14],"texture":"#0"},"up":{"uv":[0,3,3,0],"texture":"#0"},"down":{"uv":[0,3,3,6],"texture":"#0"}}},{"from":[10.9,1.82,6.55],"to":[11.19,2.81,7.42],"rotation":{"angle":0,"axis":"y","origin":[17.28,-6.09,-1.28]},"faces":{"north":{"uv":[5,6,0,14],"texture":"#0"},"east":{"uv":[5,6,0,14],"texture":"#0"},"south":{"uv":[5,6,0,14],"texture":"#0"},"west":{"uv":[5,6,0,14],"texture":"#0"},"up":{"uv":[0,3,3,0],"texture":"#0"},"down":{"uv":[0,3,3,6],"texture":"#0"}}},{"from":[10.61,1.82,5.97],"to":[10.9,2.81,6.55],"rotation":{"angle":0,"axis":"y","origin":[17.28,-6.09,-1.28]},"faces":{"north":{"uv":[5,6,0,14],"texture":"#0"},"east":{"uv":[5,6,0,14],"texture":"#0"},"south":{"uv":[5,6,0,14],"texture":"#0"},"west":{"uv":[5,6,0,14],"texture":"#0"},"up":{"uv":[0,3,3,0],"rotation":180,"texture":"#0"},"down":{"uv":[0,3,3,6],"rotation":180,"texture":"#0"}}},{"from":[10.9,1.82,8.58],"to":[11.19,2.81,9.45],"rotation":{"angle":0,"axis":"y","origin":[17.28,-6.09,-1.28]},"faces":{"north":{"uv":[5,6,0,14],"texture":"#0"},"east":{"uv":[5,6,0,14],"texture":"#0"},"south":{"uv":[5,6,0,14],"texture":"#0"},"west":{"uv":[5,6,0,14],"texture":"#0"},"up":{"uv":[0,3,3,0],"texture":"#0"},"down":{"uv":[0,3,3,6],"texture":"#0"}}},{"from":[10.25,0.25,7.5],"to":[10.5,0.5,8.5],"rotation":{"angle":0,"axis":"y","origin":[16,-5.25,0]},"faces":{"north":{"uv":[5,6,0,14],"texture":"#0"},"east":{"uv":[5,6,0,14],"texture":"#0"},"south":{"uv":[5,6,0,14],"texture":"#0"},"west":{"uv":[5,6,0,14],"texture":"#0"},"up":{"uv":[0,3,3,0],"texture":"#0"},"down":{"uv":[0,3,3,6],"texture":"#0"}}},{"from":[10,0,7.5],"to":[10.25,0.25,8.5],"rotation":{"angle":0,"axis":"y","origin":[16,-5.25,0]},"faces":{"north":{"uv":[5,6,0,14],"texture":"#0"},"east":{"uv":[5,6,0,14],"texture":"#0"},"south":{"uv":[5,6,0,14],"texture":"#0"},"west":{"uv":[5,6,0,14],"texture":"#0"},"up":{"uv":[0,3,3,0],"texture":"#0"},"down":{"uv":[0,3,3,6],"texture":"#0"}}},{"from":[10.61,1.82,9.45],"to":[10.9,2.81,10.03],"rotation":{"angle":0,"axis":"y","origin":[17.28,-6.09,-1.28]},"faces":{"north":{"uv":[5,6,0,14],"texture":"#0"},"east":{"uv":[5,6,0,14],"texture":"#0"},"south":{"uv":[5,6,0,14],"texture":"#0"},"west":{"uv":[5,6,0,14],"texture":"#0"},"up":{"uv":[0,3,3,0],"rotation":180,"texture":"#0"},"down":{"uv":[0,3,3,6],"rotation":180,"texture":"#0"}}},{"from":[11.0305,2.7094,6.48475],"to":[11.33355,4.74395,7.3939],"rotation":{"angle":0,"axis":"y","origin":[17.6976,-6.36405,-1.6976]},"faces":{"north":{"uv":[5,6,0,14],"texture":"#0"},"east":{"uv":[5,6,0,14],"texture":"#0"},"south":{"uv":[5,6,0,14],"texture":"#0"},"west":{"uv":[5,6,0,14],"texture":"#0"},"up":{"uv":[0,3,3,0],"texture":"#0"},"down":{"uv":[0,3,3,6],"texture":"#0"}}},{"from":[10.72745,2.7094,5.87865],"to":[11.0305,4.74395,6.48475],"rotation":{"angle":0,"axis":"y","origin":[17.6976,-6.36405,-1.6976]},"faces":{"north":{"uv":[5,6,0,14],"texture":"#0"},"east":{"uv":[5,6,0,14],"texture":"#0"},"south":{"uv":[5,6,0,14],"texture":"#0"},"west":{"uv":[5,6,0,14],"texture":"#0"},"up":{"uv":[0,3,3,0],"rotation":180,"texture":"#0"},"down":{"uv":[0,3,3,6],"rotation":180,"texture":"#0"}}},{"from":[11.0305,2.7094,8.6061],"to":[11.33355,4.74395,9.51525],"rotation":{"angle":0,"axis":"y","origin":[17.6976,-6.36405,-1.6976]},"faces":{"north":{"uv":[5,6,0,14],"texture":"#0"},"east":{"uv":[5,6,0,14],"texture":"#0"},"south":{"uv":[5,6,0,14],"texture":"#0"},"west":{"uv":[5,6,0,14],"texture":"#0"},"up":{"uv":[0,3,3,0],"texture":"#0"},"down":{"uv":[0,3,3,6],"texture":"#0"}}},{"from":[10.72745,2.7094,9.51525],"to":[11.0305,4.74395,10.12135],"rotation":{"angle":0,"axis":"y","origin":[17.6976,-6.36405,-1.6976]},"faces":{"north":{"uv":[5,6,0,14],"texture":"#0"},"east":{"uv":[5,6,0,14],"texture":"#0"},"south":{"uv":[5,6,0,14],"texture":"#0"},"west":{"uv":[5,6,0,14],"texture":"#0"},"up":{"uv":[0,3,3,0],"rotation":180,"texture":"#0"},"down":{"uv":[0,3,3,6],"rotation":180,"texture":"#0"}}},{"from":[7.5,0.5,5.25],"to":[8.5,0.75,5.5],"rotation":{"angle":0,"axis":"y","origin":[16,-5.25,0]},"faces":{"north":{"uv":[5,6,0,14],"texture":"#0"},"east":{"uv":[5,6,0,14],"texture":"#0"},"south":{"uv":[5,6,0,14],"texture":"#0"},"west":{"uv":[5,6,0,14],"texture":"#0"},"up":{"uv":[0,3,3,0],"rotation":270,"texture":"#0"},"down":{"uv":[0,3,3,6],"rotation":90,"texture":"#0"}}},{"from":[7.46,0.75,5.03],"to":[8.54,1.35,5.3],"rotation":{"angle":0,"axis":"y","origin":[16.64,-5.67,-0.64]},"faces":{"north":{"uv":[5,6,0,14],"texture":"#0"},"east":{"uv":[5,6,0,14],"texture":"#0"},"south":{"uv":[5,6,0,14],"texture":"#0"},"west":{"uv":[5,6,0,14],"texture":"#0"},"up":{"uv":[0,3,3,0],"rotation":270,"texture":"#0"},"down":{"uv":[0,3,3,6],"rotation":90,"texture":"#0"}}},{"from":[7.4276,1.325,4.8518],"to":[8.5724,1.961,5.138],"rotation":{"angle":0,"axis":"y","origin":[17.1584,-6.0102,-1.1584]},"faces":{"north":{"uv":[5,6,0,14],"texture":"#0"},"east":{"uv":[5,6,0,14],"texture":"#0"},"south":{"uv":[5,6,0,14],"texture":"#0"},"west":{"uv":[5,6,0,14],"texture":"#0"},"up":{"uv":[0,3,3,0],"rotation":270,"texture":"#0"},"down":{"uv":[0,3,3,6],"rotation":90,"texture":"#0"}}},{"from":[7.42,1.82,4.52],"to":[8.58,2.81,4.81],"rotation":{"angle":0,"axis":"y","origin":[17.28,-6.09,-1.28]},"faces":{"north":{"uv":[5,6,0,14],"texture":"#0"},"east":{"uv":[5,6,0,14],"texture":"#0"},"south":{"uv":[5,6,0,14],"texture":"#0"},"west":{"uv":[5,6,0,14],"texture":"#0"},"up":{"uv":[0,3,3,0],"rotation":270,"texture":"#0"},"down":{"uv":[0,3,3,6],"rotation":90,"texture":"#0"}}},{"from":[7.79626,4.02111,10.9981],"to":[8.20374,4.4286,11.81306],"rotation":{"angle":-22.5,"axis":"x","origin":[8,4.22485,11.60932]},"faces":{"north":{"uv":[0,6,5,14],"texture":"#0"},"east":{"uv":[0,6,5,14],"texture":"#0"},"south":{"uv":[0,6,5,14],"texture":"#0"},"west":{"uv":[0,6,5,14],"texture":"#0"},"up":{"uv":[3,3,0,0],"rotation":270,"texture":"#0"},"down":{"uv":[3,3,0,6],"rotation":90,"texture":"#0"}}},{"from":[7.79626,4.07816,11.69082],"to":[8.20374,4.48564,12.30204],"rotation":{"angle":0,"axis":"y","origin":[8,4.45876,12.17402]},"faces":{"north":{"uv":[0,6,5,14],"texture":"#0"},"east":{"uv":[0,6,5,14],"texture":"#0"},"south":{"uv":[0,6,5,14],"texture":"#0"},"west":{"uv":[0,6,5,14],"texture":"#0"},"up":{"uv":[3,3,0,0],"rotation":270,"texture":"#0"},"down":{"uv":[3,3,0,6],"rotation":90,"texture":"#0"}}},{"from":[7.79626,3.93962,12.2613],"to":[8.20374,4.3471,12.91327],"rotation":{"angle":22.5,"axis":"x","origin":[8,4.2819,12.60767]},"faces":{"north":{"uv":[0,6,5,14],"texture":"#0"},"east":{"uv":[0,6,5,14],"texture":"#0"},"south":{"uv":[0,6,5,14],"texture":"#0"},"west":{"uv":[0,6,5,14],"texture":"#0"},"up":{"uv":[3,3,0,0],"rotation":270,"texture":"#0"},"down":{"uv":[3,3,0,6],"rotation":90,"texture":"#0"}}},{"from":[7.79626,3.53312,12.66878],"to":[8.20374,4.18509,13.07626],"rotation":{"angle":-22.5,"axis":"x","origin":[8,3.85911,12.91044]},"faces":{"north":{"uv":[0,14,5,6],"rotation":90,"texture":"#0"},"east":{"uv":[5,14,0,6],"rotation":90,"texture":"#0"},"south":{"uv":[0,6,5,14],"rotation":90,"texture":"#0"},"west":{"uv":[5,14,0,6],"rotation":270,"texture":"#0"},"up":{"uv":[6,2,3,1],"texture":"#0"},"down":{"uv":[6,4,3,3],"rotation":180,"texture":"#0"}}},{"from":[7.79626,3.20614,12.77473],"to":[8.20374,3.65438,13.18221],"rotation":{"angle":0,"axis":"y","origin":[8,3.85911,12.91044]},"faces":{"north":{"uv":[0,14,5,6],"rotation":90,"texture":"#0"},"east":{"uv":[5,14,0,6],"rotation":90,"texture":"#0"},"south":{"uv":[0,6,5,14],"rotation":90,"texture":"#0"},"west":{"uv":[5,14,0,6],"rotation":270,"texture":"#0"},"up":{"uv":[6,2,3,1],"texture":"#0"},"down":{"uv":[6,4,3,3],"rotation":180,"texture":"#0"}}},{"from":[7.79626,2.30968,12.99477],"to":[8.20374,3.36914,13.40225],"rotation":{"angle":22.5,"axis":"x","origin":[8,3.85911,12.91044]},"faces":{"north":{"uv":[0,14,5,6],"rotation":90,"texture":"#0"},"east":{"uv":[5,14,0,6],"rotation":90,"texture":"#0"},"south":{"uv":[0,6,5,14],"rotation":90,"texture":"#0"},"west":{"uv":[5,14,0,6],"rotation":270,"texture":"#0"},"up":{"uv":[6,2,3,1],"texture":"#0"},"down":{"uv":[6,4,3,3],"rotation":180,"texture":"#0"}}},{"from":[7.79626,0.07931,13.56525],"to":[8.20374,2.61122,13.97273],"rotation":{"angle":45,"axis":"x","origin":[8,3.85911,12.91044]},"faces":{"north":{"uv":[0,14,5,6],"rotation":90,"texture":"#0"},"east":{"uv":[5,14,0,6],"rotation":90,"texture":"#0"},"south":{"uv":[0,6,5,14],"rotation":90,"texture":"#0"},"west":{"uv":[5,14,0,6],"rotation":270,"texture":"#0"},"up":{"uv":[6,2,3,1],"texture":"#0"},"down":{"uv":[6,4,3,3],"rotation":180,"texture":"#0"}}},{"from":[7.79626,-0.17069,13.56525],"to":[8.20374,0.11122,13.72273],"rotation":{"angle":45,"axis":"x","origin":[8,3.85911,12.91044]},"faces":{"north":{"uv":[0,14,5,6],"rotation":90,"texture":"#0"},"east":{"uv":[5,14,0,6],"rotation":90,"texture":"#0"},"south":{"uv":[0,6,5,14],"rotation":90,"texture":"#0"},"west":{"uv":[5,14,0,6],"rotation":270,"texture":"#0"},"up":{"uv":[6,2,3,1],"texture":"#0"},"down":{"uv":[6,4,3,3],"rotation":180,"texture":"#0"}}},{"from":[6.55,1.82,4.81],"to":[7.42,2.81,5.1],"rotation":{"angle":0,"axis":"y","origin":[17.28,-6.09,-1.28]},"faces":{"north":{"uv":[5,6,0,14],"texture":"#0"},"east":{"uv":[5,6,0,14],"texture":"#0"},"south":{"uv":[5,6,0,14],"texture":"#0"},"west":{"uv":[5,6,0,14],"texture":"#0"},"up":{"uv":[0,3,3,0],"rotation":270,"texture":"#0"},"down":{"uv":[0,3,3,6],"rotation":90,"texture":"#0"}}},{"from":[5.97,1.82,5.1],"to":[6.55,2.81,5.39],"rotation":{"angle":0,"axis":"y","origin":[17.28,-6.09,-1.28]},"faces":{"north":{"uv":[5,6,0,14],"texture":"#0"},"east":{"uv":[5,6,0,14],"texture":"#0"},"south":{"uv":[5,6,0,14],"texture":"#0"},"west":{"uv":[5,6,0,14],"texture":"#0"},"up":{"uv":[0,3,3,0],"rotation":90,"texture":"#0"},"down":{"uv":[0,3,3,6],"rotation":270,"texture":"#0"}}},{"from":[8.58,1.82,4.81],"to":[9.45,2.81,5.1],"rotation":{"angle":0,"axis":"y","origin":[17.28,-6.09,-1.28]},"faces":{"north":{"uv":[5,6,0,14],"texture":"#0"},"east":{"uv":[5,6,0,14],"texture":"#0"},"south":{"uv":[5,6,0,14],"texture":"#0"},"west":{"uv":[5,6,0,14],"texture":"#0"},"up":{"uv":[0,3,3,0],"rotation":270,"texture":"#0"},"down":{"uv":[0,3,3,6],"rotation":90,"texture":"#0"}}},{"from":[7.5,0.25,5.5],"to":[8.5,0.5,5.75],"rotation":{"angle":0,"axis":"y","origin":[16,-5.25,0]},"faces":{"north":{"uv":[5,6,0,14],"texture":"#0"},"east":{"uv":[5,6,0,14],"texture":"#0"},"south":{"uv":[5,6,0,14],"texture":"#0"},"west":{"uv":[5,6,0,14],"texture":"#0"},"up":{"uv":[0,3,3,0],"rotation":270,"texture":"#0"},"down":{"uv":[0,3,3,6],"rotation":90,"texture":"#0"}}},{"from":[7.5,0,5.75],"to":[8.5,0.25,6],"rotation":{"angle":0,"axis":"y","origin":[16,-5.25,0]},"faces":{"north":{"uv":[5,6,0,14],"texture":"#0"},"east":{"uv":[5,6,0,14],"texture":"#0"},"south":{"uv":[5,6,0,14],"texture":"#0"},"west":{"uv":[5,6,0,14],"texture":"#0"},"up":{"uv":[0,3,3,0],"rotation":270,"texture":"#0"},"down":{"uv":[0,3,3,6],"rotation":90,"texture":"#0"}}},{"from":[9.45,1.82,5.1],"to":[10.03,2.81,5.39],"rotation":{"angle":0,"axis":"y","origin":[17.28,-6.09,-1.28]},"faces":{"north":{"uv":[5,6,0,14],"texture":"#0"},"east":{"uv":[5,6,0,14],"texture":"#0"},"south":{"uv":[5,6,0,14],"texture":"#0"},"west":{"uv":[5,6,0,14],"texture":"#0"},"up":{"uv":[0,3,3,0],"rotation":90,"texture":"#0"},"down":{"uv":[0,3,3,6],"rotation":270,"texture":"#0"}}},{"from":[7.3939,2.7094,4.3634],"to":[8.6061,4.74395,4.66645],"rotation":{"angle":0,"axis":"y","origin":[17.6976,-6.36405,-1.6976]},"faces":{"north":{"uv":[5,6,0,14],"texture":"#0"},"east":{"uv":[5,6,0,14],"texture":"#0"},"south":{"uv":[5,6,0,14],"texture":"#0"},"west":{"uv":[5,6,0,14],"texture":"#0"},"up":{"uv":[0,3,3,0],"rotation":270,"texture":"#0"},"down":{"uv":[0,3,3,6],"rotation":90,"texture":"#0"}}},{"from":[6.48475,2.7094,4.66645],"to":[7.3939,4.74395,4.9695],"rotation":{"angle":0,"axis":"y","origin":[17.6976,-6.36405,-1.6976]},"faces":{"north":{"uv":[5,6,0,14],"texture":"#0"},"east":{"uv":[5,6,0,14],"texture":"#0"},"south":{"uv":[5,6,0,14],"texture":"#0"},"west":{"uv":[5,6,0,14],"texture":"#0"},"up":{"uv":[0,3,3,0],"rotation":270,"texture":"#0"},"down":{"uv":[0,3,3,6],"rotation":90,"texture":"#0"}}},{"from":[5.87865,2.7094,4.9695],"to":[6.48475,4.74395,5.27255],"rotation":{"angle":0,"axis":"y","origin":[17.6976,-6.36405,-1.6976]},"faces":{"north":{"uv":[5,6,0,14],"texture":"#0"},"east":{"uv":[5,6,0,14],"texture":"#0"},"south":{"uv":[5,6,0,14],"texture":"#0"},"west":{"uv":[5,6,0,14],"texture":"#0"},"up":{"uv":[0,3,3,0],"rotation":90,"texture":"#0"},"down":{"uv":[0,3,3,6],"rotation":270,"texture":"#0"}}},{"from":[8.6061,2.7094,4.66645],"to":[9.51525,4.74395,4.9695],"rotation":{"angle":0,"axis":"y","origin":[17.6976,-6.36405,-1.6976]},"faces":{"north":{"uv":[5,6,0,14],"texture":"#0"},"east":{"uv":[5,6,0,14],"texture":"#0"},"south":{"uv":[5,6,0,14],"texture":"#0"},"west":{"uv":[5,6,0,14],"texture":"#0"},"up":{"uv":[0,3,3,0],"rotation":270,"texture":"#0"},"down":{"uv":[0,3,3,6],"rotation":90,"texture":"#0"}}},{"from":[9.51525,2.7094,4.9695],"to":[10.12135,4.74395,5.27255],"rotation":{"angle":0,"axis":"y","origin":[17.6976,-6.36405,-1.6976]},"faces":{"north":{"uv":[5,6,0,14],"texture":"#0"},"east":{"uv":[5,6,0,14],"texture":"#0"},"south":{"uv":[5,6,0,14],"texture":"#0"},"west":{"uv":[5,6,0,14],"texture":"#0"},"up":{"uv":[0,3,3,0],"rotation":90,"texture":"#0"},"down":{"uv":[0,3,3,6],"rotation":270,"texture":"#0"}}},{"from":[7.5,0.5,10.5],"to":[8.5,0.75,10.75],"rotation":{"angle":0,"axis":"y","origin":[16,-5.25,16]},"faces":{"north":{"uv":[0,6,5,14],"texture":"#0"},"east":{"uv":[5,6,0,14],"texture":"#0"},"south":{"uv":[0,6,5,14],"texture":"#0"},"west":{"uv":[0,6,5,14],"texture":"#0"},"up":{"uv":[3,3,0,0],"rotation":270,"texture":"#0"},"down":{"uv":[3,3,0,6],"rotation":90,"texture":"#0"}}},{"from":[7.46,0.75,10.7],"to":[8.54,1.35,10.97],"rotation":{"angle":0,"axis":"y","origin":[16.64,-5.67,16.64]},"faces":{"north":{"uv":[0,6,5,14],"texture":"#0"},"east":{"uv":[5,6,0,14],"texture":"#0"},"south":{"uv":[0,6,5,14],"texture":"#0"},"west":{"uv":[0,6,5,14],"texture":"#0"},"up":{"uv":[3,3,0,0],"rotation":270,"texture":"#0"},"down":{"uv":[3,3,0,6],"rotation":90,"texture":"#0"}}},{"from":[7.4276,1.325,10.862],"to":[8.5724,1.961,11.1482],"rotation":{"angle":0,"axis":"y","origin":[17.1584,-6.0102,17.1584]},"faces":{"north":{"uv":[0,6,5,14],"texture":"#0"},"east":{"uv":[5,6,0,14],"texture":"#0"},"south":{"uv":[0,6,5,14],"texture":"#0"},"west":{"uv":[0,6,5,14],"texture":"#0"},"up":{"uv":[3,3,0,0],"rotation":270,"texture":"#0"},"down":{"uv":[3,3,0,6],"rotation":90,"texture":"#0"}}},{"from":[7.42,1.82,11.19],"to":[8.58,2.81,11.48],"rotation":{"angle":0,"axis":"y","origin":[17.28,-6.09,17.28]},"faces":{"north":{"uv":[0,6,5,14],"texture":"#0"},"east":{"uv":[5,6,0,14],"texture":"#0"},"south":{"uv":[0,6,5,14],"texture":"#0"},"west":{"uv":[0,6,5,14],"texture":"#0"},"up":{"uv":[3,3,0,0],"rotation":270,"texture":"#0"},"down":{"uv":[3,3,0,6],"rotation":90,"texture":"#0"}}},{"from":[6.55,1.82,10.9],"to":[7.42,2.81,11.19],"rotation":{"angle":0,"axis":"y","origin":[17.28,-6.09,17.28]},"faces":{"north":{"uv":[0,6,5,14],"texture":"#0"},"east":{"uv":[5,6,0,14],"texture":"#0"},"south":{"uv":[0,6,5,14],"texture":"#0"},"west":{"uv":[0,6,5,14],"texture":"#0"},"up":{"uv":[3,3,0,0],"rotation":270,"texture":"#0"},"down":{"uv":[3,3,0,6],"rotation":90,"texture":"#0"}}},{"from":[5.97,1.82,10.61],"to":[6.55,2.81,10.9],"rotation":{"angle":0,"axis":"y","origin":[17.28,-6.09,17.28]},"faces":{"north":{"uv":[0,6,5,14],"texture":"#0"},"east":{"uv":[5,6,0,14],"texture":"#0"},"south":{"uv":[0,6,5,14],"texture":"#0"},"west":{"uv":[0,6,5,14],"texture":"#0"},"up":{"uv":[3,3,0,0],"rotation":90,"texture":"#0"},"down":{"uv":[3,3,0,6],"rotation":270,"texture":"#0"}}},{"from":[8.58,1.82,10.9],"to":[9.45,2.81,11.19],"rotation":{"angle":0,"axis":"y","origin":[17.28,-6.09,17.28]},"faces":{"north":{"uv":[0,6,5,14],"texture":"#0"},"east":{"uv":[5,6,0,14],"texture":"#0"},"south":{"uv":[0,6,5,14],"texture":"#0"},"west":{"uv":[0,6,5,14],"texture":"#0"},"up":{"uv":[3,3,0,0],"rotation":270,"texture":"#0"},"down":{"uv":[3,3,0,6],"rotation":90,"texture":"#0"}}},{"from":[7.5,0.25,10.25],"to":[8.5,0.5,10.5],"rotation":{"angle":0,"axis":"y","origin":[16,-5.25,16]},"faces":{"north":{"uv":[0,6,5,14],"texture":"#0"},"east":{"uv":[5,6,0,14],"texture":"#0"},"south":{"uv":[0,6,5,14],"texture":"#0"},"west":{"uv":[0,6,5,14],"texture":"#0"},"up":{"uv":[3,3,0,0],"rotation":270,"texture":"#0"},"down":{"uv":[3,3,0,6],"rotation":90,"texture":"#0"}}},{"from":[7.5,0,10],"to":[8.5,0.25,10.25],"rotation":{"angle":0,"axis":"y","origin":[16,-5.25,16]},"faces":{"north":{"uv":[0,6,5,14],"texture":"#0"},"east":{"uv":[5,6,0,14],"texture":"#0"},"south":{"uv":[0,6,5,14],"texture":"#0"},"west":{"uv":[0,6,5,14],"texture":"#0"},"up":{"uv":[3,3,0,0],"rotation":270,"texture":"#0"},"down":{"uv":[3,3,0,6],"rotation":90,"texture":"#0"}}},{"from":[9.45,1.82,10.61],"to":[10.03,2.81,10.9],"rotation":{"angle":0,"axis":"y","origin":[17.28,-6.09,17.28]},"faces":{"north":{"uv":[0,6,5,14],"texture":"#0"},"east":{"uv":[5,6,0,14],"texture":"#0"},"south":{"uv":[0,6,5,14],"texture":"#0"},"west":{"uv":[0,6,5,14],"texture":"#0"},"up":{"uv":[3,3,0,0],"rotation":90,"texture":"#0"},"down":{"uv":[3,3,0,6],"rotation":270,"texture":"#0"}}},{"from":[7.3939,2.7094,11.33355],"to":[8.6061,4.74395,11.6366],"rotation":{"angle":0,"axis":"y","origin":[17.6976,-6.36405,17.6976]},"faces":{"north":{"uv":[0,6,5,14],"texture":"#0"},"east":{"uv":[5,6,0,14],"texture":"#0"},"south":{"uv":[0,6,5,14],"texture":"#0"},"west":{"uv":[0,6,5,14],"texture":"#0"},"up":{"uv":[3,3,0,0],"rotation":270,"texture":"#0"},"down":{"uv":[3,3,0,6],"rotation":90,"texture":"#0"}}},{"from":[6.48475,2.7094,11.0305],"to":[7.3939,4.74395,11.33355],"rotation":{"angle":0,"axis":"y","origin":[17.6976,-6.36405,17.6976]},"faces":{"north":{"uv":[0,6,5,14],"texture":"#0"},"east":{"uv":[5,6,0,14],"texture":"#0"},"south":{"uv":[0,6,5,14],"texture":"#0"},"west":{"uv":[0,6,5,14],"texture":"#0"},"up":{"uv":[3,3,0,0],"rotation":270,"texture":"#0"},"down":{"uv":[3,3,0,6],"rotation":90,"texture":"#0"}}},{"from":[5.87865,2.7094,10.72745],"to":[6.48475,4.74395,11.0305],"rotation":{"angle":0,"axis":"y","origin":[17.6976,-6.36405,17.6976]},"faces":{"north":{"uv":[0,6,5,14],"texture":"#0"},"east":{"uv":[5,6,0,14],"texture":"#0"},"south":{"uv":[0,6,5,14],"texture":"#0"},"west":{"uv":[0,6,5,14],"texture":"#0"},"up":{"uv":[3,3,0,0],"rotation":90,"texture":"#0"},"down":{"uv":[3,3,0,6],"rotation":270,"texture":"#0"}}},{"from":[8.6061,2.7094,11.0305],"to":[9.51525,4.74395,11.33355],"rotation":{"angle":0,"axis":"y","origin":[17.6976,-6.36405,17.6976]},"faces":{"north":{"uv":[0,6,5,14],"texture":"#0"},"east":{"uv":[5,6,0,14],"texture":"#0"},"south":{"uv":[0,6,5,14],"texture":"#0"},"west":{"uv":[0,6,5,14],"texture":"#0"},"up":{"uv":[3,3,0,0],"rotation":270,"texture":"#0"},"down":{"uv":[3,3,0,6],"rotation":90,"texture":"#0"}}},{"from":[9.51525,2.7094,10.72745],"to":[10.12135,4.74395,11.0305],"rotation":{"angle":0,"axis":"y","origin":[17.6976,-6.36405,17.6976]},"faces":{"north":{"uv":[0,6,5,14],"texture":"#0"},"east":{"uv":[5,6,0,14],"texture":"#0"},"south":{"uv":[0,6,5,14],"texture":"#0"},"west":{"uv":[0,6,5,14],"texture":"#0"},"up":{"uv":[3,3,0,0],"rotation":90,"texture":"#0"},"down":{"uv":[3,3,0,6],"rotation":270,"texture":"#0"}}},{"from":[8.58,1.82,5.1],"to":[9.45,2.81,5.39],"rotation":{"angle":0,"axis":"y","origin":[17.28,-6.09,-1.28]},"faces":{"north":{"uv":[5,6,0,14],"texture":"#0"},"east":{"uv":[5,6,0,14],"texture":"#0"},"south":{"uv":[0,6,5,14],"texture":"#0"},"west":{"uv":[5,6,0,14],"texture":"#0"},"up":{"uv":[0,3,3,0],"rotation":270,"texture":"#0"},"down":{"uv":[0,3,3,6],"rotation":90,"texture":"#0"}}},{"from":[9.45,1.82,5.39],"to":[10.03,2.81,5.68],"rotation":{"angle":0,"axis":"y","origin":[17.28,-6.09,-1.28]},"faces":{"north":{"uv":[5,6,0,14],"texture":"#0"},"east":{"uv":[5,6,0,14],"texture":"#0"},"south":{"uv":[0,6,5,14],"texture":"#0"},"west":{"uv":[5,6,0,14],"texture":"#0"},"up":{"uv":[0,3,3,0],"rotation":270,"texture":"#0"},"down":{"uv":[0,3,3,6],"rotation":90,"texture":"#0"}}},{"from":[10.03,1.82,5.68],"to":[10.32,2.81,5.97],"rotation":{"angle":0,"axis":"y","origin":[17.28,-6.09,-1.28]},"faces":{"north":{"uv":[5,6,0,14],"texture":"#0"},"east":{"uv":[5,6,0,14],"texture":"#0"},"south":{"uv":[0,6,5,14],"texture":"#0"},"west":{"uv":[5,6,0,14],"texture":"#0"},"up":{"uv":[0,3,3,0],"rotation":270,"texture":"#0"},"down":{"uv":[0,3,3,6],"rotation":90,"texture":"#0"}}},{"from":[5.68,1.82,5.68],"to":[5.97,2.81,5.97],"rotation":{"angle":0,"axis":"y","origin":[17.28,-6.09,-1.28]},"faces":{"north":{"uv":[5,6,0,14],"texture":"#0"},"east":{"uv":[5,6,0,14],"texture":"#0"},"south":{"uv":[0,6,5,14],"texture":"#0"},"west":{"uv":[5,6,0,14],"texture":"#0"},"up":{"uv":[0,3,3,0],"rotation":270,"texture":"#0"},"down":{"uv":[0,3,3,6],"rotation":90,"texture":"#0"}}},{"from":[5.97,1.82,5.39],"to":[6.55,2.81,5.68],"rotation":{"angle":0,"axis":"y","origin":[17.28,-6.09,-1.28]},"faces":{"north":{"uv":[5,6,0,14],"texture":"#0"},"east":{"uv":[5,6,0,14],"texture":"#0"},"south":{"uv":[0,6,5,14],"texture":"#0"},"west":{"uv":[5,6,0,14],"texture":"#0"},"up":{"uv":[0,3,3,0],"rotation":270,"texture":"#0"},"down":{"uv":[0,3,3,6],"rotation":90,"texture":"#0"}}},{"from":[6.55,1.82,5.1],"to":[7.42,2.81,5.39],"rotation":{"angle":0,"axis":"y","origin":[17.28,-6.09,-1.28]},"faces":{"north":{"uv":[5,6,0,14],"texture":"#0"},"east":{"uv":[5,6,0,14],"texture":"#0"},"south":{"uv":[0,6,5,14],"texture":"#0"},"west":{"uv":[5,6,0,14],"texture":"#0"},"up":{"uv":[0,3,3,0],"rotation":270,"texture":"#0"},"down":{"uv":[0,3,3,6],"rotation":90,"texture":"#0"}}},{"from":[7.42,1.82,4.81],"to":[8.58,2.81,5.1],"rotation":{"angle":0,"axis":"y","origin":[17.28,-6.09,-1.28]},"faces":{"north":{"uv":[5,6,0,14],"texture":"#0"},"east":{"uv":[5,6,0,14],"texture":"#0"},"south":{"uv":[0,6,5,14],"texture":"#0"},"west":{"uv":[5,6,0,14],"texture":"#0"},"up":{"uv":[0,3,3,0],"rotation":270,"texture":"#0"},"down":{"uv":[0,3,3,6],"rotation":90,"texture":"#0"}}},{"from":[8.6061,2.7094,4.9695],"to":[9.51525,4.74395,5.27255],"rotation":{"angle":0,"axis":"y","origin":[17.6976,-6.36405,-1.6976]},"faces":{"north":{"uv":[5,6,0,14],"texture":"#0"},"east":{"uv":[5,6,0,14],"texture":"#0"},"south":{"uv":[0,6,5,14],"texture":"#0"},"west":{"uv":[5,6,0,14],"texture":"#0"},"up":{"uv":[0,3,3,0],"rotation":270,"texture":"#0"},"down":{"uv":[0,3,3,6],"rotation":90,"texture":"#0"}}},{"from":[9.51525,2.7094,5.27255],"to":[10.12135,4.74395,5.5756],"rotation":{"angle":0,"axis":"y","origin":[17.6976,-6.36405,-1.6976]},"faces":{"north":{"uv":[5,6,0,14],"texture":"#0"},"east":{"uv":[5,6,0,14],"texture":"#0"},"south":{"uv":[0,6,5,14],"texture":"#0"},"west":{"uv":[5,6,0,14],"texture":"#0"},"up":{"uv":[0,3,3,0],"rotation":270,"texture":"#0"},"down":{"uv":[0,3,3,6],"rotation":90,"texture":"#0"}}},{"from":[10.12135,2.7094,5.5756],"to":[10.4244,4.74395,5.87865],"rotation":{"angle":0,"axis":"y","origin":[17.6976,-6.36405,-1.6976]},"faces":{"north":{"uv":[5,6,0,14],"texture":"#0"},"east":{"uv":[5,6,0,14],"texture":"#0"},"south":{"uv":[0,6,5,14],"texture":"#0"},"west":{"uv":[5,6,0,14],"texture":"#0"},"up":{"uv":[0,3,3,0],"rotation":270,"texture":"#0"},"down":{"uv":[0,3,3,6],"rotation":90,"texture":"#0"}}},{"from":[5.5756,2.7094,5.5756],"to":[5.87865,4.74395,5.87865],"rotation":{"angle":0,"axis":"y","origin":[17.6976,-6.36405,-1.6976]},"faces":{"north":{"uv":[5,6,0,14],"texture":"#0"},"east":{"uv":[5,6,0,14],"texture":"#0"},"south":{"uv":[0,6,5,14],"texture":"#0"},"west":{"uv":[5,6,0,14],"texture":"#0"},"up":{"uv":[0,3,3,0],"rotation":270,"texture":"#0"},"down":{"uv":[0,3,3,6],"rotation":90,"texture":"#0"}}},{"from":[5.87865,2.7094,5.27255],"to":[6.48475,4.74395,5.5756],"rotation":{"angle":0,"axis":"y","origin":[17.6976,-6.36405,-1.6976]},"faces":{"north":{"uv":[5,6,0,14],"texture":"#0"},"east":{"uv":[5,6,0,14],"texture":"#0"},"south":{"uv":[0,6,5,14],"texture":"#0"},"west":{"uv":[5,6,0,14],"texture":"#0"},"up":{"uv":[0,3,3,0],"rotation":270,"texture":"#0"},"down":{"uv":[0,3,3,6],"rotation":90,"texture":"#0"}}},{"from":[6.48475,2.7094,4.9695],"to":[7.3939,4.74395,5.27255],"rotation":{"angle":0,"axis":"y","origin":[17.6976,-6.36405,-1.6976]},"faces":{"north":{"uv":[5,6,0,14],"texture":"#0"},"east":{"uv":[5,6,0,14],"texture":"#0"},"south":{"uv":[0,6,5,14],"texture":"#0"},"west":{"uv":[5,6,0,14],"texture":"#0"},"up":{"uv":[0,3,3,0],"rotation":270,"texture":"#0"},"down":{"uv":[0,3,3,6],"rotation":90,"texture":"#0"}}},{"from":[7.3939,2.7094,4.66645],"to":[8.6061,4.74395,4.9695],"rotation":{"angle":0,"axis":"y","origin":[17.6976,-6.36405,-1.6976]},"faces":{"north":{"uv":[5,6,0,14],"texture":"#0"},"east":{"uv":[5,6,0,14],"texture":"#0"},"south":{"uv":[0,6,5,14],"texture":"#0"},"west":{"uv":[5,6,0,14],"texture":"#0"},"up":{"uv":[0,3,3,0],"rotation":270,"texture":"#0"},"down":{"uv":[0,3,3,6],"rotation":90,"texture":"#0"}}},{"from":[8.58,1.82,10.61],"to":[9.45,2.81,10.9],"rotation":{"angle":0,"axis":"y","origin":[17.28,-6.09,17.28]},"faces":{"north":{"uv":[5,6,0,14],"texture":"#0"},"east":{"uv":[0,6,5,14],"texture":"#0"},"south":{"uv":[0,6,5,14],"texture":"#0"},"west":{"uv":[0,6,5,14],"texture":"#0"},"up":{"uv":[3,3,0,0],"rotation":270,"texture":"#0"},"down":{"uv":[3,3,0,6],"rotation":90,"texture":"#0"}}},{"from":[9.45,1.82,10.32],"to":[10.03,2.81,10.61],"rotation":{"angle":0,"axis":"y","origin":[17.28,-6.09,17.28]},"faces":{"north":{"uv":[5,6,0,14],"texture":"#0"},"east":{"uv":[0,6,5,14],"texture":"#0"},"south":{"uv":[0,6,5,14],"texture":"#0"},"west":{"uv":[0,6,5,14],"texture":"#0"},"up":{"uv":[3,3,0,0],"rotation":270,"texture":"#0"},"down":{"uv":[3,3,0,6],"rotation":90,"texture":"#0"}}},{"from":[10.03,1.82,10.03],"to":[10.32,2.81,10.32],"rotation":{"angle":0,"axis":"y","origin":[17.28,-6.09,17.28]},"faces":{"north":{"uv":[5,6,0,14],"texture":"#0"},"east":{"uv":[0,6,5,14],"texture":"#0"},"south":{"uv":[0,6,5,14],"texture":"#0"},"west":{"uv":[0,6,5,14],"texture":"#0"},"up":{"uv":[3,3,0,0],"rotation":270,"texture":"#0"},"down":{"uv":[3,3,0,6],"rotation":90,"texture":"#0"}}},{"from":[5.97,1.82,10.32],"to":[6.55,2.81,10.61],"rotation":{"angle":0,"axis":"y","origin":[17.28,-6.09,17.28]},"faces":{"north":{"uv":[5,6,0,14],"texture":"#0"},"east":{"uv":[0,6,5,14],"texture":"#0"},"south":{"uv":[0,6,5,14],"texture":"#0"},"west":{"uv":[0,6,5,14],"texture":"#0"},"up":{"uv":[3,3,0,0],"rotation":270,"texture":"#0"},"down":{"uv":[3,3,0,6],"rotation":90,"texture":"#0"}}},{"from":[6.55,1.82,10.61],"to":[7.42,2.81,10.9],"rotation":{"angle":0,"axis":"y","origin":[17.28,-6.09,17.28]},"faces":{"north":{"uv":[5,6,0,14],"texture":"#0"},"east":{"uv":[0,6,5,14],"texture":"#0"},"south":{"uv":[0,6,5,14],"texture":"#0"},"west":{"uv":[0,6,5,14],"texture":"#0"},"up":{"uv":[3,3,0,0],"rotation":270,"texture":"#0"},"down":{"uv":[3,3,0,6],"rotation":90,"texture":"#0"}}},{"from":[7.42,1.82,10.9],"to":[8.58,2.81,11.19],"rotation":{"angle":0,"axis":"y","origin":[17.28,-6.09,17.28]},"faces":{"north":{"uv":[5,6,0,14],"texture":"#0"},"east":{"uv":[0,6,5,14],"texture":"#0"},"south":{"uv":[0,6,5,14],"texture":"#0"},"west":{"uv":[0,6,5,14],"texture":"#0"},"up":{"uv":[3,3,0,0],"rotation":270,"texture":"#0"},"down":{"uv":[3,3,0,6],"rotation":90,"texture":"#0"}}},{"from":[8.6061,2.7094,10.72745],"to":[9.51525,4.74395,11.0305],"rotation":{"angle":0,"axis":"y","origin":[17.6976,-6.36405,17.6976]},"faces":{"north":{"uv":[5,6,0,14],"texture":"#0"},"east":{"uv":[0,6,5,14],"texture":"#0"},"south":{"uv":[0,6,5,14],"texture":"#0"},"west":{"uv":[0,6,5,14],"texture":"#0"},"up":{"uv":[3,3,0,0],"rotation":270,"texture":"#0"},"down":{"uv":[3,3,0,6],"rotation":90,"texture":"#0"}}},{"from":[9.51525,2.7094,10.4244],"to":[10.12135,4.74395,10.72745],"rotation":{"angle":0,"axis":"y","origin":[17.6976,-6.36405,17.6976]},"faces":{"north":{"uv":[5,6,0,14],"texture":"#0"},"east":{"uv":[0,6,5,14],"texture":"#0"},"south":{"uv":[0,6,5,14],"texture":"#0"},"west":{"uv":[0,6,5,14],"texture":"#0"},"up":{"uv":[3,3,0,0],"rotation":270,"texture":"#0"},"down":{"uv":[3,3,0,6],"rotation":90,"texture":"#0"}}},{"from":[10.12135,2.7094,10.12135],"to":[10.4244,4.74395,10.4244],"rotation":{"angle":0,"axis":"y","origin":[17.6976,-6.36405,17.6976]},"faces":{"north":{"uv":[5,6,0,14],"texture":"#0"},"east":{"uv":[0,6,5,14],"texture":"#0"},"south":{"uv":[0,6,5,14],"texture":"#0"},"west":{"uv":[0,6,5,14],"texture":"#0"},"up":{"uv":[3,3,0,0],"rotation":270,"texture":"#0"},"down":{"uv":[3,3,0,6],"rotation":90,"texture":"#0"}}},{"from":[5.87865,2.7094,10.4244],"to":[6.48475,4.74395,10.72745],"rotation":{"angle":0,"axis":"y","origin":[17.6976,-6.36405,17.6976]},"faces":{"north":{"uv":[5,6,0,14],"texture":"#0"},"east":{"uv":[0,6,5,14],"texture":"#0"},"south":{"uv":[0,6,5,14],"texture":"#0"},"west":{"uv":[0,6,5,14],"texture":"#0"},"up":{"uv":[3,3,0,0],"rotation":270,"texture":"#0"},"down":{"uv":[3,3,0,6],"rotation":90,"texture":"#0"}}},{"from":[6.48475,2.7094,10.72745],"to":[7.3939,4.74395,11.0305],"rotation":{"angle":0,"axis":"y","origin":[17.6976,-6.36405,17.6976]},"faces":{"north":{"uv":[5,6,0,14],"texture":"#0"},"east":{"uv":[0,6,5,14],"texture":"#0"},"south":{"uv":[0,6,5,14],"texture":"#0"},"west":{"uv":[0,6,5,14],"texture":"#0"},"up":{"uv":[3,3,0,0],"rotation":270,"texture":"#0"},"down":{"uv":[3,3,0,6],"rotation":90,"texture":"#0"}}},{"from":[7.3939,2.7094,11.0305],"to":[8.6061,4.74395,11.33355],"rotation":{"angle":0,"axis":"y","origin":[17.6976,-6.36405,17.6976]},"faces":{"north":{"uv":[5,6,0,14],"texture":"#0"},"east":{"uv":[0,6,5,14],"texture":"#0"},"south":{"uv":[0,6,5,14],"texture":"#0"},"west":{"uv":[0,6,5,14],"texture":"#0"},"up":{"uv":[3,3,0,0],"rotation":270,"texture":"#0"},"down":{"uv":[3,3,0,6],"rotation":90,"texture":"#0"}}},{"from":[10.61,1.82,8.58],"to":[10.9,2.81,9.45],"rotation":{"angle":0,"axis":"y","origin":[17.28,-6.09,-1.28]},"faces":{"north":{"uv":[5,6,0,14],"texture":"#0"},"east":{"uv":[5,6,0,14],"texture":"#0"},"south":{"uv":[5,6,0,14],"texture":"#0"},"west":{"uv":[0,6,5,14],"texture":"#0"},"up":{"uv":[0,3,3,0],"texture":"#0"},"down":{"uv":[0,3,3,6],"texture":"#0"}}},{"from":[10.32,1.82,9.45],"to":[10.61,2.81,10.03],"rotation":{"angle":0,"axis":"y","origin":[17.28,-6.09,-1.28]},"faces":{"north":{"uv":[5,6,0,14],"texture":"#0"},"east":{"uv":[5,6,0,14],"texture":"#0"},"south":{"uv":[5,6,0,14],"texture":"#0"},"west":{"uv":[0,6,5,14],"texture":"#0"},"up":{"uv":[0,3,3,0],"texture":"#0"},"down":{"uv":[0,3,3,6],"texture":"#0"}}},{"from":[10.32,1.82,5.97],"to":[10.61,2.81,6.55],"rotation":{"angle":0,"axis":"y","origin":[17.28,-6.09,-1.28]},"faces":{"north":{"uv":[5,6,0,14],"texture":"#0"},"east":{"uv":[5,6,0,14],"texture":"#0"},"south":{"uv":[5,6,0,14],"texture":"#0"},"west":{"uv":[0,6,5,14],"texture":"#0"},"up":{"uv":[0,3,3,0],"texture":"#0"},"down":{"uv":[0,3,3,6],"texture":"#0"}}},{"from":[10.61,1.82,6.55],"to":[10.9,2.81,7.42],"rotation":{"angle":0,"axis":"y","origin":[17.28,-6.09,-1.28]},"faces":{"north":{"uv":[5,6,0,14],"texture":"#0"},"east":{"uv":[5,6,0,14],"texture":"#0"},"south":{"uv":[5,6,0,14],"texture":"#0"},"west":{"uv":[0,6,5,14],"texture":"#0"},"up":{"uv":[0,3,3,0],"texture":"#0"},"down":{"uv":[0,3,3,6],"texture":"#0"}}},{"from":[10.9,1.82,7.42],"to":[11.19,2.81,8.58],"rotation":{"angle":0,"axis":"y","origin":[17.28,-6.09,-1.28]},"faces":{"north":{"uv":[5,6,0,14],"texture":"#0"},"east":{"uv":[5,6,0,14],"texture":"#0"},"south":{"uv":[5,6,0,14],"texture":"#0"},"west":{"uv":[0,6,5,14],"texture":"#0"},"up":{"uv":[0,3,3,0],"texture":"#0"},"down":{"uv":[0,3,3,6],"texture":"#0"}}},{"from":[10.72745,2.7094,8.6061],"to":[11.0305,4.74395,9.51525],"rotation":{"angle":0,"axis":"y","origin":[17.6976,-6.36405,-1.6976]},"faces":{"north":{"uv":[5,6,0,14],"texture":"#0"},"east":{"uv":[5,6,0,14],"texture":"#0"},"south":{"uv":[5,6,0,14],"texture":"#0"},"west":{"uv":[0,6,5,14],"texture":"#0"},"up":{"uv":[0,3,3,0],"texture":"#0"},"down":{"uv":[0,3,3,6],"texture":"#0"}}},{"from":[10.4244,2.7094,9.51525],"to":[10.72745,4.74395,10.12135],"rotation":{"angle":0,"axis":"y","origin":[17.6976,-6.36405,-1.6976]},"faces":{"north":{"uv":[5,6,0,14],"texture":"#0"},"east":{"uv":[5,6,0,14],"texture":"#0"},"south":{"uv":[5,6,0,14],"texture":"#0"},"west":{"uv":[0,6,5,14],"texture":"#0"},"up":{"uv":[0,3,3,0],"texture":"#0"},"down":{"uv":[0,3,3,6],"texture":"#0"}}},{"from":[10.4244,2.7094,5.87865],"to":[10.72745,4.74395,6.48475],"rotation":{"angle":0,"axis":"y","origin":[17.6976,-6.36405,-1.6976]},"faces":{"north":{"uv":[5,6,0,14],"texture":"#0"},"east":{"uv":[5,6,0,14],"texture":"#0"},"south":{"uv":[5,6,0,14],"texture":"#0"},"west":{"uv":[0,6,5,14],"texture":"#0"},"up":{"uv":[0,3,3,0],"texture":"#0"},"down":{"uv":[0,3,3,6],"texture":"#0"}}},{"from":[10.72745,2.7094,6.48475],"to":[11.0305,4.74395,7.3939],"rotation":{"angle":0,"axis":"y","origin":[17.6976,-6.36405,-1.6976]},"faces":{"north":{"uv":[5,6,0,14],"texture":"#0"},"east":{"uv":[5,6,0,14],"texture":"#0"},"south":{"uv":[5,6,0,14],"texture":"#0"},"west":{"uv":[0,6,5,14],"texture":"#0"},"up":{"uv":[0,3,3,0],"texture":"#0"},"down":{"uv":[0,3,3,6],"texture":"#0"}}},{"from":[11.0305,2.7094,7.3939],"to":[11.33355,4.74395,8.6061],"rotation":{"angle":0,"axis":"y","origin":[17.6976,-6.36405,-1.6976]},"faces":{"north":{"uv":[5,6,0,14],"texture":"#0"},"east":{"uv":[5,6,0,14],"texture":"#0"},"south":{"uv":[5,6,0,14],"texture":"#0"},"west":{"uv":[0,6,5,14],"texture":"#0"},"up":{"uv":[0,3,3,0],"texture":"#0"},"down":{"uv":[0,3,3,6],"texture":"#0"}}},{"from":[5.1,1.82,8.58],"to":[5.39,2.81,9.45],"rotation":{"angle":0,"axis":"y","origin":[-1.28,-6.09,-1.28]},"faces":{"north":{"uv":[0,6,5,14],"texture":"#0"},"east":{"uv":[5,6,0,14],"texture":"#0"},"south":{"uv":[0,6,5,14],"texture":"#0"},"west":{"uv":[0,6,5,14],"texture":"#0"},"up":{"uv":[3,3,0,0],"texture":"#0"},"down":{"uv":[3,3,0,6],"texture":"#0"}}},{"from":[5.39,1.82,9.45],"to":[5.68,2.81,10.03],"rotation":{"angle":0,"axis":"y","origin":[-1.28,-6.09,-1.28]},"faces":{"north":{"uv":[0,6,5,14],"texture":"#0"},"east":{"uv":[5,6,0,14],"texture":"#0"},"south":{"uv":[0,6,5,14],"texture":"#0"},"west":{"uv":[0,6,5,14],"texture":"#0"},"up":{"uv":[3,3,0,0],"texture":"#0"},"down":{"uv":[3,3,0,6],"texture":"#0"}}},{"from":[5.68,1.82,10.03],"to":[5.97,2.81,10.32],"rotation":{"angle":0,"axis":"y","origin":[-1.28,-6.09,-1.28]},"faces":{"north":{"uv":[0,6,5,14],"texture":"#0"},"east":{"uv":[5,6,0,14],"texture":"#0"},"south":{"uv":[0,6,5,14],"texture":"#0"},"west":{"uv":[0,6,5,14],"texture":"#0"},"up":{"uv":[3,3,0,0],"texture":"#0"},"down":{"uv":[3,3,0,6],"texture":"#0"}}},{"from":[5.39,1.82,5.97],"to":[5.68,2.81,6.55],"rotation":{"angle":0,"axis":"y","origin":[-1.28,-6.09,-1.28]},"faces":{"north":{"uv":[0,6,5,14],"texture":"#0"},"east":{"uv":[5,6,0,14],"texture":"#0"},"south":{"uv":[0,6,5,14],"texture":"#0"},"west":{"uv":[0,6,5,14],"texture":"#0"},"up":{"uv":[3,3,0,0],"texture":"#0"},"down":{"uv":[3,3,0,6],"texture":"#0"}}},{"from":[5.1,1.82,6.55],"to":[5.39,2.81,7.42],"rotation":{"angle":0,"axis":"y","origin":[-1.28,-6.09,-1.28]},"faces":{"north":{"uv":[0,6,5,14],"texture":"#0"},"east":{"uv":[5,6,0,14],"texture":"#0"},"south":{"uv":[0,6,5,14],"texture":"#0"},"west":{"uv":[0,6,5,14],"texture":"#0"},"up":{"uv":[3,3,0,0],"texture":"#0"},"down":{"uv":[3,3,0,6],"texture":"#0"}}},{"from":[4.81,1.82,7.42],"to":[5.1,2.81,8.58],"rotation":{"angle":0,"axis":"y","origin":[-1.28,-6.09,-1.28]},"faces":{"north":{"uv":[0,6,5,14],"texture":"#0"},"east":{"uv":[5,6,0,14],"texture":"#0"},"south":{"uv":[0,6,5,14],"texture":"#0"},"west":{"uv":[0,6,5,14],"texture":"#0"},"up":{"uv":[3,3,0,0],"texture":"#0"},"down":{"uv":[3,3,0,6],"texture":"#0"}}},{"from":[4.9695,2.7094,8.6061],"to":[5.27255,4.74395,9.51525],"rotation":{"angle":0,"axis":"y","origin":[-1.6976,-6.36405,-1.6976]},"faces":{"north":{"uv":[0,6,5,14],"texture":"#0"},"east":{"uv":[5,6,0,14],"texture":"#0"},"south":{"uv":[0,6,5,14],"texture":"#0"},"west":{"uv":[0,6,5,14],"texture":"#0"},"up":{"uv":[3,3,0,0],"texture":"#0"},"down":{"uv":[3,3,0,6],"texture":"#0"}}},{"from":[5.27255,2.7094,9.51525],"to":[5.5756,4.74395,10.12135],"rotation":{"angle":0,"axis":"y","origin":[-1.6976,-6.36405,-1.6976]},"faces":{"north":{"uv":[0,6,5,14],"texture":"#0"},"east":{"uv":[5,6,0,14],"texture":"#0"},"south":{"uv":[0,6,5,14],"texture":"#0"},"west":{"uv":[0,6,5,14],"texture":"#0"},"up":{"uv":[3,3,0,0],"texture":"#0"},"down":{"uv":[3,3,0,6],"texture":"#0"}}},{"from":[5.5756,2.7094,10.12135],"to":[5.87865,4.74395,10.4244],"rotation":{"angle":0,"axis":"y","origin":[-1.6976,-6.36405,-1.6976]},"faces":{"north":{"uv":[0,6,5,14],"texture":"#0"},"east":{"uv":[5,6,0,14],"texture":"#0"},"south":{"uv":[0,6,5,14],"texture":"#0"},"west":{"uv":[0,6,5,14],"texture":"#0"},"up":{"uv":[3,3,0,0],"texture":"#0"},"down":{"uv":[3,3,0,6],"texture":"#0"}}},{"from":[5.27255,2.7094,5.87865],"to":[5.5756,4.74395,6.48475],"rotation":{"angle":0,"axis":"y","origin":[-1.6976,-6.36405,-1.6976]},"faces":{"north":{"uv":[0,6,5,14],"texture":"#0"},"east":{"uv":[5,6,0,14],"texture":"#0"},"south":{"uv":[0,6,5,14],"texture":"#0"},"west":{"uv":[0,6,5,14],"texture":"#0"},"up":{"uv":[3,3,0,0],"texture":"#0"},"down":{"uv":[3,3,0,6],"texture":"#0"}}},{"from":[4.9695,2.7094,6.48475],"to":[5.27255,4.74395,7.3939],"rotation":{"angle":0,"axis":"y","origin":[-1.6976,-6.36405,-1.6976]},"faces":{"north":{"uv":[0,6,5,14],"texture":"#0"},"east":{"uv":[5,6,0,14],"texture":"#0"},"south":{"uv":[0,6,5,14],"texture":"#0"},"west":{"uv":[0,6,5,14],"texture":"#0"},"up":{"uv":[3,3,0,0],"texture":"#0"},"down":{"uv":[3,3,0,6],"texture":"#0"}}},{"from":[4.66645,2.7094,7.3939],"to":[4.9695,4.74395,8.6061],"rotation":{"angle":0,"axis":"y","origin":[-1.6976,-6.36405,-1.6976]},"faces":{"north":{"uv":[0,6,5,14],"texture":"#0"},"east":{"uv":[5,6,0,14],"texture":"#0"},"south":{"uv":[0,6,5,14],"texture":"#0"},"west":{"uv":[0,6,5,14],"texture":"#0"},"up":{"uv":[3,3,0,0],"texture":"#0"},"down":{"uv":[3,3,0,6],"texture":"#0"}}},{"from":[6.55,2.69,10.32],"to":[9.45,2.69,10.61],"rotation":{"angle":0,"axis":"y","origin":[-1.28,-6.09,-1.28]},"faces":{"north":{"uv":[0,6,5,14],"texture":"#0"},"east":{"uv":[5,6,0,14],"texture":"#0"},"south":{"uv":[0,6,5,14],"texture":"#0"},"west":{"uv":[0,6,5,14],"texture":"#0"},"up":{"uv":[16,0.5,13,0],"texture":"#0"},"down":{"uv":[3,3,0,6],"texture":"#0"}}},{"from":[7.42,2.69,10.61],"to":[8.58,2.69,10.9],"rotation":{"angle":0,"axis":"y","origin":[-1.28,-6.09,-1.28]},"faces":{"north":{"uv":[0,6,5,14],"texture":"#0"},"east":{"uv":[5,6,0,14],"texture":"#0"},"south":{"uv":[0,6,5,14],"texture":"#0"},"west":{"uv":[0,6,5,14],"texture":"#0"},"up":{"uv":[16,0.5,13,0],"texture":"#0"},"down":{"uv":[3,3,0,6],"texture":"#0"}}},{"from":[6.48475,3.36855,10.4244],"to":[9.51525,4.36855,10.72745],"rotation":{"angle":0,"axis":"y","origin":[-1.6976,-6.36405,-1.6976]},"faces":{"north":{"uv":[0,6,5,14],"texture":"#0"},"east":{"uv":[5,6,0,14],"texture":"#0"},"south":{"uv":[0,6,5,14],"texture":"#0"},"west":{"uv":[0,6,5,14],"texture":"#0"},"up":{"uv":[16,0.5,13,0],"texture":"#0"},"down":{"uv":[3,3,0,6],"texture":"#0"}}},{"from":[7.3939,3.36855,10.72745],"to":[8.6061,4.36855,11.0305],"rotation":{"angle":0,"axis":"y","origin":[-1.6976,-6.36405,-1.6976]},"faces":{"north":{"uv":[0,6,5,14],"texture":"#0"},"east":{"uv":[5,6,0,14],"texture":"#0"},"south":{"uv":[0,6,5,14],"texture":"#0"},"west":{"uv":[0,6,5,14],"texture":"#0"},"up":{"uv":[16,0.5,13,0],"texture":"#0"},"down":{"uv":[3,3,0,6],"texture":"#0"}}},{"from":[6.55,2.69,5.39],"to":[9.45,2.69,5.68],"rotation":{"angle":0,"axis":"y","origin":[-1.28,-6.09,17.28]},"faces":{"north":{"uv":[5,6,0,14],"texture":"#0"},"east":{"uv":[0,6,5,14],"texture":"#0"},"south":{"uv":[5,6,0,14],"texture":"#0"},"west":{"uv":[5,6,0,14],"texture":"#0"},"up":{"uv":[16,2.5,13,3],"texture":"#0"},"down":{"uv":[3,6,0,3],"texture":"#0"}}},{"from":[5.97,2.69,5.68],"to":[10.03,2.69,10.32],"rotation":{"angle":0,"axis":"y","origin":[-1.28,-6.09,17.28]},"faces":{"north":{"uv":[5,6,0,14],"texture":"#0"},"east":{"uv":[0,6,5,14],"texture":"#0"},"south":{"uv":[5,6,0,14],"texture":"#0"},"west":{"uv":[5,6,0,14],"texture":"#0"},"up":{"uv":[16,2.5,13,3],"texture":"#0"},"down":{"uv":[3,6,0,3],"texture":"#0"}}},{"from":[7.42,2.69,5.1],"to":[8.58,2.69,5.39],"rotation":{"angle":0,"axis":"y","origin":[-1.28,-6.09,17.28]},"faces":{"north":{"uv":[5,6,0,14],"texture":"#0"},"east":{"uv":[0,6,5,14],"texture":"#0"},"south":{"uv":[5,6,0,14],"texture":"#0"},"west":{"uv":[5,6,0,14],"texture":"#0"},"up":{"uv":[16,2.5,13,3],"texture":"#0"},"down":{"uv":[3,6,0,3],"texture":"#0"}}},{"from":[6.48475,3.36855,5.27255],"to":[9.51525,4.36855,5.5756],"rotation":{"angle":0,"axis":"y","origin":[-1.6976,-6.36405,17.6976]},"faces":{"north":{"uv":[5,6,0,14],"texture":"#0"},"east":{"uv":[0,6,5,14],"texture":"#0"},"south":{"uv":[5,6,0,14],"texture":"#0"},"west":{"uv":[5,6,0,14],"texture":"#0"},"up":{"uv":[16,2.5,13,3],"texture":"#0"},"down":{"uv":[3,6,0,3],"texture":"#0"}}},{"from":[5.87865,3.36855,5.5756],"to":[10.12135,4.36855,10.4244],"rotation":{"angle":0,"axis":"y","origin":[-1.6976,-6.36405,17.6976]},"faces":{"north":{"uv":[5,6,0,14],"texture":"#0"},"east":{"uv":[0,6,5,14],"texture":"#0"},"south":{"uv":[5,6,0,14],"texture":"#0"},"west":{"uv":[5,6,0,14],"texture":"#0"},"up":{"uv":[16,2.5,13,3],"texture":"#0"},"down":{"uv":[3,6,0,3],"texture":"#0"}}},{"from":[7.3939,3.36855,4.9695],"to":[8.6061,4.36855,5.27255],"rotation":{"angle":0,"axis":"y","origin":[-1.6976,-6.36405,17.6976]},"faces":{"north":{"uv":[5,6,0,14],"texture":"#0"},"east":{"uv":[0,6,5,14],"texture":"#0"},"south":{"uv":[5,6,0,14],"texture":"#0"},"west":{"uv":[5,6,0,14],"texture":"#0"},"up":{"uv":[16,2.5,13,3],"texture":"#0"},"down":{"uv":[3,6,0,3],"texture":"#0"}}},{"from":[5.39,2.69,6.55],"to":[5.68,2.69,9.45],"rotation":{"angle":0,"axis":"y","origin":[-1.28,-6.09,17.28]},"faces":{"north":{"uv":[0,6,5,14],"texture":"#0"},"east":{"uv":[5,6,0,14],"texture":"#0"},"south":{"uv":[5,6,0,14],"texture":"#0"},"west":{"uv":[5,6,0,14],"texture":"#0"},"up":{"uv":[16,0,15.75,3],"rotation":270,"texture":"#0"},"down":{"uv":[3,6,0,3],"rotation":90,"texture":"#0"}}},{"from":[5.1,2.69,7.42],"to":[5.39,2.69,8.58],"rotation":{"angle":0,"axis":"y","origin":[-1.28,-6.09,17.28]},"faces":{"north":{"uv":[0,6,5,14],"texture":"#0"},"east":{"uv":[5,6,0,14],"texture":"#0"},"south":{"uv":[5,6,0,14],"texture":"#0"},"west":{"uv":[5,6,0,14],"texture":"#0"},"up":{"uv":[16,0,15.75,3],"rotation":270,"texture":"#0"},"down":{"uv":[3,6,0,3],"rotation":90,"texture":"#0"}}},{"from":[5.27255,3.36855,6.48475],"to":[5.5756,4.36855,9.51525],"rotation":{"angle":0,"axis":"y","origin":[-1.6976,-6.36405,17.6976]},"faces":{"north":{"uv":[0,6,5,14],"texture":"#0"},"east":{"uv":[5,6,0,14],"texture":"#0"},"south":{"uv":[5,6,0,14],"texture":"#0"},"west":{"uv":[5,6,0,14],"texture":"#0"},"up":{"uv":[16,0,15.75,3],"rotation":270,"texture":"#0"},"down":{"uv":[3,6,0,3],"rotation":90,"texture":"#0"}}},{"from":[4.9695,3.36855,7.3939],"to":[5.27255,4.36855,8.6061],"rotation":{"angle":0,"axis":"y","origin":[-1.6976,-6.36405,17.6976]},"faces":{"north":{"uv":[0,6,5,14],"texture":"#0"},"east":{"uv":[5,6,0,14],"texture":"#0"},"south":{"uv":[5,6,0,14],"texture":"#0"},"west":{"uv":[5,6,0,14],"texture":"#0"},"up":{"uv":[16,0,15.75,3],"rotation":270,"texture":"#0"},"down":{"uv":[3,6,0,3],"rotation":90,"texture":"#0"}}},{"from":[10.32,2.69,6.55],"to":[10.61,2.69,9.45],"rotation":{"angle":0,"axis":"y","origin":[17.28,-6.09,17.28]},"faces":{"north":{"uv":[5,6,0,14],"texture":"#0"},"east":{"uv":[0,6,5,14],"texture":"#0"},"south":{"uv":[0,6,5,14],"texture":"#0"},"west":{"uv":[0,6,5,14],"texture":"#0"},"up":{"uv":[13.25,3,13,0],"rotation":270,"texture":"#0"},"down":{"uv":[3,3,0,6],"rotation":90,"texture":"#0"}}},{"from":[10.03,2.69,5.97],"to":[10.32,2.69,10.03],"rotation":{"angle":0,"axis":"y","origin":[17.28,-6.09,17.28]},"faces":{"north":{"uv":[5,6,0,14],"texture":"#0"},"east":{"uv":[0,6,5,14],"texture":"#0"},"south":{"uv":[0,6,5,14],"texture":"#0"},"west":{"uv":[0,6,5,14],"texture":"#0"},"up":{"uv":[13.5,3,13,0],"rotation":270,"texture":"#0"},"down":{"uv":[3,3,0,6],"rotation":90,"texture":"#0"}}},{"from":[5.68,2.69,5.97],"to":[5.97,2.69,10.03],"rotation":{"angle":0,"axis":"y","origin":[17.28,-6.09,17.28]},"faces":{"north":{"uv":[5,6,0,14],"texture":"#0"},"east":{"uv":[0,6,5,14],"texture":"#0"},"south":{"uv":[0,6,5,14],"texture":"#0"},"west":{"uv":[0,6,5,14],"texture":"#0"},"up":{"uv":[16,3,15.5,0],"rotation":270,"texture":"#0"},"down":{"uv":[3,3,0,6],"rotation":90,"texture":"#0"}}},{"from":[10.61,2.69,7.42],"to":[10.9,2.69,8.58],"rotation":{"angle":0,"axis":"y","origin":[17.28,-6.09,17.28]},"faces":{"north":{"uv":[5,6,0,14],"texture":"#0"},"east":{"uv":[0,6,5,14],"texture":"#0"},"south":{"uv":[0,6,5,14],"texture":"#0"},"west":{"uv":[0,6,5,14],"texture":"#0"},"up":{"uv":[13.5,3,13,0],"rotation":270,"texture":"#0"},"down":{"uv":[3,3,0,6],"rotation":90,"texture":"#0"}}},{"from":[10.4244,3.36855,6.48475],"to":[10.72745,4.36855,9.51525],"rotation":{"angle":0,"axis":"y","origin":[17.6976,-6.36405,17.6976]},"faces":{"north":{"uv":[5,6,0,14],"texture":"#0"},"east":{"uv":[0,6,5,14],"texture":"#0"},"south":{"uv":[0,6,5,14],"texture":"#0"},"west":{"uv":[0,6,5,14],"texture":"#0"},"up":{"uv":[13.25,3,13,0],"rotation":270,"texture":"#0"},"down":{"uv":[3,3,0,6],"rotation":90,"texture":"#0"}}},{"from":[10.12135,3.36855,5.87865],"to":[10.4244,4.36855,10.12135],"rotation":{"angle":0,"axis":"y","origin":[17.6976,-6.36405,17.6976]},"faces":{"north":{"uv":[5,6,0,14],"texture":"#0"},"east":{"uv":[0,6,5,14],"texture":"#0"},"south":{"uv":[0,6,5,14],"texture":"#0"},"west":{"uv":[0,6,5,14],"texture":"#0"},"up":{"uv":[13.5,3,13,0],"rotation":270,"texture":"#0"},"down":{"uv":[3,3,0,6],"rotation":90,"texture":"#0"}}},{"from":[5.5756,3.36855,5.87865],"to":[5.87865,4.36855,10.12135],"rotation":{"angle":0,"axis":"y","origin":[17.6976,-6.36405,17.6976]},"faces":{"north":{"uv":[5,6,0,14],"texture":"#0"},"east":{"uv":[0,6,5,14],"texture":"#0"},"south":{"uv":[0,6,5,14],"texture":"#0"},"west":{"uv":[0,6,5,14],"texture":"#0"},"up":{"uv":[16,3,15.5,0],"rotation":270,"texture":"#0"},"down":{"uv":[3,3,0,6],"rotation":90,"texture":"#0"}}},{"from":[10.72745,3.36855,7.3939],"to":[11.0305,4.36855,8.6061],"rotation":{"angle":0,"axis":"y","origin":[17.6976,-6.36405,17.6976]},"faces":{"north":{"uv":[5,6,0,14],"texture":"#0"},"east":{"uv":[0,6,5,14],"texture":"#0"},"south":{"uv":[0,6,5,14],"texture":"#0"},"west":{"uv":[0,6,5,14],"texture":"#0"},"up":{"uv":[13.5,3,13,0],"rotation":270,"texture":"#0"},"down":{"uv":[3,3,0,6],"rotation":90,"texture":"#0"}}},{"from":[8.928,2.07375,10.82025],"to":[8.9715,3.16075,11.16825],"rotation":{"angle":0,"axis":"x","origin":[8.94975,3.48725,12.1035]},"faces":{"north":{"uv":[14.75,11,16,12.5],"rotation":180,"texture":"#0"},"east":{"uv":[15,10,15.5,12],"rotation":270,"texture":"#0"},"south":{"uv":[0,0,0.25,0.5],"texture":"#missing"},"west":{"uv":[15.25,10,15.75,12],"rotation":90,"texture":"#0"},"up":{"uv":[15.75,10,16,12],"rotation":180,"texture":"#0"},"down":{"uv":[15.75,10,16,12],"texture":"#0"}}},{"from":[8.8845,2.11725,10.82025],"to":[8.928,3.11725,11.16825],"rotation":{"angle":0,"axis":"x","origin":[8.94975,3.48725,12.1035]},"faces":{"north":{"uv":[0,0,0.25,0],"rotation":180,"texture":"#missing"},"east":{"uv":[15,10,15,12],"rotation":270,"texture":"#0"},"south":{"uv":[0,0,0.25,0],"texture":"#missing"},"west":{"uv":[15.25,10,15.25,12],"rotation":90,"texture":"#0"},"up":{"uv":[15.75,10,16,12],"rotation":180,"texture":"#0"},"down":{"uv":[15.75,10,16,12],"texture":"#0"}}},{"from":[8.9715,2.11725,10.82025],"to":[9.015,3.11725,11.16825],"rotation":{"angle":0,"axis":"x","origin":[8.94975,3.48725,12.1035]},"faces":{"north":{"uv":[0,0,0.25,0],"rotation":180,"texture":"#missing"},"east":{"uv":[15,10,15,12],"rotation":270,"texture":"#0"},"south":{"uv":[0,0,0.25,0],"texture":"#missing"},"west":{"uv":[15.25,10,15.25,12],"rotation":90,"texture":"#0"},"up":{"uv":[15.75,10,16,12],"rotation":180,"texture":"#0"},"down":{"uv":[15.75,10,16,12],"texture":"#0"}}},{"from":[7.2315,2.11725,10.82025],"to":[7.275,3.11725,11.16825],"rotation":{"angle":0,"axis":"x","origin":[7.20975,3.48725,12.1035]},"faces":{"north":{"uv":[0,0,0.25,0],"rotation":180,"texture":"#missing"},"east":{"uv":[15,10,15,12],"rotation":270,"texture":"#0"},"south":{"uv":[0,0,0.25,0],"texture":"#missing"},"west":{"uv":[15.25,10,15.25,12],"rotation":90,"texture":"#0"},"up":{"uv":[15.75,10,16,12],"rotation":180,"texture":"#0"},"down":{"uv":[15.75,10,16,12],"texture":"#0"}}},{"from":[7.1445,2.11725,10.82025],"to":[7.188,3.11725,11.16825],"rotation":{"angle":0,"axis":"x","origin":[7.20975,3.48725,12.1035]},"faces":{"north":{"uv":[0,0,0.25,0],"rotation":180,"texture":"#missing"},"east":{"uv":[15,10,15,12],"rotation":270,"texture":"#0"},"south":{"uv":[0,0,0.25,0],"texture":"#missing"},"west":{"uv":[15.25,10,15.25,12],"rotation":90,"texture":"#0"},"up":{"uv":[15.75,10,16,12],"rotation":180,"texture":"#0"},"down":{"uv":[15.75,10,16,12],"texture":"#0"}}},{"from":[7.188,2.07375,10.82025],"to":[7.2315,3.16075,11.16825],"rotation":{"angle":0,"axis":"x","origin":[7.20975,3.48725,12.1035]},"faces":{"north":{"uv":[14.75,11,16,12.5],"rotation":180,"texture":"#0"},"east":{"uv":[15,10,15.5,12],"rotation":270,"texture":"#0"},"south":{"uv":[0,0,0.25,0.5],"texture":"#missing"},"west":{"uv":[15.25,10,15.75,12],"rotation":90,"texture":"#0"},"up":{"uv":[15.75,10,16,12],"rotation":180,"texture":"#0"},"down":{"uv":[15.75,10,16,12],"texture":"#0"}}},{"from":[8.0875,1.98675,10.70875],"to":[8.125,2.02425,10.85875],"rotation":{"angle":0,"axis":"x","origin":[8.06875,2.00625,11.5375]},"faces":{"north":{"uv":[0,0,0.25,0.25],"rotation":180,"texture":"#missing"},"east":{"uv":[15,10,15.25,11],"rotation":270,"texture":"#0"},"south":{"uv":[0,0,0.25,0.25],"texture":"#missing"},"west":{"uv":[15.25,10,15.5,11],"rotation":90,"texture":"#0"},"up":{"uv":[15.75,10,16,11],"rotation":180,"texture":"#0"},"down":{"uv":[15.75,10,16,11],"texture":"#0"}}},{"from":[8.0875,2.00625,10.43125],"to":[8.125,2.00625,10.73125],"rotation":{"angle":0,"axis":"x","origin":[8.06875,2.00625,11.5375]},"faces":{"north":{"uv":[0,0,0.25,0],"rotation":180,"texture":"#missing"},"east":{"uv":[15,10,15,12],"rotation":270,"texture":"#0"},"south":{"uv":[0,0,0.25,0],"texture":"#missing"},"west":{"uv":[15.25,10,15.25,12],"rotation":90,"texture":"#0"},"up":{"uv":[15.75,10,16,12],"rotation":180,"texture":"#0"},"down":{"uv":[15.75,10,16,12],"texture":"#0"}}},{"from":[8.0125,1.98675,10.70875],"to":[8.05,2.02425,10.85875],"rotation":{"angle":0,"axis":"x","origin":[8.06875,2.00625,11.5375]},"faces":{"north":{"uv":[0,0,0.25,0.25],"rotation":180,"texture":"#missing"},"east":{"uv":[15,10,15.25,11],"rotation":270,"texture":"#0"},"south":{"uv":[0,0,0.25,0.25],"texture":"#missing"},"west":{"uv":[15.25,10,15.5,11],"rotation":90,"texture":"#0"},"up":{"uv":[15.75,10,16,11],"rotation":180,"texture":"#0"},"down":{"uv":[15.75,10,16,11],"texture":"#0"}}},{"from":[8.0125,2.00625,10.43125],"to":[8.05,2.00625,10.73125],"rotation":{"angle":0,"axis":"x","origin":[8.06875,2.00625,11.5375]},"faces":{"north":{"uv":[0,0,0.25,0],"rotation":180,"texture":"#missing"},"east":{"uv":[15,10,15,12],"rotation":270,"texture":"#0"},"south":{"uv":[0,0,0.25,0],"texture":"#missing"},"west":{"uv":[15.25,10,15.25,12],"rotation":90,"texture":"#0"},"up":{"uv":[15.75,10,16,12],"rotation":180,"texture":"#0"},"down":{"uv":[15.75,10,16,12],"texture":"#0"}}},{"from":[8.05,1.94925,10.70875],"to":[8.0875,2.06175,10.85875],"rotation":{"angle":0,"axis":"x","origin":[8.06875,2.00625,11.5375]},"faces":{"north":{"uv":[0,0,0.25,0.75],"rotation":180,"texture":"#missing"},"east":{"uv":[15,10,15.75,11],"rotation":270,"texture":"#0"},"south":{"uv":[0,0,0.25,0.75],"texture":"#missing"},"west":{"uv":[15.25,10,16,11],"rotation":90,"texture":"#0"},"up":{"uv":[15.75,10,16,11],"rotation":180,"texture":"#0"},"down":{"uv":[15.75,10,16,11],"texture":"#0"}}}],"display":{"thirdperson_righthand":{"rotation":[65.25,0,0],"translation":[0,3.25,1.75],"scale":[0.58,0.58,0.58]},"thirdperson_lefthand":{"rotation":[65.25,0,0],"translation":[0,3.25,1.75],"scale":[0.58,0.58,0.58]},"firstperson_righthand":{"rotation":[-5,3,8],"translation":[-2.75,9,1.25],"scale":[1.08,1.08,1.08]},"firstperson_lefthand":{"rotation":[-5,3,8],"translation":[-2.75,9,1.25],"scale":[1.08,1.08,1.08]},"ground":{"rotation":[0,1,0],"translation":[0,2.5,0],"scale":[0.85,0.85,0.85]},"gui":{"rotation":[0,66,26],"translation":[-2.25,8.25,0],"scale":[1.78,1.78,1.78]},"head":{"rotation":[-180,180,0],"translation":[0.25,-8.75,0],"scale":[2.69,2.93,2.69]},"fixed":{"rotation":[-90,0,0],"translation":[0,0,-14.25],"scale":[1.78,1.78,1.78]}},"groups":[0,1,2,3,4,5,6,7,8,9,10,11,12,13,14,15,16,17,18,19,20,21,22,23,24,25,26,27,28,29,30,31,32,33,34,35,36,37,38,39,40,41,42,43,44,45,46,47,48,{"name":"group","origin":[8,8,8],"color":0,"children":[49,50,51,52]},{"name":"group","origin":[8,8,8],"color":0,"children":[53,54,55,56]},{"name":"group","origin":[8,8,8],"color":0,"children":[57,58,59,60]},{"name":"group","origin":[8,8,8],"color":0,"children":[61,62,63,64]},{"name":"group","origin":[8,8,8],"color":0,"children":[65,66,67,68,69,70,71,72,73,74,75,76,77,78,79]},{"name":"group","origin":[8,8,8],"color":0,"children":[80,81,82,83,84,85,86,87,88,89,90,91,92]},{"name":"group","origin":[8,8,8],"color":0,"children":[93,94,95,96,97,98,99,100,101,102,103,104,105,106,107,108,109,110,111,112,113,114,115]},{"name":"group","origin":[8,8,8],"color":0,"children":[116,117,118,119,120,121,122,123,124,125,126,127,128,129,130]},{"name":"group","origin":[8,8,8],"color":0,"children":[{"name":"group","origin":[8,8,8],"color":0,"children":[{"name":"group","origin":[8,8,8],"color":0,"children":[131,132,133,134,135,136,137,138,139,140,141,142,143,144,{"name":"group","origin":[8,8,8],"color":0,"children":[145,146,147,148,149,150,151,152,153,154,155,156]}]},157,158,159,160,161,162,163,164,165,166]},167,168,169,170,171,172,173,174,175,176,177,178]},{"name":"group","origin":[8,8,8],"color":0,"children":[179,180,181,182]},{"name":"group","origin":[8,8,8],"color":0,"children":[183,184,185,186,187,188]},{"name":"group","origin":[8,8,8],"color":0,"children":[189,190,191,192]},{"name":"group","origin":[8,8,8],"color":0,"children":[193,194,195,196,197,198,199,200]},201,202,203,204,205,206,207,208,209,210,211]}