{
	"credit": "Made with Blockbench",
	"texture_size": [64, 64],
	"textures": {
		"0": "politmine/item/brewery/golden_caviar/texture",
		"1": "politmine/item/brewery/golden_caviar/texture2",
		"particle": "politmine/item/brewery/golden_caviar/texture"
	},
	"elements": [
		{
			"from": [7, 0, 4.1],
			"to": [9.75, 0.5, 6],
			"faces": {
				"north": {"uv": [0, 8, 3, 9], "texture": "#0"},
				"east": {"uv": [8, 9, 10, 10], "texture": "#0"},
				"south": {"uv": [3, 8, 6, 9], "texture": "#0"},
				"west": {"uv": [0, 10, 2, 11], "texture": "#0"},
				"up": {"uv": [3, 2, 0, 0], "texture": "#0"},
				"down": {"uv": [3, 2, 0, 4], "texture": "#0"}
			}
		},
		{
			"from": [6.55, 0.5, 4],
			"to": [7.1, 0.8, 5.7],
			"faces": {
				"north": {"uv": [12, 8, 13, 9], "texture": "#0"},
				"east": {"uv": [2, 10, 4, 11], "texture": "#0"},
				"south": {"uv": [9, 12, 10, 13], "texture": "#0"},
				"west": {"uv": [4, 10, 6, 11], "texture": "#0"},
				"up": {"uv": [11, 8, 10, 6], "texture": "#0"},
				"down": {"uv": [9, 10, 8, 12], "texture": "#0"}
			}
		},
		{
			"from": [6.55, 0.5, 3.6],
			"to": [10.25, 0.8, 4.1],
			"faces": {
				"north": {"uv": [0, 4, 4, 5], "texture": "#0"},
				"east": {"uv": [12, 9, 13, 10], "texture": "#0"},
				"south": {"uv": [4, 4, 8, 5], "texture": "#0"},
				"west": {"uv": [10, 12, 11, 13], "texture": "#0"},
				"up": {"uv": [4, 6, 0, 5], "texture": "#0"},
				"down": {"uv": [8, 5, 4, 6], "texture": "#0"}
			}
		},
		{
			"from": [6.55, 0.5, 4.9],
			"to": [10.25, 0.8, 6.4],
			"faces": {
				"north": {"uv": [3, 0, 7, 1], "texture": "#0"},
				"east": {"uv": [6, 12, 7, 13], "texture": "#0"},
				"south": {"uv": [3, 1, 7, 2], "texture": "#0"},
				"west": {"uv": [8, 12, 9, 13], "texture": "#0"},
				"up": {"uv": [7, 3, 3, 2], "texture": "#0"},
				"down": {"uv": [7, 3, 3, 4], "texture": "#0"}
			}
		},
		{
			"from": [9.75, 0.5, 4],
			"to": [10.25, 0.8, 5.7],
			"faces": {
				"north": {"uv": [11, 12, 12, 13], "texture": "#0"},
				"east": {"uv": [10, 8, 12, 9], "texture": "#0"},
				"south": {"uv": [12, 12, 13, 13], "texture": "#0"},
				"west": {"uv": [9, 10, 11, 11], "texture": "#0"},
				"up": {"uv": [1, 13, 0, 11], "texture": "#0"},
				"down": {"uv": [12, 0, 11, 2], "texture": "#0"}
			}
		},
		{
			"from": [6.55, 0.6, 6.4],
			"to": [10.25, 1, 6.5],
			"faces": {
				"north": {"uv": [0, 6, 4, 7], "texture": "#0"},
				"east": {"uv": [0, 13, 1, 14], "texture": "#0"},
				"south": {"uv": [4, 6, 8, 7], "texture": "#0"},
				"west": {"uv": [2, 13, 3, 14], "texture": "#0"},
				"up": {"uv": [4, 8, 0, 7], "texture": "#0"},
				"down": {"uv": [11, 0, 7, 1], "texture": "#0"}
			}
		},
		{
			"from": [6.55, 0.6, 3.5],
			"to": [10.25, 1, 3.6],
			"faces": {
				"north": {"uv": [7, 1, 11, 2], "texture": "#0"},
				"east": {"uv": [13, 2, 14, 3], "texture": "#0"},
				"south": {"uv": [7, 2, 11, 3], "texture": "#0"},
				"west": {"uv": [3, 13, 4, 14], "texture": "#0"},
				"up": {"uv": [11, 4, 7, 3], "texture": "#0"},
				"down": {"uv": [8, 7, 4, 8], "texture": "#0"}
			}
		},
		{
			"from": [6.45, 0.6, 3.6],
			"to": [6.55, 1, 6.4],
			"faces": {
				"north": {"uv": [13, 3, 14, 4], "texture": "#0"},
				"east": {"uv": [8, 4, 11, 5], "texture": "#0"},
				"south": {"uv": [13, 4, 14, 5], "texture": "#0"},
				"west": {"uv": [8, 5, 11, 6], "texture": "#0"},
				"up": {"uv": [7, 11, 6, 8], "texture": "#0"},
				"down": {"uv": [9, 6, 8, 9], "texture": "#0"}
			}
		},
		{
			"from": [10.25, 0.6, 3.6],
			"to": [10.35, 1, 6.4],
			"faces": {
				"north": {"uv": [13, 5, 14, 6], "texture": "#0"},
				"east": {"uv": [0, 9, 3, 10], "texture": "#0"},
				"south": {"uv": [6, 13, 7, 14], "texture": "#0"},
				"west": {"uv": [3, 9, 6, 10], "texture": "#0"},
				"up": {"uv": [8, 11, 7, 8], "texture": "#0"},
				"down": {"uv": [10, 6, 9, 9], "texture": "#0"}
			}
		},
		{
			"from": [7.15, 0.1, 6],
			"to": [9.55, 0.4, 6.1],
			"faces": {
				"north": {"uv": [10, 9, 12, 10], "texture": "#0"},
				"east": {"uv": [13, 6, 14, 7], "texture": "#0"},
				"south": {"uv": [1, 11, 3, 12], "texture": "#0"},
				"west": {"uv": [7, 13, 8, 14], "texture": "#0"},
				"up": {"uv": [13, 3, 11, 2], "texture": "#0"},
				"down": {"uv": [5, 11, 3, 12], "texture": "#0"}
			}
		},
		{
			"from": [7.15, 0.1, 4],
			"to": [9.55, 0.4, 4.1],
			"faces": {
				"north": {"uv": [11, 6, 13, 7], "texture": "#0"},
				"east": {"uv": [13, 8, 14, 9], "texture": "#0"},
				"south": {"uv": [11, 7, 13, 8], "texture": "#0"},
				"west": {"uv": [9, 13, 10, 14], "texture": "#0"},
				"up": {"uv": [11, 12, 9, 11], "texture": "#0"},
				"down": {"uv": [13, 10, 11, 11], "texture": "#0"}
			}
		},
		{
			"from": [9.75, 0.1, 4.1],
			"to": [9.85, 0.4, 5.8],
			"faces": {
				"north": {"uv": [13, 9, 14, 10], "texture": "#0"},
				"east": {"uv": [11, 11, 13, 12], "texture": "#0"},
				"south": {"uv": [10, 13, 11, 14], "texture": "#0"},
				"west": {"uv": [12, 0, 14, 1], "texture": "#0"},
				"up": {"uv": [8, 13, 7, 11], "texture": "#0"},
				"down": {"uv": [2, 12, 1, 14], "texture": "#0"}
			}
		},
		{
			"from": [6.85, 0.1, 4.1],
			"to": [6.95, 0.4, 5.9],
			"faces": {
				"north": {"uv": [13, 10, 14, 11], "texture": "#0"},
				"east": {"uv": [12, 1, 14, 2], "texture": "#0"},
				"south": {"uv": [11, 13, 12, 14], "texture": "#0"},
				"west": {"uv": [2, 12, 4, 13], "texture": "#0"},
				"up": {"uv": [5, 14, 4, 12], "texture": "#0"},
				"down": {"uv": [6, 12, 5, 14], "texture": "#0"}
			}
		},
		{
			"from": [7.1, 0.8, 5.5],
			"to": [7.35, 0.95, 6.35],
			"faces": {
				"north": {"uv": [9.25, 1, 9.5, 1.25], "texture": "#1"},
				"east": {"uv": [1.25, 9.25, 1.5, 9.5], "texture": "#1"},
				"south": {"uv": [9.25, 1.25, 9.5, 1.5], "texture": "#1"},
				"west": {"uv": [1.5, 9.25, 1.75, 9.5], "texture": "#1"},
				"up": {"uv": [9.5, 1.75, 9.25, 1.5], "texture": "#1"},
				"down": {"uv": [2, 9.25, 1.75, 9.5], "texture": "#1"}
			}
		},
		{
			"from": [7.3, 1, 5.8],
			"to": [7.55, 1.15, 6.35],
			"faces": {
				"north": {"uv": [9.25, 1, 9.5, 1.25], "texture": "#1"},
				"east": {"uv": [1.25, 9.25, 1.5, 9.5], "texture": "#1"},
				"south": {"uv": [9.25, 1.25, 9.5, 1.5], "texture": "#1"},
				"west": {"uv": [1.5, 9.25, 1.75, 9.5], "texture": "#1"},
				"up": {"uv": [9.5, 1.75, 9.25, 1.5], "texture": "#1"},
				"down": {"uv": [2, 9.25, 1.75, 9.5], "texture": "#1"}
			}
		},
		{
			"from": [7.4, 0.8, 5.7],
			"to": [9.25, 1.05, 6.25],
			"faces": {
				"north": {"uv": [8.75, 6.25, 9, 6.5], "texture": "#1"},
				"east": {"uv": [6.5, 8.75, 6.75, 9], "texture": "#1"},
				"south": {"uv": [8.75, 6.5, 9, 6.75], "texture": "#1"},
				"west": {"uv": [6.75, 8.75, 7, 9], "texture": "#1"},
				"up": {"uv": [9, 7, 8.75, 6.75], "texture": "#1"},
				"down": {"uv": [7.25, 8.75, 7, 9], "texture": "#1"}
			}
		},
		{
			"from": [7.5, 0.6, 5.3],
			"to": [8.15, 1.35, 5.95],
			"faces": {
				"north": {"uv": [3.5, 8.5, 3.75, 8.75], "texture": "#1"},
				"east": {"uv": [8.5, 3.5, 8.75, 3.75], "texture": "#1"},
				"south": {"uv": [3.75, 8.5, 4, 8.75], "texture": "#1"},
				"west": {"uv": [8.5, 3.75, 8.75, 4], "texture": "#1"},
				"up": {"uv": [4.25, 8.75, 4, 8.5], "texture": "#1"},
				"down": {"uv": [8.75, 4, 8.5, 4.25], "texture": "#1"}
			}
		},
		{
			"from": [8.1, 0.5, 5.2],
			"to": [8.75, 1.25, 5.95],
			"faces": {
				"north": {"uv": [5.75, 3, 6, 3.25], "texture": "#1"},
				"east": {"uv": [3.25, 5.75, 3.5, 6], "texture": "#1"},
				"south": {"uv": [5.75, 3.25, 6, 3.5], "texture": "#1"},
				"west": {"uv": [3.5, 5.75, 3.75, 6], "texture": "#1"},
				"up": {"uv": [6, 3.75, 5.75, 3.5], "texture": "#1"},
				"down": {"uv": [4, 5.75, 3.75, 6], "texture": "#1"}
			}
		},
		{
			"from": [7.3, 0.5, 5.3],
			"to": [7.95, 1.25, 5.85],
			"faces": {
				"north": {"uv": [2, 8.5, 2.25, 8.75], "texture": "#1"},
				"east": {"uv": [8.5, 2, 8.75, 2.25], "texture": "#1"},
				"south": {"uv": [2.25, 8.5, 2.5, 8.75], "texture": "#1"},
				"west": {"uv": [8.5, 2.25, 8.75, 2.5], "texture": "#1"},
				"up": {"uv": [2.75, 8.75, 2.5, 8.5], "texture": "#1"},
				"down": {"uv": [8.75, 2.5, 8.5, 2.75], "texture": "#1"}
			}
		},
		{
			"from": [7.2, 0.6, 5.3],
			"to": [7.95, 1.35, 5.85],
			"faces": {
				"north": {"uv": [2.75, 8.5, 3, 8.75], "texture": "#1"},
				"east": {"uv": [8.5, 2.75, 8.75, 3], "texture": "#1"},
				"south": {"uv": [3, 8.5, 3.25, 8.75], "texture": "#1"},
				"west": {"uv": [8.5, 3, 8.75, 3.25], "texture": "#1"},
				"up": {"uv": [3.5, 8.75, 3.25, 8.5], "texture": "#1"},
				"down": {"uv": [8.75, 3.25, 8.5, 3.5], "texture": "#1"}
			}
		},
		{
			"from": [7.1, 0.5, 4.8],
			"to": [7.85, 1.25, 5.35],
			"faces": {
				"north": {"uv": [7.75, 0.75, 8, 1], "texture": "#1"},
				"east": {"uv": [1, 7.75, 1.25, 8], "texture": "#1"},
				"south": {"uv": [7.75, 1, 8, 1.25], "texture": "#1"},
				"west": {"uv": [1.25, 7.75, 1.5, 8], "texture": "#1"},
				"up": {"uv": [8, 1.5, 7.75, 1.25], "texture": "#1"},
				"down": {"uv": [1.75, 7.75, 1.5, 8], "texture": "#1"}
			}
		},
		{
			"from": [7.1, 0.6, 5.1],
			"to": [7.95, 1.35, 5.65],
			"faces": {
				"north": {"uv": [8.25, 3.5, 8.5, 3.75], "texture": "#1"},
				"east": {"uv": [3.75, 8.25, 4, 8.5], "texture": "#1"},
				"south": {"uv": [8.25, 3.75, 8.5, 4], "texture": "#1"},
				"west": {"uv": [4, 8.25, 4.25, 8.5], "texture": "#1"},
				"up": {"uv": [8.5, 4.25, 8.25, 4], "texture": "#1"},
				"down": {"uv": [4.5, 8.25, 4.25, 8.5], "texture": "#1"}
			}
		},
		{
			"from": [6.9, 0.6, 5],
			"to": [7.15, 1.15, 5.75],
			"faces": {
				"north": {"uv": [9.25, 1, 9.5, 1.25], "texture": "#1"},
				"east": {"uv": [1.25, 9.25, 1.5, 9.5], "texture": "#1"},
				"south": {"uv": [9.25, 1.25, 9.5, 1.5], "texture": "#1"},
				"west": {"uv": [1.5, 9.25, 1.75, 9.5], "texture": "#1"},
				"up": {"uv": [9.5, 1.75, 9.25, 1.5], "texture": "#1"},
				"down": {"uv": [2, 9.25, 1.75, 9.5], "texture": "#1"}
			}
		},
		{
			"from": [6.7, 0.6, 4.9],
			"to": [6.95, 0.95, 5.45],
			"faces": {
				"north": {"uv": [9.25, 1, 9.5, 1.25], "texture": "#1"},
				"east": {"uv": [1.25, 9.25, 1.5, 9.5], "texture": "#1"},
				"south": {"uv": [9.25, 1.25, 9.5, 1.5], "texture": "#1"},
				"west": {"uv": [1.5, 9.25, 1.75, 9.5], "texture": "#1"},
				"up": {"uv": [9.5, 1.75, 9.25, 1.5], "texture": "#1"},
				"down": {"uv": [2, 9.25, 1.75, 9.5], "texture": "#1"}
			}
		},
		{
			"from": [6.9, 0.6, 4.4],
			"to": [7.15, 1.05, 5.05],
			"faces": {
				"north": {"uv": [9.25, 1, 9.5, 1.25], "texture": "#1"},
				"east": {"uv": [1.25, 9.25, 1.5, 9.5], "texture": "#1"},
				"south": {"uv": [9.25, 1.25, 9.5, 1.5], "texture": "#1"},
				"west": {"uv": [1.5, 9.25, 1.75, 9.5], "texture": "#1"},
				"up": {"uv": [9.5, 1.75, 9.25, 1.5], "texture": "#1"},
				"down": {"uv": [2, 9.25, 1.75, 9.5], "texture": "#1"}
			}
		},
		{
			"from": [7.1, 0.5, 4.4],
			"to": [7.75, 1.15, 4.95],
			"faces": {
				"north": {"uv": [4.75, 7.5, 5, 7.75], "texture": "#1"},
				"east": {"uv": [7.5, 4.75, 7.75, 5], "texture": "#1"},
				"south": {"uv": [5, 7.5, 5.25, 7.75], "texture": "#1"},
				"west": {"uv": [7.5, 5, 7.75, 5.25], "texture": "#1"},
				"up": {"uv": [5.5, 7.75, 5.25, 7.5], "texture": "#1"},
				"down": {"uv": [7.75, 5.25, 7.5, 5.5], "texture": "#1"}
			}
		},
		{
			"from": [7.2, 0.5, 4.6],
			"to": [7.85, 1.25, 5.15],
			"faces": {
				"north": {"uv": [1, 7.5, 1.25, 7.75], "texture": "#1"},
				"east": {"uv": [7.5, 1, 7.75, 1.25], "texture": "#1"},
				"south": {"uv": [1.25, 7.5, 1.5, 7.75], "texture": "#1"},
				"west": {"uv": [7.5, 1.25, 7.75, 1.5], "texture": "#1"},
				"up": {"uv": [1.75, 7.75, 1.5, 7.5], "texture": "#1"},
				"down": {"uv": [7.75, 1.5, 7.5, 1.75], "texture": "#1"}
			}
		},
		{
			"from": [7.1, 0.8, 4.2],
			"to": [7.95, 1.25, 4.45],
			"faces": {
				"north": {"uv": [9.25, 0.25, 9.5, 0.5], "texture": "#1"},
				"east": {"uv": [0.5, 9.25, 0.75, 9.5], "texture": "#1"},
				"south": {"uv": [9.25, 0.5, 9.5, 0.75], "texture": "#1"},
				"west": {"uv": [0.75, 9.25, 1, 9.5], "texture": "#1"},
				"up": {"uv": [9.5, 1, 9.25, 0.75], "texture": "#1"},
				"down": {"uv": [1.25, 9.25, 1, 9.5], "texture": "#1"}
			}
		},
		{
			"from": [7.3, 0.5, 4.4],
			"to": [7.95, 1.25, 4.95],
			"faces": {
				"north": {"uv": [7.25, 4.5, 7.5, 4.75], "texture": "#1"},
				"east": {"uv": [4.75, 7.25, 5, 7.5], "texture": "#1"},
				"south": {"uv": [7.25, 4.75, 7.5, 5], "texture": "#1"},
				"west": {"uv": [5, 7.25, 5.25, 7.5], "texture": "#1"},
				"up": {"uv": [7.5, 5.25, 7.25, 5], "texture": "#1"},
				"down": {"uv": [5.5, 7.25, 5.25, 7.5], "texture": "#1"}
			}
		},
		{
			"from": [6.9, 0.8, 4.1],
			"to": [7.15, 0.95, 4.45],
			"faces": {
				"north": {"uv": [7.25, 9, 7.5, 9.25], "texture": "#1"},
				"east": {"uv": [9, 7.25, 9.25, 7.5], "texture": "#1"},
				"south": {"uv": [7.5, 9, 7.75, 9.25], "texture": "#1"},
				"west": {"uv": [9, 7.5, 9.25, 7.75], "texture": "#1"},
				"up": {"uv": [8, 9.25, 7.75, 9], "texture": "#1"},
				"down": {"uv": [9.25, 7.75, 9, 8], "texture": "#1"}
			}
		},
		{
			"from": [7.1, 0.8, 4],
			"to": [7.95, 1.15, 4.25],
			"faces": {
				"north": {"uv": [8.75, 9, 9, 9.25], "texture": "#1"},
				"east": {"uv": [9, 8.75, 9.25, 9], "texture": "#1"},
				"south": {"uv": [9, 9, 9.25, 9.25], "texture": "#1"},
				"west": {"uv": [0, 9.25, 0.25, 9.5], "texture": "#1"},
				"up": {"uv": [9.5, 0.25, 9.25, 0], "texture": "#1"},
				"down": {"uv": [0.5, 9.25, 0.25, 9.5], "texture": "#1"}
			}
		},
		{
			"from": [6.9, 0.8, 3.9],
			"to": [7.15, 0.95, 4.15],
			"faces": {
				"north": {"uv": [7.25, 9, 7.5, 9.25], "texture": "#1"},
				"east": {"uv": [9, 7.25, 9.25, 7.5], "texture": "#1"},
				"south": {"uv": [7.5, 9, 7.75, 9.25], "texture": "#1"},
				"west": {"uv": [9, 7.5, 9.25, 7.75], "texture": "#1"},
				"up": {"uv": [8, 9.25, 7.75, 9], "texture": "#1"},
				"down": {"uv": [9.25, 7.75, 9, 8], "texture": "#1"}
			}
		},
		{
			"from": [7.1, 0.8, 3.7],
			"to": [7.35, 0.95, 3.95],
			"faces": {
				"north": {"uv": [7.25, 9, 7.5, 9.25], "texture": "#1"},
				"east": {"uv": [9, 7.25, 9.25, 7.5], "texture": "#1"},
				"south": {"uv": [7.5, 9, 7.75, 9.25], "texture": "#1"},
				"west": {"uv": [9, 7.5, 9.25, 7.75], "texture": "#1"},
				"up": {"uv": [8, 9.25, 7.75, 9], "texture": "#1"},
				"down": {"uv": [9.25, 7.75, 9, 8], "texture": "#1"}
			}
		},
		{
			"from": [7.2, 0.8, 3.9],
			"to": [8.25, 1.15, 4.05],
			"faces": {
				"north": {"uv": [8, 9, 8.25, 9.25], "texture": "#1"},
				"east": {"uv": [9, 8, 9.25, 8.25], "texture": "#1"},
				"south": {"uv": [8.25, 9, 8.5, 9.25], "texture": "#1"},
				"west": {"uv": [9, 8.25, 9.25, 8.5], "texture": "#1"},
				"up": {"uv": [8.75, 9.25, 8.5, 9], "texture": "#1"},
				"down": {"uv": [9.25, 8.5, 9, 8.75], "texture": "#1"}
			}
		},
		{
			"from": [7.3, 0.8, 3.7],
			"to": [7.75, 1.15, 3.95],
			"faces": {
				"north": {"uv": [7.25, 9, 7.5, 9.25], "texture": "#1"},
				"east": {"uv": [9, 7.25, 9.25, 7.5], "texture": "#1"},
				"south": {"uv": [7.5, 9, 7.75, 9.25], "texture": "#1"},
				"west": {"uv": [9, 7.5, 9.25, 7.75], "texture": "#1"},
				"up": {"uv": [8, 9.25, 7.75, 9], "texture": "#1"},
				"down": {"uv": [9.25, 7.75, 9, 8], "texture": "#1"}
			}
		},
		{
			"from": [7.4, 0.6, 4],
			"to": [8.05, 1.35, 4.55],
			"faces": {
				"north": {"uv": [0.5, 8, 0.75, 8.25], "texture": "#1"},
				"east": {"uv": [8, 0.5, 8.25, 0.75], "texture": "#1"},
				"south": {"uv": [0.75, 8, 1, 8.25], "texture": "#1"},
				"west": {"uv": [8, 0.75, 8.25, 1], "texture": "#1"},
				"up": {"uv": [1.25, 8.25, 1, 8], "texture": "#1"},
				"down": {"uv": [8.25, 1, 8, 1.25], "texture": "#1"}
			}
		},
		{
			"from": [7.4, 0.7, 4.4],
			"to": [8.05, 1.45, 4.95],
			"faces": {
				"north": {"uv": [7.25, 3, 7.5, 3.25], "texture": "#1"},
				"east": {"uv": [3.25, 7.25, 3.5, 7.5], "texture": "#1"},
				"south": {"uv": [7.25, 3.25, 7.5, 3.5], "texture": "#1"},
				"west": {"uv": [3.5, 7.25, 3.75, 7.5], "texture": "#1"},
				"up": {"uv": [7.5, 3.75, 7.25, 3.5], "texture": "#1"},
				"down": {"uv": [4, 7.25, 3.75, 7.5], "texture": "#1"}
			}
		},
		{
			"from": [7.4, 0.6, 4.8],
			"to": [8.05, 1.35, 5.35],
			"faces": {
				"north": {"uv": [7.75, 3, 8, 3.25], "texture": "#1"},
				"east": {"uv": [3.25, 7.75, 3.5, 8], "texture": "#1"},
				"south": {"uv": [7.75, 3.25, 8, 3.5], "texture": "#1"},
				"west": {"uv": [3.5, 7.75, 3.75, 8], "texture": "#1"},
				"up": {"uv": [8, 3.75, 7.75, 3.5], "texture": "#1"},
				"down": {"uv": [4, 7.75, 3.75, 8], "texture": "#1"}
			}
		},
		{
			"from": [7.5, 0.7, 5.3],
			"to": [8.15, 1.45, 5.85],
			"faces": {
				"north": {"uv": [5, 8.5, 5.25, 8.75], "texture": "#1"},
				"east": {"uv": [8.5, 5, 8.75, 5.25], "texture": "#1"},
				"south": {"uv": [5.25, 8.5, 5.5, 8.75], "texture": "#1"},
				"west": {"uv": [8.5, 5.25, 8.75, 5.5], "texture": "#1"},
				"up": {"uv": [5.75, 8.75, 5.5, 8.5], "texture": "#1"},
				"down": {"uv": [8.75, 5.5, 8.5, 5.75], "texture": "#1"}
			}
		},
		{
			"from": [7.5, 0.8, 4.9],
			"to": [8.15, 1.55, 5.45],
			"faces": {
				"north": {"uv": [6.5, 8, 6.75, 8.25], "texture": "#1"},
				"east": {"uv": [8, 6.5, 8.25, 6.75], "texture": "#1"},
				"south": {"uv": [6.75, 8, 7, 8.25], "texture": "#1"},
				"west": {"uv": [8, 6.75, 8.25, 7], "texture": "#1"},
				"up": {"uv": [7.25, 8.25, 7, 8], "texture": "#1"},
				"down": {"uv": [8.25, 7, 8, 7.25], "texture": "#1"}
			}
		},
		{
			"from": [7.7, 0.8, 5.1],
			"to": [8.35, 1.55, 5.65],
			"faces": {
				"north": {"uv": [5, 8, 5.25, 8.25], "texture": "#1"},
				"east": {"uv": [8, 5, 8.25, 5.25], "texture": "#1"},
				"south": {"uv": [5.25, 8, 5.5, 8.25], "texture": "#1"},
				"west": {"uv": [8, 5.25, 8.25, 5.5], "texture": "#1"},
				"up": {"uv": [5.75, 8.25, 5.5, 8], "texture": "#1"},
				"down": {"uv": [8.25, 5.5, 8, 5.75], "texture": "#1"}
			}
		},
		{
			"from": [7.7, 1.4, 4.5],
			"to": [8.15, 1.65, 4.95],
			"faces": {
				"north": {"uv": [9.25, 3.25, 9.5, 3.5], "texture": "#1"},
				"east": {"uv": [3.5, 9.25, 3.75, 9.5], "texture": "#1"},
				"south": {"uv": [9.25, 3.5, 9.5, 3.75], "texture": "#1"},
				"west": {"uv": [3.75, 9.25, 4, 9.5], "texture": "#1"},
				"up": {"uv": [9.5, 4, 9.25, 3.75], "texture": "#1"},
				"down": {"uv": [4.25, 9.25, 4, 9.5], "texture": "#1"}
			}
		},
		{
			"from": [7.6, 1, 5],
			"to": [7.85, 1.75, 5.25],
			"faces": {
				"north": {"uv": [8.75, 4.5, 9, 4.75], "texture": "#1"},
				"east": {"uv": [4.75, 8.75, 5, 9], "texture": "#1"},
				"south": {"uv": [8.75, 4.75, 9, 5], "texture": "#1"},
				"west": {"uv": [5, 8.75, 5.25, 9], "texture": "#1"},
				"up": {"uv": [9, 5.25, 8.75, 5], "texture": "#1"},
				"down": {"uv": [5.5, 8.75, 5.25, 9], "texture": "#1"}
			}
		},
		{
			"from": [7.7, 1, 5.2],
			"to": [7.95, 1.75, 5.45],
			"faces": {
				"north": {"uv": [5.75, 8, 6, 8.25], "texture": "#1"},
				"east": {"uv": [8, 5.75, 8.25, 6], "texture": "#1"},
				"south": {"uv": [6, 8, 6.25, 8.25], "texture": "#1"},
				"west": {"uv": [8, 6, 8.25, 6.25], "texture": "#1"},
				"up": {"uv": [6.5, 8.25, 6.25, 8], "texture": "#1"},
				"down": {"uv": [8.25, 6.25, 8, 6.5], "texture": "#1"}
			}
		},
		{
			"from": [7.9, 1.1, 4.9],
			"to": [8.15, 1.85, 5.15],
			"faces": {
				"north": {"uv": [8.75, 5.25, 9, 5.5], "texture": "#1"},
				"east": {"uv": [5.5, 8.75, 5.75, 9], "texture": "#1"},
				"south": {"uv": [8.75, 5.5, 9, 5.75], "texture": "#1"},
				"west": {"uv": [5.75, 8.75, 6, 9], "texture": "#1"},
				"up": {"uv": [9, 6, 8.75, 5.75], "texture": "#1"},
				"down": {"uv": [6.25, 8.75, 6, 9], "texture": "#1"}
			}
		},
		{
			"from": [8.1, 1, 4.5],
			"to": [8.85, 1.75, 5.05],
			"faces": {
				"north": {"uv": [9.25, 1.75, 9.5, 2], "texture": "#1"},
				"east": {"uv": [2, 9.25, 2.25, 9.5], "texture": "#1"},
				"south": {"uv": [9.25, 2, 9.5, 2.25], "texture": "#1"},
				"west": {"uv": [2.25, 9.25, 2.5, 9.5], "texture": "#1"},
				"up": {"uv": [9.5, 2.5, 9.25, 2.25], "texture": "#1"},
				"down": {"uv": [2.75, 9.25, 2.5, 9.5], "texture": "#1"}
			}
		},
		{
			"from": [8.2, 1.7, 4.7],
			"to": [8.65, 1.95, 5.15],
			"faces": {
				"north": {"uv": [9.25, 2.5, 9.5, 2.75], "texture": "#1"},
				"east": {"uv": [2.75, 9.25, 3, 9.5], "texture": "#1"},
				"south": {"uv": [9.25, 2.75, 9.5, 3], "texture": "#1"},
				"west": {"uv": [3, 9.25, 3.25, 9.5], "texture": "#1"},
				"up": {"uv": [9.5, 3.25, 9.25, 3], "texture": "#1"},
				"down": {"uv": [3.5, 9.25, 3.25, 9.5], "texture": "#1"}
			}
		},
		{
			"from": [8.1, 1, 5.1],
			"to": [8.35, 1.75, 5.35],
			"faces": {
				"north": {"uv": [8.75, 2.25, 9, 2.5], "texture": "#1"},
				"east": {"uv": [2.5, 8.75, 2.75, 9], "texture": "#1"},
				"south": {"uv": [8.75, 2.5, 9, 2.75], "texture": "#1"},
				"west": {"uv": [2.75, 8.75, 3, 9], "texture": "#1"},
				"up": {"uv": [9, 3, 8.75, 2.75], "texture": "#1"},
				"down": {"uv": [3.25, 8.75, 3, 9], "texture": "#1"}
			}
		},
		{
			"from": [8.5, 1, 5.2],
			"to": [8.75, 1.75, 5.45],
			"faces": {
				"north": {"uv": [5.25, 1.25, 5.5, 1.5], "texture": "#1"},
				"east": {"uv": [1.5, 5.25, 1.75, 5.5], "texture": "#1"},
				"south": {"uv": [5.25, 1.5, 5.5, 1.75], "texture": "#1"},
				"west": {"uv": [1.75, 5.25, 2, 5.5], "texture": "#1"},
				"up": {"uv": [5.5, 2, 5.25, 1.75], "texture": "#1"},
				"down": {"uv": [2.25, 5.25, 2, 5.5], "texture": "#1"}
			}
		},
		{
			"from": [8.3, 1, 5.1],
			"to": [8.55, 1.75, 5.35],
			"faces": {
				"north": {"uv": [8.75, 3, 9, 3.25], "texture": "#1"},
				"east": {"uv": [3.25, 8.75, 3.5, 9], "texture": "#1"},
				"south": {"uv": [8.75, 3.25, 9, 3.5], "texture": "#1"},
				"west": {"uv": [3.5, 8.75, 3.75, 9], "texture": "#1"},
				"up": {"uv": [9, 3.75, 8.75, 3.5], "texture": "#1"},
				"down": {"uv": [4, 8.75, 3.75, 9], "texture": "#1"}
			}
		},
		{
			"from": [7.9, 1, 5.1],
			"to": [8.15, 1.75, 5.35],
			"faces": {
				"north": {"uv": [8.75, 3.75, 9, 4], "texture": "#1"},
				"east": {"uv": [4, 8.75, 4.25, 9], "texture": "#1"},
				"south": {"uv": [8.75, 4, 9, 4.25], "texture": "#1"},
				"west": {"uv": [4.25, 8.75, 4.5, 9], "texture": "#1"},
				"up": {"uv": [9, 4.5, 8.75, 4.25], "texture": "#1"},
				"down": {"uv": [4.75, 8.75, 4.5, 9], "texture": "#1"}
			}
		},
		{
			"from": [8.5, 0.8, 5],
			"to": [9.15, 1.55, 5.65],
			"faces": {
				"north": {"uv": [5.25, 0.5, 5.5, 0.75], "texture": "#1"},
				"east": {"uv": [0.75, 5.25, 1, 5.5], "texture": "#1"},
				"south": {"uv": [5.25, 0.75, 5.5, 1], "texture": "#1"},
				"west": {"uv": [1, 5.25, 1.25, 5.5], "texture": "#1"},
				"up": {"uv": [5.5, 1.25, 5.25, 1], "texture": "#1"},
				"down": {"uv": [1.5, 5.25, 1.25, 5.5], "texture": "#1"}
			}
		},
		{
			"from": [8.3, 0.7, 5.2],
			"to": [8.95, 1.45, 5.85],
			"faces": {
				"north": {"uv": [0.25, 6, 0.5, 6.25], "texture": "#1"},
				"east": {"uv": [6, 0.25, 6.25, 0.5], "texture": "#1"},
				"south": {"uv": [0.5, 6, 0.75, 6.25], "texture": "#1"},
				"west": {"uv": [6, 0.5, 6.25, 0.75], "texture": "#1"},
				"up": {"uv": [1, 6.25, 0.75, 6], "texture": "#1"},
				"down": {"uv": [6.25, 0.75, 6, 1], "texture": "#1"}
			}
		},
		{
			"from": [7.8, 0.7, 5.3],
			"to": [8.45, 1.45, 5.85],
			"faces": {
				"north": {"uv": [5.75, 8.5, 6, 8.75], "texture": "#1"},
				"east": {"uv": [8.5, 5.75, 8.75, 6], "texture": "#1"},
				"south": {"uv": [6, 8.5, 6.25, 8.75], "texture": "#1"},
				"west": {"uv": [8.5, 6, 8.75, 6.25], "texture": "#1"},
				"up": {"uv": [6.5, 8.75, 6.25, 8.5], "texture": "#1"},
				"down": {"uv": [8.75, 6.25, 8.5, 6.5], "texture": "#1"}
			}
		},
		{
			"from": [8.3, 0.8, 4.8],
			"to": [8.95, 1.55, 5.45],
			"faces": {
				"north": {"uv": [5.25, 2, 5.5, 2.25], "texture": "#1"},
				"east": {"uv": [2.25, 5.25, 2.5, 5.5], "texture": "#1"},
				"south": {"uv": [5.25, 2.25, 5.5, 2.5], "texture": "#1"},
				"west": {"uv": [2.5, 5.25, 2.75, 5.5], "texture": "#1"},
				"up": {"uv": [5.5, 2.75, 5.25, 2.5], "texture": "#1"},
				"down": {"uv": [3, 5.25, 2.75, 5.5], "texture": "#1"}
			}
		},
		{
			"from": [8.6, 0.7, 5.2],
			"to": [9.25, 1.45, 5.85],
			"faces": {
				"north": {"uv": [1, 6, 1.25, 6.25], "texture": "#1"},
				"east": {"uv": [6, 1, 6.25, 1.25], "texture": "#1"},
				"south": {"uv": [1.25, 6, 1.5, 6.25], "texture": "#1"},
				"west": {"uv": [6, 1.25, 6.25, 1.5], "texture": "#1"},
				"up": {"uv": [1.75, 6.25, 1.5, 6], "texture": "#1"},
				"down": {"uv": [6.25, 1.5, 6, 1.75], "texture": "#1"}
			}
		},
		{
			"from": [8.5, 0.6, 5.2],
			"to": [9.15, 1.35, 5.85],
			"faces": {
				"north": {"uv": [5.75, 5.25, 6, 5.5], "texture": "#1"},
				"east": {"uv": [5.5, 5.75, 5.75, 6], "texture": "#1"},
				"south": {"uv": [5.75, 5.5, 6, 5.75], "texture": "#1"},
				"west": {"uv": [5.75, 5.75, 6, 6], "texture": "#1"},
				"up": {"uv": [0.25, 6.25, 0, 6], "texture": "#1"},
				"down": {"uv": [6.25, 0, 6, 0.25], "texture": "#1"}
			}
		},
		{
			"from": [8.1, 0.6, 5.2],
			"to": [8.75, 1.35, 5.85],
			"faces": {
				"north": {"uv": [5.75, 3.75, 6, 4], "texture": "#1"},
				"east": {"uv": [4, 5.75, 4.25, 6], "texture": "#1"},
				"south": {"uv": [5.75, 4, 6, 4.25], "texture": "#1"},
				"west": {"uv": [4.25, 5.75, 4.5, 6], "texture": "#1"},
				"up": {"uv": [6, 4.5, 5.75, 4.25], "texture": "#1"},
				"down": {"uv": [4.75, 5.75, 4.5, 6], "texture": "#1"}
			}
		},
		{
			"from": [9.1, 0.9, 5.8],
			"to": [9.85, 1.05, 6.05],
			"faces": {
				"north": {"uv": [8.75, 8.5, 9, 8.75], "texture": "#1"},
				"east": {"uv": [8.75, 8.75, 9, 9], "texture": "#1"},
				"south": {"uv": [0, 9, 0.25, 9.25], "texture": "#1"},
				"west": {"uv": [9, 0, 9.25, 0.25], "texture": "#1"},
				"up": {"uv": [0.5, 9.25, 0.25, 9], "texture": "#1"},
				"down": {"uv": [9.25, 0.25, 9, 0.5], "texture": "#1"}
			}
		},
		{
			"from": [9.2, 0.7, 6.1],
			"to": [9.95, 0.85, 6.25],
			"faces": {
				"north": {"uv": [8.75, 8.5, 9, 8.75], "texture": "#1"},
				"east": {"uv": [8.75, 8.75, 9, 9], "texture": "#1"},
				"south": {"uv": [0, 9, 0.25, 9.25], "texture": "#1"},
				"west": {"uv": [9, 0, 9.25, 0.25], "texture": "#1"},
				"up": {"uv": [0.5, 9.25, 0.25, 9], "texture": "#1"},
				"down": {"uv": [9.25, 0.25, 9, 0.5], "texture": "#1"}
			}
		},
		{
			"from": [9.2, 0.8, 5.9],
			"to": [9.95, 0.95, 6.15],
			"faces": {
				"north": {"uv": [8.75, 8.5, 9, 8.75], "texture": "#1"},
				"east": {"uv": [8.75, 8.75, 9, 9], "texture": "#1"},
				"south": {"uv": [0, 9, 0.25, 9.25], "texture": "#1"},
				"west": {"uv": [9, 0, 9.25, 0.25], "texture": "#1"},
				"up": {"uv": [0.5, 9.25, 0.25, 9], "texture": "#1"},
				"down": {"uv": [9.25, 0.25, 9, 0.5], "texture": "#1"}
			}
		},
		{
			"from": [9.1, 1, 5.6],
			"to": [9.85, 1.15, 5.85],
			"faces": {
				"north": {"uv": [8.75, 8.5, 9, 8.75], "texture": "#1"},
				"east": {"uv": [8.75, 8.75, 9, 9], "texture": "#1"},
				"south": {"uv": [0, 9, 0.25, 9.25], "texture": "#1"},
				"west": {"uv": [9, 0, 9.25, 0.25], "texture": "#1"},
				"up": {"uv": [0.5, 9.25, 0.25, 9], "texture": "#1"},
				"down": {"uv": [9.25, 0.25, 9, 0.5], "texture": "#1"}
			}
		},
		{
			"from": [9.2, 0.9, 5.6],
			"to": [9.95, 1.05, 5.85],
			"faces": {
				"north": {"uv": [8.75, 8.5, 9, 8.75], "texture": "#1"},
				"east": {"uv": [8.75, 8.75, 9, 9], "texture": "#1"},
				"south": {"uv": [0, 9, 0.25, 9.25], "texture": "#1"},
				"west": {"uv": [9, 0, 9.25, 0.25], "texture": "#1"},
				"up": {"uv": [0.5, 9.25, 0.25, 9], "texture": "#1"},
				"down": {"uv": [9.25, 0.25, 9, 0.5], "texture": "#1"}
			}
		},
		{
			"from": [9.3, 0.7, 5.7],
			"to": [10.05, 0.95, 5.85],
			"faces": {
				"north": {"uv": [8.75, 8.5, 9, 8.75], "texture": "#1"},
				"east": {"uv": [8.75, 8.75, 9, 9], "texture": "#1"},
				"south": {"uv": [0, 9, 0.25, 9.25], "texture": "#1"},
				"west": {"uv": [9, 0, 9.25, 0.25], "texture": "#1"},
				"up": {"uv": [0.5, 9.25, 0.25, 9], "texture": "#1"},
				"down": {"uv": [9.25, 0.25, 9, 0.5], "texture": "#1"}
			}
		},
		{
			"from": [9.3, 0.7, 5.4],
			"to": [10.05, 1.05, 5.65],
			"faces": {
				"north": {"uv": [8.75, 8.5, 9, 8.75], "texture": "#1"},
				"east": {"uv": [8.75, 8.75, 9, 9], "texture": "#1"},
				"south": {"uv": [0, 9, 0.25, 9.25], "texture": "#1"},
				"west": {"uv": [9, 0, 9.25, 0.25], "texture": "#1"},
				"up": {"uv": [0.5, 9.25, 0.25, 9], "texture": "#1"},
				"down": {"uv": [9.25, 0.25, 9, 0.5], "texture": "#1"}
			}
		},
		{
			"from": [9, 0.6, 4.7],
			"to": [9.75, 1.35, 5.35],
			"faces": {
				"north": {"uv": [3.25, 0, 3.5, 0.25], "texture": "#1"},
				"east": {"uv": [0.25, 3.25, 0.5, 3.5], "texture": "#1"},
				"south": {"uv": [3.25, 0.25, 3.5, 0.5], "texture": "#1"},
				"west": {"uv": [0.5, 3.25, 0.75, 3.5], "texture": "#1"},
				"up": {"uv": [3.5, 0.75, 3.25, 0.5], "texture": "#1"},
				"down": {"uv": [1, 3.25, 0.75, 3.5], "texture": "#1"}
			}
		},
		{
			"from": [8.7, 0.6, 5],
			"to": [9.35, 1.35, 5.65],
			"faces": {
				"north": {"uv": [2.75, 5.5, 3, 5.75], "texture": "#1"},
				"east": {"uv": [5.5, 2.75, 5.75, 3], "texture": "#1"},
				"south": {"uv": [3, 5.5, 3.25, 5.75], "texture": "#1"},
				"west": {"uv": [5.5, 3, 5.75, 3.25], "texture": "#1"},
				"up": {"uv": [3.5, 5.75, 3.25, 5.5], "texture": "#1"},
				"down": {"uv": [5.75, 3.25, 5.5, 3.5], "texture": "#1"}
			}
		},
		{
			"from": [9.2, 0.9, 5.3],
			"to": [9.95, 1.25, 5.55],
			"faces": {
				"north": {"uv": [8.75, 8.5, 9, 8.75], "texture": "#1"},
				"east": {"uv": [8.75, 8.75, 9, 9], "texture": "#1"},
				"south": {"uv": [0, 9, 0.25, 9.25], "texture": "#1"},
				"west": {"uv": [9, 0, 9.25, 0.25], "texture": "#1"},
				"up": {"uv": [0.5, 9.25, 0.25, 9], "texture": "#1"},
				"down": {"uv": [9.25, 0.25, 9, 0.5], "texture": "#1"}
			}
		},
		{
			"from": [8.9, 0.5, 4.7],
			"to": [9.55, 1.25, 5.65],
			"faces": {
				"north": {"uv": [1.75, 3, 2, 3.25], "texture": "#1"},
				"east": {"uv": [3, 1.75, 3.25, 2], "texture": "#1"},
				"south": {"uv": [2, 3, 2.25, 3.25], "texture": "#1"},
				"west": {"uv": [3, 2, 3.25, 2.25], "texture": "#1"},
				"up": {"uv": [2.5, 3.25, 2.25, 3], "texture": "#1"},
				"down": {"uv": [3.25, 2.25, 3, 2.5], "texture": "#1"}
			}
		},
		{
			"from": [9.2, 0.9, 5],
			"to": [9.95, 1.25, 5.25],
			"faces": {
				"north": {"uv": [8.75, 8.5, 9, 8.75], "texture": "#1"},
				"east": {"uv": [8.75, 8.75, 9, 9], "texture": "#1"},
				"south": {"uv": [0, 9, 0.25, 9.25], "texture": "#1"},
				"west": {"uv": [9, 0, 9.25, 0.25], "texture": "#1"},
				"up": {"uv": [0.5, 9.25, 0.25, 9], "texture": "#1"},
				"down": {"uv": [9.25, 0.25, 9, 0.5], "texture": "#1"}
			}
		},
		{
			"from": [8.6, 0.8, 4.8],
			"to": [9.25, 1.55, 5.45],
			"faces": {
				"north": {"uv": [0.5, 5.5, 0.75, 5.75], "texture": "#1"},
				"east": {"uv": [5.5, 0.5, 5.75, 0.75], "texture": "#1"},
				"south": {"uv": [0.75, 5.5, 1, 5.75], "texture": "#1"},
				"west": {"uv": [5.5, 0.75, 5.75, 1], "texture": "#1"},
				"up": {"uv": [1.25, 5.75, 1, 5.5], "texture": "#1"},
				"down": {"uv": [5.75, 1, 5.5, 1.25], "texture": "#1"}
			}
		},
		{
			"from": [8.9, 0.8, 5],
			"to": [9.15, 1.65, 5.25],
			"faces": {
				"north": {"uv": [4.25, 5, 4.5, 5.25], "texture": "#1"},
				"east": {"uv": [5, 4.25, 5.25, 4.5], "texture": "#1"},
				"south": {"uv": [4.5, 5, 4.75, 5.25], "texture": "#1"},
				"west": {"uv": [5, 4.5, 5.25, 4.75], "texture": "#1"},
				"up": {"uv": [5, 5.25, 4.75, 5], "texture": "#1"},
				"down": {"uv": [5.25, 4.75, 5, 5], "texture": "#1"}
			}
		},
		{
			"from": [8.9, 0.7, 4.5],
			"to": [9.55, 1.45, 5.15],
			"faces": {
				"north": {"uv": [1.25, 0.75, 1.5, 1], "texture": "#1"},
				"east": {"uv": [1, 1.25, 1.25, 1.5], "texture": "#1"},
				"south": {"uv": [1.25, 1, 1.5, 1.25], "texture": "#1"},
				"west": {"uv": [1.25, 1.25, 1.5, 1.5], "texture": "#1"},
				"up": {"uv": [0.25, 1.75, 0, 1.5], "texture": "#1"},
				"down": {"uv": [1.75, 0, 1.5, 0.25], "texture": "#1"}
			}
		},
		{
			"from": [8.8, 0.7, 4.7],
			"to": [9.45, 1.45, 5.35],
			"faces": {
				"north": {"uv": [2.5, 6, 2.75, 6.25], "texture": "#1"},
				"east": {"uv": [6, 2.5, 6.25, 2.75], "texture": "#1"},
				"south": {"uv": [2.75, 6, 3, 6.25], "texture": "#1"},
				"west": {"uv": [6, 2.75, 6.25, 3], "texture": "#1"},
				"up": {"uv": [3.25, 6.25, 3, 6], "texture": "#1"},
				"down": {"uv": [6.25, 3, 6, 3.25], "texture": "#1"}
			}
		},
		{
			"from": [9.3, 1, 4.6],
			"to": [10.05, 1.15, 4.85],
			"faces": {
				"north": {"uv": [8.75, 8.5, 9, 8.75], "texture": "#1"},
				"east": {"uv": [8.75, 8.75, 9, 9], "texture": "#1"},
				"south": {"uv": [0, 9, 0.25, 9.25], "texture": "#1"},
				"west": {"uv": [9, 0, 9.25, 0.25], "texture": "#1"},
				"up": {"uv": [0.5, 9.25, 0.25, 9], "texture": "#1"},
				"down": {"uv": [9.25, 0.25, 9, 0.5], "texture": "#1"}
			}
		},
		{
			"from": [9.3, 0.9, 5.1],
			"to": [10.05, 1.05, 5.35],
			"faces": {
				"north": {"uv": [8.75, 8.5, 9, 8.75], "texture": "#1"},
				"east": {"uv": [8.75, 8.75, 9, 9], "texture": "#1"},
				"south": {"uv": [0, 9, 0.25, 9.25], "texture": "#1"},
				"west": {"uv": [9, 0, 9.25, 0.25], "texture": "#1"},
				"up": {"uv": [0.5, 9.25, 0.25, 9], "texture": "#1"},
				"down": {"uv": [9.25, 0.25, 9, 0.5], "texture": "#1"}
			}
		},
		{
			"from": [9.2, 0.8, 5.8],
			"to": [9.95, 0.95, 6.05],
			"faces": {
				"north": {"uv": [8.75, 8.5, 9, 8.75], "texture": "#1"},
				"east": {"uv": [8.75, 8.75, 9, 9], "texture": "#1"},
				"south": {"uv": [0, 9, 0.25, 9.25], "texture": "#1"},
				"west": {"uv": [9, 0, 9.25, 0.25], "texture": "#1"},
				"up": {"uv": [0.5, 9.25, 0.25, 9], "texture": "#1"},
				"down": {"uv": [9.25, 0.25, 9, 0.5], "texture": "#1"}
			}
		},
		{
			"from": [9.3, 0.7, 5.6],
			"to": [10.05, 0.95, 5.75],
			"faces": {
				"north": {"uv": [8.75, 8.5, 9, 8.75], "texture": "#1"},
				"east": {"uv": [8.75, 8.75, 9, 9], "texture": "#1"},
				"south": {"uv": [0, 9, 0.25, 9.25], "texture": "#1"},
				"west": {"uv": [9, 0, 9.25, 0.25], "texture": "#1"},
				"up": {"uv": [0.5, 9.25, 0.25, 9], "texture": "#1"},
				"down": {"uv": [9.25, 0.25, 9, 0.5], "texture": "#1"}
			}
		},
		{
			"from": [9.7, 0.8, 5.1],
			"to": [10.05, 0.95, 5.35],
			"faces": {
				"north": {"uv": [0.5, 9, 0.75, 9.25], "texture": "#1"},
				"east": {"uv": [9, 0.5, 9.25, 0.75], "texture": "#1"},
				"south": {"uv": [0.75, 9, 1, 9.25], "texture": "#1"},
				"west": {"uv": [9, 0.75, 9.25, 1], "texture": "#1"},
				"up": {"uv": [1.25, 9.25, 1, 9], "texture": "#1"},
				"down": {"uv": [9.25, 1, 9, 1.25], "texture": "#1"}
			}
		},
		{
			"from": [9.3, 0.9, 4.8],
			"to": [10.05, 1.05, 5.05],
			"faces": {
				"north": {"uv": [8.75, 8.5, 9, 8.75], "texture": "#1"},
				"east": {"uv": [8.75, 8.75, 9, 9], "texture": "#1"},
				"south": {"uv": [0, 9, 0.25, 9.25], "texture": "#1"},
				"west": {"uv": [9, 0, 9.25, 0.25], "texture": "#1"},
				"up": {"uv": [0.5, 9.25, 0.25, 9], "texture": "#1"},
				"down": {"uv": [9.25, 0.25, 9, 0.5], "texture": "#1"}
			}
		},
		{
			"from": [9.8, 0.8, 4.8],
			"to": [10.15, 0.95, 5.05],
			"faces": {
				"north": {"uv": [1.25, 9, 1.5, 9.25], "texture": "#1"},
				"east": {"uv": [9, 1.25, 9.25, 1.5], "texture": "#1"},
				"south": {"uv": [1.5, 9, 1.75, 9.25], "texture": "#1"},
				"west": {"uv": [9, 1.5, 9.25, 1.75], "texture": "#1"},
				"up": {"uv": [2, 9.25, 1.75, 9], "texture": "#1"},
				"down": {"uv": [9.25, 1.75, 9, 2], "texture": "#1"}
			}
		},
		{
			"from": [9.8, 0.8, 4.5],
			"to": [10.15, 0.95, 4.85],
			"faces": {
				"north": {"uv": [2, 9, 2.25, 9.25], "texture": "#1"},
				"east": {"uv": [9, 2, 9.25, 2.25], "texture": "#1"},
				"south": {"uv": [2.25, 9, 2.5, 9.25], "texture": "#1"},
				"west": {"uv": [9, 2.25, 9.25, 2.5], "texture": "#1"},
				"up": {"uv": [2.75, 9.25, 2.5, 9], "texture": "#1"},
				"down": {"uv": [9.25, 2.5, 9, 2.75], "texture": "#1"}
			}
		},
		{
			"from": [9.2, 0.9, 4.3],
			"to": [9.95, 1.05, 4.55],
			"faces": {
				"north": {"uv": [8.75, 8.5, 9, 8.75], "texture": "#1"},
				"east": {"uv": [8.75, 8.75, 9, 9], "texture": "#1"},
				"south": {"uv": [0, 9, 0.25, 9.25], "texture": "#1"},
				"west": {"uv": [9, 0, 9.25, 0.25], "texture": "#1"},
				"up": {"uv": [0.5, 9.25, 0.25, 9], "texture": "#1"},
				"down": {"uv": [9.25, 0.25, 9, 0.5], "texture": "#1"}
			}
		},
		{
			"from": [9.7, 0.8, 3.9],
			"to": [10.05, 0.95, 4.25],
			"faces": {
				"north": {"uv": [3.5, 9, 3.75, 9.25], "texture": "#1"},
				"east": {"uv": [9, 3.5, 9.25, 3.75], "texture": "#1"},
				"south": {"uv": [3.75, 9, 4, 9.25], "texture": "#1"},
				"west": {"uv": [9, 3.75, 9.25, 4], "texture": "#1"},
				"up": {"uv": [4.25, 9.25, 4, 9], "texture": "#1"},
				"down": {"uv": [9.25, 4, 9, 4.25], "texture": "#1"}
			}
		},
		{
			"from": [9.7, 0.8, 4.2],
			"to": [10.05, 0.95, 4.55],
			"faces": {
				"north": {"uv": [2.75, 9, 3, 9.25], "texture": "#1"},
				"east": {"uv": [9, 2.75, 9.25, 3], "texture": "#1"},
				"south": {"uv": [3, 9, 3.25, 9.25], "texture": "#1"},
				"west": {"uv": [9, 3, 9.25, 3.25], "texture": "#1"},
				"up": {"uv": [3.5, 9.25, 3.25, 9], "texture": "#1"},
				"down": {"uv": [9.25, 3.25, 9, 3.5], "texture": "#1"}
			}
		},
		{
			"from": [9.7, 0.8, 4.2],
			"to": [10.05, 0.95, 4.45],
			"faces": {
				"north": {"uv": [4.25, 9, 4.5, 9.25], "texture": "#1"},
				"east": {"uv": [9, 4.25, 9.25, 4.5], "texture": "#1"},
				"south": {"uv": [4.5, 9, 4.75, 9.25], "texture": "#1"},
				"west": {"uv": [9, 4.5, 9.25, 4.75], "texture": "#1"},
				"up": {"uv": [5, 9.25, 4.75, 9], "texture": "#1"},
				"down": {"uv": [9.25, 4.75, 9, 5], "texture": "#1"}
			}
		},
		{
			"from": [9.2, 1, 4.8],
			"to": [9.95, 1.15, 5.05],
			"faces": {
				"north": {"uv": [8.75, 8.5, 9, 8.75], "texture": "#1"},
				"east": {"uv": [8.75, 8.75, 9, 9], "texture": "#1"},
				"south": {"uv": [0, 9, 0.25, 9.25], "texture": "#1"},
				"west": {"uv": [9, 0, 9.25, 0.25], "texture": "#1"},
				"up": {"uv": [0.5, 9.25, 0.25, 9], "texture": "#1"},
				"down": {"uv": [9.25, 0.25, 9, 0.5], "texture": "#1"}
			}
		},
		{
			"from": [9.2, 0.6, 4.2],
			"to": [9.85, 1.35, 4.85],
			"faces": {
				"north": {"uv": [3.25, 2.25, 3.5, 2.5], "texture": "#1"},
				"east": {"uv": [2.5, 3.25, 2.75, 3.5], "texture": "#1"},
				"south": {"uv": [3.25, 2.5, 3.5, 2.75], "texture": "#1"},
				"west": {"uv": [2.75, 3.25, 3, 3.5], "texture": "#1"},
				"up": {"uv": [3.5, 3, 3.25, 2.75], "texture": "#1"},
				"down": {"uv": [3.25, 3.25, 3, 3.5], "texture": "#1"}
			}
		},
		{
			"from": [8.9, 0.6, 3.9],
			"to": [9.55, 1.35, 4.55],
			"faces": {
				"north": {"uv": [0.5, 3.5, 0.75, 3.75], "texture": "#1"},
				"east": {"uv": [3.5, 0.5, 3.75, 0.75], "texture": "#1"},
				"south": {"uv": [0.75, 3.5, 1, 3.75], "texture": "#1"},
				"west": {"uv": [3.5, 0.75, 3.75, 1], "texture": "#1"},
				"up": {"uv": [1.25, 3.75, 1, 3.5], "texture": "#1"},
				"down": {"uv": [3.75, 1, 3.5, 1.25], "texture": "#1"}
			}
		},
		{
			"from": [9.3, 0.8, 3.7],
			"to": [9.75, 1.05, 3.95],
			"faces": {
				"north": {"uv": [5, 9, 5.25, 9.25], "texture": "#1"},
				"east": {"uv": [9, 5, 9.25, 5.25], "texture": "#1"},
				"south": {"uv": [5.25, 9, 5.5, 9.25], "texture": "#1"},
				"west": {"uv": [9, 5.25, 9.25, 5.5], "texture": "#1"},
				"up": {"uv": [5.75, 9.25, 5.5, 9], "texture": "#1"},
				"down": {"uv": [9.25, 5.5, 9, 5.75], "texture": "#1"}
			}
		},
		{
			"from": [9.1, 0.6, 4.5],
			"to": [9.75, 1.35, 5.15],
			"faces": {
				"north": {"uv": [3.25, 0.75, 3.5, 1], "texture": "#1"},
				"east": {"uv": [1, 3.25, 1.25, 3.5], "texture": "#1"},
				"south": {"uv": [3.25, 1, 3.5, 1.25], "texture": "#1"},
				"west": {"uv": [1.25, 3.25, 1.5, 3.5], "texture": "#1"},
				"up": {"uv": [3.5, 1.5, 3.25, 1.25], "texture": "#1"},
				"down": {"uv": [1.75, 3.25, 1.5, 3.5], "texture": "#1"}
			}
		},
		{
			"from": [9.2, 0.6, 4.3],
			"to": [9.65, 1.35, 4.85],
			"faces": {
				"north": {"uv": [3.25, 1.5, 3.5, 1.75], "texture": "#1"},
				"east": {"uv": [1.75, 3.25, 2, 3.5], "texture": "#1"},
				"south": {"uv": [3.25, 1.75, 3.5, 2], "texture": "#1"},
				"west": {"uv": [2, 3.25, 2.25, 3.5], "texture": "#1"},
				"up": {"uv": [3.5, 2.25, 3.25, 2], "texture": "#1"},
				"down": {"uv": [2.5, 3.25, 2.25, 3.5], "texture": "#1"}
			}
		},
		{
			"from": [8.9, 0.7, 4.4],
			"to": [9.25, 1.55, 4.75],
			"faces": {
				"north": {"uv": [0.5, 1, 0.75, 1.25], "texture": "#1"},
				"east": {"uv": [1, 0.5, 1.25, 0.75], "texture": "#1"},
				"south": {"uv": [0.75, 1, 1, 1.25], "texture": "#1"},
				"west": {"uv": [1, 0.75, 1.25, 1], "texture": "#1"},
				"up": {"uv": [1.25, 1.25, 1, 1], "texture": "#1"},
				"down": {"uv": [0.25, 1.25, 0, 1.5], "texture": "#1"}
			}
		},
		{
			"from": [9, 0.7, 4.4],
			"to": [9.55, 1.45, 4.95],
			"faces": {
				"north": {"uv": [1.25, 2, 1.5, 2.25], "texture": "#1"},
				"east": {"uv": [2, 1.25, 2.25, 1.5], "texture": "#1"},
				"south": {"uv": [1.5, 2, 1.75, 2.25], "texture": "#1"},
				"west": {"uv": [2, 1.5, 2.25, 1.75], "texture": "#1"},
				"up": {"uv": [2, 2.25, 1.75, 2], "texture": "#1"},
				"down": {"uv": [2.25, 1.75, 2, 2], "texture": "#1"}
			}
		},
		{
			"from": [8.4, 0.7, 4.1],
			"to": [9.05, 1.45, 4.75],
			"faces": {
				"north": {"uv": [3.5, 3.5, 3.75, 3.75], "texture": "#1"},
				"east": {"uv": [0, 3.75, 0.25, 4], "texture": "#1"},
				"south": {"uv": [3.75, 0, 4, 0.25], "texture": "#1"},
				"west": {"uv": [0.25, 3.75, 0.5, 4], "texture": "#1"},
				"up": {"uv": [4, 0.5, 3.75, 0.25], "texture": "#1"},
				"down": {"uv": [0.75, 3.75, 0.5, 4], "texture": "#1"}
			}
		},
		{
			"from": [8.5, 0.9, 4.4],
			"to": [8.75, 1.65, 4.65],
			"faces": {
				"north": {"uv": [6.25, 3.75, 6.5, 4], "texture": "#1"},
				"east": {"uv": [4, 6.25, 4.25, 6.5], "texture": "#1"},
				"south": {"uv": [6.25, 4, 6.5, 4.25], "texture": "#1"},
				"west": {"uv": [4.25, 6.25, 4.5, 6.5], "texture": "#1"},
				"up": {"uv": [6.5, 4.5, 6.25, 4.25], "texture": "#1"},
				"down": {"uv": [4.75, 6.25, 4.5, 6.5], "texture": "#1"}
			}
		},
		{
			"from": [8, 0.9, 4.4],
			"to": [8.25, 1.65, 4.65],
			"faces": {
				"north": {"uv": [7.25, 2.25, 7.5, 2.5], "texture": "#1"},
				"east": {"uv": [2.5, 7.25, 2.75, 7.5], "texture": "#1"},
				"south": {"uv": [7.25, 2.5, 7.5, 2.75], "texture": "#1"},
				"west": {"uv": [2.75, 7.25, 3, 7.5], "texture": "#1"},
				"up": {"uv": [7.5, 3, 7.25, 2.75], "texture": "#1"},
				"down": {"uv": [3.25, 7.25, 3, 7.5], "texture": "#1"}
			}
		},
		{
			"from": [8.1, 0.7, 4.2],
			"to": [8.75, 1.45, 4.75],
			"faces": {
				"north": {"uv": [6.25, 1.5, 6.5, 1.75], "texture": "#1"},
				"east": {"uv": [1.75, 6.25, 2, 6.5], "texture": "#1"},
				"south": {"uv": [6.25, 1.75, 6.5, 2], "texture": "#1"},
				"west": {"uv": [2, 6.25, 2.25, 6.5], "texture": "#1"},
				"up": {"uv": [6.5, 2.25, 6.25, 2], "texture": "#1"},
				"down": {"uv": [2.5, 6.25, 2.25, 6.5], "texture": "#1"}
			}
		},
		{
			"from": [7.6, 0.7, 4.2],
			"to": [8.25, 1.45, 4.75],
			"faces": {
				"north": {"uv": [7.25, 0, 7.5, 0.25], "texture": "#1"},
				"east": {"uv": [0.25, 7.25, 0.5, 7.5], "texture": "#1"},
				"south": {"uv": [7.25, 0.25, 7.5, 0.5], "texture": "#1"},
				"west": {"uv": [0.5, 7.25, 0.75, 7.5], "texture": "#1"},
				"up": {"uv": [7.5, 0.75, 7.25, 0.5], "texture": "#1"},
				"down": {"uv": [1, 7.25, 0.75, 7.5], "texture": "#1"}
			}
		},
		{
			"from": [8.4, 0.6, 3.9],
			"to": [9.05, 1.35, 4.55],
			"faces": {
				"north": {"uv": [0.5, 5, 0.75, 5.25], "texture": "#1"},
				"east": {"uv": [5, 0.5, 5.25, 0.75], "texture": "#1"},
				"south": {"uv": [0.75, 5, 1, 5.25], "texture": "#1"},
				"west": {"uv": [5, 0.75, 5.25, 1], "texture": "#1"},
				"up": {"uv": [1.25, 5.25, 1, 5], "texture": "#1"},
				"down": {"uv": [5.25, 1, 5, 1.25], "texture": "#1"}
			}
		},
		{
			"from": [8.2, 0.6, 3.9],
			"to": [8.65, 1.35, 4.55],
			"faces": {
				"north": {"uv": [1.25, 5, 1.5, 5.25], "texture": "#1"},
				"east": {"uv": [5, 1.25, 5.25, 1.5], "texture": "#1"},
				"south": {"uv": [1.5, 5, 1.75, 5.25], "texture": "#1"},
				"west": {"uv": [5, 1.5, 5.25, 1.75], "texture": "#1"},
				"up": {"uv": [2, 5.25, 1.75, 5], "texture": "#1"},
				"down": {"uv": [5.25, 1.75, 5, 2], "texture": "#1"}
			}
		},
		{
			"from": [8.6, 0.8, 3.7],
			"to": [9.05, 1.25, 3.95],
			"faces": {
				"north": {"uv": [7.25, 9, 7.5, 9.25], "texture": "#1"},
				"east": {"uv": [9, 7.25, 9.25, 7.5], "texture": "#1"},
				"south": {"uv": [7.5, 9, 7.75, 9.25], "texture": "#1"},
				"west": {"uv": [9, 7.5, 9.25, 7.75], "texture": "#1"},
				"up": {"uv": [8, 9.25, 7.75, 9], "texture": "#1"},
				"down": {"uv": [9.25, 7.75, 9, 8], "texture": "#1"}
			}
		},
		{
			"from": [8.2, 0.8, 3.7],
			"to": [8.65, 1.15, 3.95],
			"faces": {
				"north": {"uv": [6.5, 9, 6.75, 9.25], "texture": "#1"},
				"east": {"uv": [9, 6.5, 9.25, 6.75], "texture": "#1"},
				"south": {"uv": [6.75, 9, 7, 9.25], "texture": "#1"},
				"west": {"uv": [9, 6.75, 9.25, 7], "texture": "#1"},
				"up": {"uv": [7.25, 9.25, 7, 9], "texture": "#1"},
				"down": {"uv": [9.25, 7, 9, 7.25], "texture": "#1"}
			}
		},
		{
			"from": [9, 0.8, 3.7],
			"to": [9.35, 1.15, 3.95],
			"faces": {
				"north": {"uv": [5.75, 9, 6, 9.25], "texture": "#1"},
				"east": {"uv": [9, 5.75, 9.25, 6], "texture": "#1"},
				"south": {"uv": [6, 9, 6.25, 9.25], "texture": "#1"},
				"west": {"uv": [9, 6, 9.25, 6.25], "texture": "#1"},
				"up": {"uv": [6.5, 9.25, 6.25, 9], "texture": "#1"},
				"down": {"uv": [9.25, 6.25, 9, 6.5], "texture": "#1"}
			}
		},
		{
			"from": [9.1, 0.6, 4.1],
			"to": [9.75, 1.35, 4.65],
			"faces": {
				"north": {"uv": [3.25, 3, 3.5, 3.25], "texture": "#1"},
				"east": {"uv": [3.25, 3.25, 3.5, 3.5], "texture": "#1"},
				"south": {"uv": [0, 3.5, 0.25, 3.75], "texture": "#1"},
				"west": {"uv": [3.5, 0, 3.75, 0.25], "texture": "#1"},
				"up": {"uv": [0.5, 3.75, 0.25, 3.5], "texture": "#1"},
				"down": {"uv": [3.75, 0.25, 3.5, 0.5], "texture": "#1"}
			}
		},
		{
			"from": [8.7, 0.7, 4.3],
			"to": [9.35, 1.45, 4.95],
			"faces": {
				"north": {"uv": [1, 1.5, 1.25, 1.75], "texture": "#1"},
				"east": {"uv": [1.5, 1, 1.75, 1.25], "texture": "#1"},
				"south": {"uv": [1.25, 1.5, 1.5, 1.75], "texture": "#1"},
				"west": {"uv": [1.5, 1.25, 1.75, 1.5], "texture": "#1"},
				"up": {"uv": [1.75, 1.75, 1.5, 1.5], "texture": "#1"},
				"down": {"uv": [0.25, 1.75, 0, 2], "texture": "#1"}
			}
		},
		{
			"from": [7.7, 0.8, 3.7],
			"to": [8.25, 1.05, 3.95],
			"faces": {
				"north": {"uv": [7.25, 9, 7.5, 9.25], "texture": "#1"},
				"east": {"uv": [9, 7.25, 9.25, 7.5], "texture": "#1"},
				"south": {"uv": [7.5, 9, 7.75, 9.25], "texture": "#1"},
				"west": {"uv": [9, 7.5, 9.25, 7.75], "texture": "#1"},
				"up": {"uv": [8, 9.25, 7.75, 9], "texture": "#1"},
				"down": {"uv": [9.25, 7.75, 9, 8], "texture": "#1"}
			}
		}
	],
	"gui_light": "front",
	"display": {
		"thirdperson_righthand": {
			"rotation": [69, 0, 0],
			"translation": [0, 0.25, 8.75],
			"scale": [1.19, 1.19, 1.19]
		},
		"thirdperson_lefthand": {
			"rotation": [71, 0, 0],
			"translation": [0, 0, 7.5]
		},
		"firstperson_righthand": {
			"translation": [0.75, 8.75, 4]
		},
		"firstperson_lefthand": {
			"translation": [10.25, 12.75, 1.5],
			"scale": [1.97, 1.97, 1.97]
		},
		"ground": {
			"translation": [0, 13, 4.5],
			"scale": [1.7, 1.7, 1.7]
		},
		"gui": {
			"rotation": [5, 0, 0],
			"translation": [-2.25, 20.5, 0],
			"scale": [3.5, 3.5, 3.5]
		},
		"head": {
			"translation": [-1.25, 35.25, 12.75],
			"scale": [4, 4, 4]
		},
		"fixed": {
			"rotation": [-90, 0, 0],
			"translation": [-1.25, 11.75, -31.5],
			"scale": [4, 4, 4]
		}
	},
	"groups": [
		0,
		1,
		2,
		3,
		4,
		5,
		6,
		7,
		8,
		9,
		10,
		11,
		12,
		{
			"name": "group",
			"origin": [0, 0, 0],
			"color": 0,
			"children": [
				13,
				14,
				15,
				16,
				17,
				18,
				19,
				20,
				21,
				22,
				23,
				24,
				25,
				26,
				27,
				28,
				29,
				30,
				31,
				32,
				33,
				34,
				35,
				36,
				37,
				38,
				39,
				40,
				41,
				42,
				43,
				44,
				45,
				46,
				47,
				48,
				49,
				50,
				51,
				52,
				53,
				54,
				55,
				56,
				57,
				58,
				59,
				60,
				61,
				62,
				63,
				64,
				65,
				66,
				67,
				68,
				69,
				70,
				71,
				72,
				73,
				74,
				75,
				76,
				77,
				78,
				79,
				80,
				81,
				82,
				83,
				84,
				85,
				86,
				87,
				88,
				89,
				90,
				91,
				92,
				93,
				94,
				95,
				96,
				97,
				98,
				99,
				100,
				101,
				102,
				103,
				104,
				105,
				106
			]
		}
	]
}