{"credit":"Made with Blockbench","textures":{"0":"politmine/item/brewery/gold_rum/etiketkapiratskiyrum","1":"politmine/item/brewery/gold_rum/zhidkostpiratskiyrum","2":"politmine/item/brewery/gold_rum/steklopiratskiyrum","3":"politmine/item/brewery/gold_rum/krishkapiratskiyrum","particle":"politmine/item/brewery/gold_rum/etiketkapiratskiyrum"},"elements":[{"from":[7.65,16.2,7.25],"to":[8.35,16.6,7.35],"rotation":{"angle":0,"axis":"y","origin":[8,0,8]},"faces":{"north":{"uv":[5,5,5.1875,5.09375],"texture":"#2"},"east":{"uv":[7.25,1.5,7.28125,1.59375],"texture":"#2"},"south":{"uv":[5.25,0,5.4375,0.09375],"texture":"#2"},"west":{"uv":[1.75,7.25,1.78125,7.34375],"texture":"#2"},"up":{"uv":[6.4375,5.28125,6.25,5.25],"texture":"#2"},"down":{"uv":[5.6875,6.25,5.5,6.28125],"texture":"#2"}}},{"from":[8.65,16.2,7.65],"to":[8.75,16.6,8.35],"rotation":{"angle":0,"axis":"y","origin":[8,0,8]},"faces":{"north":{"uv":[7.25,1.75,7.28125,1.84375],"texture":"#2"},"east":{"uv":[5.25,0.25,5.4375,0.34375],"texture":"#2"},"south":{"uv":[2,7.25,2.03125,7.34375],"texture":"#2"},"west":{"uv":[5.25,0.5,5.4375,0.59375],"texture":"#2"},"up":{"uv":[6.28125,5.6875,6.25,5.5],"texture":"#2"},"down":{"uv":[5.78125,6.25,5.75,6.4375],"texture":"#2"}}},{"from":[8.5,16.2,7.5],"to":[8.6,16.6,7.65],"rotation":{"angle":0,"axis":"y","origin":[8,0,8]},"faces":{"north":{"uv":[7.25,2.5,7.28125,2.59375],"texture":"#2"},"east":{"uv":[2.75,7.25,2.78125,7.34375],"texture":"#2"},"south":{"uv":[7.25,2.75,7.28125,2.84375],"texture":"#2"},"west":{"uv":[3,7.25,3.03125,7.34375],"texture":"#2"},"up":{"uv":[7.78125,6.78125,7.75,6.75],"texture":"#2"},"down":{"uv":[7.03125,7.75,7,7.78125],"texture":"#2"}}},{"from":[8.35,16.2,8.5],"to":[8.5,16.6,8.6],"rotation":{"angle":0,"axis":"y","origin":[8,0,8]},"faces":{"north":{"uv":[7.25,3,7.28125,3.09375],"texture":"#2"},"east":{"uv":[3.25,7.25,3.28125,7.34375],"texture":"#2"},"south":{"uv":[7.25,3.25,7.28125,3.34375],"texture":"#2"},"west":{"uv":[3.5,7.25,3.53125,7.34375],"texture":"#2"},"up":{"uv":[7.78125,7.03125,7.75,7],"texture":"#2"},"down":{"uv":[7.28125,7.75,7.25,7.78125],"texture":"#2"}}},{"from":[8.5,16.2,7.65],"to":[8.65,16.6,7.75],"rotation":{"angle":0,"axis":"y","origin":[8,0,8]},"faces":{"north":{"uv":[7.25,2,7.28125,2.09375],"texture":"#2"},"east":{"uv":[2.25,7.25,2.28125,7.34375],"texture":"#2"},"south":{"uv":[7.25,2.25,7.28125,2.34375],"texture":"#2"},"west":{"uv":[2.5,7.25,2.53125,7.34375],"texture":"#2"},"up":{"uv":[7.78125,6.53125,7.75,6.5],"texture":"#2"},"down":{"uv":[6.78125,7.75,6.75,7.78125],"texture":"#2"}}},{"from":[7.4,16.2,8.35],"to":[7.5,16.6,8.5],"rotation":{"angle":0,"axis":"y","origin":[8,0,8]},"faces":{"north":{"uv":[7.25,3.5,7.28125,3.59375],"texture":"#2"},"east":{"uv":[3.75,7.25,3.78125,7.34375],"texture":"#2"},"south":{"uv":[7.25,3.75,7.28125,3.84375],"texture":"#2"},"west":{"uv":[4,7.25,4.03125,7.34375],"texture":"#2"},"up":{"uv":[7.78125,7.28125,7.75,7.25],"texture":"#2"},"down":{"uv":[7.53125,7.75,7.5,7.78125],"texture":"#2"}}},{"from":[7.5,16.2,7.4],"to":[7.65,16.6,7.5],"rotation":{"angle":0,"axis":"y","origin":[8,0,8]},"faces":{"north":{"uv":[7.25,4,7.28125,4.09375],"texture":"#2"},"east":{"uv":[4.25,7.25,4.28125,7.34375],"texture":"#2"},"south":{"uv":[7.25,4.25,7.28125,4.34375],"texture":"#2"},"west":{"uv":[4.5,7.25,4.53125,7.34375],"texture":"#2"},"up":{"uv":[7.78125,7.53125,7.75,7.5],"texture":"#2"},"down":{"uv":[7.78125,7.75,7.75,7.78125],"texture":"#2"}}},{"from":[8.5,16.2,8.25],"to":[8.65,16.6,8.35],"rotation":{"angle":0,"axis":"y","origin":[8,0,8]},"faces":{"north":{"uv":[7.25,4.5,7.28125,4.59375],"texture":"#2"},"east":{"uv":[4.75,7.25,4.78125,7.34375],"texture":"#2"},"south":{"uv":[7.25,4.75,7.28125,4.84375],"texture":"#2"},"west":{"uv":[5,7.25,5.03125,7.34375],"texture":"#2"},"up":{"uv":[0.03125,8.03125,0,8],"texture":"#2"},"down":{"uv":[8.03125,0,8,0.03125],"texture":"#2"}}},{"from":[7.65,16.2,7.35],"to":[7.75,16.6,7.5],"rotation":{"angle":0,"axis":"y","origin":[8,0,8]},"faces":{"north":{"uv":[7.25,5,7.28125,5.09375],"texture":"#2"},"east":{"uv":[5.25,7.25,5.28125,7.34375],"texture":"#2"},"south":{"uv":[7.25,5.25,7.28125,5.34375],"texture":"#2"},"west":{"uv":[5.5,7.25,5.53125,7.34375],"texture":"#2"},"up":{"uv":[0.28125,8.03125,0.25,8],"texture":"#2"},"down":{"uv":[8.03125,0.25,8,0.28125],"texture":"#2"}}},{"from":[8.25,16.2,7.35],"to":[8.35,16.6,7.5],"rotation":{"angle":0,"axis":"y","origin":[8,0,8]},"faces":{"north":{"uv":[7.25,5.5,7.28125,5.59375],"texture":"#2"},"east":{"uv":[5.75,7.25,5.78125,7.34375],"texture":"#2"},"south":{"uv":[7.25,5.75,7.28125,5.84375],"texture":"#2"},"west":{"uv":[6,7.25,6.03125,7.34375],"texture":"#2"},"up":{"uv":[0.53125,8.03125,0.5,8],"texture":"#2"},"down":{"uv":[8.03125,0.5,8,0.53125],"texture":"#2"}}},{"from":[8.35,16.2,7.4],"to":[8.5,16.6,7.5],"rotation":{"angle":0,"axis":"y","origin":[8,0,8]},"faces":{"north":{"uv":[7.25,6,7.28125,6.09375],"texture":"#2"},"east":{"uv":[6.25,7.25,6.28125,7.34375],"texture":"#2"},"south":{"uv":[7.25,6.25,7.28125,6.34375],"texture":"#2"},"west":{"uv":[6.5,7.25,6.53125,7.34375],"texture":"#2"},"up":{"uv":[0.78125,8.03125,0.75,8],"texture":"#2"},"down":{"uv":[8.03125,0.75,8,0.78125],"texture":"#2"}}},{"from":[7.4,16.2,7.5],"to":[7.5,16.6,7.65],"rotation":{"angle":0,"axis":"y","origin":[8,0,8]},"faces":{"north":{"uv":[7.25,6.5,7.28125,6.59375],"texture":"#2"},"east":{"uv":[6.75,7.25,6.78125,7.34375],"texture":"#2"},"south":{"uv":[7.25,6.75,7.28125,6.84375],"texture":"#2"},"west":{"uv":[7,7.25,7.03125,7.34375],"texture":"#2"},"up":{"uv":[1.03125,8.03125,1,8],"texture":"#2"},"down":{"uv":[8.03125,1,8,1.03125],"texture":"#2"}}},{"from":[7.5,16.2,8.5],"to":[7.65,16.6,8.6],"rotation":{"angle":0,"axis":"y","origin":[8,0,8]},"faces":{"north":{"uv":[7.25,7,7.28125,7.09375],"texture":"#2"},"east":{"uv":[7.25,7.25,7.28125,7.34375],"texture":"#2"},"south":{"uv":[0,7.5,0.03125,7.59375],"texture":"#2"},"west":{"uv":[7.5,0,7.53125,0.09375],"texture":"#2"},"up":{"uv":[1.28125,8.03125,1.25,8],"texture":"#2"},"down":{"uv":[8.03125,1.25,8,1.28125],"texture":"#2"}}},{"from":[8.5,16.2,8.35],"to":[8.6,16.6,8.5],"rotation":{"angle":0,"axis":"y","origin":[8,0,8]},"faces":{"north":{"uv":[0.25,7.5,0.28125,7.59375],"texture":"#2"},"east":{"uv":[7.5,0.25,7.53125,0.34375],"texture":"#2"},"south":{"uv":[0.5,7.5,0.53125,7.59375],"texture":"#2"},"west":{"uv":[7.5,0.5,7.53125,0.59375],"texture":"#2"},"up":{"uv":[1.53125,8.03125,1.5,8],"texture":"#2"},"down":{"uv":[8.03125,1.5,8,1.53125],"texture":"#2"}}},{"from":[7.35,16.2,7.65],"to":[7.5,16.6,7.75],"rotation":{"angle":0,"axis":"y","origin":[8,0,8]},"faces":{"north":{"uv":[0.75,7.5,0.78125,7.59375],"texture":"#2"},"east":{"uv":[7.5,0.75,7.53125,0.84375],"texture":"#2"},"south":{"uv":[1,7.5,1.03125,7.59375],"texture":"#2"},"west":{"uv":[7.5,1,7.53125,1.09375],"texture":"#2"},"up":{"uv":[1.78125,8.03125,1.75,8],"texture":"#2"},"down":{"uv":[8.03125,1.75,8,1.78125],"texture":"#2"}}},{"from":[7.35,16.2,8.25],"to":[7.5,16.6,8.35],"rotation":{"angle":0,"axis":"y","origin":[8,0,8]},"faces":{"north":{"uv":[1.25,7.5,1.28125,7.59375],"texture":"#2"},"east":{"uv":[7.5,1.25,7.53125,1.34375],"texture":"#2"},"south":{"uv":[1.5,7.5,1.53125,7.59375],"texture":"#2"},"west":{"uv":[7.5,1.5,7.53125,1.59375],"texture":"#2"},"up":{"uv":[2.03125,8.03125,2,8],"texture":"#2"},"down":{"uv":[8.03125,2,8,2.03125],"texture":"#2"}}},{"from":[8.25,16.2,8.5],"to":[8.35,16.6,8.65],"rotation":{"angle":0,"axis":"y","origin":[8,0,8]},"faces":{"north":{"uv":[1.75,7.5,1.78125,7.59375],"texture":"#2"},"east":{"uv":[7.5,1.75,7.53125,1.84375],"texture":"#2"},"south":{"uv":[2,7.5,2.03125,7.59375],"texture":"#2"},"west":{"uv":[7.5,2,7.53125,2.09375],"texture":"#2"},"up":{"uv":[2.28125,8.03125,2.25,8],"texture":"#2"},"down":{"uv":[8.03125,2.25,8,2.28125],"texture":"#2"}}},{"from":[7.65,16.2,8.5],"to":[7.75,16.6,8.65],"rotation":{"angle":0,"axis":"y","origin":[8,0,8]},"faces":{"north":{"uv":[2.25,7.5,2.28125,7.59375],"texture":"#2"},"east":{"uv":[7.5,2.25,7.53125,2.34375],"texture":"#2"},"south":{"uv":[2.5,7.5,2.53125,7.59375],"texture":"#2"},"west":{"uv":[7.5,2.5,7.53125,2.59375],"texture":"#2"},"up":{"uv":[2.53125,8.03125,2.5,8],"texture":"#2"},"down":{"uv":[8.03125,2.5,8,2.53125],"texture":"#2"}}},{"from":[7.65,16.2,8.65],"to":[8.35,16.6,8.75],"rotation":{"angle":0,"axis":"y","origin":[8,0,8]},"faces":{"north":{"uv":[5.25,0.75,5.4375,0.84375],"texture":"#2"},"east":{"uv":[2.75,7.5,2.78125,7.59375],"texture":"#2"},"south":{"uv":[5.25,1,5.4375,1.09375],"texture":"#2"},"west":{"uv":[7.5,2.75,7.53125,2.84375],"texture":"#2"},"up":{"uv":[6.1875,6.28125,6,6.25],"texture":"#2"},"down":{"uv":[6.4375,6.25,6.25,6.28125],"texture":"#2"}}},{"from":[7.25,16.2,7.65],"to":[7.35,16.6,8.35],"rotation":{"angle":0,"axis":"y","origin":[8,0,8]},"faces":{"north":{"uv":[3,7.5,3.03125,7.59375],"texture":"#2"},"east":{"uv":[5.25,1.25,5.4375,1.34375],"texture":"#2"},"south":{"uv":[7.5,3,7.53125,3.09375],"texture":"#2"},"west":{"uv":[5.25,1.5,5.4375,1.59375],"texture":"#2"},"up":{"uv":[0.03125,6.6875,0,6.5],"texture":"#2"},"down":{"uv":[0.28125,6.5,0.25,6.6875],"texture":"#2"}}},{"from":[7.75,14.2,7.35],"to":[8.25,16.7,7.5],"rotation":{"angle":0,"axis":"y","origin":[8,0,8]},"faces":{"north":{"uv":[3,0.25,3.125,0.875],"texture":"#2"},"east":{"uv":[4,4.5,4.03125,5.125],"texture":"#2"},"south":{"uv":[0.75,3,0.875,3.625],"texture":"#2"},"west":{"uv":[1.25,4.75,1.28125,5.375],"texture":"#2"},"up":{"uv":[6.375,6.53125,6.25,6.5],"texture":"#2"},"down":{"uv":[6.625,6.25,6.5,6.28125],"texture":"#2"}}},{"from":[7.75,14.2,8.5],"to":[8.25,16.7,8.65],"rotation":{"angle":0,"axis":"y","origin":[8,0,8]},"faces":{"north":{"uv":[1,3,1.125,3.625],"texture":"#2"},"east":{"uv":[4.5,4.75,4.53125,5.375],"texture":"#2"},"south":{"uv":[3,1,3.125,1.625],"texture":"#2"},"west":{"uv":[4.75,4.75,4.78125,5.375],"texture":"#2"},"up":{"uv":[6.625,6.53125,6.5,6.5],"texture":"#2"},"down":{"uv":[0.125,6.75,0,6.78125],"texture":"#2"}}},{"from":[8.25,14.2,8.25],"to":[8.5,16.7,8.5],"rotation":{"angle":0,"axis":"y","origin":[8,0,8]},"faces":{"north":{"uv":[1.5,3.75,1.5625,4.375],"texture":"#2"},"east":{"uv":[1.75,3.75,1.8125,4.375],"texture":"#2"},"south":{"uv":[3.5,3.75,3.5625,4.375],"texture":"#2"},"west":{"uv":[3.75,3.75,3.8125,4.375],"texture":"#2"},"up":{"uv":[6.8125,0.0625,6.75,0],"texture":"#2"},"down":{"uv":[0.3125,6.75,0.25,6.8125],"texture":"#2"}}},{"from":[8.25,14.2,7.5],"to":[8.5,16.7,7.75],"rotation":{"angle":0,"axis":"y","origin":[8,0,8]},"faces":{"north":{"uv":[0.75,4,0.8125,4.625],"texture":"#2"},"east":{"uv":[1,4,1.0625,4.625],"texture":"#2"},"south":{"uv":[1.25,4,1.3125,4.625],"texture":"#2"},"west":{"uv":[2,4,2.0625,4.625],"texture":"#2"},"up":{"uv":[6.8125,0.3125,6.75,0.25],"texture":"#2"},"down":{"uv":[0.5625,6.75,0.5,6.8125],"texture":"#2"}}},{"from":[7.5,14.2,7.5],"to":[7.75,16.7,7.75],"rotation":{"angle":0,"axis":"y","origin":[8,0,8]},"faces":{"north":{"uv":[2.25,4,2.3125,4.625],"texture":"#2"},"east":{"uv":[2.5,4,2.5625,4.625],"texture":"#2"},"south":{"uv":[2.75,4,2.8125,4.625],"texture":"#2"},"west":{"uv":[4,3.75,4.0625,4.375],"texture":"#2"},"up":{"uv":[6.8125,0.5625,6.75,0.5],"texture":"#2"},"down":{"uv":[0.8125,6.75,0.75,6.8125],"texture":"#2"}}},{"from":[7.5,14.2,8.25],"to":[7.75,16.7,8.5],"rotation":{"angle":0,"axis":"y","origin":[8,0,8]},"faces":{"north":{"uv":[0,4.25,0.0625,4.875],"texture":"#2"},"east":{"uv":[0.25,4.25,0.3125,4.875],"texture":"#2"},"south":{"uv":[0.5,4.25,0.5625,4.875],"texture":"#2"},"west":{"uv":[3.25,4.25,3.3125,4.875],"texture":"#2"},"up":{"uv":[6.8125,0.8125,6.75,0.75],"texture":"#2"},"down":{"uv":[1.0625,6.75,1,6.8125],"texture":"#2"}}},{"from":[7.35,14.2,7.75],"to":[7.5,16.7,8.25],"rotation":{"angle":0,"axis":"y","origin":[8,0,8]},"faces":{"north":{"uv":[0,5,0.03125,5.625],"texture":"#2"},"east":{"uv":[1.25,3,1.375,3.625],"texture":"#2"},"south":{"uv":[0.25,5,0.28125,5.625],"texture":"#2"},"west":{"uv":[1.5,3,1.625,3.625],"texture":"#2"},"up":{"uv":[6.78125,1.125,6.75,1],"texture":"#2"},"down":{"uv":[1.28125,6.75,1.25,6.875],"texture":"#2"}}},{"from":[8.5,14.2,7.75],"to":[8.65,16.7,8.25],"rotation":{"angle":0,"axis":"y","origin":[8,0,8]},"faces":{"north":{"uv":[0.5,5,0.53125,5.625],"texture":"#2"},"east":{"uv":[1.75,3,1.875,3.625],"texture":"#2"},"south":{"uv":[0.75,5,0.78125,5.625],"texture":"#2"},"west":{"uv":[3,1.75,3.125,2.375],"texture":"#2"},"up":{"uv":[6.78125,1.375,6.75,1.25],"texture":"#2"},"down":{"uv":[1.53125,6.75,1.5,6.875],"texture":"#2"}}},{"from":[7.55,14.05,7.35],"to":[8.45,14.2,7.4],"rotation":{"angle":0,"axis":"y","origin":[8,0,8]},"faces":{"north":{"uv":[3,6.25,3.21875,6.28125],"texture":"#2"},"east":{"uv":[2.75,8,2.78125,8.03125],"texture":"#2"},"south":{"uv":[3.25,6.25,3.46875,6.28125],"texture":"#2"},"west":{"uv":[8,2.75,8.03125,2.78125],"texture":"#2"},"up":{"uv":[6.46875,3.28125,6.25,3.25],"texture":"#2"},"down":{"uv":[3.71875,6.25,3.5,6.28125],"texture":"#2"}}},{"from":[7.55,14.05,8.6],"to":[8.45,14.2,8.65],"rotation":{"angle":0,"axis":"y","origin":[8,0,8]},"faces":{"north":{"uv":[6.25,3.5,6.46875,3.53125],"texture":"#2"},"east":{"uv":[3,8,3.03125,8.03125],"texture":"#2"},"south":{"uv":[3.75,6.25,3.96875,6.28125],"texture":"#2"},"west":{"uv":[8,3,8.03125,3.03125],"texture":"#2"},"up":{"uv":[6.46875,4.03125,6.25,4],"texture":"#2"},"down":{"uv":[4.46875,6.25,4.25,6.28125],"texture":"#2"}}},{"from":[7.55,14.05,8.65],"to":[8.45,14.1,8.7],"rotation":{"angle":0,"axis":"y","origin":[8,0,8]},"faces":{"north":{"uv":[6.25,3.5,6.46875,3.53125],"texture":"#2"},"east":{"uv":[3,8,3.03125,8.03125],"texture":"#2"},"south":{"uv":[3.75,6.25,3.96875,6.28125],"texture":"#2"},"west":{"uv":[8,3,8.03125,3.03125],"texture":"#2"},"up":{"uv":[6.46875,4.03125,6.25,4],"texture":"#2"},"down":{"uv":[4.46875,6.25,4.25,6.28125],"texture":"#2"}}},{"from":[8.65,14.05,7.55],"to":[8.7,14.1,8.45],"rotation":{"angle":0,"axis":"y","origin":[8,0,8]},"faces":{"north":{"uv":[3,8,3.03125,8.03125],"texture":"#2"},"east":{"uv":[3.75,6.25,3.96875,6.28125],"texture":"#2"},"south":{"uv":[8,3,8.03125,3.03125],"texture":"#2"},"west":{"uv":[6.25,3.5,6.46875,3.53125],"texture":"#2"},"up":{"uv":[6.46875,4.03125,6.25,4],"rotation":270,"texture":"#2"},"down":{"uv":[4.46875,6.25,4.25,6.28125],"rotation":90,"texture":"#2"}}},{"from":[7.55,14.05,7.3],"to":[8.45,14.1,7.35],"rotation":{"angle":0,"axis":"y","origin":[8,0,8]},"faces":{"north":{"uv":[3.75,6.25,3.96875,6.28125],"texture":"#2"},"east":{"uv":[8,3,8.03125,3.03125],"texture":"#2"},"south":{"uv":[6.25,3.5,6.46875,3.53125],"texture":"#2"},"west":{"uv":[3,8,3.03125,8.03125],"texture":"#2"},"up":{"uv":[6.46875,4.03125,6.25,4],"rotation":180,"texture":"#2"},"down":{"uv":[4.46875,6.25,4.25,6.28125],"rotation":180,"texture":"#2"}}},{"from":[7.3,14.05,7.55],"to":[7.35,14.1,8.45],"rotation":{"angle":0,"axis":"y","origin":[8,0,8]},"faces":{"north":{"uv":[8,3,8.03125,3.03125],"texture":"#2"},"east":{"uv":[6.25,3.5,6.46875,3.53125],"texture":"#2"},"south":{"uv":[3,8,3.03125,8.03125],"texture":"#2"},"west":{"uv":[3.75,6.25,3.96875,6.28125],"texture":"#2"},"up":{"uv":[6.46875,4.03125,6.25,4],"rotation":90,"texture":"#2"},"down":{"uv":[4.46875,6.25,4.25,6.28125],"rotation":270,"texture":"#2"}}},{"from":[7.4,14.05,7.4],"to":[7.75,14.2,7.75],"rotation":{"angle":0,"axis":"y","origin":[8,0,8]},"faces":{"north":{"uv":[3.25,7.5,3.34375,7.53125],"texture":"#2"},"east":{"uv":[7.5,3.25,7.59375,3.28125],"texture":"#2"},"south":{"uv":[3.5,7.5,3.59375,7.53125],"texture":"#2"},"west":{"uv":[7.5,3.5,7.59375,3.53125],"texture":"#2"},"up":{"uv":[4.34375,6.09375,4.25,6],"texture":"#2"},"down":{"uv":[4.59375,6,4.5,6.09375],"texture":"#2"}}},{"from":[7.4,14.05,8.25],"to":[7.75,14.2,8.6],"rotation":{"angle":0,"axis":"y","origin":[8,0,8]},"faces":{"north":{"uv":[3.75,7.5,3.84375,7.53125],"texture":"#2"},"east":{"uv":[7.5,3.75,7.59375,3.78125],"texture":"#2"},"south":{"uv":[4,7.5,4.09375,7.53125],"texture":"#2"},"west":{"uv":[7.5,4,7.59375,4.03125],"texture":"#2"},"up":{"uv":[6.09375,4.59375,6,4.5],"texture":"#2"},"down":{"uv":[4.84375,6,4.75,6.09375],"texture":"#2"}}},{"from":[8.25,14.05,8.25],"to":[8.6,14.2,8.6],"rotation":{"angle":0,"axis":"y","origin":[8,0,8]},"faces":{"north":{"uv":[4.25,7.5,4.34375,7.53125],"texture":"#2"},"east":{"uv":[7.5,4.25,7.59375,4.28125],"texture":"#2"},"south":{"uv":[4.5,7.5,4.59375,7.53125],"texture":"#2"},"west":{"uv":[7.5,4.5,7.59375,4.53125],"texture":"#2"},"up":{"uv":[6.09375,4.84375,6,4.75],"texture":"#2"},"down":{"uv":[5.09375,6,5,6.09375],"texture":"#2"}}},{"from":[8.25,14.05,7.4],"to":[8.6,14.2,7.75],"rotation":{"angle":0,"axis":"y","origin":[8,0,8]},"faces":{"north":{"uv":[4.75,7.5,4.84375,7.53125],"texture":"#2"},"east":{"uv":[7.5,4.75,7.59375,4.78125],"texture":"#2"},"south":{"uv":[5,7.5,5.09375,7.53125],"texture":"#2"},"west":{"uv":[7.5,5,7.59375,5.03125],"texture":"#2"},"up":{"uv":[6.09375,5.09375,6,5],"texture":"#2"},"down":{"uv":[6.09375,5.25,6,5.34375],"texture":"#2"}}},{"from":[7.35,14.05,7.55],"to":[7.4,14.2,8.45],"rotation":{"angle":0,"axis":"y","origin":[8,0,8]},"faces":{"north":{"uv":[3.25,8,3.28125,8.03125],"texture":"#2"},"east":{"uv":[6.25,4.25,6.46875,4.28125],"texture":"#2"},"south":{"uv":[8,3.25,8.03125,3.28125],"texture":"#2"},"west":{"uv":[4.5,6.25,4.71875,6.28125],"texture":"#2"},"up":{"uv":[6.28125,4.71875,6.25,4.5],"texture":"#2"},"down":{"uv":[4.78125,6.25,4.75,6.46875],"texture":"#2"}}},{"from":[8.6,14.05,7.55],"to":[8.65,14.2,8.45],"rotation":{"angle":0,"axis":"y","origin":[8,0,8]},"faces":{"north":{"uv":[3.5,8,3.53125,8.03125],"texture":"#2"},"east":{"uv":[6.25,4.75,6.46875,4.78125],"texture":"#2"},"south":{"uv":[8,3.5,8.03125,3.53125],"texture":"#2"},"west":{"uv":[5,6.25,5.21875,6.28125],"texture":"#2"},"up":{"uv":[6.28125,5.21875,6.25,5],"texture":"#2"},"down":{"uv":[5.28125,6.25,5.25,6.46875],"texture":"#2"}}},{"from":[7.45,14,7.25],"to":[8.55,14.05,7.3],"rotation":{"angle":0,"axis":"y","origin":[8,0,8]},"faces":{"north":{"uv":[5.5,6,5.78125,6.03125],"texture":"#2"},"east":{"uv":[3.75,8,3.78125,8.03125],"texture":"#2"},"south":{"uv":[6,5.75,6.28125,5.78125],"texture":"#2"},"west":{"uv":[8,3.75,8.03125,3.78125],"texture":"#2"},"up":{"uv":[6.28125,6.03125,6,6],"texture":"#2"},"down":{"uv":[0.28125,6.25,0,6.28125],"texture":"#2"}}},{"from":[7.45,14,8.7],"to":[8.55,14.05,8.75],"rotation":{"angle":0,"axis":"y","origin":[8,0,8]},"faces":{"north":{"uv":[6.25,0,6.53125,0.03125],"texture":"#2"},"east":{"uv":[4,8,4.03125,8.03125],"texture":"#2"},"south":{"uv":[6.25,0.25,6.53125,0.28125],"texture":"#2"},"west":{"uv":[8,4,8.03125,4.03125],"texture":"#2"},"up":{"uv":[0.78125,6.28125,0.5,6.25],"texture":"#2"},"down":{"uv":[6.53125,0.5,6.25,0.53125],"texture":"#2"}}},{"from":[7.45,14,8.75],"to":[8.55,14.05,8.8],"rotation":{"angle":0,"axis":"y","origin":[8,0,8]},"faces":{"north":{"uv":[6.25,0,6.53125,0.03125],"texture":"#2"},"east":{"uv":[4,8,4.03125,8.03125],"texture":"#2"},"south":{"uv":[6.25,0.25,6.53125,0.28125],"texture":"#2"},"west":{"uv":[8,4,8.03125,4.03125],"texture":"#2"},"up":{"uv":[0.78125,6.28125,0.5,6.25],"texture":"#2"},"down":{"uv":[6.53125,0.5,6.25,0.53125],"texture":"#2"}}},{"from":[8.75,14,7.45],"to":[8.8,14.05,8.55],"rotation":{"angle":0,"axis":"y","origin":[8,0,8]},"faces":{"north":{"uv":[4,8,4.03125,8.03125],"texture":"#2"},"east":{"uv":[6.25,0.25,6.53125,0.28125],"texture":"#2"},"south":{"uv":[8,4,8.03125,4.03125],"texture":"#2"},"west":{"uv":[6.25,0,6.53125,0.03125],"texture":"#2"},"up":{"uv":[0.78125,6.28125,0.5,6.25],"rotation":270,"texture":"#2"},"down":{"uv":[6.53125,0.5,6.25,0.53125],"rotation":90,"texture":"#2"}}},{"from":[7.45,14,7.2],"to":[8.55,14.05,7.25],"rotation":{"angle":0,"axis":"y","origin":[8,0,8]},"faces":{"north":{"uv":[6.25,0.25,6.53125,0.28125],"texture":"#2"},"east":{"uv":[8,4,8.03125,4.03125],"texture":"#2"},"south":{"uv":[6.25,0,6.53125,0.03125],"texture":"#2"},"west":{"uv":[4,8,4.03125,8.03125],"texture":"#2"},"up":{"uv":[0.78125,6.28125,0.5,6.25],"rotation":180,"texture":"#2"},"down":{"uv":[6.53125,0.5,6.25,0.53125],"rotation":180,"texture":"#2"}}},{"from":[7.2,14,7.45],"to":[7.25,14.05,8.55],"rotation":{"angle":0,"axis":"y","origin":[8,0,8]},"faces":{"north":{"uv":[8,4,8.03125,4.03125],"texture":"#2"},"east":{"uv":[6.25,0,6.53125,0.03125],"texture":"#2"},"south":{"uv":[4,8,4.03125,8.03125],"texture":"#2"},"west":{"uv":[6.25,0.25,6.53125,0.28125],"texture":"#2"},"up":{"uv":[0.78125,6.28125,0.5,6.25],"rotation":90,"texture":"#2"},"down":{"uv":[6.53125,0.5,6.25,0.53125],"rotation":270,"texture":"#2"}}},{"from":[7.3,14,7.3],"to":[7.55,14.05,7.55],"rotation":{"angle":0,"axis":"y","origin":[8,0,8]},"faces":{"north":{"uv":[7.25,7.5,7.3125,7.53125],"texture":"#2"},"east":{"uv":[7.5,7.25,7.5625,7.28125],"texture":"#2"},"south":{"uv":[7.5,7.5,7.5625,7.53125],"texture":"#2"},"west":{"uv":[0,7.75,0.0625,7.78125],"texture":"#2"},"up":{"uv":[6.8125,1.5625,6.75,1.5],"texture":"#2"},"down":{"uv":[1.8125,6.75,1.75,6.8125],"texture":"#2"}}},{"from":[7.3,14,8.45],"to":[7.55,14.05,8.7],"rotation":{"angle":0,"axis":"y","origin":[8,0,8]},"faces":{"north":{"uv":[7.75,0,7.8125,0.03125],"texture":"#2"},"east":{"uv":[0.25,7.75,0.3125,7.78125],"texture":"#2"},"south":{"uv":[7.75,0.25,7.8125,0.28125],"texture":"#2"},"west":{"uv":[0.5,7.75,0.5625,7.78125],"texture":"#2"},"up":{"uv":[6.8125,1.8125,6.75,1.75],"texture":"#2"},"down":{"uv":[2.0625,6.75,2,6.8125],"texture":"#2"}}},{"from":[8.45,14,8.45],"to":[8.7,14.05,8.7],"rotation":{"angle":0,"axis":"y","origin":[8,0,8]},"faces":{"north":{"uv":[7.75,0.5,7.8125,0.53125],"texture":"#2"},"east":{"uv":[0.75,7.75,0.8125,7.78125],"texture":"#2"},"south":{"uv":[7.75,0.75,7.8125,0.78125],"texture":"#2"},"west":{"uv":[1,7.75,1.0625,7.78125],"texture":"#2"},"up":{"uv":[6.8125,2.0625,6.75,2],"texture":"#2"},"down":{"uv":[2.3125,6.75,2.25,6.8125],"texture":"#2"}}},{"from":[8.45,14,7.3],"to":[8.7,14.05,7.55],"rotation":{"angle":0,"axis":"y","origin":[8,0,8]},"faces":{"north":{"uv":[7.75,1,7.8125,1.03125],"texture":"#2"},"east":{"uv":[1.25,7.75,1.3125,7.78125],"texture":"#2"},"south":{"uv":[7.75,1.25,7.8125,1.28125],"texture":"#2"},"west":{"uv":[1.5,7.75,1.5625,7.78125],"texture":"#2"},"up":{"uv":[6.8125,2.3125,6.75,2.25],"texture":"#2"},"down":{"uv":[2.5625,6.75,2.5,6.8125],"texture":"#2"}}},{"from":[7.25,14,7.45],"to":[7.3,14.05,8.55],"rotation":{"angle":0,"axis":"y","origin":[8,0,8]},"faces":{"north":{"uv":[4.25,8,4.28125,8.03125],"texture":"#2"},"east":{"uv":[6.25,0.75,6.53125,0.78125],"texture":"#2"},"south":{"uv":[8,4.25,8.03125,4.28125],"texture":"#2"},"west":{"uv":[1,6.25,1.28125,6.28125],"texture":"#2"},"up":{"uv":[6.28125,1.28125,6.25,1],"texture":"#2"},"down":{"uv":[1.53125,6.25,1.5,6.53125],"texture":"#2"}}},{"from":[8.7,14,7.45],"to":[8.75,14.05,8.55],"rotation":{"angle":0,"axis":"y","origin":[8,0,8]},"faces":{"north":{"uv":[4.5,8,4.53125,8.03125],"texture":"#2"},"east":{"uv":[6.25,1.5,6.53125,1.53125],"texture":"#2"},"south":{"uv":[8,4.5,8.03125,4.53125],"texture":"#2"},"west":{"uv":[1.75,6.25,2.03125,6.28125],"texture":"#2"},"up":{"uv":[2.28125,6.53125,2.25,6.25],"texture":"#2"},"down":{"uv":[2.78125,6.25,2.75,6.53125],"texture":"#2"}}},{"from":[7.35,13.9,7.15],"to":[8.65,14,7.2],"rotation":{"angle":0,"axis":"y","origin":[8,0,8]},"faces":{"north":{"uv":[5.5,5.75,5.8125,5.78125],"texture":"#2"},"east":{"uv":[4.75,8,4.78125,8.03125],"texture":"#2"},"south":{"uv":[5.75,5.5,6.0625,5.53125],"texture":"#2"},"west":{"uv":[8,4.75,8.03125,4.78125],"texture":"#2"},"up":{"uv":[6.3125,1.78125,6,1.75],"texture":"#2"},"down":{"uv":[2.3125,6,2,6.03125],"texture":"#2"}}},{"from":[7.35,13.9,8.8],"to":[8.65,14,8.85],"rotation":{"angle":0,"axis":"y","origin":[8,0,8]},"faces":{"north":{"uv":[6,2,6.3125,2.03125],"texture":"#2"},"east":{"uv":[5,8,5.03125,8.03125],"texture":"#2"},"south":{"uv":[6,2.25,6.3125,2.28125],"texture":"#2"},"west":{"uv":[8,5,8.03125,5.03125],"texture":"#2"},"up":{"uv":[6.3125,2.53125,6,2.5],"texture":"#2"},"down":{"uv":[6.3125,2.75,6,2.78125],"texture":"#2"}}},{"from":[8.85,13.9,7.35],"to":[8.9,13.95,8.65],"rotation":{"angle":0,"axis":"y","origin":[8,0,8]},"faces":{"north":{"uv":[5,8,5.03125,8.03125],"texture":"#2"},"east":{"uv":[6,2.25,6.3125,2.28125],"texture":"#2"},"south":{"uv":[8,5,8.03125,5.03125],"texture":"#2"},"west":{"uv":[6,2,6.3125,2.03125],"texture":"#2"},"up":{"uv":[6.3125,2.53125,6,2.5],"rotation":270,"texture":"#2"},"down":{"uv":[6.3125,2.75,6,2.78125],"rotation":90,"texture":"#2"}}},{"from":[7.35,13.9,8.85],"to":[8.65,13.95,8.9],"rotation":{"angle":0,"axis":"y","origin":[8,0,8]},"faces":{"north":{"uv":[6,2,6.3125,2.03125],"texture":"#2"},"east":{"uv":[5,8,5.03125,8.03125],"texture":"#2"},"south":{"uv":[6,2.25,6.3125,2.28125],"texture":"#2"},"west":{"uv":[8,5,8.03125,5.03125],"texture":"#2"},"up":{"uv":[6.3125,2.53125,6,2.5],"texture":"#2"},"down":{"uv":[6.3125,2.75,6,2.78125],"texture":"#2"}}},{"from":[7.1,13.9,7.35],"to":[7.15,13.95,8.65],"rotation":{"angle":0,"axis":"y","origin":[8,0,8]},"faces":{"north":{"uv":[8,5,8.03125,5.03125],"texture":"#2"},"east":{"uv":[6,2,6.3125,2.03125],"texture":"#2"},"south":{"uv":[5,8,5.03125,8.03125],"texture":"#2"},"west":{"uv":[6,2.25,6.3125,2.28125],"texture":"#2"},"up":{"uv":[6.3125,2.53125,6,2.5],"rotation":90,"texture":"#2"},"down":{"uv":[6.3125,2.75,6,2.78125],"rotation":270,"texture":"#2"}}},{"from":[7.35,13.9,7.1],"to":[8.65,13.95,7.15],"rotation":{"angle":0,"axis":"y","origin":[8,0,8]},"faces":{"north":{"uv":[6,2.25,6.3125,2.28125],"texture":"#2"},"east":{"uv":[8,5,8.03125,5.03125],"texture":"#2"},"south":{"uv":[6,2,6.3125,2.03125],"texture":"#2"},"west":{"uv":[5,8,5.03125,8.03125],"texture":"#2"},"up":{"uv":[6.3125,2.53125,6,2.5],"rotation":180,"texture":"#2"},"down":{"uv":[6.3125,2.75,6,2.78125],"rotation":180,"texture":"#2"}}},{"from":[8.55,13.9,8.55],"to":[8.8,14,8.8],"rotation":{"angle":0,"axis":"y","origin":[8,0,8]},"faces":{"north":{"uv":[7.75,1.5,7.8125,1.53125],"texture":"#2"},"east":{"uv":[1.75,7.75,1.8125,7.78125],"texture":"#2"},"south":{"uv":[7.75,1.75,7.8125,1.78125],"texture":"#2"},"west":{"uv":[2,7.75,2.0625,7.78125],"texture":"#2"},"up":{"uv":[6.8125,2.5625,6.75,2.5],"texture":"#2"},"down":{"uv":[2.8125,6.75,2.75,6.8125],"texture":"#2"}}},{"from":[8.55,13.9,7.2],"to":[8.8,14,7.45],"rotation":{"angle":0,"axis":"y","origin":[8,0,8]},"faces":{"north":{"uv":[7.75,2,7.8125,2.03125],"texture":"#2"},"east":{"uv":[2.25,7.75,2.3125,7.78125],"texture":"#2"},"south":{"uv":[7.75,2.25,7.8125,2.28125],"texture":"#2"},"west":{"uv":[2.5,7.75,2.5625,7.78125],"texture":"#2"},"up":{"uv":[6.8125,2.8125,6.75,2.75],"texture":"#2"},"down":{"uv":[3.0625,6.75,3,6.8125],"texture":"#2"}}},{"from":[7.2,13.9,7.2],"to":[7.45,14,7.45],"rotation":{"angle":0,"axis":"y","origin":[8,0,8]},"faces":{"north":{"uv":[7.75,2.5,7.8125,2.53125],"texture":"#2"},"east":{"uv":[2.75,7.75,2.8125,7.78125],"texture":"#2"},"south":{"uv":[7.75,2.75,7.8125,2.78125],"texture":"#2"},"west":{"uv":[3,7.75,3.0625,7.78125],"texture":"#2"},"up":{"uv":[6.8125,3.0625,6.75,3],"texture":"#2"},"down":{"uv":[3.3125,6.75,3.25,6.8125],"texture":"#2"}}},{"from":[7.2,13.9,8.55],"to":[7.45,14,8.8],"rotation":{"angle":0,"axis":"y","origin":[8,0,8]},"faces":{"north":{"uv":[7.75,3,7.8125,3.03125],"texture":"#2"},"east":{"uv":[3.25,7.75,3.3125,7.78125],"texture":"#2"},"south":{"uv":[7.75,3.25,7.8125,3.28125],"texture":"#2"},"west":{"uv":[3.5,7.75,3.5625,7.78125],"texture":"#2"},"up":{"uv":[6.8125,3.3125,6.75,3.25],"texture":"#2"},"down":{"uv":[3.5625,6.75,3.5,6.8125],"texture":"#2"}}},{"from":[7.15,13.9,7.35],"to":[7.2,14,8.65],"rotation":{"angle":0,"axis":"y","origin":[8,0,8]},"faces":{"north":{"uv":[5.25,8,5.28125,8.03125],"texture":"#2"},"east":{"uv":[3,6,3.3125,6.03125],"texture":"#2"},"south":{"uv":[8,5.25,8.03125,5.28125],"texture":"#2"},"west":{"uv":[6,3,6.3125,3.03125],"texture":"#2"},"up":{"uv":[2.53125,6.3125,2.5,6],"texture":"#2"},"down":{"uv":[6.03125,3.25,6,3.5625],"texture":"#2"}}},{"from":[8.8,13.9,7.35],"to":[8.85,14,8.65],"rotation":{"angle":0,"axis":"y","origin":[8,0,8]},"faces":{"north":{"uv":[5.5,8,5.53125,8.03125],"texture":"#2"},"east":{"uv":[3.5,6,3.8125,6.03125],"texture":"#2"},"south":{"uv":[8,5.5,8.03125,5.53125],"texture":"#2"},"west":{"uv":[6,3.75,6.3125,3.78125],"texture":"#2"},"up":{"uv":[4.03125,6.3125,4,6],"texture":"#2"},"down":{"uv":[6.03125,4,6,4.3125],"texture":"#2"}}},{"from":[7.25,13.7,7.05],"to":[8.75,13.9,7.1],"rotation":{"angle":0,"axis":"y","origin":[8,0,8]},"faces":{"north":{"uv":[4.75,1.75,5.125,1.8125],"texture":"#2"},"east":{"uv":[7.75,3.5,7.78125,3.5625],"texture":"#2"},"south":{"uv":[2,4.75,2.375,4.8125],"texture":"#2"},"west":{"uv":[3.75,7.75,3.78125,7.8125],"texture":"#2"},"up":{"uv":[6.125,1.03125,5.75,1],"texture":"#2"},"down":{"uv":[6.125,1.25,5.75,1.28125],"texture":"#2"}}},{"from":[7.25,13.7,8.9],"to":[8.75,13.9,8.95],"rotation":{"angle":0,"axis":"y","origin":[8,0,8]},"faces":{"north":{"uv":[4.75,2,5.125,2.0625],"texture":"#2"},"east":{"uv":[7.75,3.75,7.78125,3.8125],"texture":"#2"},"south":{"uv":[4.75,2.25,5.125,2.3125],"texture":"#2"},"west":{"uv":[4,7.75,4.03125,7.8125],"texture":"#2"},"up":{"uv":[6.125,1.53125,5.75,1.5],"texture":"#2"},"down":{"uv":[2.375,5.75,2,5.78125],"texture":"#2"}}},{"from":[7.25,13.75,8.95],"to":[8.75,13.8,9],"rotation":{"angle":0,"axis":"y","origin":[8,0,8]},"faces":{"north":{"uv":[4.75,2,5.125,2.0625],"texture":"#2"},"east":{"uv":[7.75,3.75,7.78125,3.8125],"texture":"#2"},"south":{"uv":[4.75,2.25,5.125,2.3125],"texture":"#2"},"west":{"uv":[4,7.75,4.03125,7.8125],"texture":"#2"},"up":{"uv":[6.125,1.53125,5.75,1.5],"texture":"#2"},"down":{"uv":[2.375,5.75,2,5.78125],"texture":"#2"}}},{"from":[8.95,13.75,7.25],"to":[9,13.8,8.75],"rotation":{"angle":0,"axis":"y","origin":[8,0,8]},"faces":{"north":{"uv":[7.75,3.75,7.78125,3.8125],"texture":"#2"},"east":{"uv":[4.75,2.25,5.125,2.3125],"texture":"#2"},"south":{"uv":[4,7.75,4.03125,7.8125],"texture":"#2"},"west":{"uv":[4.75,2,5.125,2.0625],"texture":"#2"},"up":{"uv":[6.125,1.53125,5.75,1.5],"rotation":270,"texture":"#2"},"down":{"uv":[2.375,5.75,2,5.78125],"rotation":90,"texture":"#2"}}},{"from":[7.25,13.75,7],"to":[8.75,13.8,7.05],"rotation":{"angle":0,"axis":"y","origin":[8,0,8]},"faces":{"north":{"uv":[4.75,2.25,5.125,2.3125],"texture":"#2"},"east":{"uv":[4,7.75,4.03125,7.8125],"texture":"#2"},"south":{"uv":[4.75,2,5.125,2.0625],"texture":"#2"},"west":{"uv":[7.75,3.75,7.78125,3.8125],"texture":"#2"},"up":{"uv":[6.125,1.53125,5.75,1.5],"rotation":180,"texture":"#2"},"down":{"uv":[2.375,5.75,2,5.78125],"rotation":180,"texture":"#2"}}},{"from":[7,13.75,7.25],"to":[7.05,13.8,8.75],"rotation":{"angle":0,"axis":"y","origin":[8,0,8]},"faces":{"north":{"uv":[4,7.75,4.03125,7.8125],"texture":"#2"},"east":{"uv":[4.75,2,5.125,2.0625],"texture":"#2"},"south":{"uv":[7.75,3.75,7.78125,3.8125],"texture":"#2"},"west":{"uv":[4.75,2.25,5.125,2.3125],"texture":"#2"},"up":{"uv":[6.125,1.53125,5.75,1.5],"rotation":90,"texture":"#2"},"down":{"uv":[2.375,5.75,2,5.78125],"rotation":270,"texture":"#2"}}},{"from":[8.65,13.7,8.65],"to":[8.9,13.9,8.9],"rotation":{"angle":0,"axis":"y","origin":[8,0,8]},"faces":{"north":{"uv":[6.75,3.5,6.8125,3.5625],"texture":"#2"},"east":{"uv":[3.75,6.75,3.8125,6.8125],"texture":"#2"},"south":{"uv":[6.75,3.75,6.8125,3.8125],"texture":"#2"},"west":{"uv":[4,6.75,4.0625,6.8125],"texture":"#2"},"up":{"uv":[6.8125,4.0625,6.75,4],"texture":"#2"},"down":{"uv":[4.3125,6.75,4.25,6.8125],"texture":"#2"}}},{"from":[8.65,13.7,7.1],"to":[8.9,13.9,7.35],"rotation":{"angle":0,"axis":"y","origin":[8,0,8]},"faces":{"north":{"uv":[6.75,4.25,6.8125,4.3125],"texture":"#2"},"east":{"uv":[4.5,6.75,4.5625,6.8125],"texture":"#2"},"south":{"uv":[6.75,4.5,6.8125,4.5625],"texture":"#2"},"west":{"uv":[4.75,6.75,4.8125,6.8125],"texture":"#2"},"up":{"uv":[6.8125,4.8125,6.75,4.75],"texture":"#2"},"down":{"uv":[5.0625,6.75,5,6.8125],"texture":"#2"}}},{"from":[7.1,13.7,7.1],"to":[7.35,13.9,7.35],"rotation":{"angle":0,"axis":"y","origin":[8,0,8]},"faces":{"north":{"uv":[6.75,5,6.8125,5.0625],"texture":"#2"},"east":{"uv":[5.25,6.75,5.3125,6.8125],"texture":"#2"},"south":{"uv":[6.75,5.25,6.8125,5.3125],"texture":"#2"},"west":{"uv":[5.5,6.75,5.5625,6.8125],"texture":"#2"},"up":{"uv":[6.8125,5.5625,6.75,5.5],"texture":"#2"},"down":{"uv":[5.8125,6.75,5.75,6.8125],"texture":"#2"}}},{"from":[7.1,13.7,8.65],"to":[7.35,13.9,8.9],"rotation":{"angle":0,"axis":"y","origin":[8,0,8]},"faces":{"north":{"uv":[6.75,5.75,6.8125,5.8125],"texture":"#2"},"east":{"uv":[6,6.75,6.0625,6.8125],"texture":"#2"},"south":{"uv":[6.75,6,6.8125,6.0625],"texture":"#2"},"west":{"uv":[6.25,6.75,6.3125,6.8125],"texture":"#2"},"up":{"uv":[6.8125,6.3125,6.75,6.25],"texture":"#2"},"down":{"uv":[6.5625,6.75,6.5,6.8125],"texture":"#2"}}},{"from":[7.05,13.7,7.25],"to":[7.1,13.9,8.75],"rotation":{"angle":0,"axis":"y","origin":[8,0,8]},"faces":{"north":{"uv":[7.75,4,7.78125,4.0625],"texture":"#2"},"east":{"uv":[2.5,4.75,2.875,4.8125],"texture":"#2"},"south":{"uv":[4.25,7.75,4.28125,7.8125],"texture":"#2"},"west":{"uv":[4.75,2.5,5.125,2.5625],"texture":"#2"},"up":{"uv":[1.03125,6.125,1,5.75],"texture":"#2"},"down":{"uv":[2.78125,5.75,2.75,6.125],"texture":"#2"}}},{"from":[8.9,13.7,7.25],"to":[8.95,13.9,8.75],"rotation":{"angle":0,"axis":"y","origin":[8,0,8]},"faces":{"north":{"uv":[7.75,4.25,7.78125,4.3125],"texture":"#2"},"east":{"uv":[4.75,2.75,5.125,2.8125],"texture":"#2"},"south":{"uv":[4.5,7.75,4.53125,7.8125],"texture":"#2"},"west":{"uv":[3.5,4.75,3.875,4.8125],"texture":"#2"},"up":{"uv":[5.78125,3.375,5.75,3],"texture":"#2"},"down":{"uv":[5.28125,5.75,5.25,6.125],"texture":"#2"}}},{"from":[7.15,13.55,6.95],"to":[8.85,13.75,7],"rotation":{"angle":0,"axis":"y","origin":[8,0,8]},"faces":{"north":{"uv":[4.75,0,5.1875,0.0625],"texture":"#2"},"east":{"uv":[7.75,4.5,7.78125,4.5625],"texture":"#2"},"south":{"uv":[4.75,0.25,5.1875,0.3125],"texture":"#2"},"west":{"uv":[4.75,7.75,4.78125,7.8125],"texture":"#2"},"up":{"uv":[5.9375,4.78125,5.5,4.75],"texture":"#2"},"down":{"uv":[5.9375,5,5.5,5.03125],"texture":"#2"}}},{"from":[7.15,13.55,9],"to":[8.85,13.75,9.05],"rotation":{"angle":0,"axis":"y","origin":[8,0,8]},"faces":{"north":{"uv":[4.75,0.5,5.1875,0.5625],"texture":"#2"},"east":{"uv":[7.75,4.75,7.78125,4.8125],"texture":"#2"},"south":{"uv":[0.75,4.75,1.1875,4.8125],"texture":"#2"},"west":{"uv":[5,7.75,5.03125,7.8125],"texture":"#2"},"up":{"uv":[5.6875,5.53125,5.25,5.5],"texture":"#2"},"down":{"uv":[5.9375,5.25,5.5,5.28125],"texture":"#2"}}},{"from":[7.15,13.55,9.05],"to":[8.85,13.6,9.1],"rotation":{"angle":0,"axis":"y","origin":[8,0,8]},"faces":{"north":{"uv":[4.75,0.5,5.1875,0.5625],"texture":"#2"},"east":{"uv":[7.75,4.75,7.78125,4.8125],"texture":"#2"},"south":{"uv":[0.75,4.75,1.1875,4.8125],"texture":"#2"},"west":{"uv":[5,7.75,5.03125,7.8125],"texture":"#2"},"up":{"uv":[5.6875,5.53125,5.25,5.5],"texture":"#2"},"down":{"uv":[5.9375,5.25,5.5,5.28125],"texture":"#2"}}},{"from":[9.05,13.55,7.15],"to":[9.1,13.6,8.85],"rotation":{"angle":0,"axis":"y","origin":[8,0,8]},"faces":{"north":{"uv":[7.75,4.75,7.78125,4.8125],"texture":"#2"},"east":{"uv":[0.75,4.75,1.1875,4.8125],"texture":"#2"},"south":{"uv":[5,7.75,5.03125,7.8125],"texture":"#2"},"west":{"uv":[4.75,0.5,5.1875,0.5625],"texture":"#2"},"up":{"uv":[5.6875,5.53125,5.25,5.5],"rotation":270,"texture":"#2"},"down":{"uv":[5.9375,5.25,5.5,5.28125],"rotation":90,"texture":"#2"}}},{"from":[7.15,13.55,6.9],"to":[8.85,13.6,6.95],"rotation":{"angle":0,"axis":"y","origin":[8,0,8]},"faces":{"north":{"uv":[0.75,4.75,1.1875,4.8125],"texture":"#2"},"east":{"uv":[5,7.75,5.03125,7.8125],"texture":"#2"},"south":{"uv":[4.75,0.5,5.1875,0.5625],"texture":"#2"},"west":{"uv":[7.75,4.75,7.78125,4.8125],"texture":"#2"},"up":{"uv":[5.6875,5.53125,5.25,5.5],"rotation":180,"texture":"#2"},"down":{"uv":[5.9375,5.25,5.5,5.28125],"rotation":180,"texture":"#2"}}},{"from":[6.9,13.55,7.15],"to":[6.95,13.6,8.85],"rotation":{"angle":0,"axis":"y","origin":[8,0,8]},"faces":{"north":{"uv":[5,7.75,5.03125,7.8125],"texture":"#2"},"east":{"uv":[4.75,0.5,5.1875,0.5625],"texture":"#2"},"south":{"uv":[7.75,4.75,7.78125,4.8125],"texture":"#2"},"west":{"uv":[0.75,4.75,1.1875,4.8125],"texture":"#2"},"up":{"uv":[5.6875,5.53125,5.25,5.5],"rotation":90,"texture":"#2"},"down":{"uv":[5.9375,5.25,5.5,5.28125],"rotation":270,"texture":"#2"}}},{"from":[7,13.55,7],"to":[7.25,13.75,7.25],"rotation":{"angle":0,"axis":"y","origin":[8,0,8]},"faces":{"north":{"uv":[6.75,6.5,6.8125,6.5625],"texture":"#2"},"east":{"uv":[6.75,6.75,6.8125,6.8125],"texture":"#2"},"south":{"uv":[0,7,0.0625,7.0625],"texture":"#2"},"west":{"uv":[7,0,7.0625,0.0625],"texture":"#2"},"up":{"uv":[0.3125,7.0625,0.25,7],"texture":"#2"},"down":{"uv":[7.0625,0.25,7,0.3125],"texture":"#2"}}},{"from":[7,13.55,8.75],"to":[7.25,13.75,9],"rotation":{"angle":0,"axis":"y","origin":[8,0,8]},"faces":{"north":{"uv":[0.5,7,0.5625,7.0625],"texture":"#2"},"east":{"uv":[7,0.5,7.0625,0.5625],"texture":"#2"},"south":{"uv":[0.75,7,0.8125,7.0625],"texture":"#2"},"west":{"uv":[7,0.75,7.0625,0.8125],"texture":"#2"},"up":{"uv":[1.0625,7.0625,1,7],"texture":"#2"},"down":{"uv":[7.0625,1,7,1.0625],"texture":"#2"}}},{"from":[8.75,13.55,8.75],"to":[9,13.75,9],"rotation":{"angle":0,"axis":"y","origin":[8,0,8]},"faces":{"north":{"uv":[1.25,7,1.3125,7.0625],"texture":"#2"},"east":{"uv":[7,1.25,7.0625,1.3125],"texture":"#2"},"south":{"uv":[1.5,7,1.5625,7.0625],"texture":"#2"},"west":{"uv":[7,1.5,7.0625,1.5625],"texture":"#2"},"up":{"uv":[1.8125,7.0625,1.75,7],"texture":"#2"},"down":{"uv":[7.0625,1.75,7,1.8125],"texture":"#2"}}},{"from":[8.75,13.55,7],"to":[9,13.75,7.25],"rotation":{"angle":0,"axis":"y","origin":[8,0,8]},"faces":{"north":{"uv":[2,7,2.0625,7.0625],"texture":"#2"},"east":{"uv":[7,2,7.0625,2.0625],"texture":"#2"},"south":{"uv":[2.25,7,2.3125,7.0625],"texture":"#2"},"west":{"uv":[7,2.25,7.0625,2.3125],"texture":"#2"},"up":{"uv":[2.5625,7.0625,2.5,7],"texture":"#2"},"down":{"uv":[7.0625,2.5,7,2.5625],"texture":"#2"}}},{"from":[6.95,13.55,7.15],"to":[7,13.75,8.85],"rotation":{"angle":0,"axis":"y","origin":[8,0,8]},"faces":{"north":{"uv":[7.75,5,7.78125,5.0625],"texture":"#2"},"east":{"uv":[4.75,0.75,5.1875,0.8125],"texture":"#2"},"south":{"uv":[5.25,7.75,5.28125,7.8125],"texture":"#2"},"west":{"uv":[4.75,1,5.1875,1.0625],"texture":"#2"},"up":{"uv":[0.03125,6.1875,0,5.75],"texture":"#2"},"down":{"uv":[0.28125,5.75,0.25,6.1875],"texture":"#2"}}},{"from":[9,13.55,7.15],"to":[9.05,13.75,8.85],"rotation":{"angle":0,"axis":"y","origin":[8,0,8]},"faces":{"north":{"uv":[7.75,5.25,7.78125,5.3125],"texture":"#2"},"east":{"uv":[4.75,1.25,5.1875,1.3125],"texture":"#2"},"south":{"uv":[5.5,7.75,5.53125,7.8125],"texture":"#2"},"west":{"uv":[4.75,1.5,5.1875,1.5625],"texture":"#2"},"up":{"uv":[0.53125,6.1875,0.5,5.75],"texture":"#2"},"down":{"uv":[0.78125,5.75,0.75,6.1875],"texture":"#2"}}},{"from":[7.05,13.35,6.85],"to":[8.95,13.55,6.9],"rotation":{"angle":0,"axis":"y","origin":[8,0,8]},"faces":{"north":{"uv":[4.5,3,4.96875,3.0625],"texture":"#2"},"east":{"uv":[7.75,5.5,7.78125,5.5625],"texture":"#2"},"south":{"uv":[4.5,3.25,4.96875,3.3125],"texture":"#2"},"west":{"uv":[5.75,7.75,5.78125,7.8125],"texture":"#2"},"up":{"uv":[2.46875,5.53125,2,5.5],"texture":"#2"},"down":{"uv":[5.96875,3.5,5.5,3.53125],"texture":"#2"}}},{"from":[7.05,13.35,9.1],"to":[8.95,13.55,9.15],"rotation":{"angle":0,"axis":"y","origin":[8,0,8]},"faces":{"north":{"uv":[3.5,4.5,3.96875,4.5625],"texture":"#2"},"east":{"uv":[7.75,5.75,7.78125,5.8125],"texture":"#2"},"south":{"uv":[4.5,3.5,4.96875,3.5625],"texture":"#2"},"west":{"uv":[6,7.75,6.03125,7.8125],"texture":"#2"},"up":{"uv":[5.96875,3.78125,5.5,3.75],"texture":"#2"},"down":{"uv":[5.96875,4,5.5,4.03125],"texture":"#2"}}},{"from":[7.05,13.35,9.15],"to":[8.95,13.4,9.2],"rotation":{"angle":0,"axis":"y","origin":[8,0,8]},"faces":{"north":{"uv":[3.5,4.5,3.96875,4.5625],"texture":"#2"},"east":{"uv":[7.75,5.75,7.78125,5.8125],"texture":"#2"},"south":{"uv":[4.5,3.5,4.96875,3.5625],"texture":"#2"},"west":{"uv":[6,7.75,6.03125,7.8125],"texture":"#2"},"up":{"uv":[5.96875,3.78125,5.5,3.75],"texture":"#2"},"down":{"uv":[5.96875,4,5.5,4.03125],"texture":"#2"}}},{"from":[9.15,13.35,7.05],"to":[9.2,13.4,8.95],"rotation":{"angle":0,"axis":"y","origin":[8,0,8]},"faces":{"north":{"uv":[7.75,5.75,7.78125,5.8125],"texture":"#2"},"east":{"uv":[4.5,3.5,4.96875,3.5625],"texture":"#2"},"south":{"uv":[6,7.75,6.03125,7.8125],"texture":"#2"},"west":{"uv":[3.5,4.5,3.96875,4.5625],"texture":"#2"},"up":{"uv":[5.96875,3.78125,5.5,3.75],"rotation":270,"texture":"#2"},"down":{"uv":[5.96875,4,5.5,4.03125],"rotation":90,"texture":"#2"}}},{"from":[7.05,13.35,6.8],"to":[8.95,13.4,6.85],"rotation":{"angle":0,"axis":"y","origin":[8,0,8]},"faces":{"north":{"uv":[4.5,3.5,4.96875,3.5625],"texture":"#2"},"east":{"uv":[6,7.75,6.03125,7.8125],"texture":"#2"},"south":{"uv":[3.5,4.5,3.96875,4.5625],"texture":"#2"},"west":{"uv":[7.75,5.75,7.78125,5.8125],"texture":"#2"},"up":{"uv":[5.96875,3.78125,5.5,3.75],"rotation":180,"texture":"#2"},"down":{"uv":[5.96875,4,5.5,4.03125],"rotation":180,"texture":"#2"}}},{"from":[6.8,13.35,7.05],"to":[6.85,13.4,8.95],"rotation":{"angle":0,"axis":"y","origin":[8,0,8]},"faces":{"north":{"uv":[6,7.75,6.03125,7.8125],"texture":"#2"},"east":{"uv":[3.5,4.5,3.96875,4.5625],"texture":"#2"},"south":{"uv":[7.75,5.75,7.78125,5.8125],"texture":"#2"},"west":{"uv":[4.5,3.5,4.96875,3.5625],"texture":"#2"},"up":{"uv":[5.96875,3.78125,5.5,3.75],"rotation":90,"texture":"#2"},"down":{"uv":[5.96875,4,5.5,4.03125],"rotation":270,"texture":"#2"}}},{"from":[6.85,13.35,7.05],"to":[6.9,13.55,8.95],"rotation":{"angle":0,"axis":"y","origin":[8,0,8]},"faces":{"north":{"uv":[7.75,6,7.78125,6.0625],"texture":"#2"},"east":{"uv":[4.5,3.75,4.96875,3.8125],"texture":"#2"},"south":{"uv":[6.25,7.75,6.28125,7.8125],"texture":"#2"},"west":{"uv":[4.5,4,4.96875,4.0625],"texture":"#2"},"up":{"uv":[2.53125,5.96875,2.5,5.5],"texture":"#2"},"down":{"uv":[3.03125,5.5,3,5.96875],"texture":"#2"}}},{"from":[6.9,13.35,8.85],"to":[7.15,13.55,9.1],"rotation":{"angle":0,"axis":"y","origin":[8,0,8]},"faces":{"north":{"uv":[2.75,7,2.8125,7.0625],"texture":"#2"},"east":{"uv":[7,2.75,7.0625,2.8125],"texture":"#2"},"south":{"uv":[3,7,3.0625,7.0625],"texture":"#2"},"west":{"uv":[7,3,7.0625,3.0625],"texture":"#2"},"up":{"uv":[3.3125,7.0625,3.25,7],"texture":"#2"},"down":{"uv":[7.0625,3.25,7,3.3125],"texture":"#2"}}},{"from":[8.85,13.35,6.9],"to":[9.1,13.55,7.15],"rotation":{"angle":0,"axis":"y","origin":[8,0,8]},"faces":{"north":{"uv":[3.5,7,3.5625,7.0625],"texture":"#2"},"east":{"uv":[7,3.5,7.0625,3.5625],"texture":"#2"},"south":{"uv":[3.75,7,3.8125,7.0625],"texture":"#2"},"west":{"uv":[7,3.75,7.0625,3.8125],"texture":"#2"},"up":{"uv":[4.0625,7.0625,4,7],"texture":"#2"},"down":{"uv":[7.0625,4,7,4.0625],"texture":"#2"}}},{"from":[8.85,13.35,8.85],"to":[9.1,13.55,9.1],"rotation":{"angle":0,"axis":"y","origin":[8,0,8]},"faces":{"north":{"uv":[4.25,7,4.3125,7.0625],"texture":"#2"},"east":{"uv":[7,4.25,7.0625,4.3125],"texture":"#2"},"south":{"uv":[4.5,7,4.5625,7.0625],"texture":"#2"},"west":{"uv":[7,4.5,7.0625,4.5625],"texture":"#2"},"up":{"uv":[4.8125,7.0625,4.75,7],"texture":"#2"},"down":{"uv":[7.0625,4.75,7,4.8125],"texture":"#2"}}},{"from":[6.9,13.35,6.9],"to":[7.15,13.55,7.15],"rotation":{"angle":0,"axis":"y","origin":[8,0,8]},"faces":{"north":{"uv":[5,7,5.0625,7.0625],"texture":"#2"},"east":{"uv":[7,5,7.0625,5.0625],"texture":"#2"},"south":{"uv":[5.25,7,5.3125,7.0625],"texture":"#2"},"west":{"uv":[7,5.25,7.0625,5.3125],"texture":"#2"},"up":{"uv":[5.5625,7.0625,5.5,7],"texture":"#2"},"down":{"uv":[7.0625,5.5,7,5.5625],"texture":"#2"}}},{"from":[9.1,13.35,7.05],"to":[9.15,13.55,8.95],"rotation":{"angle":0,"axis":"y","origin":[8,0,8]},"faces":{"north":{"uv":[7.75,6.25,7.78125,6.3125],"texture":"#2"},"east":{"uv":[4.5,4.25,4.96875,4.3125],"texture":"#2"},"south":{"uv":[6.5,7.75,6.53125,7.8125],"texture":"#2"},"west":{"uv":[4.5,4.5,4.96875,4.5625],"texture":"#2"},"up":{"uv":[4.53125,5.96875,4.5,5.5],"texture":"#2"},"down":{"uv":[4.78125,5.5,4.75,5.96875],"texture":"#2"}}},{"from":[6.95,13,6.75],"to":[9.05,13.35,6.8],"rotation":{"angle":0,"axis":"y","origin":[8,0,8]},"faces":{"north":{"uv":[3.75,1.25,4.28125,1.34375],"texture":"#2"},"east":{"uv":[5.25,7.5,5.28125,7.59375],"texture":"#2"},"south":{"uv":[3.75,1.5,4.28125,1.59375],"texture":"#2"},"west":{"uv":[7.5,5.25,7.53125,5.34375],"texture":"#2"},"up":{"uv":[6.03125,0.03125,5.5,0],"texture":"#2"},"down":{"uv":[6.03125,0.25,5.5,0.28125],"texture":"#2"}}},{"from":[6.95,13,9.2],"to":[9.05,13.35,9.25],"rotation":{"angle":0,"axis":"y","origin":[8,0,8]},"faces":{"north":{"uv":[3.75,1.75,4.28125,1.84375],"texture":"#2"},"east":{"uv":[5.5,7.5,5.53125,7.59375],"texture":"#2"},"south":{"uv":[3.75,2,4.28125,2.09375],"texture":"#2"},"west":{"uv":[7.5,5.5,7.53125,5.59375],"texture":"#2"},"up":{"uv":[6.03125,0.53125,5.5,0.5],"texture":"#2"},"down":{"uv":[6.03125,0.75,5.5,0.78125],"texture":"#2"}}},{"from":[6.95,13,6.7],"to":[9.05,13.05,6.75],"rotation":{"angle":0,"axis":"y","origin":[8,0,8]},"faces":{"north":{"uv":[3.75,2,4.28125,2.09375],"texture":"#2"},"east":{"uv":[7.5,5.5,7.53125,5.59375],"texture":"#2"},"south":{"uv":[3.75,1.75,4.28125,1.84375],"texture":"#2"},"west":{"uv":[5.5,7.5,5.53125,7.59375],"texture":"#2"},"up":{"uv":[6.03125,0.53125,5.5,0.5],"rotation":180,"texture":"#2"},"down":{"uv":[6.03125,0.75,5.5,0.78125],"rotation":180,"texture":"#2"}}},{"from":[9.25,13,6.95],"to":[9.3,13.05,9.05],"rotation":{"angle":0,"axis":"y","origin":[8,0,8]},"faces":{"north":{"uv":[5.5,7.5,5.53125,7.59375],"texture":"#2"},"east":{"uv":[3.75,2,4.28125,2.09375],"texture":"#2"},"south":{"uv":[7.5,5.5,7.53125,5.59375],"texture":"#2"},"west":{"uv":[3.75,1.75,4.28125,1.84375],"texture":"#2"},"up":{"uv":[6.03125,0.53125,5.5,0.5],"rotation":270,"texture":"#2"},"down":{"uv":[6.03125,0.75,5.5,0.78125],"rotation":90,"texture":"#2"}}},{"from":[6.95,13,9.25],"to":[9.05,13.05,9.3],"rotation":{"angle":0,"axis":"y","origin":[8,0,8]},"faces":{"north":{"uv":[3.75,1.75,4.28125,1.84375],"texture":"#2"},"east":{"uv":[5.5,7.5,5.53125,7.59375],"texture":"#2"},"south":{"uv":[3.75,2,4.28125,2.09375],"texture":"#2"},"west":{"uv":[7.5,5.5,7.53125,5.59375],"texture":"#2"},"up":{"uv":[6.03125,0.53125,5.5,0.5],"texture":"#2"},"down":{"uv":[6.03125,0.75,5.5,0.78125],"texture":"#2"}}},{"from":[6.7,13,6.95],"to":[6.75,13.05,9.05],"rotation":{"angle":0,"axis":"y","origin":[8,0,8]},"faces":{"north":{"uv":[7.5,5.5,7.53125,5.59375],"texture":"#2"},"east":{"uv":[3.75,1.75,4.28125,1.84375],"texture":"#2"},"south":{"uv":[5.5,7.5,5.53125,7.59375],"texture":"#2"},"west":{"uv":[3.75,2,4.28125,2.09375],"texture":"#2"},"up":{"uv":[6.03125,0.53125,5.5,0.5],"rotation":90,"texture":"#2"},"down":{"uv":[6.03125,0.75,5.5,0.78125],"rotation":270,"texture":"#2"}}},{"from":[6.8,13,6.8],"to":[7.05,13.35,7.05],"rotation":{"angle":0,"axis":"y","origin":[8,0,8]},"faces":{"north":{"uv":[0.5,6.5,0.5625,6.59375],"texture":"#2"},"east":{"uv":[0.75,6.5,0.8125,6.59375],"texture":"#2"},"south":{"uv":[1,6.5,1.0625,6.59375],"texture":"#2"},"west":{"uv":[6.5,1,6.5625,1.09375],"texture":"#2"},"up":{"uv":[5.8125,7.0625,5.75,7],"texture":"#2"},"down":{"uv":[7.0625,5.75,7,5.8125],"texture":"#2"}}},{"from":[6.8,13,8.95],"to":[7.05,13.35,9.2],"rotation":{"angle":0,"axis":"y","origin":[8,0,8]},"faces":{"north":{"uv":[1.25,6.5,1.3125,6.59375],"texture":"#2"},"east":{"uv":[6.5,1.25,6.5625,1.34375],"texture":"#2"},"south":{"uv":[1.75,6.5,1.8125,6.59375],"texture":"#2"},"west":{"uv":[6.5,1.75,6.5625,1.84375],"texture":"#2"},"up":{"uv":[6.0625,7.0625,6,7],"texture":"#2"},"down":{"uv":[7.0625,6,7,6.0625],"texture":"#2"}}},{"from":[8.95,13,8.95],"to":[9.2,13.35,9.2],"rotation":{"angle":0,"axis":"y","origin":[8,0,8]},"faces":{"north":{"uv":[2,6.5,2.0625,6.59375],"texture":"#2"},"east":{"uv":[6.5,2,6.5625,2.09375],"texture":"#2"},"south":{"uv":[6.5,2.25,6.5625,2.34375],"texture":"#2"},"west":{"uv":[2.5,6.5,2.5625,6.59375],"texture":"#2"},"up":{"uv":[6.3125,7.0625,6.25,7],"texture":"#2"},"down":{"uv":[7.0625,6.25,7,6.3125],"texture":"#2"}}},{"from":[8.95,13,6.8],"to":[9.2,13.35,7.05],"rotation":{"angle":0,"axis":"y","origin":[8,0,8]},"faces":{"north":{"uv":[6.5,2.5,6.5625,2.59375],"texture":"#2"},"east":{"uv":[6.5,2.75,6.5625,2.84375],"texture":"#2"},"south":{"uv":[3,6.5,3.0625,6.59375],"texture":"#2"},"west":{"uv":[6.5,3,6.5625,3.09375],"texture":"#2"},"up":{"uv":[6.5625,7.0625,6.5,7],"texture":"#2"},"down":{"uv":[7.0625,6.5,7,6.5625],"texture":"#2"}}},{"from":[6.75,13,6.95],"to":[6.8,13.35,9.05],"rotation":{"angle":0,"axis":"y","origin":[8,0,8]},"faces":{"north":{"uv":[5.75,7.5,5.78125,7.59375],"texture":"#2"},"east":{"uv":[3.75,2.25,4.28125,2.34375],"texture":"#2"},"south":{"uv":[7.5,5.75,7.53125,5.84375],"texture":"#2"},"west":{"uv":[3.75,2.5,4.28125,2.59375],"texture":"#2"},"up":{"uv":[5.53125,1.53125,5.5,1],"texture":"#2"},"down":{"uv":[1.28125,5.5,1.25,6.03125],"texture":"#2"}}},{"from":[9.2,13,6.95],"to":[9.25,13.35,9.05],"rotation":{"angle":0,"axis":"y","origin":[8,0,8]},"faces":{"north":{"uv":[6,7.5,6.03125,7.59375],"texture":"#2"},"east":{"uv":[3.75,2.75,4.28125,2.84375],"texture":"#2"},"south":{"uv":[7.5,6,7.53125,6.09375],"texture":"#2"},"west":{"uv":[3.75,3,4.28125,3.09375],"texture":"#2"},"up":{"uv":[1.53125,6.03125,1.5,5.5],"texture":"#2"},"down":{"uv":[1.78125,5.5,1.75,6.03125],"texture":"#2"}}},{"from":[6.85,12.6,6.65],"to":[9.15,13,6.7],"rotation":{"angle":0,"axis":"y","origin":[8,0,8]},"faces":{"north":{"uv":[3.5,3.25,4.0625,3.34375],"texture":"#2"},"east":{"uv":[6.25,7.5,6.28125,7.59375],"texture":"#2"},"south":{"uv":[3.5,3.5,4.0625,3.59375],"texture":"#2"},"west":{"uv":[7.5,6.25,7.53125,6.34375],"texture":"#2"},"up":{"uv":[5.8125,1.78125,5.25,1.75],"texture":"#2"},"down":{"uv":[2.5625,5.25,2,5.28125],"texture":"#2"}}},{"from":[6.85,12.6,9.3],"to":[9.15,13,9.35],"rotation":{"angle":0,"axis":"y","origin":[8,0,8]},"faces":{"north":{"uv":[3.75,0,4.3125,0.09375],"texture":"#2"},"east":{"uv":[6.5,7.5,6.53125,7.59375],"texture":"#2"},"south":{"uv":[3.75,0.25,4.3125,0.34375],"texture":"#2"},"west":{"uv":[7.5,6.5,7.53125,6.59375],"texture":"#2"},"up":{"uv":[5.8125,2.03125,5.25,2],"texture":"#2"},"down":{"uv":[5.8125,2.25,5.25,2.28125],"texture":"#2"}}},{"from":[6.7,12.6,6.7],"to":[6.95,13,6.95],"rotation":{"angle":0,"axis":"y","origin":[8,0,8]},"faces":{"north":{"uv":[3.25,6.5,3.3125,6.59375],"texture":"#2"},"east":{"uv":[6.5,3.25,6.5625,3.34375],"texture":"#2"},"south":{"uv":[3.5,6.5,3.5625,6.59375],"texture":"#2"},"west":{"uv":[6.5,3.5,6.5625,3.59375],"texture":"#2"},"up":{"uv":[6.8125,7.0625,6.75,7],"texture":"#2"},"down":{"uv":[7.0625,6.75,7,6.8125],"texture":"#2"}}},{"from":[6.7,12.6,9.05],"to":[6.95,13,9.3],"rotation":{"angle":0,"axis":"y","origin":[8,0,8]},"faces":{"north":{"uv":[3.75,6.5,3.8125,6.59375],"texture":"#2"},"east":{"uv":[6.5,3.75,6.5625,3.84375],"texture":"#2"},"south":{"uv":[4,6.5,4.0625,6.59375],"texture":"#2"},"west":{"uv":[6.5,4,6.5625,4.09375],"texture":"#2"},"up":{"uv":[7.0625,7.0625,7,7],"texture":"#2"},"down":{"uv":[0.0625,7.25,0,7.3125],"texture":"#2"}}},{"from":[9.05,12.6,9.05],"to":[9.3,13,9.3],"rotation":{"angle":0,"axis":"y","origin":[8,0,8]},"faces":{"north":{"uv":[4.25,6.5,4.3125,6.59375],"texture":"#2"},"east":{"uv":[6.5,4.25,6.5625,4.34375],"texture":"#2"},"south":{"uv":[4.5,6.5,4.5625,6.59375],"texture":"#2"},"west":{"uv":[6.5,4.5,6.5625,4.59375],"texture":"#2"},"up":{"uv":[7.3125,0.0625,7.25,0],"texture":"#2"},"down":{"uv":[0.3125,7.25,0.25,7.3125],"texture":"#2"}}},{"from":[9.05,12.6,6.7],"to":[9.3,13,6.95],"rotation":{"angle":0,"axis":"y","origin":[8,0,8]},"faces":{"north":{"uv":[4.75,6.5,4.8125,6.59375],"texture":"#2"},"east":{"uv":[6.5,4.75,6.5625,4.84375],"texture":"#2"},"south":{"uv":[5,6.5,5.0625,6.59375],"texture":"#2"},"west":{"uv":[6.5,5,6.5625,5.09375],"texture":"#2"},"up":{"uv":[7.3125,0.3125,7.25,0.25],"texture":"#2"},"down":{"uv":[0.5625,7.25,0.5,7.3125],"texture":"#2"}}},{"from":[6.65,12.6,6.85],"to":[6.7,13,9.15],"rotation":{"angle":0,"axis":"y","origin":[8,0,8]},"faces":{"north":{"uv":[6.75,7.5,6.78125,7.59375],"texture":"#2"},"east":{"uv":[3.75,0.5,4.3125,0.59375],"texture":"#2"},"south":{"uv":[7.5,6.75,7.53125,6.84375],"texture":"#2"},"west":{"uv":[0.75,3.75,1.3125,3.84375],"texture":"#2"},"up":{"uv":[3.28125,5.8125,3.25,5.25],"texture":"#2"},"down":{"uv":[3.53125,5.25,3.5,5.8125],"texture":"#2"}}},{"from":[9.3,12.6,6.85],"to":[9.35,13,9.15],"rotation":{"angle":0,"axis":"y","origin":[8,0,8]},"faces":{"north":{"uv":[7,7.5,7.03125,7.59375],"texture":"#2"},"east":{"uv":[3.75,0.75,4.3125,0.84375],"texture":"#2"},"south":{"uv":[7.5,7,7.53125,7.09375],"texture":"#2"},"west":{"uv":[3.75,1,4.3125,1.09375],"texture":"#2"},"up":{"uv":[5.28125,4.0625,5.25,3.5],"texture":"#2"},"down":{"uv":[3.78125,5.25,3.75,5.8125],"texture":"#2"}}},{"from":[9.35,12.6,6.85],"to":[9.4,12.65,9.15],"rotation":{"angle":0,"axis":"y","origin":[8,0,8]},"faces":{"north":{"uv":[7,7.5,7.03125,7.59375],"texture":"#2"},"east":{"uv":[3.75,0.75,4.3125,0.84375],"texture":"#2"},"south":{"uv":[7.5,7,7.53125,7.09375],"texture":"#2"},"west":{"uv":[3.75,1,4.3125,1.09375],"texture":"#2"},"up":{"uv":[5.28125,4.0625,5.25,3.5],"texture":"#2"},"down":{"uv":[3.78125,5.25,3.75,5.8125],"texture":"#2"}}},{"from":[6.85,12.6,9.35],"to":[9.15,12.65,9.4],"rotation":{"angle":0,"axis":"y","origin":[8,0,8]},"faces":{"north":{"uv":[3.75,1,4.3125,1.09375],"texture":"#2"},"east":{"uv":[7,7.5,7.03125,7.59375],"texture":"#2"},"south":{"uv":[3.75,0.75,4.3125,0.84375],"texture":"#2"},"west":{"uv":[7.5,7,7.53125,7.09375],"texture":"#2"},"up":{"uv":[5.28125,4.0625,5.25,3.5],"rotation":90,"texture":"#2"},"down":{"uv":[3.78125,5.25,3.75,5.8125],"rotation":270,"texture":"#2"}}},{"from":[6.6,12.6,6.85],"to":[6.65,12.65,9.15],"rotation":{"angle":0,"axis":"y","origin":[8,0,8]},"faces":{"north":{"uv":[7.5,7,7.53125,7.09375],"texture":"#2"},"east":{"uv":[3.75,1,4.3125,1.09375],"texture":"#2"},"south":{"uv":[7,7.5,7.03125,7.59375],"texture":"#2"},"west":{"uv":[3.75,0.75,4.3125,0.84375],"texture":"#2"},"up":{"uv":[5.28125,4.0625,5.25,3.5],"rotation":180,"texture":"#2"},"down":{"uv":[3.78125,5.25,3.75,5.8125],"rotation":180,"texture":"#2"}}},{"from":[6.85,12.6,6.6],"to":[9.15,12.65,6.65],"rotation":{"angle":0,"axis":"y","origin":[8,0,8]},"faces":{"north":{"uv":[3.75,0.75,4.3125,0.84375],"texture":"#2"},"east":{"uv":[7.5,7,7.53125,7.09375],"texture":"#2"},"south":{"uv":[3.75,1,4.3125,1.09375],"texture":"#2"},"west":{"uv":[7,7.5,7.03125,7.59375],"texture":"#2"},"up":{"uv":[5.28125,4.0625,5.25,3.5],"rotation":270,"texture":"#2"},"down":{"uv":[3.78125,5.25,3.75,5.8125],"rotation":90,"texture":"#2"}}},{"from":[6.75,9.1,6.55],"to":[9.25,12.6,6.6],"rotation":{"angle":0,"axis":"y","origin":[8,0,8]},"faces":{"north":{"uv":[0,0,0.625,0.96875],"texture":"#2"},"east":{"uv":[4.25,3.25,4.28125,4.21875],"texture":"#2"},"south":{"uv":[0.75,0,1.375,0.96875],"texture":"#2"},"west":{"uv":[4.25,4.25,4.28125,5.21875],"texture":"#2"},"up":{"uv":[2.625,5.03125,2,5],"texture":"#2"},"down":{"uv":[5.625,3,5,3.03125],"texture":"#2"}}},{"from":[6.75,9.1,9.4],"to":[9.25,12.6,9.45],"rotation":{"angle":0,"axis":"y","origin":[8,0,8]},"faces":{"north":{"uv":[0,1,0.625,1.96875],"texture":"#2"},"east":{"uv":[4.5,0,4.53125,0.96875],"texture":"#2"},"south":{"uv":[0.75,1,1.375,1.96875],"texture":"#2"},"west":{"uv":[4.5,1,4.53125,1.96875],"texture":"#2"},"up":{"uv":[3.875,5.03125,3.25,5],"texture":"#2"},"down":{"uv":[5.625,3.25,5,3.28125],"texture":"#2"}}},{"from":[6.6,9.1,6.6],"to":[6.85,12.6,6.85],"rotation":{"angle":0,"axis":"y","origin":[8,0,8]},"faces":{"north":{"uv":[2,3,2.0625,3.96875],"texture":"#2"},"east":{"uv":[2.25,3,2.3125,3.96875],"texture":"#2"},"south":{"uv":[2.5,3,2.5625,3.96875],"texture":"#2"},"west":{"uv":[3,2.5,3.0625,3.46875],"texture":"#2"},"up":{"uv":[7.3125,0.5625,7.25,0.5],"texture":"#2"},"down":{"uv":[0.8125,7.25,0.75,7.3125],"texture":"#2"}}},{"from":[6.6,9.1,9.15],"to":[6.85,12.6,9.4],"rotation":{"angle":0,"axis":"y","origin":[8,0,8]},"faces":{"north":{"uv":[2.75,3,2.8125,3.96875],"texture":"#2"},"east":{"uv":[0,3.25,0.0625,4.21875],"texture":"#2"},"south":{"uv":[0.25,3.25,0.3125,4.21875],"texture":"#2"},"west":{"uv":[3.25,0.25,3.3125,1.21875],"texture":"#2"},"up":{"uv":[7.3125,0.8125,7.25,0.75],"texture":"#2"},"down":{"uv":[1.0625,7.25,1,7.3125],"texture":"#2"}}},{"from":[9.15,9.1,9.15],"to":[9.4,12.6,9.4],"rotation":{"angle":0,"axis":"y","origin":[8,0,8]},"faces":{"north":{"uv":[0.5,3.25,0.5625,4.21875],"texture":"#2"},"east":{"uv":[3.25,1.25,3.3125,2.21875],"texture":"#2"},"south":{"uv":[3.25,2.25,3.3125,3.21875],"texture":"#2"},"west":{"uv":[3.25,3.25,3.3125,4.21875],"texture":"#2"},"up":{"uv":[7.3125,1.0625,7.25,1],"texture":"#2"},"down":{"uv":[1.3125,7.25,1.25,7.3125],"texture":"#2"}}},{"from":[9.15,9.1,6.6],"to":[9.4,12.6,6.85],"rotation":{"angle":0,"axis":"y","origin":[8,0,8]},"faces":{"north":{"uv":[3.5,0.25,3.5625,1.21875],"texture":"#2"},"east":{"uv":[3.5,1.25,3.5625,2.21875],"texture":"#2"},"south":{"uv":[3.5,2.25,3.5625,3.21875],"texture":"#2"},"west":{"uv":[3,3.5,3.0625,4.46875],"texture":"#2"},"up":{"uv":[7.3125,1.3125,7.25,1.25],"texture":"#2"},"down":{"uv":[1.5625,7.25,1.5,7.3125],"texture":"#2"}}},{"from":[6.55,9.1,6.75],"to":[6.6,12.6,9.25],"rotation":{"angle":0,"axis":"y","origin":[8,0,8]},"faces":{"north":{"uv":[1.5,4.5,1.53125,5.46875],"texture":"#2"},"east":{"uv":[1.5,0,2.125,0.96875],"texture":"#2"},"south":{"uv":[1.75,4.5,1.78125,5.46875],"texture":"#2"},"west":{"uv":[1.5,1,2.125,1.96875],"texture":"#2"},"up":{"uv":[1.03125,5.625,1,5],"texture":"#2"},"down":{"uv":[2.78125,5,2.75,5.625],"texture":"#2"}}},{"from":[9.4,9.1,6.75],"to":[9.45,12.6,9.25],"rotation":{"angle":0,"axis":"y","origin":[8,0,8]},"faces":{"north":{"uv":[4.5,2,4.53125,2.96875],"texture":"#2"},"east":{"uv":[0,2,0.625,2.96875],"texture":"#2"},"south":{"uv":[3,4.5,3.03125,5.46875],"texture":"#2"},"west":{"uv":[0.75,2,1.375,2.96875],"texture":"#2"},"up":{"uv":[5.03125,4.125,5,3.5],"texture":"#2"},"down":{"uv":[5.03125,4.25,5,4.875],"texture":"#2"}}},{"from":[6.85,9,9.25],"to":[9.15,9.15,9.4],"rotation":{"angle":0,"axis":"y","origin":[8,0,8]},"faces":{"north":{"uv":[2.25,2.25,2.8125,2.40625],"texture":"#2"},"east":{"uv":[5.5,6.5,5.53125,6.65625],"texture":"#2"},"south":{"uv":[2.25,2.5,2.8125,2.65625],"texture":"#2"},"west":{"uv":[6.5,5.5,6.53125,5.65625],"texture":"#2"},"up":{"uv":[5.8125,4.28125,5.25,4.25],"texture":"#2"},"down":{"uv":[5.8125,4.5,5.25,4.53125],"texture":"#2"}}},{"from":[9.25,9,6.85],"to":[9.4,9.15,9.15],"rotation":{"angle":0,"axis":"y","origin":[8,0,8]},"faces":{"north":{"uv":[5.5,6.5,5.53125,6.65625],"texture":"#2"},"east":{"uv":[2.25,2.5,2.8125,2.65625],"texture":"#2"},"south":{"uv":[6.5,5.5,6.53125,5.65625],"texture":"#2"},"west":{"uv":[2.25,2.25,2.8125,2.40625],"texture":"#2"},"up":{"uv":[5.8125,4.28125,5.25,4.25],"rotation":270,"texture":"#2"},"down":{"uv":[5.8125,4.5,5.25,4.53125],"rotation":90,"texture":"#2"}}},{"from":[6.85,9,6.6],"to":[9.15,9.15,6.75],"rotation":{"angle":0,"axis":"y","origin":[8,0,8]},"faces":{"north":{"uv":[2.25,2.5,2.8125,2.65625],"texture":"#2"},"east":{"uv":[6.5,5.5,6.53125,5.65625],"texture":"#2"},"south":{"uv":[2.25,2.25,2.8125,2.40625],"texture":"#2"},"west":{"uv":[5.5,6.5,5.53125,6.65625],"texture":"#2"},"up":{"uv":[5.8125,4.28125,5.25,4.25],"rotation":180,"texture":"#2"},"down":{"uv":[5.8125,4.5,5.25,4.53125],"rotation":180,"texture":"#2"}}},{"from":[6.6,9,6.85],"to":[6.75,9.15,9.15],"rotation":{"angle":0,"axis":"y","origin":[8,0,8]},"faces":{"north":{"uv":[6.5,5.5,6.53125,5.65625],"texture":"#2"},"east":{"uv":[2.25,2.25,2.8125,2.40625],"texture":"#2"},"south":{"uv":[5.5,6.5,5.53125,6.65625],"texture":"#2"},"west":{"uv":[2.25,2.5,2.8125,2.65625],"texture":"#2"},"up":{"uv":[5.8125,4.28125,5.25,4.25],"rotation":90,"texture":"#2"},"down":{"uv":[5.8125,4.5,5.25,4.53125],"rotation":270,"texture":"#2"}}},{"from":[6.75,9,6.75],"to":[9.25,9.15,9.25],"rotation":{"angle":0,"axis":"y","origin":[8,0,8]},"faces":{"north":{"uv":[2.25,0.75,2.90625,0.90625],"texture":"#2"},"east":{"uv":[2.25,1,2.90625,1.15625],"texture":"#2"},"south":{"uv":[2.25,1.25,2.90625,1.40625],"texture":"#2"},"west":{"uv":[2.25,1.5,2.90625,1.65625],"texture":"#2"},"up":{"uv":[2.15625,2.65625,1.5,2],"texture":"#2"},"down":{"uv":[2.90625,0,2.25,0.65625],"texture":"#2"}}},{"from":[7.65,16.7,7.25],"to":[8.35,17.1,7.35],"rotation":{"angle":0,"axis":"y","origin":[8,0,8]},"faces":{"north":{"uv":[1,0,1.75,0.375],"texture":"#3"},"east":{"uv":[1,6,1.125,6.375],"texture":"#3"},"south":{"uv":[1,1,1.75,1.375],"texture":"#3"},"west":{"uv":[6,1,6.125,1.375],"texture":"#3"},"up":{"uv":[3.75,2.125,3,2],"texture":"#3"},"down":{"uv":[3.75,3,3,3.125],"texture":"#3"}}},{"from":[8.65,16.7,7.65],"to":[8.75,17.1,8.35],"rotation":{"angle":0,"axis":"y","origin":[8,0,8]},"faces":{"north":{"uv":[2,6,2.125,6.375],"texture":"#3"},"east":{"uv":[0,2,0.75,2.375],"texture":"#3"},"south":{"uv":[6,2,6.125,2.375],"texture":"#3"},"west":{"uv":[2,0,2.75,0.375],"texture":"#3"},"up":{"uv":[0.125,4.75,0,4],"texture":"#3"},"down":{"uv":[4.125,0,4,0.75],"texture":"#3"}}},{"from":[8.5,16.7,7.65],"to":[8.65,17.1,7.75],"rotation":{"angle":0,"axis":"y","origin":[8,0,8]},"faces":{"north":{"uv":[3,6,3.125,6.375],"texture":"#3"},"east":{"uv":[6,3,6.125,3.375],"texture":"#3"},"south":{"uv":[4,6,4.125,6.375],"texture":"#3"},"west":{"uv":[6,4,6.125,4.375],"texture":"#3"},"up":{"uv":[5.125,10.125,5,10],"texture":"#3"},"down":{"uv":[10.125,5,10,5.125],"texture":"#3"}}},{"from":[8.5,16.7,7.5],"to":[8.6,17.1,7.65],"rotation":{"angle":0,"axis":"y","origin":[8,0,8]},"faces":{"north":{"uv":[5,6,5.125,6.375],"texture":"#3"},"east":{"uv":[6,5,6.125,5.375],"texture":"#3"},"south":{"uv":[6,6,6.125,6.375],"texture":"#3"},"west":{"uv":[0,7,0.125,7.375],"texture":"#3"},"up":{"uv":[6.125,10.125,6,10],"texture":"#3"},"down":{"uv":[10.125,6,10,6.125],"texture":"#3"}}},{"from":[8.35,16.7,8.5],"to":[8.5,17.1,8.6],"rotation":{"angle":0,"axis":"y","origin":[8,0,8]},"faces":{"north":{"uv":[7,0,7.125,0.375],"texture":"#3"},"east":{"uv":[1,7,1.125,7.375],"texture":"#3"},"south":{"uv":[7,1,7.125,1.375],"texture":"#3"},"west":{"uv":[2,7,2.125,7.375],"texture":"#3"},"up":{"uv":[7.125,10.125,7,10],"texture":"#3"},"down":{"uv":[10.125,7,10,7.125],"texture":"#3"}}},{"from":[7.5,16.7,7.4],"to":[7.65,17.1,7.5],"rotation":{"angle":0,"axis":"y","origin":[8,0,8]},"faces":{"north":{"uv":[7,4,7.125,4.375],"texture":"#3"},"east":{"uv":[5,7,5.125,7.375],"texture":"#3"},"south":{"uv":[7,5,7.125,5.375],"texture":"#3"},"west":{"uv":[6,7,6.125,7.375],"texture":"#3"},"up":{"uv":[9.125,10.125,9,10],"texture":"#3"},"down":{"uv":[10.125,9,10,9.125],"texture":"#3"}}},{"from":[7.4,16.7,8.35],"to":[7.5,17.1,8.5],"rotation":{"angle":0,"axis":"y","origin":[8,0,8]},"faces":{"north":{"uv":[7,2,7.125,2.375],"texture":"#3"},"east":{"uv":[3,7,3.125,7.375],"texture":"#3"},"south":{"uv":[7,3,7.125,3.375],"texture":"#3"},"west":{"uv":[4,7,4.125,7.375],"texture":"#3"},"up":{"uv":[8.125,10.125,8,10],"texture":"#3"},"down":{"uv":[10.125,8,10,8.125],"texture":"#3"}}},{"from":[8.5,16.7,8.25],"to":[8.65,17.1,8.35],"rotation":{"angle":0,"axis":"y","origin":[8,0,8]},"faces":{"north":{"uv":[7,6,7.125,6.375],"texture":"#3"},"east":{"uv":[7,7,7.125,7.375],"texture":"#3"},"south":{"uv":[0,8,0.125,8.375],"texture":"#3"},"west":{"uv":[8,0,8.125,0.375],"texture":"#3"},"up":{"uv":[10.125,10.125,10,10],"texture":"#3"},"down":{"uv":[0.125,11,0,11.125],"texture":"#3"}}},{"from":[7.65,16.7,7.35],"to":[7.75,17.1,7.5],"rotation":{"angle":0,"axis":"y","origin":[8,0,8]},"faces":{"north":{"uv":[1,8,1.125,8.375],"texture":"#3"},"east":{"uv":[8,1,8.125,1.375],"texture":"#3"},"south":{"uv":[2,8,2.125,8.375],"texture":"#3"},"west":{"uv":[8,2,8.125,2.375],"texture":"#3"},"up":{"uv":[11.125,0.125,11,0],"texture":"#3"},"down":{"uv":[1.125,11,1,11.125],"texture":"#3"}}},{"from":[8.25,16.7,7.35],"to":[8.35,17.1,7.5],"rotation":{"angle":0,"axis":"y","origin":[8,0,8]},"faces":{"north":{"uv":[3,8,3.125,8.375],"texture":"#3"},"east":{"uv":[8,3,8.125,3.375],"texture":"#3"},"south":{"uv":[4,8,4.125,8.375],"texture":"#3"},"west":{"uv":[8,4,8.125,4.375],"texture":"#3"},"up":{"uv":[11.125,1.125,11,1],"texture":"#3"},"down":{"uv":[2.125,11,2,11.125],"texture":"#3"}}},{"from":[8.35,16.7,7.4],"to":[8.5,17.1,7.5],"rotation":{"angle":0,"axis":"y","origin":[8,0,8]},"faces":{"north":{"uv":[5,8,5.125,8.375],"texture":"#3"},"east":{"uv":[8,5,8.125,5.375],"texture":"#3"},"south":{"uv":[6,8,6.125,8.375],"texture":"#3"},"west":{"uv":[8,6,8.125,6.375],"texture":"#3"},"up":{"uv":[11.125,2.125,11,2],"texture":"#3"},"down":{"uv":[3.125,11,3,11.125],"texture":"#3"}}},{"from":[7.4,16.7,7.5],"to":[7.5,17.1,7.65],"rotation":{"angle":0,"axis":"y","origin":[8,0,8]},"faces":{"north":{"uv":[7,8,7.125,8.375],"texture":"#3"},"east":{"uv":[8,7,8.125,7.375],"texture":"#3"},"south":{"uv":[8,8,8.125,8.375],"texture":"#3"},"west":{"uv":[0,9,0.125,9.375],"texture":"#3"},"up":{"uv":[11.125,3.125,11,3],"texture":"#3"},"down":{"uv":[4.125,11,4,11.125],"texture":"#3"}}},{"from":[7.5,16.7,8.5],"to":[7.65,17.1,8.6],"rotation":{"angle":0,"axis":"y","origin":[8,0,8]},"faces":{"north":{"uv":[9,0,9.125,0.375],"texture":"#3"},"east":{"uv":[1,9,1.125,9.375],"texture":"#3"},"south":{"uv":[9,1,9.125,1.375],"texture":"#3"},"west":{"uv":[2,9,2.125,9.375],"texture":"#3"},"up":{"uv":[11.125,4.125,11,4],"texture":"#3"},"down":{"uv":[5.125,11,5,11.125],"texture":"#3"}}},{"from":[8.5,16.7,8.35],"to":[8.6,17.1,8.5],"rotation":{"angle":0,"axis":"y","origin":[8,0,8]},"faces":{"north":{"uv":[9,2,9.125,2.375],"texture":"#3"},"east":{"uv":[3,9,3.125,9.375],"texture":"#3"},"south":{"uv":[9,3,9.125,3.375],"texture":"#3"},"west":{"uv":[4,9,4.125,9.375],"texture":"#3"},"up":{"uv":[11.125,5.125,11,5],"texture":"#3"},"down":{"uv":[6.125,11,6,11.125],"texture":"#3"}}},{"from":[7.35,16.7,7.65],"to":[7.5,17.1,7.75],"rotation":{"angle":0,"axis":"y","origin":[8,0,8]},"faces":{"north":{"uv":[9,4,9.125,4.375],"texture":"#3"},"east":{"uv":[5,9,5.125,9.375],"texture":"#3"},"south":{"uv":[9,5,9.125,5.375],"texture":"#3"},"west":{"uv":[6,9,6.125,9.375],"texture":"#3"},"up":{"uv":[11.125,6.125,11,6],"texture":"#3"},"down":{"uv":[7.125,11,7,11.125],"texture":"#3"}}},{"from":[8.25,16.7,8.5],"to":[8.35,17.1,8.65],"rotation":{"angle":0,"axis":"y","origin":[8,0,8]},"faces":{"north":{"uv":[9,8,9.125,8.375],"texture":"#3"},"east":{"uv":[9,9,9.125,9.375],"texture":"#3"},"south":{"uv":[0,10,0.125,10.375],"texture":"#3"},"west":{"uv":[10,0,10.125,0.375],"texture":"#3"},"up":{"uv":[11.125,8.125,11,8],"texture":"#3"},"down":{"uv":[9.125,11,9,11.125],"texture":"#3"}}},{"from":[7.65,16.7,8.5],"to":[7.75,17.1,8.65],"rotation":{"angle":0,"axis":"y","origin":[8,0,8]},"faces":{"north":{"uv":[1,10,1.125,10.375],"texture":"#3"},"east":{"uv":[10,1,10.125,1.375],"texture":"#3"},"south":{"uv":[2,10,2.125,10.375],"texture":"#3"},"west":{"uv":[10,2,10.125,2.375],"texture":"#3"},"up":{"uv":[11.125,9.125,11,9],"texture":"#3"},"down":{"uv":[10.125,11,10,11.125],"texture":"#3"}}},{"from":[7.35,16.7,8.25],"to":[7.5,17.1,8.35],"rotation":{"angle":0,"axis":"y","origin":[8,0,8]},"faces":{"north":{"uv":[9,6,9.125,6.375],"texture":"#3"},"east":{"uv":[7,9,7.125,9.375],"texture":"#3"},"south":{"uv":[9,7,9.125,7.375],"texture":"#3"},"west":{"uv":[8,9,8.125,9.375],"texture":"#3"},"up":{"uv":[11.125,7.125,11,7],"texture":"#3"},"down":{"uv":[8.125,11,8,11.125],"texture":"#3"}}},{"from":[7.65,16.7,8.65],"to":[8.35,17.1,8.75],"rotation":{"angle":0,"axis":"y","origin":[8,0,8]},"faces":{"north":{"uv":[1,2,1.75,2.375],"texture":"#3"},"east":{"uv":[3,10,3.125,10.375],"texture":"#3"},"south":{"uv":[2,1,2.75,1.375],"texture":"#3"},"west":{"uv":[10,3,10.125,3.375],"texture":"#3"},"up":{"uv":[1.75,4.125,1,4],"texture":"#3"},"down":{"uv":[4.75,1,4,1.125],"texture":"#3"}}},{"from":[7.25,16.7,7.65],"to":[7.35,17.1,8.35],"rotation":{"angle":0,"axis":"y","origin":[8,0,8]},"faces":{"north":{"uv":[4,10,4.125,10.375],"texture":"#3"},"east":{"uv":[2,2,2.75,2.375],"texture":"#3"},"south":{"uv":[10,4,10.125,4.375],"texture":"#3"},"west":{"uv":[0,3,0.75,3.375],"texture":"#3"},"up":{"uv":[2.125,4.75,2,4],"texture":"#3"},"down":{"uv":[4.125,2,4,2.75],"texture":"#3"}}},{"from":[7.35,17.05,7.75],"to":[7.5,17.15,8.25],"rotation":{"angle":0,"axis":"y","origin":[8,0,8]},"faces":{"north":{"uv":[11,10,11.125,10.125],"texture":"#3"},"east":{"uv":[3,4,3.5,4.125],"texture":"#3"},"south":{"uv":[11,11,11.125,11.125],"texture":"#3"},"west":{"uv":[4,3,4.5,3.125],"texture":"#3"},"up":{"uv":[4.125,4.5,4,4],"texture":"#3"},"down":{"uv":[0.125,5,0,5.5],"texture":"#3"}}},{"from":[7.5,17.05,7.5],"to":[8.5,17.15,8.5],"rotation":{"angle":0,"axis":"y","origin":[8,0,8]},"faces":{"north":{"uv":[3,0,4,0.125],"texture":"#3"},"east":{"uv":[1,3,2,3.125],"texture":"#3"},"south":{"uv":[3,1,4,1.125],"texture":"#3"},"west":{"uv":[2,3,3,3.125],"texture":"#3"},"up":{"uv":[1,1,0,0],"texture":"#3"},"down":{"uv":[1,1,0,2],"texture":"#3"}}},{"from":[8.5,17.05,7.75],"to":[8.65,17.15,8.25],"rotation":{"angle":0,"axis":"y","origin":[8,0,8]},"faces":{"north":{"uv":[0,12,0.125,12.125],"texture":"#3"},"east":{"uv":[5,0,5.5,0.125],"texture":"#3"},"south":{"uv":[12,0,12.125,0.125],"texture":"#3"},"west":{"uv":[1,5,1.5,5.125],"texture":"#3"},"up":{"uv":[5.125,1.5,5,1],"texture":"#3"},"down":{"uv":[2.125,5,2,5.5],"texture":"#3"}}},{"from":[7.75,17.05,8.5],"to":[8.25,17.15,8.65],"rotation":{"angle":0,"axis":"y","origin":[8,0,8]},"faces":{"north":{"uv":[5,2,5.5,2.125],"texture":"#3"},"east":{"uv":[1,12,1.125,12.125],"texture":"#3"},"south":{"uv":[3,5,3.5,5.125],"texture":"#3"},"west":{"uv":[12,1,12.125,1.125],"texture":"#3"},"up":{"uv":[5.5,3.125,5,3],"texture":"#3"},"down":{"uv":[4.5,5,4,5.125],"texture":"#3"}}},{"from":[7.75,17.05,7.35],"to":[8.25,17.15,7.5],"rotation":{"angle":0,"axis":"y","origin":[8,0,8]},"faces":{"north":{"uv":[5,4,5.5,4.125],"texture":"#3"},"east":{"uv":[2,12,2.125,12.125],"texture":"#3"},"south":{"uv":[5,5,5.5,5.125],"texture":"#3"},"west":{"uv":[12,2,12.125,2.125],"texture":"#3"},"up":{"uv":[0.5,6.125,0,6],"texture":"#3"},"down":{"uv":[6.5,0,6,0.125],"texture":"#3"}}},{"from":[6.85,9.15,6.85],"to":[9.15,12.6,9.15],"rotation":{"angle":0,"axis":"y","origin":[8,0,8]},"faces":{"north":{"uv":[0,0,1.15625,1.71875],"texture":"#1"},"east":{"uv":[1.5,0,2.65625,1.71875],"texture":"#1"},"south":{"uv":[0,2,1.15625,3.71875],"texture":"#1"},"west":{"uv":[1.5,2,2.65625,3.71875],"texture":"#1"},"up":{"uv":[1.15625,7.15625,0,6],"texture":"#1"},"down":{"uv":[7.15625,0,6,1.15625],"texture":"#1"}}},{"from":[6.6,9.15,6.85],"to":[6.85,12.6,9.15],"rotation":{"angle":0,"axis":"y","origin":[8,0,8]},"faces":{"north":{"uv":[7,3,7.125,4.71875],"texture":"#1"},"east":{"uv":[3,0,4.15625,1.71875],"texture":"#1"},"south":{"uv":[4,7,4.125,8.71875],"texture":"#1"},"west":{"uv":[3,2,4.15625,3.71875],"texture":"#1"},"up":{"uv":[8.125,9.15625,8,8],"texture":"#1"},"down":{"uv":[0.125,8.5,0,9.65625],"texture":"#1"}}},{"from":[6.85,9.15,9.15],"to":[9.15,12.6,9.4],"rotation":{"angle":0,"axis":"y","origin":[8,0,8]},"faces":{"north":{"uv":[0,4,1.15625,5.71875],"texture":"#1"},"east":{"uv":[4.5,7,4.625,8.71875],"texture":"#1"},"south":{"uv":[1.5,4,2.65625,5.71875],"texture":"#1"},"west":{"uv":[5,7,5.125,8.71875],"texture":"#1"},"up":{"uv":[1.65625,8.625,0.5,8.5],"texture":"#1"},"down":{"uv":[3.15625,8.5,2,8.625],"texture":"#1"}}},{"from":[9.15,9.15,6.85],"to":[9.4,12.6,9.15],"rotation":{"angle":0,"axis":"y","origin":[8,0,8]},"faces":{"north":{"uv":[7,5,7.125,6.71875],"texture":"#1"},"east":{"uv":[3,4,4.15625,5.71875],"texture":"#1"},"south":{"uv":[5.5,7,5.625,8.71875],"texture":"#1"},"west":{"uv":[4.5,0,5.65625,1.71875],"texture":"#1"},"up":{"uv":[3.625,9.65625,3.5,8.5],"texture":"#1"},"down":{"uv":[8.625,4.5,8.5,5.65625],"texture":"#1"}}},{"from":[6.85,9.15,6.6],"to":[9.15,12.6,6.85],"rotation":{"angle":0,"axis":"y","origin":[8,0,8]},"faces":{"north":{"uv":[4.5,2,5.65625,3.71875],"texture":"#1"},"east":{"uv":[6,7,6.125,8.71875],"texture":"#1"},"south":{"uv":[4.5,4,5.65625,5.71875],"texture":"#1"},"west":{"uv":[6.5,7,6.625,8.71875],"texture":"#1"},"up":{"uv":[9.65625,6.125,8.5,6],"texture":"#1"},"down":{"uv":[9.65625,6.5,8.5,6.625],"texture":"#1"}}},{"from":[6.95,12.6,6.95],"to":[9.05,13,9.05],"rotation":{"angle":0,"axis":"y","origin":[8,0,8]},"faces":{"north":{"uv":[7,7,8.0625,7.1875],"texture":"#1"},"east":{"uv":[0,7.5,1.0625,7.6875],"texture":"#1"},"south":{"uv":[7.5,0,8.5625,0.1875],"texture":"#1"},"west":{"uv":[7.5,0.5,8.5625,0.6875],"texture":"#1"},"up":{"uv":[2.5625,7.0625,1.5,6],"texture":"#1"},"down":{"uv":[7.0625,1.5,6,2.5625],"texture":"#1"}}},{"from":[6.7,12.6,7],"to":[6.95,13,9],"rotation":{"angle":0,"axis":"y","origin":[8,0,8]},"faces":{"north":{"uv":[7.5,10,7.625,10.1875],"texture":"#1"},"east":{"uv":[7.5,1,8.5625,1.1875],"texture":"#1"},"south":{"uv":[1.5,10.5,1.625,10.6875],"texture":"#1"},"west":{"uv":[1.5,7.5,2.5625,7.6875],"texture":"#1"},"up":{"uv":[7.125,9.5625,7,8.5],"texture":"#1"},"down":{"uv":[7.625,8.5,7.5,9.5625],"texture":"#1"}}},{"from":[7,12.6,9.05],"to":[9,13,9.3],"rotation":{"angle":0,"axis":"y","origin":[8,0,8]},"faces":{"north":{"uv":[7.5,1.5,8.5625,1.6875],"texture":"#1"},"east":{"uv":[9.5,10.5,9.625,10.6875],"texture":"#1"},"south":{"uv":[7.5,2,8.5625,2.1875],"texture":"#1"},"west":{"uv":[10,10.5,10.125,10.6875],"texture":"#1"},"up":{"uv":[9.5625,7.125,8.5,7],"texture":"#1"},"down":{"uv":[9.5625,8,8.5,8.125],"texture":"#1"}}},{"from":[9.05,12.6,7],"to":[9.3,13,9],"rotation":{"angle":0,"axis":"y","origin":[8,0,8]},"faces":{"north":{"uv":[10.5,10,10.625,10.1875],"texture":"#1"},"east":{"uv":[7.5,2.5,8.5625,2.6875],"texture":"#1"},"south":{"uv":[10.5,10.5,10.625,10.6875],"texture":"#1"},"west":{"uv":[7.5,3,8.5625,3.1875],"texture":"#1"},"up":{"uv":[8.625,9.5625,8.5,8.5],"texture":"#1"},"down":{"uv":[9.125,0,9,1.0625],"texture":"#1"}}},{"from":[7,12.6,6.7],"to":[9,13,6.95],"rotation":{"angle":0,"axis":"y","origin":[8,0,8]},"faces":{"north":{"uv":[7.5,3.5,8.5625,3.6875],"texture":"#1"},"east":{"uv":[0,11,0.125,11.1875],"texture":"#1"},"south":{"uv":[7.5,4,8.5625,4.1875],"texture":"#1"},"west":{"uv":[11,0,11.125,0.1875],"texture":"#1"},"up":{"uv":[1.5625,9.125,0.5,9],"texture":"#1"},"down":{"uv":[10.0625,1.5,9,1.625],"texture":"#1"}}},{"from":[7.05,13,7.05],"to":[8.95,13.35,8.95],"rotation":{"angle":0,"axis":"y","origin":[8,0,8]},"faces":{"north":{"uv":[7.5,4.5,8.4375,4.6875],"texture":"#1"},"east":{"uv":[7.5,5,8.4375,5.1875],"texture":"#1"},"south":{"uv":[7.5,5.5,8.4375,5.6875],"texture":"#1"},"west":{"uv":[7.5,6,8.4375,6.1875],"texture":"#1"},"up":{"uv":[3.9375,6.9375,3,6],"texture":"#1"},"down":{"uv":[6.9375,3,6,3.9375],"texture":"#1"}}},{"from":[6.8,13,7.1],"to":[7.05,13.35,8.9],"rotation":{"angle":0,"axis":"y","origin":[8,0,8]},"faces":{"north":{"uv":[0.5,11,0.625,11.1875],"texture":"#1"},"east":{"uv":[7.5,6.5,8.4375,6.6875],"texture":"#1"},"south":{"uv":[11,0.5,11.125,0.6875],"texture":"#1"},"west":{"uv":[7,7.5,7.9375,7.6875],"texture":"#1"},"up":{"uv":[2.125,9.9375,2,9],"texture":"#1"},"down":{"uv":[9.125,2,9,2.9375],"texture":"#1"}}},{"from":[7.1,13,8.95],"to":[8.9,13.35,9.2],"rotation":{"angle":0,"axis":"y","origin":[8,0,8]},"faces":{"north":{"uv":[0,8,0.9375,8.1875],"texture":"#1"},"east":{"uv":[1,11,1.125,11.1875],"texture":"#1"},"south":{"uv":[1,8,1.9375,8.1875],"texture":"#1"},"west":{"uv":[1.5,11,1.625,11.1875],"texture":"#1"},"up":{"uv":[3.4375,9.125,2.5,9],"texture":"#1"},"down":{"uv":[9.9375,3,9,3.125],"texture":"#1"}}},{"from":[8.95,13,7.1],"to":[9.2,13.35,8.9],"rotation":{"angle":0,"axis":"y","origin":[8,0,8]},"faces":{"north":{"uv":[2,11,2.125,11.1875],"texture":"#1"},"east":{"uv":[2,8,2.9375,8.1875],"texture":"#1"},"south":{"uv":[2.5,11,2.625,11.1875],"texture":"#1"},"west":{"uv":[3,8,3.9375,8.1875],"texture":"#1"},"up":{"uv":[9.125,4.4375,9,3.5],"texture":"#1"},"down":{"uv":[4.125,9,4,9.9375],"texture":"#1"}}},{"from":[7.1,13,6.8],"to":[8.9,13.35,7.05],"rotation":{"angle":0,"axis":"y","origin":[8,0,8]},"faces":{"north":{"uv":[7,8,7.9375,8.1875],"texture":"#1"},"east":{"uv":[3,11,3.125,11.1875],"texture":"#1"},"south":{"uv":[8,7.5,8.9375,7.6875],"texture":"#1"},"west":{"uv":[11,3,11.125,3.1875],"texture":"#1"},"up":{"uv":[5.4375,9.125,4.5,9],"texture":"#1"},"down":{"uv":[9.9375,4.5,9,4.625],"texture":"#1"}}},{"from":[7.15,13.3,7.15],"to":[8.85,13.55,8.85],"rotation":{"angle":0,"axis":"y","origin":[8,0,8]},"faces":{"north":{"uv":[9,5,9.84375,5.125],"texture":"#1"},"east":{"uv":[5.5,9,6.34375,9.125],"texture":"#1"},"south":{"uv":[9,5.5,9.84375,5.625],"texture":"#1"},"west":{"uv":[9,7.5,9.84375,7.625],"texture":"#1"},"up":{"uv":[4.84375,6.84375,4,6],"texture":"#1"},"down":{"uv":[6.84375,4,6,4.84375],"texture":"#1"}}},{"from":[6.9,13.3,7.2],"to":[7.15,13.55,8.8],"rotation":{"angle":0,"axis":"y","origin":[8,0,8]},"faces":{"north":{"uv":[3.5,11,3.625,11.125],"texture":"#1"},"east":{"uv":[9,8.5,9.84375,8.625],"texture":"#1"},"south":{"uv":[4,11,4.125,11.125],"texture":"#1"},"west":{"uv":[9,9,9.84375,9.125],"texture":"#1"},"up":{"uv":[6.625,9.84375,6.5,9],"texture":"#1"},"down":{"uv":[9.625,0,9.5,0.84375],"texture":"#1"}}},{"from":[7.2,13.3,8.85],"to":[8.8,13.55,9.1],"rotation":{"angle":0,"axis":"y","origin":[8,0,8]},"faces":{"north":{"uv":[0.5,9.5,1.34375,9.625],"texture":"#1"},"east":{"uv":[4.5,11,4.625,11.125],"texture":"#1"},"south":{"uv":[9.5,1,10.34375,1.125],"texture":"#1"},"west":{"uv":[11,4.5,11.125,4.625],"texture":"#1"},"up":{"uv":[10.34375,2.125,9.5,2],"texture":"#1"},"down":{"uv":[3.34375,9.5,2.5,9.625],"texture":"#1"}}},{"from":[8.85,13.3,7.2],"to":[9.1,13.55,8.8],"rotation":{"angle":0,"axis":"y","origin":[8,0,8]},"faces":{"north":{"uv":[5,11,5.125,11.125],"texture":"#1"},"east":{"uv":[9.5,2.5,10.34375,2.625],"texture":"#1"},"south":{"uv":[5.5,11,5.625,11.125],"texture":"#1"},"west":{"uv":[9.5,3.5,10.34375,3.625],"texture":"#1"},"up":{"uv":[1.625,10.34375,1.5,9.5],"texture":"#1"},"down":{"uv":[4.625,9.5,4.5,10.34375],"texture":"#1"}}},{"from":[7.2,13.3,6.9],"to":[8.8,13.55,7.15],"rotation":{"angle":0,"axis":"y","origin":[8,0,8]},"faces":{"north":{"uv":[9.5,4,10.34375,4.125],"texture":"#1"},"east":{"uv":[6,11,6.125,11.125],"texture":"#1"},"south":{"uv":[5,9.5,5.84375,9.625],"texture":"#1"},"west":{"uv":[6.5,11,6.625,11.125],"texture":"#1"},"up":{"uv":[9.84375,9.625,9,9.5],"texture":"#1"},"down":{"uv":[0.84375,10,0,10.125],"texture":"#1"}}},{"from":[7.25,13.55,7.25],"to":[8.75,13.75,8.75],"rotation":{"angle":0,"axis":"y","origin":[8,0,8]},"faces":{"north":{"uv":[10,7.5,10.75,7.59375],"texture":"#1"},"east":{"uv":[10,8,10.75,8.09375],"texture":"#1"},"south":{"uv":[8.5,10,9.25,10.09375],"texture":"#1"},"west":{"uv":[10,8.5,10.75,8.59375],"texture":"#1"},"up":{"uv":[5.75,6.75,5,6],"texture":"#1"},"down":{"uv":[6.75,5,6,5.75],"texture":"#1"}}},{"from":[7,13.55,7.3],"to":[7.25,13.75,8.7],"rotation":{"angle":0,"axis":"y","origin":[8,0,8]},"faces":{"north":{"uv":[7,11,7.125,11.09375],"texture":"#1"},"east":{"uv":[10,9,10.75,9.09375],"texture":"#1"},"south":{"uv":[11,7,11.125,7.09375],"texture":"#1"},"west":{"uv":[9.5,10,10.25,10.09375],"texture":"#1"},"up":{"uv":[6.125,10.25,6,9.5],"texture":"#1"},"down":{"uv":[8.125,9.5,8,10.25],"texture":"#1"}}},{"from":[7.3,13.55,8.75],"to":[8.7,13.75,9],"rotation":{"angle":0,"axis":"y","origin":[8,0,8]},"faces":{"north":{"uv":[10,9.5,10.75,9.59375],"texture":"#1"},"east":{"uv":[7.5,11,7.625,11.09375],"texture":"#1"},"south":{"uv":[0,10.5,0.75,10.59375],"texture":"#1"},"west":{"uv":[11,7.5,11.125,7.59375],"texture":"#1"},"up":{"uv":[10.75,0.125,10,0],"texture":"#1"},"down":{"uv":[10.75,0.5,10,0.625],"texture":"#1"}}},{"from":[8.75,13.55,7.3],"to":[9,13.75,8.7],"rotation":{"angle":0,"axis":"y","origin":[8,0,8]},"faces":{"north":{"uv":[8,11,8.125,11.09375],"texture":"#1"},"east":{"uv":[10.5,1,11.25,1.09375],"texture":"#1"},"south":{"uv":[11,8,11.125,8.09375],"texture":"#1"},"west":{"uv":[10.5,1.5,11.25,1.59375],"texture":"#1"},"up":{"uv":[1.125,10.75,1,10],"texture":"#1"},"down":{"uv":[2.125,10,2,10.75],"texture":"#1"}}},{"from":[7.3,13.55,7],"to":[8.7,13.75,7.25],"rotation":{"angle":0,"axis":"y","origin":[8,0,8]},"faces":{"north":{"uv":[10.5,2,11.25,2.09375],"texture":"#1"},"east":{"uv":[8.5,11,8.625,11.09375],"texture":"#1"},"south":{"uv":[2.5,10.5,3.25,10.59375],"texture":"#1"},"west":{"uv":[11,8.5,11.125,8.59375],"texture":"#1"},"up":{"uv":[3.25,10.125,2.5,10],"texture":"#1"},"down":{"uv":[10.75,3,10,3.125],"texture":"#1"}}},{"from":[7.35,13.75,7.35],"to":[8.65,13.9,8.65],"rotation":{"angle":0,"axis":"y","origin":[8,0,8]},"faces":{"north":{"uv":[10.5,2.5,11.15625,2.5625],"texture":"#1"},"east":{"uv":[10.5,3.5,11.15625,3.5625],"texture":"#1"},"south":{"uv":[10.5,4,11.15625,4.0625],"texture":"#1"},"west":{"uv":[4.5,10.5,5.15625,10.5625],"texture":"#1"},"up":{"uv":[6.65625,6.65625,6,6],"texture":"#1"},"down":{"uv":[3.65625,7,3,7.65625],"texture":"#1"}}},{"from":[7.1,13.75,7.4],"to":[7.35,13.9,8.6],"rotation":{"angle":0,"axis":"y","origin":[8,0,8]},"faces":{"north":{"uv":[9,11,9.125,11.0625],"texture":"#1"},"east":{"uv":[10.5,5,11.15625,5.0625],"texture":"#1"},"south":{"uv":[11,9,11.125,9.0625],"texture":"#1"},"west":{"uv":[5.5,10.5,6.15625,10.5625],"texture":"#1"},"up":{"uv":[3.625,10.65625,3.5,10],"texture":"#1"},"down":{"uv":[4.125,10,4,10.65625],"texture":"#1"}}},{"from":[7.4,13.75,8.65],"to":[8.6,13.9,8.9],"rotation":{"angle":0,"axis":"y","origin":[8,0,8]},"faces":{"north":{"uv":[10.5,5.5,11.15625,5.5625],"texture":"#1"},"east":{"uv":[9.5,11,9.625,11.0625],"texture":"#1"},"south":{"uv":[10.5,6,11.15625,6.0625],"texture":"#1"},"west":{"uv":[11,9.5,11.125,9.5625],"texture":"#1"},"up":{"uv":[10.65625,4.625,10,4.5],"texture":"#1"},"down":{"uv":[5.65625,10,5,10.125],"texture":"#1"}}},{"from":[8.65,13.75,7.4],"to":[8.9,13.9,8.6],"rotation":{"angle":0,"axis":"y","origin":[8,0,8]},"faces":{"north":{"uv":[10,11,10.125,11.0625],"texture":"#1"},"east":{"uv":[6.5,10.5,7.15625,10.5625],"texture":"#1"},"south":{"uv":[11,10,11.125,10.0625],"texture":"#1"},"west":{"uv":[10.5,6.5,11.15625,6.5625],"texture":"#1"},"up":{"uv":[10.125,5.65625,10,5],"texture":"#1"},"down":{"uv":[10.125,6,10,6.65625],"texture":"#1"}}},{"from":[7.4,13.75,7.1],"to":[8.6,13.9,7.35],"rotation":{"angle":0,"axis":"y","origin":[8,0,8]},"faces":{"north":{"uv":[7.5,10.5,8.15625,10.5625],"texture":"#1"},"east":{"uv":[10.5,11,10.625,11.0625],"texture":"#1"},"south":{"uv":[8.5,10.5,9.15625,10.5625],"texture":"#1"},"west":{"uv":[11,10.5,11.125,10.5625],"texture":"#1"},"up":{"uv":[7.15625,10.125,6.5,10],"texture":"#1"},"down":{"uv":[10.65625,7,10,7.125],"texture":"#1"}}},{"from":[6.75,9.7,9.5],"to":[9.25,12,9.55],"rotation":{"angle":0,"axis":"y","origin":[8,0,8]},"faces":{"north":{"uv":[0,0,2.5,2.3125],"texture":"#0"},"east":{"uv":[6,3,6.0625,5.3125],"texture":"#0"},"south":{"uv":[5.6875,2.89063,8.1875,5.20313],"texture":"#0"},"west":{"uv":[3,6,3.0625,8.3125],"texture":"#0"},"up":{"uv":[1.0625,8.5,1,6],"rotation":270,"texture":"#0"},"down":{"uv":[2.0625,6,2,8.5],"rotation":90,"texture":"#0"}}},{"from":[6.45,9.7,6.75],"to":[6.5,12,9.25],"rotation":{"angle":0,"axis":"y","origin":[8,0,8]},"faces":{"north":{"uv":[3,6,3.0625,8.3125],"texture":"#0"},"east":{"uv":[0,0,2.5,2.3125],"texture":"#0"},"south":{"uv":[6,3,6.0625,5.3125],"texture":"#0"},"west":{"uv":[10.85938,1.5625,13.35938,3.875],"texture":"#0"},"up":{"uv":[1.0625,8.5,1,6],"texture":"#0"},"down":{"uv":[2.0625,6,2,8.5],"texture":"#0"}}},{"from":[6.75,9.7,6.45],"to":[9.25,12,6.5],"rotation":{"angle":0,"axis":"y","origin":[8,0,8]},"faces":{"north":{"uv":[10.85938,1.5625,13.35938,3.875],"texture":"#0"},"east":{"uv":[3,6,3.0625,8.3125],"texture":"#0"},"south":{"uv":[0,0,2.5,2.3125],"texture":"#0"},"west":{"uv":[6,3,6.0625,5.3125],"texture":"#0"},"up":{"uv":[1.0625,8.5,1,6],"rotation":90,"texture":"#0"},"down":{"uv":[2.0625,6,2,8.5],"rotation":270,"texture":"#0"}}},{"from":[9.5,9.7,6.75],"to":[9.55,12,9.25],"rotation":{"angle":0,"axis":"y","origin":[8,0,8]},"faces":{"north":{"uv":[6,3,6.0625,5.3125],"texture":"#0"},"east":{"uv":[10.85938,1.5625,13.35938,3.875],"texture":"#0"},"south":{"uv":[3,6,3.0625,8.3125],"texture":"#0"},"west":{"uv":[0,0,2.5,2.3125],"texture":"#0"},"up":{"uv":[1.0625,8.5,1,6],"rotation":180,"texture":"#0"},"down":{"uv":[2.0625,6,2,8.5],"rotation":180,"texture":"#0"}}},{"from":[6.7,9.7,9.4],"to":[6.75,12,9.55],"rotation":{"angle":0,"axis":"y","origin":[8,0,8]},"faces":{"north":{"uv":[4,6,4.0625,8.3125],"texture":"#0"},"east":{"uv":[3,3,3.1875,5.3125],"texture":"#0"},"south":{"uv":[5,6,5.0625,8.3125],"texture":"#0"},"west":{"uv":[3,0,3.1875,2.3125],"texture":"#0"},"up":{"uv":[8.1875,6.0625,8,6],"rotation":270,"texture":"#0"},"down":{"uv":[8.1875,7,8,7.0625],"rotation":90,"texture":"#0"}}},{"from":[9.3,9.7,9.4],"to":[9.4,12,9.45],"rotation":{"angle":0,"axis":"y","origin":[8,0,8]},"faces":{"north":{"uv":[5,0,5.09375,2.3125],"texture":"#0"},"east":{"uv":[7,0,7.0625,2.3125],"texture":"#0"},"south":{"uv":[5,3,5.09375,5.3125],"texture":"#0"},"west":{"uv":[6,6,6.0625,8.3125],"texture":"#0"},"up":{"uv":[9.0625,0.09375,9,0],"rotation":270,"texture":"#0"},"down":{"uv":[1.0625,9,1,9.09375],"rotation":90,"texture":"#0"}}},{"from":[6.45,9.7,6.7],"to":[6.6,12,6.75],"rotation":{"angle":0,"axis":"y","origin":[8,0,8]},"faces":{"north":{"uv":[3,0,3.1875,2.3125],"texture":"#0"},"east":{"uv":[4,6,4.0625,8.3125],"texture":"#0"},"south":{"uv":[3,3,3.1875,5.3125],"texture":"#0"},"west":{"uv":[5,6,5.0625,8.3125],"texture":"#0"},"up":{"uv":[8.1875,6.0625,8,6],"texture":"#0"},"down":{"uv":[8.1875,7,8,7.0625],"texture":"#0"}}},{"from":[6.55,9.7,6.6],"to":[6.6,12,6.7],"rotation":{"angle":0,"axis":"y","origin":[8,0,8]},"faces":{"north":{"uv":[3.40625,2.76563,3.46875,5.07813],"texture":"#0"},"east":{"uv":[0,6,0.09375,8.3125],"texture":"#0"},"south":{"uv":[7,6,7.0625,8.3125],"texture":"#0"},"west":{"uv":[6.34375,0,6.4375,2.3125],"texture":"#0"},"up":{"uv":[9.0625,1.09375,9,1],"texture":"#0"},"down":{"uv":[2.0625,9,2,9.09375],"texture":"#0"}}},{"from":[6.45,9.7,9.25],"to":[6.65,12,9.3],"rotation":{"angle":0,"axis":"y","origin":[8,0,8]},"faces":{"north":{"uv":[4,0,4.1875,2.3125],"texture":"#0"},"east":{"uv":[8,0,8.0625,2.3125],"texture":"#0"},"south":{"uv":[4,3,4.1875,5.3125],"texture":"#0"},"west":{"uv":[8,3,8.0625,5.3125],"texture":"#0"},"up":{"uv":[8.1875,8.0625,8,8],"texture":"#0"},"down":{"uv":[0.1875,9,0,9.0625],"texture":"#0"}}},{"from":[6.55,9.7,9.3],"to":[6.6,12,9.4],"rotation":{"angle":0,"axis":"y","origin":[8,0,8]},"faces":{"north":{"uv":[6,6,6.0625,8.3125],"texture":"#0"},"east":{"uv":[5,0,5.09375,2.3125],"texture":"#0"},"south":{"uv":[7,0,7.0625,2.3125],"texture":"#0"},"west":{"uv":[5,3,5.09375,5.3125],"texture":"#0"},"up":{"uv":[9.0625,0.09375,9,0],"texture":"#0"},"down":{"uv":[1.0625,9,1,9.09375],"texture":"#0"}}},{"from":[9.25,9.7,6.45],"to":[9.3,12,6.6],"rotation":{"angle":0,"axis":"y","origin":[8,0,8]},"faces":{"north":{"uv":[5,6,5.0625,8.3125],"texture":"#0"},"east":{"uv":[3,0,3.1875,2.3125],"texture":"#0"},"south":{"uv":[4,6,4.0625,8.3125],"texture":"#0"},"west":{"uv":[3,3,3.1875,5.3125],"texture":"#0"},"up":{"uv":[8.1875,6.0625,8,6],"rotation":90,"texture":"#0"},"down":{"uv":[8.1875,7,8,7.0625],"rotation":270,"texture":"#0"}}},{"from":[9.3,9.7,6.55],"to":[9.4,12,6.6],"rotation":{"angle":0,"axis":"y","origin":[8,0,8]},"faces":{"north":{"uv":[6.34375,0,6.4375,2.3125],"texture":"#0"},"east":{"uv":[3.40625,2.76563,3.46875,5.07813],"texture":"#0"},"south":{"uv":[0,6,0.09375,8.3125],"texture":"#0"},"west":{"uv":[7,6,7.0625,8.3125],"texture":"#0"},"up":{"uv":[9.0625,1.09375,9,1],"rotation":90,"texture":"#0"},"down":{"uv":[2.0625,9,2,9.09375],"rotation":270,"texture":"#0"}}},{"from":[6.7,9.7,6.45],"to":[6.75,12,6.65],"rotation":{"angle":0,"axis":"y","origin":[8,0,8]},"faces":{"north":{"uv":[8,3,8.0625,5.3125],"texture":"#0"},"east":{"uv":[4,0,4.1875,2.3125],"texture":"#0"},"south":{"uv":[8,0,8.0625,2.3125],"texture":"#0"},"west":{"uv":[4,3,4.1875,5.3125],"texture":"#0"},"up":{"uv":[8.1875,8.0625,8,8],"rotation":90,"texture":"#0"},"down":{"uv":[0.1875,9,0,9.0625],"rotation":270,"texture":"#0"}}},{"from":[6.6,9.7,6.55],"to":[6.7,12,6.6],"rotation":{"angle":0,"axis":"y","origin":[8,0,8]},"faces":{"north":{"uv":[5,3,5.09375,5.3125],"texture":"#0"},"east":{"uv":[6,6,6.0625,8.3125],"texture":"#0"},"south":{"uv":[5,0,5.09375,2.3125],"texture":"#0"},"west":{"uv":[7,0,7.0625,2.3125],"texture":"#0"},"up":{"uv":[9.0625,0.09375,9,0],"rotation":90,"texture":"#0"},"down":{"uv":[1.0625,9,1,9.09375],"rotation":270,"texture":"#0"}}},{"from":[9.4,9.7,9.25],"to":[9.55,12,9.3],"rotation":{"angle":0,"axis":"y","origin":[8,0,8]},"faces":{"north":{"uv":[3,3,3.1875,5.3125],"texture":"#0"},"east":{"uv":[5,6,5.0625,8.3125],"texture":"#0"},"south":{"uv":[3,0,3.1875,2.3125],"texture":"#0"},"west":{"uv":[4,6,4.0625,8.3125],"texture":"#0"},"up":{"uv":[8.1875,6.0625,8,6],"rotation":180,"texture":"#0"},"down":{"uv":[8.1875,7,8,7.0625],"rotation":180,"texture":"#0"}}},{"from":[9.4,9.7,9.3],"to":[9.45,12,9.4],"rotation":{"angle":0,"axis":"y","origin":[8,0,8]},"faces":{"north":{"uv":[7,6,7.0625,8.3125],"texture":"#0"},"east":{"uv":[6.34375,0,6.4375,2.3125],"texture":"#0"},"south":{"uv":[3.40625,2.76563,3.46875,5.07813],"texture":"#0"},"west":{"uv":[0,6,0.09375,8.3125],"texture":"#0"},"up":{"uv":[9.0625,1.09375,9,1],"rotation":180,"texture":"#0"},"down":{"uv":[2.0625,9,2,9.09375],"rotation":180,"texture":"#0"}}},{"from":[9.35,9.7,6.7],"to":[9.55,12,6.75],"rotation":{"angle":0,"axis":"y","origin":[8,0,8]},"faces":{"north":{"uv":[4,3,4.1875,5.3125],"texture":"#0"},"east":{"uv":[8,3,8.0625,5.3125],"texture":"#0"},"south":{"uv":[4,0,4.1875,2.3125],"texture":"#0"},"west":{"uv":[8,0,8.0625,2.3125],"texture":"#0"},"up":{"uv":[8.1875,8.0625,8,8],"rotation":180,"texture":"#0"},"down":{"uv":[0.1875,9,0,9.0625],"rotation":180,"texture":"#0"}}},{"from":[9.4,9.7,6.6],"to":[9.45,12,6.7],"rotation":{"angle":0,"axis":"y","origin":[8,0,8]},"faces":{"north":{"uv":[7,0,7.0625,2.3125],"texture":"#0"},"east":{"uv":[5,3,5.09375,5.3125],"texture":"#0"},"south":{"uv":[6,6,6.0625,8.3125],"texture":"#0"},"west":{"uv":[5,0,5.09375,2.3125],"texture":"#0"},"up":{"uv":[9.0625,0.09375,9,0],"rotation":180,"texture":"#0"},"down":{"uv":[1.0625,9,1,9.09375],"rotation":180,"texture":"#0"}}},{"from":[6.6,9.7,9.4],"to":[6.7,12,9.45],"rotation":{"angle":0,"axis":"y","origin":[8,0,8]},"faces":{"north":{"uv":[0,6,0.09375,8.3125],"texture":"#0"},"east":{"uv":[7,6,7.0625,8.3125],"texture":"#0"},"south":{"uv":[6.34375,0,6.4375,2.3125],"texture":"#0"},"west":{"uv":[3.40625,2.76563,3.46875,5.07813],"texture":"#0"},"up":{"uv":[9.0625,1.09375,9,1],"rotation":270,"texture":"#0"},"down":{"uv":[2.0625,9,2,9.09375],"rotation":90,"texture":"#0"}}},{"from":[9.25,9.7,9.35],"to":[9.3,12,9.55],"rotation":{"angle":0,"axis":"y","origin":[8,0,8]},"faces":{"north":{"uv":[8,0,8.0625,2.3125],"texture":"#0"},"east":{"uv":[4,3,4.1875,5.3125],"texture":"#0"},"south":{"uv":[8,3,8.0625,5.3125],"texture":"#0"},"west":{"uv":[4,0,4.1875,2.3125],"texture":"#0"},"up":{"uv":[8.1875,8.0625,8,8],"rotation":270,"texture":"#0"},"down":{"uv":[0.1875,9,0,9.0625],"rotation":90,"texture":"#0"}}}],"display":{"thirdperson_righthand":{"translation":[0,-9.75,1.5],"scale":[1.11,1.11,1.11]},"thirdperson_lefthand":{"translation":[0,-9.75,1.5],"scale":[1.11,1.11,1.11]},"firstperson_righthand":{"rotation":[0,-42,0],"translation":[0.25,-0.75,1.5],"scale":[1.45,1.45,1.45]},"firstperson_lefthand":{"rotation":[0,-42,0],"translation":[0.25,-0.75,1.5],"scale":[1.45,1.45,1.45]},"ground":{"translation":[0,-9.5,0],"scale":[1.55,1.55,1.55]},"gui":{"rotation":[0,-18,0],"translation":[0,-9.75,0],"scale":[1.92,1.92,1.92]},"head":{"rotation":[51.75,1,0],"translation":[-0.25,-12.75,-18.5],"scale":[1.65,1.65,1.65]},"fixed":{"rotation":[-90,180,0],"translation":[0,0,2.75],"scale":[2.79,2.79,2.79]}},"groups":[{"name":"group","origin":[8,8,8],"color":0,"children":[{"name":"group","origin":[8,8,8],"color":0,"children":[{"name":"group","origin":[8,0,8],"color":0,"children":[0,1,2,3,4,5,6,7,8,9,10,11,12,13,14,15,16,17,18,19]},{"name":"group","origin":[8,0,8],"color":0,"children":[20,21,22,23,24,25,26,27]},{"name":"group","origin":[8,0,8],"color":0,"children":[28,29,30,31,32,33,34,35,36,37,38,39]},{"name":"group","origin":[8,0,8],"color":0,"children":[40,41,42,43,44,45,46,47,48,49,50,51]},{"name":"group","origin":[8,0,8],"color":0,"children":[52,53,54,55,56,57,58,59,60,61,62,63]},{"name":"group","origin":[8,0,8],"color":0,"children":[64,65,66,67,68,69,70,71,72,73,74,75]},{"name":"group","origin":[8,0,8],"color":0,"children":[76,77,78,79,80,81,82,83,84,85,86,87]},{"name":"group","origin":[8,0,8],"color":0,"children":[88,89,90,91,92,93,94,95,96,97,98,99]},{"name":"group","origin":[8,0,8],"color":0,"children":[100,101,102,103,104,105,106,107,108,109,110,111]},{"name":"group","origin":[8,0,8],"color":0,"children":[112,113,114,115,116,117,118,119,120,121,122,123]},{"name":"group","origin":[8,0,8],"color":0,"children":[124,125,126,127,128,129,130,131]},{"name":"group","origin":[8,0,8],"color":0,"children":[132,133,134,135,136]}]},{"name":"group","origin":[8,0,8],"color":0,"children":[137,138,139,140,141,142,143,144,145,146,147,148,149,150,151,152,153,154,155,156,{"name":"group","origin":[8,0,8],"color":0,"children":[157,158,159,160,161]}]},{"name":"group","origin":[8,8,8],"color":0,"children":[{"name":"group","origin":[8,0,8],"color":0,"children":[162,163,164,165,166]},{"name":"group","origin":[8,0,8],"color":0,"children":[167,168,169,170,171]},{"name":"group","origin":[8,0,8],"color":0,"children":[172,173,174,175,176]},{"name":"group","origin":[8,0,8],"color":0,"children":[177,178,179,180,181]},{"name":"group","origin":[8,0,8],"color":0,"children":[182,183,184,185,186]},{"name":"group","origin":[8,0,8],"color":0,"children":[187,188,189,190,191]}]},{"name":"group","origin":[8,8,8],"color":0,"children":[192,193,194,195,196,197,198,199,200,201,202,203,204,205,206,207,208,209,210,211]}]}]}