{"credit":"Made with Blockbench","texture_size":[8,8],"textures":{"2":"politmine/item/brewery/jagermeister/bumagaegermeister","3":"politmine/item/brewery/jagermeister/zhizhaegermeister","4":"politmine/item/brewery/jagermeister/stekloegermeister","5":"politmine/item/brewery/jagermeister/gorlishkoegermeister","6":"politmine/item/brewery/jagermeister/jagermeister-5","7":"politmine/item/brewery/jagermeister/krishkaegermeister","particle":"politmine/item/brewery/jagermeister/zhizhaegermeister"},"elements":[{"from":[6.85,0.2,8.9],"to":[9.15,4.75,9.1],"rotation":{"angle":0,"axis":"y","origin":[8,0,8]},"faces":{"north":{"uv":[0,2.5,1.125,4.75],"texture":"#3"},"east":{"uv":[5.5,1,5.625,3.25],"texture":"#3"},"south":{"uv":[1.5,2.5,2.625,4.75],"texture":"#3"},"west":{"uv":[5.5,3.5,5.625,5.75],"texture":"#3"},"up":{"uv":[7.125,6.125,6,6],"texture":"#3"},"down":{"uv":[7.625,1,6.5,1.125],"texture":"#3"}}},{"from":[9.4,0.2,7.25],"to":[9.6,4.75,8.75],"rotation":{"angle":0,"axis":"y","origin":[8,0,8]},"faces":{"north":{"uv":[6,1,6.125,3.25],"texture":"#3"},"east":{"uv":[0,5,0.75,7.25],"texture":"#3"},"south":{"uv":[6,3.5,6.125,5.75],"texture":"#3"},"west":{"uv":[1,5,1.75,7.25],"texture":"#3"},"up":{"uv":[6.625,3.25,6.5,2.5],"texture":"#3"},"down":{"uv":[6.625,3.5,6.5,4.25],"texture":"#3"}}},{"from":[6.85,0.2,6.95],"to":[9.15,4.75,7.1],"rotation":{"angle":0,"axis":"y","origin":[8,0,8]},"faces":{"north":{"uv":[3,0,4.125,2.25],"texture":"#3"},"east":{"uv":[4,6,4.125,8.25],"texture":"#3"},"south":{"uv":[3,2.5,4.125,4.75],"texture":"#3"},"west":{"uv":[4.5,6,4.625,8.25],"texture":"#3"},"up":{"uv":[7.625,1.625,6.5,1.5],"texture":"#3"},"down":{"uv":[7.625,2,6.5,2.125],"texture":"#3"}}},{"from":[6.4,0.2,7.25],"to":[6.6,4.75,8.75],"rotation":{"angle":0,"axis":"y","origin":[8,0,8]},"faces":{"north":{"uv":[5,6,5.125,8.25],"texture":"#3"},"east":{"uv":[2,5,2.75,7.25],"texture":"#3"},"south":{"uv":[5.5,6,5.625,8.25],"texture":"#3"},"west":{"uv":[3,5,3.75,7.25],"texture":"#3"},"up":{"uv":[6.625,5.25,6.5,4.5],"texture":"#3"},"down":{"uv":[6.125,6.5,6,7.25],"texture":"#3"}}},{"from":[6.55,0.2,7.1],"to":[9.4,4.75,8.9],"rotation":{"angle":0,"axis":"y","origin":[8,0,8]},"faces":{"north":{"uv":[0,0,1.375,2.25],"texture":"#3"},"east":{"uv":[4.5,0,5.375,2.25],"texture":"#3"},"south":{"uv":[1.5,0,2.875,2.25],"texture":"#3"},"west":{"uv":[4.5,2.5,5.375,4.75],"texture":"#3"},"up":{"uv":[5.375,5.875,4,5],"texture":"#3"},"down":{"uv":[6.875,0,5.5,0.875],"texture":"#3"}}},{"from":[9.2,4.75,7.3],"to":[9.5,4.85,8.7],"rotation":{"angle":0,"axis":"y","origin":[8,0,8]},"faces":{"north":{"uv":[12,12,12.125,12.125],"texture":"#3"},"east":{"uv":[9.5,5,10.125,5.125],"texture":"#3"},"south":{"uv":[0,12.5,0.125,12.625],"texture":"#3"},"west":{"uv":[9.5,5.5,10.125,5.625],"texture":"#3"},"up":{"uv":[6.125,10.125,6,9.5],"texture":"#3"},"down":{"uv":[9.625,6,9.5,6.625],"texture":"#3"}}},{"from":[6.5,4.75,7.3],"to":[6.8,4.85,8.7],"rotation":{"angle":0,"axis":"y","origin":[8,0,8]},"faces":{"north":{"uv":[12.5,0,12.625,0.125],"texture":"#3"},"east":{"uv":[6.5,9.5,7.125,9.625],"texture":"#3"},"south":{"uv":[0.5,12.5,0.625,12.625],"texture":"#3"},"west":{"uv":[9.5,8,10.125,8.125],"texture":"#3"},"up":{"uv":[7.625,10.125,7.5,9.5],"texture":"#3"},"down":{"uv":[9.625,9,9.5,9.625],"texture":"#3"}}},{"from":[6.8,4.75,7.2],"to":[9.2,4.85,8.8],"rotation":{"angle":0,"axis":"y","origin":[8,0,8]},"faces":{"north":{"uv":[12.5,2,12.625,2.125],"texture":"#3"},"east":{"uv":[2.5,12.5,2.625,12.625],"texture":"#3"},"south":{"uv":[12.5,2.5,12.625,2.625],"texture":"#3"},"west":{"uv":[3,12.5,3.125,12.625],"texture":"#3"},"up":{"uv":[12.625,3.125,12.5,3],"texture":"#3"},"down":{"uv":[3.625,12.5,3.5,12.625],"texture":"#3"}}},{"from":[6.95,4.75,7],"to":[9.05,4.85,7.2],"rotation":{"angle":0,"axis":"y","origin":[8,0,8]},"faces":{"north":{"uv":[2,8.5,3,8.625],"texture":"#3"},"east":{"uv":[12.5,6.5,12.625,6.625],"texture":"#3"},"south":{"uv":[3,8.5,4,8.625],"texture":"#3"},"west":{"uv":[7,12.5,7.125,12.625],"texture":"#3"},"up":{"uv":[5,8.625,4,8.5],"texture":"#3"},"down":{"uv":[6,8.5,5,8.625],"texture":"#3"}}},{"from":[6.95,4.75,8.8],"to":[9.05,4.85,9],"rotation":{"angle":0,"axis":"y","origin":[8,0,8]},"faces":{"north":{"uv":[6,8.5,7,8.625],"texture":"#3"},"east":{"uv":[12.5,7,12.625,7.125],"texture":"#3"},"south":{"uv":[7,8.5,8,8.625],"texture":"#3"},"west":{"uv":[7.5,12.5,7.625,12.625],"texture":"#3"},"up":{"uv":[9,8.625,8,8.5],"texture":"#3"},"down":{"uv":[9.5,8,8.5,8.125],"texture":"#3"}}},{"from":[9.1,4.85,7.45],"to":[9.35,4.95,8.55],"rotation":{"angle":0,"axis":"y","origin":[8,0,8]},"faces":{"north":{"uv":[4,12,4.125,12.125],"texture":"#3"},"east":{"uv":[9.5,10,10,10.125],"texture":"#3"},"south":{"uv":[12,4,12.125,4.125],"texture":"#3"},"west":{"uv":[10,9.5,10.5,9.625],"texture":"#3"},"up":{"uv":[10.125,10.5,10,10],"texture":"#3"},"down":{"uv":[0.125,10.5,0,11],"texture":"#3"}}},{"from":[6.65,4.85,7.45],"to":[6.9,4.95,8.55],"rotation":{"angle":0,"axis":"y","origin":[8,0,8]},"faces":{"north":{"uv":[4.5,12,4.625,12.125],"texture":"#3"},"east":{"uv":[10.5,0,11,0.125],"texture":"#3"},"south":{"uv":[12,4.5,12.125,4.625],"texture":"#3"},"west":{"uv":[0.5,10.5,1,10.625],"texture":"#3"},"up":{"uv":[1.125,11,1,10.5],"texture":"#3"},"down":{"uv":[1.625,10.5,1.5,11],"texture":"#3"}}},{"from":[6.9,4.85,7.3],"to":[9.1,4.95,8.7],"rotation":{"angle":0,"axis":"y","origin":[8,0,8]},"faces":{"north":{"uv":[8,12,8.125,12.125],"texture":"#3"},"east":{"uv":[12,8,12.125,8.125],"texture":"#3"},"south":{"uv":[8.5,12,8.625,12.125],"texture":"#3"},"west":{"uv":[12,8.5,12.125,8.625],"texture":"#3"},"up":{"uv":[9.125,12.125,9,12],"texture":"#3"},"down":{"uv":[12.125,9,12,9.125],"texture":"#3"}}},{"from":[7.05,4.85,7.15],"to":[8.95,4.95,7.3],"rotation":{"angle":0,"axis":"y","origin":[8,0,8]},"faces":{"north":{"uv":[8,4,9,4.125],"texture":"#3"},"east":{"uv":[11,12,11.125,12.125],"texture":"#3"},"south":{"uv":[4.5,8,5.5,8.125],"texture":"#3"},"west":{"uv":[12,11,12.125,11.125],"texture":"#3"},"up":{"uv":[6.5,8.125,5.5,8],"texture":"#3"},"down":{"uv":[7.5,8,6.5,8.125],"texture":"#3"}}},{"from":[7.05,4.85,8.7],"to":[8.95,4.95,8.85],"rotation":{"angle":0,"axis":"y","origin":[8,0,8]},"faces":{"north":{"uv":[7.5,8,8.5,8.125],"texture":"#3"},"east":{"uv":[11.5,12,11.625,12.125],"texture":"#3"},"south":{"uv":[8,7.5,9,7.625],"texture":"#3"},"west":{"uv":[12,11.5,12.125,11.625],"texture":"#3"},"up":{"uv":[1,8.625,0,8.5],"texture":"#3"},"down":{"uv":[2,8.5,1,8.625],"texture":"#3"}}},{"from":[7.05,0.4,9.15],"to":[8.95,4.5,9.2],"rotation":{"angle":0,"axis":"y","origin":[8,0,8]},"faces":{"north":{"uv":[0.42424,0.56566,2.33049,4.65941],"texture":"#2"},"east":{"uv":[0,5,0.0625,9.09375],"texture":"#2"},"south":{"uv":[6.05657,0.80808,9.9911,15.43112],"texture":"#6"},"west":{"uv":[4,0,4.0625,4.09375],"texture":"#2"},"up":{"uv":[6.90625,0.0625,5,0],"rotation":180,"texture":"#2"},"down":{"uv":[2.90625,5,1,5.0625],"rotation":180,"texture":"#2"}}},{"from":[8.5,5.6,7.75],"to":[8.6,6.55,8.25],"rotation":{"angle":0,"axis":"y","origin":[8,0,8]},"faces":{"north":{"uv":[4,4,4.125,4.9375],"texture":"#5"},"east":{"uv":[0,0,0.5,0.9375],"texture":"#5"},"south":{"uv":[0,5,0.125,5.9375],"texture":"#5"},"west":{"uv":[0,1,0.5,1.9375],"texture":"#5"},"up":{"uv":[0.125,8.5,0,8],"texture":"#5"},"down":{"uv":[8.125,0,8,0.5],"texture":"#5"}}},{"from":[7.75,5.6,7.4],"to":[8.25,6.55,7.5],"rotation":{"angle":0,"axis":"y","origin":[8,0,8]},"faces":{"north":{"uv":[1,0,1.5,0.9375],"texture":"#5"},"east":{"uv":[5,0,5.125,0.9375],"texture":"#5"},"south":{"uv":[1,1,1.5,1.9375],"texture":"#5"},"west":{"uv":[1,5,1.125,5.9375],"texture":"#5"},"up":{"uv":[1.5,8.125,1,8],"texture":"#5"},"down":{"uv":[8.5,1,8,1.125],"texture":"#5"}}},{"from":[7.4,5.6,7.75],"to":[7.5,6.55,8.25],"rotation":{"angle":0,"axis":"y","origin":[8,0,8]},"faces":{"north":{"uv":[5,1,5.125,1.9375],"texture":"#5"},"east":{"uv":[0,2,0.5,2.9375],"texture":"#5"},"south":{"uv":[2,5,2.125,5.9375],"texture":"#5"},"west":{"uv":[2,0,2.5,0.9375],"texture":"#5"},"up":{"uv":[2.125,8.5,2,8],"texture":"#5"},"down":{"uv":[8.125,2,8,2.5],"texture":"#5"}}},{"from":[7.75,5.6,8.5],"to":[8.25,6.55,8.6],"rotation":{"angle":0,"axis":"y","origin":[8,0,8]},"faces":{"north":{"uv":[1,2,1.5,2.9375],"texture":"#5"},"east":{"uv":[5,2,5.125,2.9375],"texture":"#5"},"south":{"uv":[2,1,2.5,1.9375],"texture":"#5"},"west":{"uv":[3,5,3.125,5.9375],"texture":"#5"},"up":{"uv":[3.5,8.125,3,8],"texture":"#5"},"down":{"uv":[8.5,3,8,3.125],"texture":"#5"}}},{"from":[8.4,5.6,8.25],"to":[8.5,6.55,8.4],"rotation":{"angle":0,"axis":"y","origin":[8,0,8]},"faces":{"north":{"uv":[5,3,5.125,3.9375],"texture":"#5"},"east":{"uv":[4,5,4.125,5.9375],"texture":"#5"},"south":{"uv":[5,4,5.125,4.9375],"texture":"#5"},"west":{"uv":[5,5,5.125,5.9375],"texture":"#5"},"up":{"uv":[11.125,3.125,11,3],"texture":"#5"},"down":{"uv":[4.125,11,4,11.125],"texture":"#5"}}},{"from":[7.5,5.6,8.25],"to":[7.6,6.55,8.4],"rotation":{"angle":0,"axis":"y","origin":[8,0,8]},"faces":{"north":{"uv":[0,6,0.125,6.9375],"texture":"#5"},"east":{"uv":[6,0,6.125,0.9375],"texture":"#5"},"south":{"uv":[1,6,1.125,6.9375],"texture":"#5"},"west":{"uv":[6,1,6.125,1.9375],"texture":"#5"},"up":{"uv":[11.125,4.125,11,4],"texture":"#5"},"down":{"uv":[5.125,11,5,11.125],"texture":"#5"}}},{"from":[7.5,5.6,8.4],"to":[7.75,6.55,8.5],"rotation":{"angle":0,"axis":"y","origin":[8,0,8]},"faces":{"north":{"uv":[2,2,2.25,2.9375],"texture":"#5"},"east":{"uv":[2,6,2.125,6.9375],"texture":"#5"},"south":{"uv":[0,3,0.25,3.9375],"texture":"#5"},"west":{"uv":[6,2,6.125,2.9375],"texture":"#5"},"up":{"uv":[6.25,10.125,6,10],"texture":"#5"},"down":{"uv":[10.25,6,10,6.125],"texture":"#5"}}},{"from":[7.6,5.6,7.5],"to":[7.75,6.55,7.6],"rotation":{"angle":0,"axis":"y","origin":[8,0,8]},"faces":{"north":{"uv":[3,6,3.125,6.9375],"texture":"#5"},"east":{"uv":[6,3,6.125,3.9375],"texture":"#5"},"south":{"uv":[4,6,4.125,6.9375],"texture":"#5"},"west":{"uv":[6,4,6.125,4.9375],"texture":"#5"},"up":{"uv":[11.125,5.125,11,5],"texture":"#5"},"down":{"uv":[6.125,11,6,11.125],"texture":"#5"}}},{"from":[7.5,5.6,7.5],"to":[7.6,6.55,7.75],"rotation":{"angle":0,"axis":"y","origin":[8,0,8]},"faces":{"north":{"uv":[5,6,5.125,6.9375],"texture":"#5"},"east":{"uv":[3,0,3.25,0.9375],"texture":"#5"},"south":{"uv":[6,5,6.125,5.9375],"texture":"#5"},"west":{"uv":[1,3,1.25,3.9375],"texture":"#5"},"up":{"uv":[7.125,10.25,7,10],"texture":"#5"},"down":{"uv":[10.125,7,10,7.25],"texture":"#5"}}},{"from":[8.4,5.6,7.6],"to":[8.5,6.55,7.75],"rotation":{"angle":0,"axis":"y","origin":[8,0,8]},"faces":{"north":{"uv":[6,6,6.125,6.9375],"texture":"#5"},"east":{"uv":[0,7,0.125,7.9375],"texture":"#5"},"south":{"uv":[7,0,7.125,0.9375],"texture":"#5"},"west":{"uv":[1,7,1.125,7.9375],"texture":"#5"},"up":{"uv":[11.125,6.125,11,6],"texture":"#5"},"down":{"uv":[7.125,11,7,11.125],"texture":"#5"}}},{"from":[8.25,5.6,7.5],"to":[8.5,6.55,7.6],"rotation":{"angle":0,"axis":"y","origin":[8,0,8]},"faces":{"north":{"uv":[3,1,3.25,1.9375],"texture":"#5"},"east":{"uv":[7,1,7.125,1.9375],"texture":"#5"},"south":{"uv":[2,3,2.25,3.9375],"texture":"#5"},"west":{"uv":[2,7,2.125,7.9375],"texture":"#5"},"up":{"uv":[8.25,10.125,8,10],"texture":"#5"},"down":{"uv":[10.25,8,10,8.125],"texture":"#5"}}},{"from":[8.25,5.6,8.4],"to":[8.5,6.55,8.5],"rotation":{"angle":0,"axis":"y","origin":[8,0,8]},"faces":{"north":{"uv":[3,2,3.25,2.9375],"texture":"#5"},"east":{"uv":[7,2,7.125,2.9375],"texture":"#5"},"south":{"uv":[3,3,3.25,3.9375],"texture":"#5"},"west":{"uv":[3,7,3.125,7.9375],"texture":"#5"},"up":{"uv":[9.25,10.125,9,10],"texture":"#5"},"down":{"uv":[10.25,9,10,9.125],"texture":"#5"}}},{"from":[8.4,6.2,7.75],"to":[8.5,6.65,8.25],"rotation":{"angle":0,"axis":"y","origin":[8,0,8]},"faces":{"north":{"uv":[8,8,8.125,8.4375],"texture":"#5"},"east":{"uv":[0,4,0.5,4.4375],"texture":"#5"},"south":{"uv":[0,9,0.125,9.4375],"texture":"#5"},"west":{"uv":[4,0,4.5,0.4375],"texture":"#5"},"up":{"uv":[4.125,8.5,4,8],"texture":"#5"},"down":{"uv":[8.125,4,8,4.5],"texture":"#5"}}},{"from":[7.75,6.2,7.5],"to":[8.25,6.65,7.6],"rotation":{"angle":0,"axis":"y","origin":[8,0,8]},"faces":{"north":{"uv":[1,4,1.5,4.4375],"texture":"#5"},"east":{"uv":[9,0,9.125,0.4375],"texture":"#5"},"south":{"uv":[4,1,4.5,1.4375],"texture":"#5"},"west":{"uv":[1,9,1.125,9.4375],"texture":"#5"},"up":{"uv":[5.5,8.125,5,8],"texture":"#5"},"down":{"uv":[8.5,5,8,5.125],"texture":"#5"}}},{"from":[7.5,6.2,7.75],"to":[7.6,6.65,8.25],"rotation":{"angle":0,"axis":"y","origin":[8,0,8]},"faces":{"north":{"uv":[9,1,9.125,1.4375],"texture":"#5"},"east":{"uv":[2,4,2.5,4.4375],"texture":"#5"},"south":{"uv":[2,9,2.125,9.4375],"texture":"#5"},"west":{"uv":[4,2,4.5,2.4375],"texture":"#5"},"up":{"uv":[6.125,8.5,6,8],"texture":"#5"},"down":{"uv":[8.125,6,8,6.5],"texture":"#5"}}},{"from":[7.75,6.2,8.4],"to":[8.25,6.65,8.5],"rotation":{"angle":0,"axis":"y","origin":[8,0,8]},"faces":{"north":{"uv":[3,4,3.5,4.4375],"texture":"#5"},"east":{"uv":[9,2,9.125,2.4375],"texture":"#5"},"south":{"uv":[4,3,4.5,3.4375],"texture":"#5"},"west":{"uv":[3,9,3.125,9.4375],"texture":"#5"},"up":{"uv":[7.5,8.125,7,8],"texture":"#5"},"down":{"uv":[8.5,7,8,7.125],"texture":"#5"}}},{"from":[8.3,6.2,8.15],"to":[8.4,6.65,8.3],"rotation":{"angle":0,"axis":"y","origin":[8,0,8]},"faces":{"north":{"uv":[9,3,9.125,3.4375],"texture":"#5"},"east":{"uv":[4,9,4.125,9.4375],"texture":"#5"},"south":{"uv":[9,4,9.125,4.4375],"texture":"#5"},"west":{"uv":[5,9,5.125,9.4375],"texture":"#5"},"up":{"uv":[11.125,7.125,11,7],"texture":"#5"},"down":{"uv":[8.125,11,8,11.125],"texture":"#5"}}},{"from":[7.6,6.2,8.15],"to":[7.7,6.65,8.3],"rotation":{"angle":0,"axis":"y","origin":[8,0,8]},"faces":{"north":{"uv":[9,5,9.125,5.4375],"texture":"#5"},"east":{"uv":[6,9,6.125,9.4375],"texture":"#5"},"south":{"uv":[9,6,9.125,6.4375],"texture":"#5"},"west":{"uv":[7,9,7.125,9.4375],"texture":"#5"},"up":{"uv":[11.125,8.125,11,8],"texture":"#5"},"down":{"uv":[9.125,11,9,11.125],"texture":"#5"}}},{"from":[7.6,6.2,8.3],"to":[7.85,6.65,8.4],"rotation":{"angle":0,"axis":"y","origin":[8,0,8]},"faces":{"north":{"uv":[7,3,7.25,3.4375],"texture":"#5"},"east":{"uv":[9,7,9.125,7.4375],"texture":"#5"},"south":{"uv":[4,7,4.25,7.4375],"texture":"#5"},"west":{"uv":[8,9,8.125,9.4375],"texture":"#5"},"up":{"uv":[10.25,10.125,10,10],"texture":"#5"},"down":{"uv":[0.25,11,0,11.125],"texture":"#5"}}},{"from":[7.7,6.2,7.6],"to":[7.85,6.65,7.7],"rotation":{"angle":0,"axis":"y","origin":[8,0,8]},"faces":{"north":{"uv":[9,8,9.125,8.4375],"texture":"#5"},"east":{"uv":[9,9,9.125,9.4375],"texture":"#5"},"south":{"uv":[0,10,0.125,10.4375],"texture":"#5"},"west":{"uv":[10,0,10.125,0.4375],"texture":"#5"},"up":{"uv":[11.125,9.125,11,9],"texture":"#5"},"down":{"uv":[10.125,11,10,11.125],"texture":"#5"}}},{"from":[7.6,6.2,7.6],"to":[7.7,6.65,7.85],"rotation":{"angle":0,"axis":"y","origin":[8,0,8]},"faces":{"north":{"uv":[1,10,1.125,10.4375],"texture":"#5"},"east":{"uv":[7,4,7.25,4.4375],"texture":"#5"},"south":{"uv":[10,1,10.125,1.4375],"texture":"#5"},"west":{"uv":[5,7,5.25,7.4375],"texture":"#5"},"up":{"uv":[11.125,0.25,11,0],"texture":"#5"},"down":{"uv":[1.125,11,1,11.25],"texture":"#5"}}},{"from":[8.3,6.2,7.7],"to":[8.4,6.65,7.85],"rotation":{"angle":0,"axis":"y","origin":[8,0,8]},"faces":{"north":{"uv":[2,10,2.125,10.4375],"texture":"#5"},"east":{"uv":[10,2,10.125,2.4375],"texture":"#5"},"south":{"uv":[3,10,3.125,10.4375],"texture":"#5"},"west":{"uv":[10,3,10.125,3.4375],"texture":"#5"},"up":{"uv":[11.125,10.125,11,10],"texture":"#5"},"down":{"uv":[11.125,11,11,11.125],"texture":"#5"}}},{"from":[8.15,6.2,7.6],"to":[8.4,6.65,7.7],"rotation":{"angle":0,"axis":"y","origin":[8,0,8]},"faces":{"north":{"uv":[7,5,7.25,5.4375],"texture":"#5"},"east":{"uv":[4,10,4.125,10.4375],"texture":"#5"},"south":{"uv":[6,7,6.25,7.4375],"texture":"#5"},"west":{"uv":[10,4,10.125,4.4375],"texture":"#5"},"up":{"uv":[11.25,1.125,11,1],"texture":"#5"},"down":{"uv":[2.25,11,2,11.125],"texture":"#5"}}},{"from":[8.15,6.2,8.3],"to":[8.4,6.65,8.4],"rotation":{"angle":0,"axis":"y","origin":[8,0,8]},"faces":{"north":{"uv":[7,6,7.25,6.4375],"texture":"#5"},"east":{"uv":[5,10,5.125,10.4375],"texture":"#5"},"south":{"uv":[7,7,7.25,7.4375],"texture":"#5"},"west":{"uv":[10,5,10.125,5.4375],"texture":"#5"},"up":{"uv":[11.25,2.125,11,2],"texture":"#5"},"down":{"uv":[3.25,11,3,11.125],"texture":"#5"}}},{"from":[8.5,6.6,7.7],"to":[8.6,6.7,8.3],"rotation":{"angle":0,"axis":"y","origin":[8,0,8]},"faces":{"north":{"uv":[6,8,6.1875,8.1875],"texture":"#7"},"east":{"uv":[2,4,3.1875,4.1875],"texture":"#7"},"south":{"uv":[8,6,8.1875,6.1875],"texture":"#7"},"west":{"uv":[4,2,5.1875,2.1875],"texture":"#7"},"up":{"uv":[4.1875,5.1875,4,4],"texture":"#7"},"down":{"uv":[0.1875,6,0,7.1875],"texture":"#7"}}},{"from":[7.7,6.6,7.4],"to":[8.3,6.7,7.5],"rotation":{"angle":0,"axis":"y","origin":[8,0,8]},"faces":{"north":{"uv":[6,0,7.1875,0.1875],"texture":"#7"},"east":{"uv":[8,8,8.1875,8.1875],"texture":"#7"},"south":{"uv":[2,6,3.1875,6.1875],"texture":"#7"},"west":{"uv":[0,10,0.1875,10.1875],"texture":"#7"},"up":{"uv":[7.1875,2.1875,6,2],"texture":"#7"},"down":{"uv":[5.1875,6,4,6.1875],"texture":"#7"}}},{"from":[7.4,6.6,7.7],"to":[7.5,6.7,8.3],"rotation":{"angle":0,"axis":"y","origin":[8,0,8]},"faces":{"north":{"uv":[10,0,10.1875,0.1875],"texture":"#7"},"east":{"uv":[6,4,7.1875,4.1875],"texture":"#7"},"south":{"uv":[2,10,2.1875,10.1875],"texture":"#7"},"west":{"uv":[6,6,7.1875,6.1875],"texture":"#7"},"up":{"uv":[0.1875,9.1875,0,8],"texture":"#7"},"down":{"uv":[8.1875,0,8,1.1875],"texture":"#7"}}},{"from":[7.7,6.6,8.5],"to":[8.3,6.7,8.6],"rotation":{"angle":0,"axis":"y","origin":[8,0,8]},"faces":{"north":{"uv":[2,8,3.1875,8.1875],"texture":"#7"},"east":{"uv":[10,2,10.1875,2.1875],"texture":"#7"},"south":{"uv":[8,2,9.1875,2.1875],"texture":"#7"},"west":{"uv":[4,10,4.1875,10.1875],"texture":"#7"},"up":{"uv":[5.1875,8.1875,4,8],"texture":"#7"},"down":{"uv":[9.1875,4,8,4.1875],"texture":"#7"}}},{"from":[7.5,6.6,7.5],"to":[8.5,6.7,8.5],"rotation":{"angle":0,"axis":"y","origin":[8,0,8]},"faces":{"north":{"uv":[2,0,4,0.1875],"texture":"#7"},"east":{"uv":[2,2,4,2.1875],"texture":"#7"},"south":{"uv":[0,4,2,4.1875],"texture":"#7"},"west":{"uv":[4,0,6,0.1875],"texture":"#7"},"up":{"uv":[2,2,0,0],"texture":"#7"},"down":{"uv":[2,2,0,4],"texture":"#7"}}},{"from":[8.4,5.3,7.75],"to":[8.5,5.85,8.25],"rotation":{"angle":0,"axis":"y","origin":[8,0,8]},"faces":{"north":{"uv":[10.5,7.5,10.625,7.75],"texture":"#4"},"east":{"uv":[10,2.5,10.25,2.75],"texture":"#4"},"south":{"uv":[8,10.5,8.125,10.75],"texture":"#4"},"west":{"uv":[10,3,10.25,3.25],"texture":"#4"},"up":{"uv":[10.625,8.25,10.5,8],"texture":"#4"},"down":{"uv":[8.625,10.5,8.5,10.75],"texture":"#4"}}},{"from":[7.75,5.3,7.5],"to":[8.25,5.85,7.6],"rotation":{"angle":0,"axis":"y","origin":[8,0,8]},"faces":{"north":{"uv":[10,3.5,10.25,3.75],"texture":"#4"},"east":{"uv":[10.5,8.5,10.625,8.75],"texture":"#4"},"south":{"uv":[4,10,4.25,10.25],"texture":"#4"},"west":{"uv":[9,10.5,9.125,10.75],"texture":"#4"},"up":{"uv":[10.75,9.125,10.5,9],"texture":"#4"},"down":{"uv":[9.75,10.5,9.5,10.625],"texture":"#4"}}},{"from":[7.5,5.3,7.75],"to":[7.6,5.85,8.25],"rotation":{"angle":0,"axis":"y","origin":[8,0,8]},"faces":{"north":{"uv":[10.5,9.5,10.625,9.75],"texture":"#4"},"east":{"uv":[4.5,10,4.75,10.25],"texture":"#4"},"south":{"uv":[10,10.5,10.125,10.75],"texture":"#4"},"west":{"uv":[5,10,5.25,10.25],"texture":"#4"},"up":{"uv":[10.625,10.25,10.5,10],"texture":"#4"},"down":{"uv":[10.625,10.5,10.5,10.75],"texture":"#4"}}},{"from":[7.75,5.3,8.4],"to":[8.25,5.85,8.5],"rotation":{"angle":0,"axis":"y","origin":[8,0,8]},"faces":{"north":{"uv":[5.5,10,5.75,10.25],"texture":"#4"},"east":{"uv":[0,11,0.125,11.25],"texture":"#4"},"south":{"uv":[10,6,10.25,6.25],"texture":"#4"},"west":{"uv":[11,0,11.125,0.25],"texture":"#4"},"up":{"uv":[0.75,11.125,0.5,11],"texture":"#4"},"down":{"uv":[11.25,0.5,11,0.625],"texture":"#4"}}},{"from":[8.3,5.3,8.15],"to":[8.4,5.85,8.3],"rotation":{"angle":0,"axis":"y","origin":[8,0,8]},"faces":{"north":{"uv":[1,11,1.125,11.25],"texture":"#4"},"east":{"uv":[11,1,11.125,1.25],"texture":"#4"},"south":{"uv":[1.5,11,1.625,11.25],"texture":"#4"},"west":{"uv":[11,1.5,11.125,1.75],"texture":"#4"},"up":{"uv":[11.625,1.625,11.5,1.5],"texture":"#4"},"down":{"uv":[2.125,11.5,2,11.625],"texture":"#4"}}},{"from":[7.6,5.3,8.15],"to":[7.7,5.85,8.3],"rotation":{"angle":0,"axis":"y","origin":[8,0,8]},"faces":{"north":{"uv":[2,11,2.125,11.25],"texture":"#4"},"east":{"uv":[11,2,11.125,2.25],"texture":"#4"},"south":{"uv":[2.5,11,2.625,11.25],"texture":"#4"},"west":{"uv":[11,2.5,11.125,2.75],"texture":"#4"},"up":{"uv":[11.625,2.125,11.5,2],"texture":"#4"},"down":{"uv":[2.625,11.5,2.5,11.625],"texture":"#4"}}},{"from":[7.6,5.3,8.3],"to":[7.85,5.85,8.4],"rotation":{"angle":0,"axis":"y","origin":[8,0,8]},"faces":{"north":{"uv":[3,11,3.125,11.25],"texture":"#4"},"east":{"uv":[11,3,11.125,3.25],"texture":"#4"},"south":{"uv":[3.5,11,3.625,11.25],"texture":"#4"},"west":{"uv":[11,3.5,11.125,3.75],"texture":"#4"},"up":{"uv":[11.625,2.625,11.5,2.5],"texture":"#4"},"down":{"uv":[3.125,11.5,3,11.625],"texture":"#4"}}},{"from":[7.7,5.3,7.6],"to":[7.85,5.85,7.7],"rotation":{"angle":0,"axis":"y","origin":[8,0,8]},"faces":{"north":{"uv":[4,11,4.125,11.25],"texture":"#4"},"east":{"uv":[11,4,11.125,4.25],"texture":"#4"},"south":{"uv":[4.5,11,4.625,11.25],"texture":"#4"},"west":{"uv":[11,4.5,11.125,4.75],"texture":"#4"},"up":{"uv":[11.625,3.125,11.5,3],"texture":"#4"},"down":{"uv":[3.625,11.5,3.5,11.625],"texture":"#4"}}},{"from":[7.6,5.3,7.6],"to":[7.7,5.85,7.85],"rotation":{"angle":0,"axis":"y","origin":[8,0,8]},"faces":{"north":{"uv":[5,11,5.125,11.25],"texture":"#4"},"east":{"uv":[11,5,11.125,5.25],"texture":"#4"},"south":{"uv":[5.5,11,5.625,11.25],"texture":"#4"},"west":{"uv":[11,5.5,11.125,5.75],"texture":"#4"},"up":{"uv":[11.625,3.625,11.5,3.5],"texture":"#4"},"down":{"uv":[4.125,11.5,4,11.625],"texture":"#4"}}},{"from":[8.3,5.3,7.7],"to":[8.4,5.85,7.85],"rotation":{"angle":0,"axis":"y","origin":[8,0,8]},"faces":{"north":{"uv":[6,11,6.125,11.25],"texture":"#4"},"east":{"uv":[11,6,11.125,6.25],"texture":"#4"},"south":{"uv":[6.5,11,6.625,11.25],"texture":"#4"},"west":{"uv":[11,6.5,11.125,6.75],"texture":"#4"},"up":{"uv":[11.625,4.125,11.5,4],"texture":"#4"},"down":{"uv":[4.625,11.5,4.5,11.625],"texture":"#4"}}},{"from":[8.15,5.3,7.6],"to":[8.4,5.85,7.7],"rotation":{"angle":0,"axis":"y","origin":[8,0,8]},"faces":{"north":{"uv":[7,11,7.125,11.25],"texture":"#4"},"east":{"uv":[11,7,11.125,7.25],"texture":"#4"},"south":{"uv":[7.5,11,7.625,11.25],"texture":"#4"},"west":{"uv":[11,7.5,11.125,7.75],"texture":"#4"},"up":{"uv":[11.625,4.625,11.5,4.5],"texture":"#4"},"down":{"uv":[5.125,11.5,5,11.625],"texture":"#4"}}},{"from":[8.15,5.3,8.3],"to":[8.4,5.85,8.4],"rotation":{"angle":0,"axis":"y","origin":[8,0,8]},"faces":{"north":{"uv":[8,11,8.125,11.25],"texture":"#4"},"east":{"uv":[11,8,11.125,8.25],"texture":"#4"},"south":{"uv":[8.5,11,8.625,11.25],"texture":"#4"},"west":{"uv":[11,8.5,11.125,8.75],"texture":"#4"},"up":{"uv":[11.625,5.125,11.5,5],"texture":"#4"},"down":{"uv":[5.625,11.5,5.5,11.625],"texture":"#4"}}},{"from":[8.4,5.1,7.75],"to":[8.7,5.35,8.25],"rotation":{"angle":0,"axis":"y","origin":[8,0,8]},"faces":{"north":{"uv":[11.5,5.5,11.625,5.625],"texture":"#4"},"east":{"uv":[9,11,9.25,11.125],"texture":"#4"},"south":{"uv":[6,11.5,6.125,11.625],"texture":"#4"},"west":{"uv":[11,9,11.25,9.125],"texture":"#4"},"up":{"uv":[9.625,11.25,9.5,11],"texture":"#4"},"down":{"uv":[11.125,9.5,11,9.75],"texture":"#4"}}},{"from":[7.3,5.1,7.75],"to":[7.6,5.35,8.25],"rotation":{"angle":0,"axis":"y","origin":[8,0,8]},"faces":{"north":{"uv":[11.5,6,11.625,6.125],"texture":"#4"},"east":{"uv":[10,11,10.25,11.125],"texture":"#4"},"south":{"uv":[6.5,11.5,6.625,11.625],"texture":"#4"},"west":{"uv":[11,10,11.25,10.125],"texture":"#4"},"up":{"uv":[10.625,11.25,10.5,11],"texture":"#4"},"down":{"uv":[11.125,10.5,11,10.75],"texture":"#4"}}},{"from":[7.4,5.1,8.25],"to":[7.65,5.35,8.5],"rotation":{"angle":0,"axis":"y","origin":[8,0,8]},"faces":{"north":{"uv":[11.5,6.5,11.625,6.625],"texture":"#4"},"east":{"uv":[7,11.5,7.125,11.625],"texture":"#4"},"south":{"uv":[11.5,7,11.625,7.125],"texture":"#4"},"west":{"uv":[7.5,11.5,7.625,11.625],"texture":"#4"},"up":{"uv":[11.625,7.625,11.5,7.5],"texture":"#4"},"down":{"uv":[8.125,11.5,8,11.625],"texture":"#4"}}},{"from":[8.35,5.1,8.25],"to":[8.6,5.35,8.5],"rotation":{"angle":0,"axis":"y","origin":[8,0,8]},"faces":{"north":{"uv":[11.5,8,11.625,8.125],"texture":"#4"},"east":{"uv":[8.5,11.5,8.625,11.625],"texture":"#4"},"south":{"uv":[11.5,8.5,11.625,8.625],"texture":"#4"},"west":{"uv":[9,11.5,9.125,11.625],"texture":"#4"},"up":{"uv":[11.625,9.125,11.5,9],"texture":"#4"},"down":{"uv":[9.625,11.5,9.5,11.625],"texture":"#4"}}},{"from":[8.35,5.1,7.5],"to":[8.6,5.35,7.75],"rotation":{"angle":0,"axis":"y","origin":[8,0,8]},"faces":{"north":{"uv":[11.5,9.5,11.625,9.625],"texture":"#4"},"east":{"uv":[10,11.5,10.125,11.625],"texture":"#4"},"south":{"uv":[11.5,10,11.625,10.125],"texture":"#4"},"west":{"uv":[10.5,11.5,10.625,11.625],"texture":"#4"},"up":{"uv":[11.625,10.625,11.5,10.5],"texture":"#4"},"down":{"uv":[11.125,11.5,11,11.625],"texture":"#4"}}},{"from":[7.4,5.1,7.5],"to":[7.65,5.35,7.75],"rotation":{"angle":0,"axis":"y","origin":[8,0,8]},"faces":{"north":{"uv":[11.5,11,11.625,11.125],"texture":"#4"},"east":{"uv":[11.5,11.5,11.625,11.625],"texture":"#4"},"south":{"uv":[0,12,0.125,12.125],"texture":"#4"},"west":{"uv":[12,0,12.125,0.125],"texture":"#4"},"up":{"uv":[0.625,12.125,0.5,12],"texture":"#4"},"down":{"uv":[12.125,0.5,12,0.625],"texture":"#4"}}},{"from":[7.65,5.1,7.35],"to":[8.35,5.35,7.6],"rotation":{"angle":0,"axis":"y","origin":[8,0,8]},"faces":{"north":{"uv":[10.5,3.5,10.875,3.625],"texture":"#4"},"east":{"uv":[1,12,1.125,12.125],"texture":"#4"},"south":{"uv":[4,10.5,4.375,10.625],"texture":"#4"},"west":{"uv":[12,1,12.125,1.125],"texture":"#4"},"up":{"uv":[10.875,4.125,10.5,4],"texture":"#4"},"down":{"uv":[4.875,10.5,4.5,10.625],"texture":"#4"}}},{"from":[7.65,5.1,8.4],"to":[8.35,5.35,8.65],"rotation":{"angle":0,"axis":"y","origin":[8,0,8]},"faces":{"north":{"uv":[10.5,4.5,10.875,4.625],"texture":"#4"},"east":{"uv":[1.5,12,1.625,12.125],"texture":"#4"},"south":{"uv":[5,10.5,5.375,10.625],"texture":"#4"},"west":{"uv":[12,1.5,12.125,1.625],"texture":"#4"},"up":{"uv":[10.875,5.125,10.5,5],"texture":"#4"},"down":{"uv":[5.875,10.5,5.5,10.625],"texture":"#4"}}},{"from":[8.9,4.95,7.55],"to":[9.05,5.1,8.45],"rotation":{"angle":0,"axis":"y","origin":[8,0,8]},"faces":{"north":{"uv":[2,12,2.125,12.125],"texture":"#4"},"east":{"uv":[6.5,10,7,10.125],"texture":"#4"},"south":{"uv":[12,2,12.125,2.125],"texture":"#4"},"west":{"uv":[10,6.5,10.5,6.625],"texture":"#4"},"up":{"uv":[7.125,10.5,7,10],"texture":"#4"},"down":{"uv":[10.125,7,10,7.5],"texture":"#4"}}},{"from":[6.85,4.95,7.55],"to":[7,5.1,8.45],"rotation":{"angle":0,"axis":"y","origin":[8,0,8]},"faces":{"north":{"uv":[2.5,12,2.625,12.125],"texture":"#4"},"east":{"uv":[10,7.5,10.5,7.625],"texture":"#4"},"south":{"uv":[12,2.5,12.125,2.625],"texture":"#4"},"west":{"uv":[8,10,8.5,10.125],"texture":"#4"},"up":{"uv":[8.625,10.5,8.5,10],"texture":"#4"},"down":{"uv":[10.125,8.5,10,9],"texture":"#4"}}},{"from":[7,4.95,7.4],"to":[7.65,5.1,8.6],"rotation":{"angle":0,"axis":"y","origin":[8,0,8]},"faces":{"north":{"uv":[10.5,7,10.875,7.125],"texture":"#4"},"east":{"uv":[11.5,0,11.75,0.125],"texture":"#4"},"south":{"uv":[7.5,10.5,7.875,10.625],"texture":"#4"},"west":{"uv":[0.5,11.5,0.75,11.625],"texture":"#4"},"up":{"uv":[6.875,9.25,6.5,9],"texture":"#4"},"down":{"uv":[9.375,6.5,9,6.75],"texture":"#4"}}},{"from":[8.35,4.95,7.4],"to":[8.9,5.1,8.6],"rotation":{"angle":0,"axis":"y","origin":[8,0,8]},"faces":{"north":{"uv":[11.5,0.5,11.75,0.625],"texture":"#4"},"east":{"uv":[1,11.5,1.25,11.625],"texture":"#4"},"south":{"uv":[11.5,1,11.75,1.125],"texture":"#4"},"west":{"uv":[1.5,11.5,1.75,11.625],"texture":"#4"},"up":{"uv":[9.25,10.25,9,10],"texture":"#4"},"down":{"uv":[10.25,9,10,9.25],"texture":"#4"}}},{"from":[7.15,4.95,7.25],"to":[8.85,5.1,7.4],"rotation":{"angle":0,"axis":"y","origin":[8,0,8]},"faces":{"north":{"uv":[0,9,0.875,9.125],"texture":"#4"},"east":{"uv":[3,12,3.125,12.125],"texture":"#4"},"south":{"uv":[1,9,1.875,9.125],"texture":"#4"},"west":{"uv":[12,3,12.125,3.125],"texture":"#4"},"up":{"uv":[2.875,9.125,2,9],"texture":"#4"},"down":{"uv":[9.875,2.5,9,2.625],"texture":"#4"}}},{"from":[7.15,4.95,8.6],"to":[8.85,5.1,8.75],"rotation":{"angle":0,"axis":"y","origin":[8,0,8]},"faces":{"north":{"uv":[3,9,3.875,9.125],"texture":"#4"},"east":{"uv":[3.5,12,3.625,12.125],"texture":"#4"},"south":{"uv":[9,3,9.875,3.125],"texture":"#4"},"west":{"uv":[12,3.5,12.125,3.625],"texture":"#4"},"up":{"uv":[9.875,3.625,9,3.5],"texture":"#4"},"down":{"uv":[4.875,9,4,9.125],"texture":"#4"}}},{"from":[8.9,5,7.45],"to":[9.25,5.05,8.55],"rotation":{"angle":0,"axis":"y","origin":[8,0,8]},"faces":{"north":{"uv":[4,12,4.125,12.125],"texture":"#4"},"east":{"uv":[9.5,10,10,10.125],"texture":"#4"},"south":{"uv":[12,4,12.125,4.125],"texture":"#4"},"west":{"uv":[10,9.5,10.5,9.625],"texture":"#4"},"up":{"uv":[10.125,10.5,10,10],"texture":"#4"},"down":{"uv":[0.125,10.5,0,11],"texture":"#4"}}},{"from":[6.75,5,7.45],"to":[7.1,5.05,8.55],"rotation":{"angle":0,"axis":"y","origin":[8,0,8]},"faces":{"north":{"uv":[4.5,12,4.625,12.125],"texture":"#4"},"east":{"uv":[10.5,0,11,0.125],"texture":"#4"},"south":{"uv":[12,4.5,12.125,4.625],"texture":"#4"},"west":{"uv":[0.5,10.5,1,10.625],"texture":"#4"},"up":{"uv":[1.125,11,1,10.5],"texture":"#4"},"down":{"uv":[1.625,10.5,1.5,11],"texture":"#4"}}},{"from":[6.9,5,8.55],"to":[7.15,5.05,8.7],"rotation":{"angle":0,"axis":"y","origin":[8,0,8]},"faces":{"north":{"uv":[5,12,5.125,12.125],"texture":"#4"},"east":{"uv":[12,5,12.125,5.125],"texture":"#4"},"south":{"uv":[5.5,12,5.625,12.125],"texture":"#4"},"west":{"uv":[12,5.5,12.125,5.625],"texture":"#4"},"up":{"uv":[6.125,12.125,6,12],"texture":"#4"},"down":{"uv":[12.125,6,12,6.125],"texture":"#4"}}},{"from":[8.85,5,8.55],"to":[9.1,5.05,8.7],"rotation":{"angle":0,"axis":"y","origin":[8,0,8]},"faces":{"north":{"uv":[6.5,12,6.625,12.125],"texture":"#4"},"east":{"uv":[12,6.5,12.125,6.625],"texture":"#4"},"south":{"uv":[7,12,7.125,12.125],"texture":"#4"},"west":{"uv":[12,7,12.125,7.125],"texture":"#4"},"up":{"uv":[7.625,12.125,7.5,12],"texture":"#4"},"down":{"uv":[12.125,7.5,12,7.625],"texture":"#4"}}},{"from":[8.85,5,7.3],"to":[9.1,5.05,7.45],"rotation":{"angle":0,"axis":"y","origin":[8,0,8]},"faces":{"north":{"uv":[8,12,8.125,12.125],"texture":"#4"},"east":{"uv":[12,8,12.125,8.125],"texture":"#4"},"south":{"uv":[8.5,12,8.625,12.125],"texture":"#4"},"west":{"uv":[12,8.5,12.125,8.625],"texture":"#4"},"up":{"uv":[9.125,12.125,9,12],"texture":"#4"},"down":{"uv":[12.125,9,12,9.125],"texture":"#4"}}},{"from":[6.9,5,7.3],"to":[7.15,5.05,7.45],"rotation":{"angle":0,"axis":"y","origin":[8,0,8]},"faces":{"north":{"uv":[9.5,12,9.625,12.125],"texture":"#4"},"east":{"uv":[12,9.5,12.125,9.625],"texture":"#4"},"south":{"uv":[10,12,10.125,12.125],"texture":"#4"},"west":{"uv":[12,10,12.125,10.125],"texture":"#4"},"up":{"uv":[10.625,12.125,10.5,12],"texture":"#4"},"down":{"uv":[12.125,10.5,12,10.625],"texture":"#4"}}},{"from":[7.05,5,7.15],"to":[8.95,5.05,7.3],"rotation":{"angle":0,"axis":"y","origin":[8,0,8]},"faces":{"north":{"uv":[8,4,9,4.125],"texture":"#4"},"east":{"uv":[11,12,11.125,12.125],"texture":"#4"},"south":{"uv":[4.5,8,5.5,8.125],"texture":"#4"},"west":{"uv":[12,11,12.125,11.125],"texture":"#4"},"up":{"uv":[6.5,8.125,5.5,8],"texture":"#4"},"down":{"uv":[7.5,8,6.5,8.125],"texture":"#4"}}},{"from":[7.05,5,8.7],"to":[8.95,5.05,8.85],"rotation":{"angle":0,"axis":"y","origin":[8,0,8]},"faces":{"north":{"uv":[7.5,8,8.5,8.125],"texture":"#4"},"east":{"uv":[11.5,12,11.625,12.125],"texture":"#4"},"south":{"uv":[8,7.5,9,7.625],"texture":"#4"},"west":{"uv":[12,11.5,12.125,11.625],"texture":"#4"},"up":{"uv":[1,8.625,0,8.5],"texture":"#4"},"down":{"uv":[2,8.5,1,8.625],"texture":"#4"}}},{"from":[9.2,4.9,7.35],"to":[9.45,5,8.65],"rotation":{"angle":0,"axis":"y","origin":[8,0,8]},"faces":{"north":{"uv":[12,12,12.125,12.125],"texture":"#4"},"east":{"uv":[9.5,5,10.125,5.125],"texture":"#4"},"south":{"uv":[0,12.5,0.125,12.625],"texture":"#4"},"west":{"uv":[9.5,5.5,10.125,5.625],"texture":"#4"},"up":{"uv":[6.125,10.125,6,9.5],"texture":"#4"},"down":{"uv":[9.625,6,9.5,6.625],"texture":"#4"}}},{"from":[6.55,4.9,7.35],"to":[6.8,5,8.65],"rotation":{"angle":0,"axis":"y","origin":[8,0,8]},"faces":{"north":{"uv":[12.5,0,12.625,0.125],"texture":"#4"},"east":{"uv":[6.5,9.5,7.125,9.625],"texture":"#4"},"south":{"uv":[0.5,12.5,0.625,12.625],"texture":"#4"},"west":{"uv":[9.5,8,10.125,8.125],"texture":"#4"},"up":{"uv":[7.625,10.125,7.5,9.5],"texture":"#4"},"down":{"uv":[9.625,9,9.5,9.625],"texture":"#4"}}},{"from":[6.8,4.9,8.55],"to":[7.05,5,8.8],"rotation":{"angle":0,"axis":"y","origin":[8,0,8]},"faces":{"north":{"uv":[12.5,0.5,12.625,0.625],"texture":"#4"},"east":{"uv":[1,12.5,1.125,12.625],"texture":"#4"},"south":{"uv":[12.5,1,12.625,1.125],"texture":"#4"},"west":{"uv":[1.5,12.5,1.625,12.625],"texture":"#4"},"up":{"uv":[12.625,1.625,12.5,1.5],"texture":"#4"},"down":{"uv":[2.125,12.5,2,12.625],"texture":"#4"}}},{"from":[8.95,4.9,8.55],"to":[9.2,5,8.8],"rotation":{"angle":0,"axis":"y","origin":[8,0,8]},"faces":{"north":{"uv":[12.5,2,12.625,2.125],"texture":"#4"},"east":{"uv":[2.5,12.5,2.625,12.625],"texture":"#4"},"south":{"uv":[12.5,2.5,12.625,2.625],"texture":"#4"},"west":{"uv":[3,12.5,3.125,12.625],"texture":"#4"},"up":{"uv":[12.625,3.125,12.5,3],"texture":"#4"},"down":{"uv":[3.625,12.5,3.5,12.625],"texture":"#4"}}},{"from":[8.95,4.9,7.2],"to":[9.2,5,7.45],"rotation":{"angle":0,"axis":"y","origin":[8,0,8]},"faces":{"north":{"uv":[12.5,3.5,12.625,3.625],"texture":"#4"},"east":{"uv":[4,12.5,4.125,12.625],"texture":"#4"},"south":{"uv":[12.5,4,12.625,4.125],"texture":"#4"},"west":{"uv":[4.5,12.5,4.625,12.625],"texture":"#4"},"up":{"uv":[12.625,4.625,12.5,4.5],"texture":"#4"},"down":{"uv":[5.125,12.5,5,12.625],"texture":"#4"}}},{"from":[6.8,4.9,7.2],"to":[7.05,5,7.45],"rotation":{"angle":0,"axis":"y","origin":[8,0,8]},"faces":{"north":{"uv":[12.5,5,12.625,5.125],"texture":"#4"},"east":{"uv":[5.5,12.5,5.625,12.625],"texture":"#4"},"south":{"uv":[12.5,5.5,12.625,5.625],"texture":"#4"},"west":{"uv":[6,12.5,6.125,12.625],"texture":"#4"},"up":{"uv":[12.625,6.125,12.5,6],"texture":"#4"},"down":{"uv":[6.625,12.5,6.5,12.625],"texture":"#4"}}},{"from":[6.95,4.9,7.05],"to":[9.05,5,7.2],"rotation":{"angle":0,"axis":"y","origin":[8,0,8]},"faces":{"north":{"uv":[2,8.5,3,8.625],"texture":"#4"},"east":{"uv":[12.5,6.5,12.625,6.625],"texture":"#4"},"south":{"uv":[3,8.5,4,8.625],"texture":"#4"},"west":{"uv":[7,12.5,7.125,12.625],"texture":"#4"},"up":{"uv":[5,8.625,4,8.5],"texture":"#4"},"down":{"uv":[6,8.5,5,8.625],"texture":"#4"}}},{"from":[6.95,4.9,8.8],"to":[9.05,5,8.95],"rotation":{"angle":0,"axis":"y","origin":[8,0,8]},"faces":{"north":{"uv":[6,8.5,7,8.625],"texture":"#4"},"east":{"uv":[12.5,7,12.625,7.125],"texture":"#4"},"south":{"uv":[7,8.5,8,8.625],"texture":"#4"},"west":{"uv":[7.5,12.5,7.625,12.625],"texture":"#4"},"up":{"uv":[9,8.625,8,8.5],"texture":"#4"},"down":{"uv":[9.5,8,8.5,8.125],"texture":"#4"}}},{"from":[9.4,4.75,7.25],"to":[9.55,4.9,8.75],"rotation":{"angle":0,"axis":"y","origin":[8,0,8]},"faces":{"north":{"uv":[12.5,7.5,12.625,7.625],"texture":"#4"},"east":{"uv":[7,9,7.75,9.125],"texture":"#4"},"south":{"uv":[8,12.5,8.125,12.625],"texture":"#4"},"west":{"uv":[9,7,9.75,7.125],"texture":"#4"},"up":{"uv":[8.125,9.75,8,9],"texture":"#4"},"down":{"uv":[8.625,9,8.5,9.75],"texture":"#4"}}},{"from":[6.45,4.75,7.25],"to":[6.6,4.9,8.75],"rotation":{"angle":0,"axis":"y","origin":[8,0,8]},"faces":{"north":{"uv":[12.5,8,12.625,8.125],"texture":"#4"},"east":{"uv":[9,7.5,9.75,7.625],"texture":"#4"},"south":{"uv":[8.5,12.5,8.625,12.625],"texture":"#4"},"west":{"uv":[9,8.5,9.75,8.625],"texture":"#4"},"up":{"uv":[9.125,9.75,9,9],"texture":"#4"},"down":{"uv":[0.125,9.5,0,10.25],"texture":"#4"}}},{"from":[9.05,4.75,7.1],"to":[9.4,4.9,7.35],"rotation":{"angle":0,"axis":"y","origin":[8,0,8]},"faces":{"north":{"uv":[12.5,8.5,12.625,8.625],"texture":"#4"},"east":{"uv":[9,12.5,9.125,12.625],"texture":"#4"},"south":{"uv":[12.5,9,12.625,9.125],"texture":"#4"},"west":{"uv":[9.5,12.5,9.625,12.625],"texture":"#4"},"up":{"uv":[12.625,9.625,12.5,9.5],"texture":"#4"},"down":{"uv":[10.125,12.5,10,12.625],"texture":"#4"}}},{"from":[6.6,4.75,7.1],"to":[6.95,4.9,7.35],"rotation":{"angle":0,"axis":"y","origin":[8,0,8]},"faces":{"north":{"uv":[12.5,10,12.625,10.125],"texture":"#4"},"east":{"uv":[10.5,12.5,10.625,12.625],"texture":"#4"},"south":{"uv":[12.5,10.5,12.625,10.625],"texture":"#4"},"west":{"uv":[11,12.5,11.125,12.625],"texture":"#4"},"up":{"uv":[12.625,11.125,12.5,11],"texture":"#4"},"down":{"uv":[11.625,12.5,11.5,12.625],"texture":"#4"}}},{"from":[6.6,4.75,8.65],"to":[6.95,4.9,8.9],"rotation":{"angle":0,"axis":"y","origin":[8,0,8]},"faces":{"north":{"uv":[12.5,11.5,12.625,11.625],"texture":"#4"},"east":{"uv":[12,12.5,12.125,12.625],"texture":"#4"},"south":{"uv":[12.5,12,12.625,12.125],"texture":"#4"},"west":{"uv":[12.5,12.5,12.625,12.625],"texture":"#4"},"up":{"uv":[0.125,13.125,0,13],"texture":"#4"},"down":{"uv":[13.125,0,13,0.125],"texture":"#4"}}},{"from":[9.05,4.75,8.65],"to":[9.4,4.9,8.9],"rotation":{"angle":0,"axis":"y","origin":[8,0,8]},"faces":{"north":{"uv":[0.5,13,0.625,13.125],"texture":"#4"},"east":{"uv":[13,0.5,13.125,0.625],"texture":"#4"},"south":{"uv":[1,13,1.125,13.125],"texture":"#4"},"west":{"uv":[13,1,13.125,1.125],"texture":"#4"},"up":{"uv":[1.625,13.125,1.5,13],"texture":"#4"},"down":{"uv":[13.125,1.5,13,1.625],"texture":"#4"}}},{"from":[6.85,4.75,6.95],"to":[9.15,4.9,7.1],"rotation":{"angle":0,"axis":"y","origin":[8,0,8]},"faces":{"north":{"uv":[7.5,4.5,8.625,4.625],"texture":"#4"},"east":{"uv":[2,13,2.125,13.125],"texture":"#4"},"south":{"uv":[5,7.5,6.125,7.625],"texture":"#4"},"west":{"uv":[13,2,13.125,2.125],"texture":"#4"},"up":{"uv":[8.625,5.125,7.5,5],"texture":"#4"},"down":{"uv":[8.625,5.5,7.5,5.625],"texture":"#4"}}},{"from":[6.85,4.75,8.9],"to":[9.15,4.9,9.05],"rotation":{"angle":0,"axis":"y","origin":[8,0,8]},"faces":{"north":{"uv":[7.5,6,8.625,6.125],"texture":"#4"},"east":{"uv":[2.5,13,2.625,13.125],"texture":"#4"},"south":{"uv":[6.5,7.5,7.625,7.625],"texture":"#4"},"west":{"uv":[13,2.5,13.125,2.625],"texture":"#4"},"up":{"uv":[8.625,6.625,7.5,6.5],"texture":"#4"},"down":{"uv":[8.625,7,7.5,7.125],"texture":"#4"}}},{"from":[9.4,0.05,7.25],"to":[9.55,0.2,8.75],"rotation":{"angle":0,"axis":"y","origin":[8,0,8]},"faces":{"north":{"uv":[3,13,3.125,13.125],"texture":"#4"},"east":{"uv":[9.5,0,10.25,0.125],"texture":"#4"},"south":{"uv":[13,3,13.125,3.125],"texture":"#4"},"west":{"uv":[0.5,9.5,1.25,9.625],"texture":"#4"},"up":{"uv":[9.625,1.25,9.5,0.5],"texture":"#4"},"down":{"uv":[1.625,9.5,1.5,10.25],"texture":"#4"}}},{"from":[6.45,0.05,7.25],"to":[6.6,0.2,8.75],"rotation":{"angle":0,"axis":"y","origin":[8,0,8]},"faces":{"north":{"uv":[3.5,13,3.625,13.125],"texture":"#4"},"east":{"uv":[9.5,1.5,10.25,1.625],"texture":"#4"},"south":{"uv":[13,3.5,13.125,3.625],"texture":"#4"},"west":{"uv":[2,9.5,2.75,9.625],"texture":"#4"},"up":{"uv":[3.125,10.25,3,9.5],"texture":"#4"},"down":{"uv":[3.625,9.5,3.5,10.25],"texture":"#4"}}},{"from":[8.05,0.05,7.1],"to":[9.4,0.2,8],"rotation":{"angle":0,"axis":"y","origin":[8,0,8]},"faces":{"north":{"uv":[0.5,10,1.125,10.125],"texture":"#4"},"east":{"uv":[10.5,1.5,11,1.625],"texture":"#4"},"south":{"uv":[10,0.5,10.625,0.625],"texture":"#4"},"west":{"uv":[2,10.5,2.5,10.625],"texture":"#4"},"up":{"uv":[5.625,1.5,5,1],"texture":"#4"},"down":{"uv":[5.625,1.5,5,2],"texture":"#4"}}},{"from":[6.6,0.05,7.1],"to":[8.05,0.2,8],"rotation":{"angle":0,"axis":"y","origin":[8,0,8]},"faces":{"north":{"uv":[9.5,2,10.25,2.125],"texture":"#4"},"east":{"uv":[10.5,2,11,2.125],"texture":"#4"},"south":{"uv":[4,9.5,4.75,9.625],"texture":"#4"},"west":{"uv":[2.5,10.5,3,10.625],"texture":"#4"},"up":{"uv":[0.75,5.5,0,5],"texture":"#4"},"down":{"uv":[5.75,0,5,0.5],"texture":"#4"}}},{"from":[6.6,0.05,8],"to":[8.05,0.2,8.9],"rotation":{"angle":0,"axis":"y","origin":[8,0,8]},"faces":{"north":{"uv":[9.5,4,10.25,4.125],"texture":"#4"},"east":{"uv":[10.5,2.5,11,2.625],"texture":"#4"},"south":{"uv":[9.5,4.5,10.25,4.625],"texture":"#4"},"west":{"uv":[3,10.5,3.5,10.625],"texture":"#4"},"up":{"uv":[5.75,1,5,0.5],"texture":"#4"},"down":{"uv":[1.75,5,1,5.5],"texture":"#4"}}},{"from":[8.05,0.05,8],"to":[9.4,0.2,8.9],"rotation":{"angle":0,"axis":"y","origin":[8,0,8]},"faces":{"north":{"uv":[10,1,10.625,1.125],"texture":"#4"},"east":{"uv":[10.5,3,11,3.125],"texture":"#4"},"south":{"uv":[2,10,2.625,10.125],"texture":"#4"},"west":{"uv":[3.5,10.5,4,10.625],"texture":"#4"},"up":{"uv":[2.625,5.5,2,5],"texture":"#4"},"down":{"uv":[5.625,2,5,2.5],"texture":"#4"}}},{"from":[6.85,0.05,6.95],"to":[9.15,0.2,7.1],"rotation":{"angle":0,"axis":"y","origin":[8,0,8]},"faces":{"north":{"uv":[0,8,1.125,8.125],"texture":"#4"},"east":{"uv":[4,13,4.125,13.125],"texture":"#4"},"south":{"uv":[8,0,9.125,0.125],"texture":"#4"},"west":{"uv":[13,4,13.125,4.125],"texture":"#4"},"up":{"uv":[9.125,0.625,8,0.5],"texture":"#4"},"down":{"uv":[9.125,1,8,1.125],"texture":"#4"}}},{"from":[6.85,0.05,8.9],"to":[9.15,0.2,9.05],"rotation":{"angle":0,"axis":"y","origin":[8,0,8]},"faces":{"north":{"uv":[1.5,8,2.625,8.125],"texture":"#4"},"east":{"uv":[4.5,13,4.625,13.125],"texture":"#4"},"south":{"uv":[8,1.5,9.125,1.625],"texture":"#4"},"west":{"uv":[13,4.5,13.125,4.625],"texture":"#4"},"up":{"uv":[9.125,2.125,8,2],"texture":"#4"},"down":{"uv":[4.125,8,3,8.125],"texture":"#4"}}},{"from":[9.5,0.1,7.15],"to":[9.65,4.8,8.85],"rotation":{"angle":0,"axis":"y","origin":[8,0,8]},"faces":{"north":{"uv":[5,2.5,5.125,4.875],"texture":"#4"},"east":{"uv":[3,0,3.875,2.375],"texture":"#4"},"south":{"uv":[3,5,3.125,7.375],"texture":"#4"},"west":{"uv":[3,2.5,3.875,4.875],"texture":"#4"},"up":{"uv":[9.125,4.875,9,4],"texture":"#4"},"down":{"uv":[5.125,9,5,9.875],"texture":"#4"}}},{"from":[6.35,0.1,7.15],"to":[6.5,4.8,8.85],"rotation":{"angle":0,"axis":"y","origin":[8,0,8]},"faces":{"north":{"uv":[3.5,5,3.625,7.375],"texture":"#4"},"east":{"uv":[4,0,4.875,2.375],"texture":"#4"},"south":{"uv":[4,5,4.125,7.375],"texture":"#4"},"west":{"uv":[4,2.5,4.875,4.875],"texture":"#4"},"up":{"uv":[9.125,5.875,9,5],"texture":"#4"},"down":{"uv":[5.625,9,5.5,9.875],"texture":"#4"}}},{"from":[6.75,0.1,6.85],"to":[9.25,4.8,7],"rotation":{"angle":0,"axis":"y","origin":[8,0,8]},"faces":{"north":{"uv":[0,0,1.25,2.375],"texture":"#4"},"east":{"uv":[4.5,5,4.625,7.375],"texture":"#4"},"south":{"uv":[1.5,0,2.75,2.375],"texture":"#4"},"west":{"uv":[5,5,5.125,7.375],"texture":"#4"},"up":{"uv":[8.75,2.625,7.5,2.5],"texture":"#4"},"down":{"uv":[4.25,7.5,3,7.625],"texture":"#4"}}},{"from":[6.5,0.1,7],"to":[6.85,4.8,7.25],"rotation":{"angle":0,"axis":"y","origin":[8,0,8]},"faces":{"north":{"uv":[0,5.5,0.125,7.875],"texture":"#4"},"east":{"uv":[0.5,5.5,0.625,7.875],"texture":"#4"},"south":{"uv":[1,5.5,1.125,7.875],"texture":"#4"},"west":{"uv":[1.5,5.5,1.625,7.875],"texture":"#4"},"up":{"uv":[5.125,13.125,5,13],"texture":"#4"},"down":{"uv":[13.125,5,13,5.125],"texture":"#4"}}},{"from":[9.15,0.1,8.75],"to":[9.5,4.8,9],"rotation":{"angle":0,"axis":"y","origin":[8,0,8]},"faces":{"north":{"uv":[2,5.5,2.125,7.875],"texture":"#4"},"east":{"uv":[2.5,5.5,2.625,7.875],"texture":"#4"},"south":{"uv":[5.5,2.5,5.625,4.875],"texture":"#4"},"west":{"uv":[5.5,5,5.625,7.375],"texture":"#4"},"up":{"uv":[5.625,13.125,5.5,13],"texture":"#4"},"down":{"uv":[13.125,5.5,13,5.625],"texture":"#4"}}},{"from":[6.5,0.1,8.75],"to":[6.85,4.8,9],"rotation":{"angle":0,"axis":"y","origin":[8,0,8]},"faces":{"north":{"uv":[6,0,6.125,2.375],"texture":"#4"},"east":{"uv":[6,2.5,6.125,4.875],"texture":"#4"},"south":{"uv":[6,5,6.125,7.375],"texture":"#4"},"west":{"uv":[6.5,0,6.625,2.375],"texture":"#4"},"up":{"uv":[6.125,13.125,6,13],"texture":"#4"},"down":{"uv":[13.125,6,13,6.125],"texture":"#4"}}},{"from":[9.15,0.1,7],"to":[9.5,4.8,7.25],"rotation":{"angle":0,"axis":"y","origin":[8,0,8]},"faces":{"north":{"uv":[6.5,2.5,6.625,4.875],"texture":"#4"},"east":{"uv":[6.5,5,6.625,7.375],"texture":"#4"},"south":{"uv":[7,0,7.125,2.375],"texture":"#4"},"west":{"uv":[7,2.5,7.125,4.875],"texture":"#4"},"up":{"uv":[6.625,13.125,6.5,13],"texture":"#4"},"down":{"uv":[13.125,6.5,13,6.625],"texture":"#4"}}},{"from":[6.75,0.1,9],"to":[9.25,4.8,9.15],"rotation":{"angle":0,"axis":"y","origin":[8,0,8]},"faces":{"north":{"uv":[0,2.5,1.25,4.875],"texture":"#4"},"east":{"uv":[7,5,7.125,7.375],"texture":"#4"},"south":{"uv":[1.5,2.5,2.75,4.875],"texture":"#4"},"west":{"uv":[7.5,0,7.625,2.375],"texture":"#4"},"up":{"uv":[8.75,3.125,7.5,3],"texture":"#4"},"down":{"uv":[8.75,3.5,7.5,3.625],"texture":"#4"}}}],"display":{"thirdperson_righthand":{"rotation":[0,180,0],"translation":[0,3.75,-0.25],"scale":[0.99,0.99,0.99]},"thirdperson_lefthand":{"translation":[0,3.75,1],"scale":[0.99,0.99,0.99]},"firstperson_righthand":{"rotation":[0,-50,0],"translation":[-1.5,11.5,3.5],"scale":[1.14,1.14,1.14]},"firstperson_lefthand":{"rotation":[0,-50,0],"translation":[-1.5,11.25,3.5],"scale":[1.11,1.11,1.11]},"ground":{"translation":[0,5.25,0],"scale":[1.31,1.31,1.31]},"gui":{"rotation":[-13.84,-38.52,-37.23],"translation":[5.5,9.5,0],"scale":[2.23,2.23,2.23]},"head":{"rotation":[0,180,0],"translation":[0,13,0]},"fixed":{"rotation":[-90,180,0],"translation":[0,1.25,-20.25],"scale":[2.68,2.68,2.68]}},"groups":[{"name":"group","origin":[8,0,8],"color":0,"children":[0,1,2,3,4,{"name":"group","origin":[8,0,8],"color":0,"children":[5,6,7,8,9]},{"name":"group","origin":[8,0,8],"color":0,"children":[10,11,12,13,14]}]},15,{"name":"group","origin":[8,0,8],"color":0,"children":[16,17,18,19,20,21,22,23,24,25,26,27,{"name":"group","origin":[8,0,8],"color":0,"children":[28,29,30,31,32,33,34,35,36,37,38,39]}]},{"name":"group","origin":[8,0,8],"color":0,"children":[40,41,42,43,44]},{"name":"group","origin":[8,8,8],"color":0,"children":[{"name":"group","origin":[8,0,8],"color":0,"children":[45,46,47,48,49,50,51,52,53,54,55,56]},{"name":"group","origin":[8,0,8],"color":0,"children":[57,58,59,60,61,62,63,64]},{"name":"group","origin":[8,0,8],"color":0,"children":[65,66,67,68,69,70]},{"name":"group","origin":[8,0,8],"color":0,"children":[71,72,73,74,75,76,77,78]},{"name":"group","origin":[8,0,8],"color":0,"children":[79,80,81,82,83,84,85,86]},{"name":"group","origin":[8,0,8],"color":0,"children":[87,88,89,90,91,92,93,94,{"name":"group","origin":[8,0,8],"color":0,"children":[95,96,97,98,99,100,101,102]}]},{"name":"group","origin":[8,0,8],"color":0,"children":[103,104,105,106,107,108,109,110]}]}]}