{
	"credit": "Made with Blockbench",
	"textures": {
		"1": "politmine/item/brewery/krotovyxa/texture",
		"2": "politmine/item/brewery/krotovyxa/telo",
		"3": "politmine/item/brewery/krotovyxa/texture3",
		"4": "politmine/item/brewery/krotovyxa/kogti",
		"5": "politmine/item/brewery/krotovyxa/lapki",
		"particle": "politmine/item/brewery/krotovyxa/texture"
	},
	"elements": [
		{
			"from": [7.2, 6.7, 12.2],
			"to": [10.8, 7.7, 16.3],
			"faces": {
				"north": {"uv": [4, 0, 8, 1], "texture": "#3"},
				"east": {"uv": [4, 1, 8, 2], "texture": "#3"},
				"south": {"uv": [4, 2, 8, 3], "texture": "#3"},
				"west": {"uv": [4, 3, 8, 4], "texture": "#3"},
				"up": {"uv": [4, 4, 0, 0], "texture": "#3"},
				"down": {"uv": [4, 4, 0, 8], "texture": "#3"}
			}
		},
		{
			"from": [8.4, 1.85, 13.9],
			"to": [9.5, 2.25, 14.8],
			"faces": {
				"north": {"uv": [4, 10, 5, 11], "texture": "#2"},
				"east": {"uv": [5, 10, 6, 11], "texture": "#2"},
				"south": {"uv": [10, 5, 11, 6], "texture": "#2"},
				"west": {"uv": [6, 10, 7, 11], "texture": "#2"},
				"up": {"uv": [11, 7, 10, 6], "texture": "#2"},
				"down": {"uv": [8, 10, 7, 11], "texture": "#2"}
			}
		},
		{
			"from": [8.1, 2.25, 12.9],
			"to": [9.8, 3.15, 15.7],
			"faces": {
				"north": {"uv": [8, 5, 10, 6], "texture": "#2"},
				"east": {"uv": [4, 6, 7, 7], "texture": "#2"},
				"south": {"uv": [7, 8, 9, 9], "texture": "#2"},
				"west": {"uv": [4, 7, 7, 8], "texture": "#2"},
				"up": {"uv": [2, 3, 0, 0], "texture": "#2"},
				"down": {"uv": [4, 0, 2, 3], "texture": "#2"}
			}
		},
		{
			"from": [8.9, -2.65, 12.3],
			"to": [9.2, -2.55, 12.9],
			"rotation": {"angle": -22.5, "axis": "x", "origin": [-0.6, 0, 0]},
			"faces": {
				"north": {"uv": [3, 0, 2, 1], "texture": "#4"},
				"east": {"uv": [3, 0, 2, 1], "texture": "#4"},
				"south": {"uv": [3, 0, 2, 1], "texture": "#4"},
				"west": {"uv": [3, 0, 2, 1], "texture": "#4"},
				"up": {"uv": [3, 0, 2, 1], "texture": "#4"},
				"down": {"uv": [3, 0, 2, 1], "texture": "#4"}
			}
		},
		{
			"from": [8.9, -2.85, 12.3],
			"to": [9.2, -2.75, 12.9],
			"rotation": {"angle": -22.5, "axis": "x", "origin": [-0.6, 0, 0]},
			"faces": {
				"north": {"uv": [2, 3, 1, 4], "texture": "#4"},
				"east": {"uv": [2, 3, 1, 4], "texture": "#4"},
				"south": {"uv": [2, 3, 1, 4], "texture": "#4"},
				"west": {"uv": [2, 3, 1, 4], "texture": "#4"},
				"up": {"uv": [2, 3, 1, 4], "texture": "#4"},
				"down": {"uv": [2, 3, 1, 4], "texture": "#4"}
			}
		},
		{
			"from": [8.9, -3.05, 12.5],
			"to": [9.2, -2.95, 13.2],
			"rotation": {"angle": -22.5, "axis": "x", "origin": [-0.6, 0, 0]},
			"faces": {
				"north": {"uv": [5, 0, 4, 1], "texture": "#4"},
				"east": {"uv": [5, 0, 4, 1], "texture": "#4"},
				"south": {"uv": [5, 0, 4, 1], "texture": "#4"},
				"west": {"uv": [5, 0, 4, 1], "texture": "#4"},
				"up": {"uv": [5, 0, 4, 1], "texture": "#4"},
				"down": {"uv": [5, 0, 4, 1], "texture": "#4"}
			}
		},
		{
			"from": [8.9, 8.05, 13.5],
			"to": [9.2, 8.15, 14.1],
			"rotation": {"angle": 22.5, "axis": "x", "origin": [-0.6, 0, 0]},
			"faces": {
				"north": {"uv": [3, 5, 2, 6], "texture": "#4"},
				"east": {"uv": [3, 5, 2, 6], "texture": "#4"},
				"south": {"uv": [3, 5, 2, 6], "texture": "#4"},
				"west": {"uv": [3, 5, 2, 6], "texture": "#4"},
				"up": {"uv": [3, 5, 2, 6], "texture": "#4"},
				"down": {"uv": [3, 5, 2, 6], "texture": "#4"}
			}
		},
		{
			"from": [8.9, 7.85, 13],
			"to": [9.2, 7.95, 14],
			"rotation": {"angle": 22.5, "axis": "x", "origin": [-0.6, 0, 0]},
			"faces": {
				"north": {"uv": [6, 5, 5, 6], "texture": "#4"},
				"east": {"uv": [6, 5, 5, 6], "texture": "#4"},
				"south": {"uv": [6, 5, 5, 6], "texture": "#4"},
				"west": {"uv": [6, 5, 5, 6], "texture": "#4"},
				"up": {"uv": [6, 5, 5, 6], "texture": "#4"},
				"down": {"uv": [6, 5, 5, 6], "texture": "#4"}
			}
		},
		{
			"from": [8.9, 8.25, 13.45],
			"to": [9.2, 8.35, 14.05],
			"rotation": {"angle": 22.5, "axis": "x", "origin": [-0.6, 0, 0]},
			"faces": {
				"north": {"uv": [5, 3, 4, 4], "texture": "#4"},
				"east": {"uv": [5, 3, 4, 4], "texture": "#4"},
				"south": {"uv": [5, 3, 4, 4], "texture": "#4"},
				"west": {"uv": [5, 3, 4, 4], "texture": "#4"},
				"up": {"uv": [5, 3, 4, 4], "texture": "#4"},
				"down": {"uv": [5, 3, 4, 4], "texture": "#4"}
			}
		},
		{
			"from": [8.1, 3.15, 12.7],
			"to": [9.8, 3.85, 15.9],
			"faces": {
				"north": {"uv": [0, 9, 2, 10], "texture": "#2"},
				"east": {"uv": [7, 6, 10, 7], "texture": "#2"},
				"south": {"uv": [2, 9, 4, 10], "texture": "#2"},
				"west": {"uv": [7, 7, 10, 8], "texture": "#2"},
				"up": {"uv": [2, 6, 0, 3], "texture": "#2"},
				"down": {"uv": [4, 3, 2, 6], "texture": "#2"}
			}
		},
		{
			"from": [8.1, 4.55, 12.7],
			"to": [9.8, 5.25, 15.9],
			"faces": {
				"north": {"uv": [4, 9, 6, 10], "texture": "#2"},
				"east": {"uv": [8, 0, 11, 1], "texture": "#2"},
				"south": {"uv": [6, 9, 8, 10], "texture": "#2"},
				"west": {"uv": [8, 1, 11, 2], "texture": "#2"},
				"up": {"uv": [6, 3, 4, 0], "texture": "#2"},
				"down": {"uv": [6, 3, 4, 6], "texture": "#2"}
			}
		},
		{
			"from": [8.1, 5.25, 12.9],
			"to": [9.8, 5.95, 15.7],
			"faces": {
				"north": {"uv": [8, 9, 10, 10], "texture": "#2"},
				"east": {"uv": [8, 2, 11, 3], "texture": "#2"},
				"south": {"uv": [9, 8, 11, 9], "texture": "#2"},
				"west": {"uv": [8, 3, 11, 4], "texture": "#2"},
				"up": {"uv": [2, 9, 0, 6], "texture": "#2"},
				"down": {"uv": [8, 0, 6, 3], "texture": "#2"}
			}
		},
		{
			"from": [8.95, 6.35, 14.7],
			"to": [9.15, 6.65, 15.4],
			"faces": {
				"north": {"uv": [0, 0, 1, 1], "texture": "#5"},
				"east": {"uv": [0, 1, 1, 2], "texture": "#5"},
				"south": {"uv": [1, 0, 2, 1], "texture": "#5"},
				"west": {"uv": [1, 1, 2, 2], "texture": "#5"},
				"up": {"uv": [1, 3, 0, 2], "texture": "#5"},
				"down": {"uv": [3, 0, 2, 1], "texture": "#5"}
			}
		},
		{
			"from": [8.95, 5.95, 13.5],
			"to": [9.15, 6.35, 13.8],
			"faces": {
				"north": {"uv": [10, 7, 11, 8], "texture": "#2"},
				"east": {"uv": [8, 10, 9, 11], "texture": "#2"},
				"south": {"uv": [9, 10, 10, 11], "texture": "#2"},
				"west": {"uv": [10, 9, 11, 10], "texture": "#2"},
				"up": {"uv": [11, 11, 10, 10], "texture": "#2"},
				"down": {"uv": [1, 11, 0, 12], "texture": "#2"}
			}
		},
		{
			"from": [8.95, 6.35, 13.3],
			"to": [9.15, 6.65, 14],
			"faces": {
				"north": {"uv": [1, 2, 2, 3], "texture": "#5"},
				"east": {"uv": [2, 1, 3, 2], "texture": "#5"},
				"south": {"uv": [2, 2, 3, 3], "texture": "#5"},
				"west": {"uv": [0, 3, 1, 4], "texture": "#5"},
				"up": {"uv": [4, 1, 3, 0], "texture": "#5"},
				"down": {"uv": [2, 3, 1, 4], "texture": "#5"}
			}
		},
		{
			"from": [8.95, 5.95, 14.9],
			"to": [9.15, 6.35, 15.2],
			"faces": {
				"north": {"uv": [11, 0, 12, 1], "texture": "#2"},
				"east": {"uv": [1, 11, 2, 12], "texture": "#2"},
				"south": {"uv": [11, 1, 12, 2], "texture": "#2"},
				"west": {"uv": [2, 11, 3, 12], "texture": "#2"},
				"up": {"uv": [12, 3, 11, 2], "texture": "#2"},
				"down": {"uv": [4, 11, 3, 12], "texture": "#2"}
			}
		},
		{
			"from": [8.1, 3.85, 12.7],
			"to": [9.8, 4.55, 15.9],
			"faces": {
				"north": {"uv": [0, 10, 2, 11], "texture": "#2"},
				"east": {"uv": [4, 8, 7, 9], "texture": "#2"},
				"south": {"uv": [2, 10, 4, 11], "texture": "#2"},
				"west": {"uv": [8, 4, 11, 5], "texture": "#2"},
				"up": {"uv": [4, 9, 2, 6], "texture": "#2"},
				"down": {"uv": [8, 3, 6, 6], "texture": "#2"}
			}
		},
		{
			"from": [7.3, 1.8, 12.3],
			"to": [10.7, 6.7, 16.2],
			"faces": {
				"north": {"uv": [0, 0, 3, 4], "texture": "#1"},
				"east": {"uv": [3, 0, 6, 4], "texture": "#1"},
				"south": {"uv": [0, 4, 3, 8], "texture": "#1"},
				"west": {"uv": [3, 4, 6, 8], "texture": "#1"},
				"up": {"uv": [9, 9, 6, 6], "texture": "#1"},
				"down": {"uv": [3, 8, 0, 11], "texture": "#1"}
			}
		},
		{
			"from": [7.5, 1.45, 12.4],
			"to": [10.5, 1.85, 16.1],
			"faces": {
				"north": {"uv": [3, 8, 6, 9], "texture": "#1"},
				"east": {"uv": [9, 0, 12, 1], "texture": "#1"},
				"south": {"uv": [9, 1, 12, 2], "texture": "#1"},
				"west": {"uv": [9, 2, 12, 3], "texture": "#1"},
				"up": {"uv": [9, 3, 6, 0], "texture": "#1"},
				"down": {"uv": [9, 3, 6, 6], "texture": "#1"}
			}
		}
	],
	"gui_light": "front",
	"display": {
		"thirdperson_righthand": {
			"rotation": [77, 90, 0],
			"translation": [-18.5, 2.75, 11.75],
			"scale": [1.98, 1.98, 1.98]
		},
		"thirdperson_lefthand": {
			"rotation": [77, -90, 0],
			"translation": [6.75, 2, 12.5],
			"scale": [1.98, 1.98, 1.98]
		},
		"firstperson_righthand": {
			"rotation": [0, 180, -1],
			"translation": [0, 8.5, 9],
			"scale": [0.96, 0.96, 0.96]
		},
		"firstperson_lefthand": {
			"rotation": [0, 180, 0],
			"translation": [0.5, 8.25, 8.5],
			"scale": [1.22, 1.22, 1.22]
		},
		"ground": {
			"translation": [-1.75, 10.5, -12.75],
			"scale": [1.96, 1.96, 1.96]
		},
		"gui": {
			"rotation": [0, -76, 0],
			"translation": [11.75, 6.5, -3],
			"scale": [1.98, 1.98, 1.98]
		},
		"head": {
			"rotation": [0, 90, 0],
			"translation": [-25.5, 17.25, 5],
			"scale": [4, 4, 4]
		},
		"fixed": {
			"rotation": [-90, 90, 0],
			"translation": [-25.25, 4.25, -25.5],
			"scale": [4, 4, 4]
		}
	},
	"groups": [
		0,
		1,
		2,
		3,
		4,
		5,
		6,
		7,
		8,
		9,
		10,
		11,
		12,
		13,
		14,
		15,
		16,
		17,
		18,
		{
			"name": "group",
			"origin": [0, 0, 0],
			"color": 0,
			"children": []
		}
	]
}