{
	"credit": "Made with Blockbench",
	"textures": {
		"0": "politmine/item/brewery/mozart_white_chocolate_cream_strawberry/texture3",
		"1": "politmine/item/brewery/mozart_white_chocolate_cream_strawberry/picsart_23-03-28_18-41-56-798",
		"particle": "politmine/item/brewery/mozart_white_chocolate_cream_strawberry/texture3"
	},
	"elements": [
		{
			"from": [6.25, 0.5, 5.25],
			"to": [9.5, 1, 10.5],
			"rotation": {"angle": 0, "axis": "y", "origin": [4, 0, 4]},
			"faces": {
				"north": {"uv": [10, 0, 16, 4], "texture": "#0"},
				"east": {"uv": [10, 0, 16, 4], "texture": "#0"},
				"south": {"uv": [10, 0, 16, 4], "texture": "#0"},
				"west": {"uv": [10, 0, 16, 4], "texture": "#0"},
				"up": {"uv": [0, 0, 6, 10], "texture": "#0"},
				"down": {"uv": [10, 0, 16, 4], "texture": "#0"}
			}
		},
		{
			"from": [6.25, 0.5, 4.25],
			"to": [9.5, 1, 5.25],
			"rotation": {"angle": 0, "axis": "y", "origin": [4, 0, 4]},
			"faces": {
				"north": {"uv": [10, 0, 16, 4], "texture": "#0"},
				"east": {"uv": [10, 0, 16, 4], "texture": "#0"},
				"south": {"uv": [10, 0, 16, 4], "texture": "#0"},
				"west": {"uv": [10, 0, 16, 4], "texture": "#0"},
				"up": {"uv": [0, 0, 6, 10], "texture": "#0"},
				"down": {"uv": [10, 0, 16, 4], "texture": "#0"}
			}
		},
		{
			"from": [4.25, 0.5, 6.25],
			"to": [5.5, 1, 9.5],
			"rotation": {"angle": 0, "axis": "y", "origin": [4, 0, 4]},
			"faces": {
				"north": {"uv": [10, 0, 16, 4], "texture": "#0"},
				"east": {"uv": [10, 0, 16, 4], "texture": "#0"},
				"south": {"uv": [10, 0, 16, 4], "texture": "#0"},
				"west": {"uv": [10, 0, 16, 4], "texture": "#0"},
				"up": {"uv": [0, 0, 6, 10], "rotation": 270, "texture": "#0"},
				"down": {"uv": [10, 0, 16, 4], "rotation": 90, "texture": "#0"}
			}
		},
		{
			"from": [10.5, 0.5, 6.25],
			"to": [11.5, 1, 9.5],
			"rotation": {"angle": 0, "axis": "y", "origin": [4, 0, 4]},
			"faces": {
				"north": {"uv": [10, 0, 16, 4], "texture": "#0"},
				"east": {"uv": [10, 0, 16, 4], "texture": "#0"},
				"south": {"uv": [10, 0, 16, 4], "texture": "#0"},
				"west": {"uv": [10, 0, 16, 4], "texture": "#0"},
				"up": {"uv": [0, 0, 6, 10], "rotation": 270, "texture": "#0"},
				"down": {"uv": [10, 0, 16, 4], "rotation": 90, "texture": "#0"}
			}
		},
		{
			"from": [5.25, 0.5, 9.5],
			"to": [6.25, 1, 10.75],
			"rotation": {"angle": 0, "axis": "y", "origin": [4, 0, 4]},
			"faces": {
				"north": {"uv": [10, 0, 16, 4], "texture": "#0"},
				"east": {"uv": [10, 0, 16, 4], "texture": "#0"},
				"south": {"uv": [10, 0, 16, 4], "texture": "#0"},
				"west": {"uv": [10, 0, 16, 4], "texture": "#0"},
				"up": {"uv": [0, 0, 6, 10], "texture": "#0"},
				"down": {"uv": [10, 0, 16, 4], "texture": "#0"}
			}
		},
		{
			"from": [5.25, 0.5, 5.25],
			"to": [6.25, 1, 6.25],
			"rotation": {"angle": 0, "axis": "y", "origin": [4, 0, 4]},
			"faces": {
				"north": {"uv": [10, 0, 16, 4], "texture": "#0"},
				"east": {"uv": [10, 0, 16, 4], "texture": "#0"},
				"south": {"uv": [10, 0, 16, 4], "texture": "#0"},
				"west": {"uv": [10, 0, 16, 4], "texture": "#0"},
				"up": {"uv": [0, 0, 6, 10], "texture": "#0"},
				"down": {"uv": [10, 0, 16, 4], "texture": "#0"}
			}
		},
		{
			"from": [9.5, 0.5, 5.25],
			"to": [10.75, 1, 6.25],
			"rotation": {"angle": 0, "axis": "y", "origin": [4, 0, 4]},
			"faces": {
				"north": {"uv": [10, 0, 16, 4], "texture": "#0"},
				"east": {"uv": [10, 0, 16, 4], "texture": "#0"},
				"south": {"uv": [10, 0, 16, 4], "texture": "#0"},
				"west": {"uv": [10, 0, 16, 4], "texture": "#0"},
				"up": {"uv": [0, 0, 6, 10], "texture": "#0"},
				"down": {"uv": [10, 0, 16, 4], "texture": "#0"}
			}
		},
		{
			"from": [9.5, 0.5, 9.5],
			"to": [10.75, 1, 10.75],
			"rotation": {"angle": 0, "axis": "y", "origin": [4, 0, 4]},
			"faces": {
				"north": {"uv": [10, 0, 16, 4], "texture": "#0"},
				"east": {"uv": [10, 0, 16, 4], "texture": "#0"},
				"south": {"uv": [10, 0, 16, 4], "texture": "#0"},
				"west": {"uv": [10, 0, 16, 4], "texture": "#0"},
				"up": {"uv": [0, 0, 6, 10], "texture": "#0"},
				"down": {"uv": [10, 0, 16, 4], "texture": "#0"}
			}
		},
		{
			"from": [6.25, 0.5, 10.5],
			"to": [9.5, 1, 11.5],
			"rotation": {"angle": 0, "axis": "y", "origin": [4, 0, 4]},
			"faces": {
				"north": {"uv": [10, 0, 16, 4], "texture": "#0"},
				"east": {"uv": [10, 0, 16, 4], "texture": "#0"},
				"south": {"uv": [10, 0, 16, 4], "texture": "#0"},
				"west": {"uv": [10, 0, 16, 4], "texture": "#0"},
				"up": {"uv": [0, 0, 6, 10], "texture": "#0"},
				"down": {"uv": [10, 0, 16, 4], "texture": "#0"}
			}
		},
		{
			"from": [6.25, 9, 5.25],
			"to": [9.5, 9.5, 10.5],
			"rotation": {"angle": 0, "axis": "y", "origin": [4, 16, 4]},
			"faces": {
				"north": {"uv": [5, 4, 11, 0], "texture": "#0"},
				"east": {"uv": [10, 4, 16, 0], "texture": "#0"},
				"south": {"uv": [10, 4, 16, 0], "texture": "#0"},
				"west": {"uv": [10, 4, 16, 0], "texture": "#0"},
				"up": {"uv": [10, 4, 16, 0], "texture": "#0"},
				"down": {"uv": [0, 10, 6, 0], "texture": "#0"}
			}
		},
		{
			"from": [6.75, 9.5, 7],
			"to": [9, 12.5, 9],
			"rotation": {"angle": 0, "axis": "y", "origin": [4, 16, 4]},
			"faces": {
				"north": {"uv": [9.5037, 1.05185, 14.17778, 7.37778], "texture": "#1"},
				"east": {"uv": [9.58519, 1.06667, 14.12963, 7.27407], "texture": "#1"},
				"south": {"uv": [9.64444, 1.08519, 14.05185, 7.37407], "texture": "#1"},
				"west": {"uv": [9.68889, 1.08519, 14.08889, 7.40741], "texture": "#1"},
				"up": {"uv": [11.27407, 4.53333, 12.42963, 2.53333], "texture": "#1"},
				"down": {"uv": [0, 10, 6, 0], "texture": "#0"}
			}
		},
		{
			"from": [7, 12.5, 7.25],
			"to": [8.75, 12.75, 8.75],
			"rotation": {"angle": 0, "axis": "y", "origin": [4, 16, 4]},
			"faces": {
				"north": {"uv": [12.07037, 4.57778, 12.47407, 2.37407], "texture": "#1"},
				"east": {"uv": [12.24815, 4.57778, 12.60741, 2.51111], "texture": "#1"},
				"south": {"uv": [12.02222, 4.67407, 12.24815, 2.38148], "texture": "#1"},
				"west": {"uv": [11.93704, 4.48889, 12.34074, 2.46667], "texture": "#1"},
				"up": {"uv": [3.35556, 2.61481, 4.28889, 1.42222], "texture": "#1"},
				"down": {"uv": [0, 10, 6, 0], "texture": "#0"}
			}
		},
		{
			"from": [7, 9.5, 6.75],
			"to": [8.75, 12.25, 7],
			"rotation": {"angle": 0, "axis": "y", "origin": [4, 16, 4]},
			"faces": {
				"north": {"uv": [10.17778, 1.58519, 13.68519, 7.42222], "texture": "#1"},
				"east": {"uv": [11.55926, 1.57407, 13.08519, 7.46667], "texture": "#1"},
				"south": {"uv": [6, 16, 14, 12], "texture": "#0"},
				"west": {"uv": [12.16296, 1.58519, 13.37778, 7.33333], "texture": "#1"},
				"up": {"uv": [12.12222, 4.44815, 12.33704, 2.44815], "texture": "#1"},
				"down": {"uv": [0, 10, 6, 0], "texture": "#0"}
			}
		},
		{
			"from": [7, 9.5, 9],
			"to": [8.75, 12.25, 9.25],
			"rotation": {"angle": 0, "axis": "y", "origin": [4, 16, 12]},
			"faces": {
				"north": {"uv": [14, 16, 6, 12], "texture": "#0"},
				"east": {"uv": [13.08519, 1.57407, 11.55926, 7.46667], "texture": "#1"},
				"south": {"uv": [13.68519, 1.58519, 10.17778, 7.42222], "texture": "#1"},
				"west": {"uv": [13.37778, 1.58519, 12.16296, 7.33333], "texture": "#1"},
				"up": {"uv": [12.17407, 2.53333, 12.2963, 4.53333], "texture": "#1"},
				"down": {"uv": [0, 0, 6, 10], "texture": "#0"}
			}
		},
		{
			"from": [9, 9.5, 7.25],
			"to": [9.25, 12.25, 8.75],
			"rotation": {"angle": 0, "axis": "y", "origin": [4, 16, 12]},
			"faces": {
				"north": {"uv": [13.08519, 1.57407, 11.55926, 7.46667], "texture": "#1"},
				"east": {"uv": [13.68519, 1.58519, 10.17778, 7.42222], "texture": "#1"},
				"south": {"uv": [13.37778, 1.58519, 12.16296, 7.33333], "texture": "#1"},
				"west": {"uv": [14, 16, 6, 12], "texture": "#0"},
				"up": {"uv": [12.03704, 2.68148, 12.34074, 4.68148], "rotation": 270, "texture": "#1"},
				"down": {"uv": [0, 0, 6, 10], "rotation": 90, "texture": "#0"}
			}
		},
		{
			"from": [6.5, 9.5, 7.25],
			"to": [6.75, 12.25, 8.75],
			"rotation": {"angle": 0, "axis": "y", "origin": [12, 16, 12]},
			"faces": {
				"north": {"uv": [11.55926, 1.57407, 13.08519, 7.46667], "texture": "#1"},
				"east": {"uv": [6, 16, 14, 12], "texture": "#0"},
				"south": {"uv": [12.16296, 1.58519, 13.37778, 7.33333], "texture": "#1"},
				"west": {"uv": [10.17778, 1.58519, 13.68519, 7.42222], "texture": "#1"},
				"up": {"uv": [12.03704, 4.4, 12.2963, 2.4], "rotation": 270, "texture": "#1"},
				"down": {"uv": [0, 10, 6, 0], "rotation": 90, "texture": "#0"}
			}
		},
		{
			"from": [3.5, 4, 5.5],
			"to": [4.5, 5, 6.5],
			"rotation": {"angle": 0, "axis": "y", "origin": [4, 0, 4]},
			"faces": {
				"north": {"uv": [10, 6, 12, 2], "texture": "#0"},
				"east": {"uv": [0, 0, 2, 6], "texture": "#0"},
				"south": {"uv": [0, 0, 2, 6], "texture": "#0"},
				"west": {"uv": [10, 6, 12, 2], "texture": "#0"},
				"up": {"uv": [4, 1, 6, 3], "texture": "#0"},
				"down": {"uv": [5, 1, 7, 3], "texture": "#0"}
			}
		},
		{
			"from": [4.5, 4, 4.5],
			"to": [5.5, 5, 5.5],
			"rotation": {"angle": 0, "axis": "y", "origin": [4, 0, 4]},
			"faces": {
				"north": {"uv": [10, 6, 12, 2], "texture": "#0"},
				"east": {"uv": [0, 0, 2, 6], "texture": "#0"},
				"south": {"uv": [0, 0, 2, 6], "texture": "#0"},
				"west": {"uv": [10, 6, 12, 2], "texture": "#0"},
				"up": {"uv": [0, 14, 2, 16], "texture": "#0"},
				"down": {"uv": [6, 2, 8, 4], "texture": "#0"}
			}
		},
		{
			"from": [9.5, 4, 11.5],
			"to": [10.5, 5, 12.5],
			"rotation": {"angle": 0, "axis": "y", "origin": [4, 0, 4]},
			"faces": {
				"north": {"uv": [0, 0, 2, 6], "texture": "#0"},
				"east": {"uv": [10, 6, 12, 2], "texture": "#0"},
				"south": {"uv": [11, 6, 13, 2], "texture": "#0"},
				"west": {"uv": [0, 0, 2, 6], "texture": "#0"},
				"up": {"uv": [6, 1, 8, 3], "rotation": 180, "texture": "#0"},
				"down": {"uv": [5, 4, 7, 6], "rotation": 180, "texture": "#0"}
			}
		},
		{
			"from": [9.5, 5, 11.5],
			"to": [10.5, 6, 12.5],
			"rotation": {"angle": 0, "axis": "y", "origin": [4, 16, 4]},
			"faces": {
				"north": {"uv": [0, 6, 2, 0], "texture": "#0"},
				"east": {"uv": [10, 2, 12, 6], "texture": "#0"},
				"south": {"uv": [11, 2, 13, 6], "texture": "#0"},
				"west": {"uv": [0, 6, 2, 0], "texture": "#0"},
				"up": {"uv": [5, 6, 7, 4], "rotation": 180, "texture": "#0"},
				"down": {"uv": [6, 3, 8, 1], "rotation": 180, "texture": "#0"}
			}
		},
		{
			"from": [3.5, 5, 5.5],
			"to": [4.5, 6, 6.5],
			"rotation": {"angle": 0, "axis": "y", "origin": [4, 16, 4]},
			"faces": {
				"north": {"uv": [10, 2, 12, 6], "texture": "#0"},
				"east": {"uv": [0, 6, 2, 0], "texture": "#0"},
				"south": {"uv": [0, 6, 2, 0], "texture": "#0"},
				"west": {"uv": [10, 2, 12, 6], "texture": "#0"},
				"up": {"uv": [5, 3, 7, 1], "texture": "#0"},
				"down": {"uv": [4, 3, 6, 1], "texture": "#0"}
			}
		},
		{
			"from": [4.5, 5, 4.5],
			"to": [5.5, 6, 5.5],
			"rotation": {"angle": 0, "axis": "y", "origin": [4, 16, 4]},
			"faces": {
				"north": {"uv": [10, 2, 12, 6], "texture": "#0"},
				"east": {"uv": [0, 6, 2, 0], "texture": "#0"},
				"south": {"uv": [0, 6, 2, 0], "texture": "#0"},
				"west": {"uv": [10, 2, 12, 6], "texture": "#0"},
				"up": {"uv": [6, 4, 8, 2], "texture": "#0"},
				"down": {"uv": [0, 16, 2, 14], "texture": "#0"}
			}
		},
		{
			"from": [10.5, 4, 4.5],
			"to": [11.5, 5, 5.5],
			"rotation": {"angle": 0, "axis": "y", "origin": [4, 0, 4]},
			"faces": {
				"north": {"uv": [8, 4, 10, 0], "texture": "#0"},
				"east": {"uv": [11, 6, 13, 2], "texture": "#0"},
				"south": {"uv": [0, 0, 2, 6], "texture": "#0"},
				"west": {"uv": [0, 0, 2, 6], "texture": "#0"},
				"up": {"uv": [0, 14, 2, 16], "rotation": 90, "texture": "#0"},
				"down": {"uv": [2, 11, 4, 13], "rotation": 270, "texture": "#0"}
			}
		},
		{
			"from": [4.5, 4, 10.5],
			"to": [5.5, 5, 11.5],
			"rotation": {"angle": 0, "axis": "y", "origin": [4, 0, 4]},
			"faces": {
				"north": {"uv": [6, 4, 8, 10], "texture": "#0"},
				"east": {"uv": [9, 4, 11, 10], "texture": "#0"},
				"south": {"uv": [11, 6, 13, 2], "texture": "#0"},
				"west": {"uv": [11, 6, 13, 2], "texture": "#0"},
				"up": {"uv": [0, 14, 2, 16], "rotation": 90, "texture": "#0"},
				"down": {"uv": [2, 11, 4, 13], "rotation": 270, "texture": "#0"}
			}
		},
		{
			"from": [5.375, 2, 10.5],
			"to": [6.375, 4, 11.5],
			"rotation": {"angle": 0, "axis": "y", "origin": [10.9375, 1.875, 8]},
			"faces": {
				"north": {"uv": [0, 0, 2, 4], "texture": "#0"},
				"east": {"uv": [0, 0, 2, 4], "texture": "#0"},
				"south": {"uv": [10, 0, 16, 4], "texture": "#0"},
				"west": {"uv": [10, 0, 16, 4], "texture": "#0"},
				"up": {"uv": [0, 0, 2, 2], "rotation": 270, "texture": "#0"},
				"down": {"uv": [10, 0, 16, 4], "rotation": 90, "texture": "#0"}
			}
		},
		{
			"from": [4.375, 2, 9.5],
			"to": [5.375, 4, 10.5],
			"rotation": {"angle": 0, "axis": "y", "origin": [10.9375, 1.875, 8]},
			"faces": {
				"north": {"uv": [0, 0, 2, 4], "texture": "#0"},
				"east": {"uv": [0, 0, 2, 4], "texture": "#0"},
				"south": {"uv": [11, 0, 16, 4], "texture": "#0"},
				"west": {"uv": [10, 0, 16, 4], "texture": "#0"},
				"up": {"uv": [0, 0, 2, 2], "rotation": 270, "texture": "#0"},
				"down": {"uv": [10, 0, 16, 4], "rotation": 90, "texture": "#0"}
			}
		},
		{
			"from": [5.375, 1, 9.5],
			"to": [6.375, 2, 10.5],
			"rotation": {"angle": 0, "axis": "y", "origin": [10.9375, 1.875, 8]},
			"faces": {
				"north": {"uv": [0, 0, 2, 2], "texture": "#0"},
				"east": {"uv": [0, 0, 2, 2], "texture": "#0"},
				"south": {"uv": [10, 0, 16, 4], "texture": "#0"},
				"west": {"uv": [10, 0, 16, 4], "texture": "#0"},
				"up": {"uv": [0, 0, 2, 2], "rotation": 270, "texture": "#0"},
				"down": {"uv": [10, 0, 16, 4], "rotation": 90, "texture": "#0"}
			}
		},
		{
			"from": [4.5, 1, 6.5],
			"to": [6.5, 2, 9.5],
			"rotation": {"angle": 0, "axis": "y", "origin": [10.9375, 1.875, 8]},
			"faces": {
				"north": {"uv": [10, 0, 16, 4], "texture": "#0"},
				"east": {"uv": [0, 0, 6, 2], "texture": "#0"},
				"south": {"uv": [10, 0, 16, 4], "texture": "#0"},
				"west": {"uv": [10, 0, 16, 4], "texture": "#0"},
				"up": {"uv": [0, 0, 4, 6], "rotation": 180, "texture": "#0"},
				"down": {"uv": [10, 0, 16, 4], "rotation": 180, "texture": "#0"}
			}
		},
		{
			"from": [5.375, 0.5, 6.5],
			"to": [6.375, 1, 9.5],
			"rotation": {"angle": 0, "axis": "y", "origin": [10.9375, 1.875, 8]},
			"faces": {
				"north": {"uv": [10, 0, 16, 4], "texture": "#0"},
				"east": {"uv": [0, 0, 6, 1], "texture": "#0"},
				"south": {"uv": [10, 0, 16, 4], "texture": "#0"},
				"west": {"uv": [10, 0, 16, 4], "texture": "#0"},
				"up": {"uv": [0, 0, 2, 6], "rotation": 180, "texture": "#0"},
				"down": {"uv": [10, 0, 16, 4], "rotation": 180, "texture": "#0"}
			}
		},
		{
			"from": [5.375, 9, 6.5],
			"to": [6.375, 9.5, 9.5],
			"rotation": {"angle": 0, "axis": "y", "origin": [10.9375, 14.125, 8]},
			"faces": {
				"north": {"uv": [10, 4, 16, 0], "texture": "#0"},
				"east": {"uv": [0, 1, 6, 0], "texture": "#0"},
				"south": {"uv": [10, 4, 16, 0], "texture": "#0"},
				"west": {"uv": [10, 4, 16, 0], "texture": "#0"},
				"up": {"uv": [10, 4, 16, 0], "rotation": 180, "texture": "#0"},
				"down": {"uv": [0, 6, 2, 0], "rotation": 180, "texture": "#0"}
			}
		},
		{
			"from": [4.375, 2, 5.5],
			"to": [5.375, 4, 6.5],
			"rotation": {"angle": 0, "axis": "y", "origin": [10.9375, 1.875, 8]},
			"faces": {
				"north": {"uv": [4, 0, 10, 4], "texture": "#0"},
				"east": {"uv": [0, 0, 2, 4], "texture": "#0"},
				"south": {"uv": [0, 0, 2, 4], "texture": "#0"},
				"west": {"uv": [10, 0, 16, 4], "texture": "#0"},
				"up": {"uv": [0, 0, 2, 2], "texture": "#0"},
				"down": {"uv": [10, 0, 16, 4], "texture": "#0"}
			}
		},
		{
			"from": [5.375, 1, 5.5],
			"to": [6.375, 2, 6.5],
			"rotation": {"angle": 0, "axis": "y", "origin": [10.9375, 1.875, 8]},
			"faces": {
				"north": {"uv": [3, 0, 9, 4], "texture": "#0"},
				"east": {"uv": [0, 0, 2, 2], "texture": "#0"},
				"south": {"uv": [0, 0, 2, 2], "texture": "#0"},
				"west": {"uv": [10, 0, 16, 4], "texture": "#0"},
				"up": {"uv": [0, 0, 2, 2], "texture": "#0"},
				"down": {"uv": [10, 0, 16, 4], "texture": "#0"}
			}
		},
		{
			"from": [5.375, 2, 4.5],
			"to": [6.375, 4, 5.5],
			"rotation": {"angle": 0, "axis": "y", "origin": [10.9375, 1.875, 8]},
			"faces": {
				"north": {"uv": [10, 0, 16, 4], "texture": "#0"},
				"east": {"uv": [0, 0, 2, 4], "texture": "#0"},
				"south": {"uv": [0, 0, 2, 4], "texture": "#0"},
				"west": {"uv": [10, 0, 16, 4], "texture": "#0"},
				"up": {"uv": [0, 0, 2, 2], "texture": "#0"},
				"down": {"uv": [10, 0, 16, 4], "texture": "#0"}
			}
		},
		{
			"from": [3.5, 2, 6.5],
			"to": [4.5, 4, 9.5],
			"rotation": {"angle": 0, "axis": "y", "origin": [10.9375, 1.875, 8]},
			"faces": {
				"north": {"uv": [10, 0, 16, 4], "texture": "#0"},
				"east": {"uv": [0, 0, 6, 4], "texture": "#0"},
				"south": {"uv": [10, 0, 16, 4], "texture": "#0"},
				"west": {"uv": [10, 0, 16, 4], "texture": "#0"},
				"up": {"uv": [0, 0, 2, 6], "rotation": 180, "texture": "#0"},
				"down": {"uv": [10, 0, 16, 4], "rotation": 180, "texture": "#0"}
			}
		},
		{
			"from": [5.375, 6, 10.5],
			"to": [6.375, 8, 11.5],
			"rotation": {"angle": 0, "axis": "y", "origin": [10.9375, 14.125, 8]},
			"faces": {
				"north": {"uv": [0, 4, 2, 0], "texture": "#0"},
				"east": {"uv": [0, 4, 2, 0], "texture": "#0"},
				"south": {"uv": [10, 4, 16, 0], "texture": "#0"},
				"west": {"uv": [10, 4, 16, 0], "texture": "#0"},
				"up": {"uv": [16, 0, 10, 4], "rotation": 90, "texture": "#0"},
				"down": {"uv": [2, 0, 0, 2], "rotation": 270, "texture": "#0"}
			}
		},
		{
			"from": [4.375, 6, 9.5],
			"to": [5.375, 8, 10.5],
			"rotation": {"angle": 0, "axis": "y", "origin": [10.9375, 14.125, 8]},
			"faces": {
				"north": {"uv": [0, 4, 2, 0], "texture": "#0"},
				"east": {"uv": [0, 4, 2, 0], "texture": "#0"},
				"south": {"uv": [11, 4, 16, 0], "texture": "#0"},
				"west": {"uv": [10, 4, 16, 0], "texture": "#0"},
				"up": {"uv": [16, 0, 10, 4], "rotation": 90, "texture": "#0"},
				"down": {"uv": [2, 0, 0, 2], "rotation": 270, "texture": "#0"}
			}
		},
		{
			"from": [5.375, 8, 9.5],
			"to": [6.375, 9, 10.5],
			"rotation": {"angle": 0, "axis": "y", "origin": [10.9375, 14.125, 8]},
			"faces": {
				"north": {"uv": [0, 2, 2, 0], "texture": "#0"},
				"east": {"uv": [0, 2, 2, 0], "texture": "#0"},
				"south": {"uv": [10, 4, 16, 0], "texture": "#0"},
				"west": {"uv": [10, 4, 16, 0], "texture": "#0"},
				"up": {"uv": [16, 0, 10, 4], "rotation": 90, "texture": "#0"},
				"down": {"uv": [2, 0, 0, 2], "rotation": 270, "texture": "#0"}
			}
		},
		{
			"from": [4.5, 8, 6.5],
			"to": [6.5, 9, 9.5],
			"rotation": {"angle": 0, "axis": "y", "origin": [10.9375, 14.125, 8]},
			"faces": {
				"north": {"uv": [10, 4, 16, 0], "texture": "#0"},
				"east": {"uv": [0, 2, 6, 0], "texture": "#0"},
				"south": {"uv": [10, 4, 16, 0], "texture": "#0"},
				"west": {"uv": [10, 4, 16, 0], "texture": "#0"},
				"up": {"uv": [10, 4, 16, 0], "rotation": 180, "texture": "#0"},
				"down": {"uv": [0, 6, 4, 0], "rotation": 180, "texture": "#0"}
			}
		},
		{
			"from": [4.375, 6, 5.5],
			"to": [5.375, 8, 6.5],
			"rotation": {"angle": 0, "axis": "y", "origin": [10.9375, 14.125, 8]},
			"faces": {
				"north": {"uv": [3, 4, 9, 0], "texture": "#0"},
				"east": {"uv": [0, 4, 2, 0], "texture": "#0"},
				"south": {"uv": [0, 4, 2, 0], "texture": "#0"},
				"west": {"uv": [10, 4, 16, 0], "texture": "#0"},
				"up": {"uv": [10, 4, 16, 0], "texture": "#0"},
				"down": {"uv": [0, 2, 2, 0], "texture": "#0"}
			}
		},
		{
			"from": [5.375, 8, 5.5],
			"to": [6.375, 9, 6.5],
			"rotation": {"angle": 0, "axis": "y", "origin": [10.9375, 14.125, 8]},
			"faces": {
				"north": {"uv": [10, 4, 16, 0], "texture": "#0"},
				"east": {"uv": [0, 2, 2, 0], "texture": "#0"},
				"south": {"uv": [0, 2, 2, 0], "texture": "#0"},
				"west": {"uv": [10, 4, 16, 0], "texture": "#0"},
				"up": {"uv": [10, 4, 16, 0], "texture": "#0"},
				"down": {"uv": [0, 2, 2, 0], "texture": "#0"}
			}
		},
		{
			"from": [5.375, 6, 4.5],
			"to": [5.775, 8, 5.5],
			"rotation": {"angle": 0, "axis": "y", "origin": [10.9375, 14.125, 8]},
			"faces": {
				"north": {"uv": [5, 4, 11, 0], "texture": "#0"},
				"east": {"uv": [0, 4, 2, 0], "texture": "#0"},
				"south": {"uv": [0, 4, 2, 0], "texture": "#0"},
				"west": {"uv": [10, 4, 16, 0], "texture": "#0"},
				"up": {"uv": [10, 4, 16, 0], "texture": "#0"},
				"down": {"uv": [0, 2, 2, 0], "texture": "#0"}
			}
		},
		{
			"from": [5.375, 4, 4.25],
			"to": [5.775, 6, 4.5],
			"rotation": {"angle": 0, "axis": "y", "origin": [10.9375, 14.125, 8]},
			"faces": {
				"north": {"uv": [10, 4, 16, 0], "texture": "#0"},
				"east": {"uv": [0, 4, 2, 0], "texture": "#0"},
				"south": {"uv": [0, 4, 2, 0], "texture": "#0"},
				"west": {"uv": [10, 4, 16, 0], "texture": "#0"},
				"up": {"uv": [10, 4, 16, 0], "texture": "#0"},
				"down": {"uv": [0, 2, 2, 0], "texture": "#0"}
			}
		},
		{
			"from": [3.5, 6, 6.5],
			"to": [4.5, 8, 9.5],
			"rotation": {"angle": 0, "axis": "y", "origin": [10.9375, 14.125, 8]},
			"faces": {
				"north": {"uv": [10, 4, 16, 0], "texture": "#0"},
				"east": {"uv": [0, 4, 6, 0], "texture": "#0"},
				"south": {"uv": [10, 4, 16, 0], "texture": "#0"},
				"west": {"uv": [10, 4, 16, 0], "texture": "#0"},
				"up": {"uv": [10, 4, 16, 0], "rotation": 180, "texture": "#0"},
				"down": {"uv": [0, 6, 2, 0], "rotation": 180, "texture": "#0"}
			}
		},
		{
			"from": [11.5, 4, 5.5],
			"to": [12.5, 5, 6.5],
			"rotation": {"angle": 0, "axis": "y", "origin": [4, 0, 4]},
			"faces": {
				"north": {"uv": [10, 6, 12, 2], "texture": "#0"},
				"east": {"uv": [11, 6, 13, 2], "texture": "#0"},
				"south": {"uv": [0, 0, 2, 6], "texture": "#0"},
				"west": {"uv": [0, 0, 2, 6], "texture": "#0"},
				"up": {"uv": [6, 4, 8, 6], "rotation": 90, "texture": "#0"},
				"down": {"uv": [7, 2, 9, 4], "rotation": 270, "texture": "#0"}
			}
		},
		{
			"from": [10.5, 5, 4.5],
			"to": [11.5, 6, 5.5],
			"rotation": {"angle": 0, "axis": "y", "origin": [4, 16, 4]},
			"faces": {
				"north": {"uv": [8, 0, 10, 4], "texture": "#0"},
				"east": {"uv": [11, 2, 13, 6], "texture": "#0"},
				"south": {"uv": [0, 6, 2, 0], "texture": "#0"},
				"west": {"uv": [0, 6, 2, 0], "texture": "#0"},
				"up": {"uv": [4, 11, 2, 13], "rotation": 270, "texture": "#0"},
				"down": {"uv": [2, 14, 0, 16], "rotation": 90, "texture": "#0"}
			}
		},
		{
			"from": [11.5, 5, 5.5],
			"to": [12.5, 6, 6.5],
			"rotation": {"angle": 0, "axis": "y", "origin": [4, 16, 4]},
			"faces": {
				"north": {"uv": [10, 2, 12, 6], "texture": "#0"},
				"east": {"uv": [11, 2, 13, 6], "texture": "#0"},
				"south": {"uv": [0, 6, 2, 0], "texture": "#0"},
				"west": {"uv": [0, 6, 2, 0], "texture": "#0"},
				"up": {"uv": [9, 2, 7, 4], "rotation": 270, "texture": "#0"},
				"down": {"uv": [8, 4, 6, 6], "rotation": 90, "texture": "#0"}
			}
		},
		{
			"from": [4.5, 5, 10.5],
			"to": [5.5, 6, 11.5],
			"rotation": {"angle": 0, "axis": "y", "origin": [4, 16, 4]},
			"faces": {
				"north": {"uv": [6, 10, 8, 4], "texture": "#0"},
				"east": {"uv": [9, 10, 11, 4], "texture": "#0"},
				"south": {"uv": [11, 2, 13, 6], "texture": "#0"},
				"west": {"uv": [11, 2, 13, 6], "texture": "#0"},
				"up": {"uv": [4, 11, 2, 13], "rotation": 270, "texture": "#0"},
				"down": {"uv": [2, 14, 0, 16], "rotation": 90, "texture": "#0"}
			}
		},
		{
			"from": [3.125, 4, 6.5],
			"to": [3.625, 5, 9.5],
			"rotation": {"angle": 0, "axis": "y", "origin": [4, 0, 8.375]},
			"faces": {
				"north": {"uv": [11, 6, 13, 2], "texture": "#0"},
				"east": {"uv": [0, 6, 6, 12], "texture": "#0"},
				"south": {"uv": [11, 6, 13, 2], "texture": "#0"},
				"west": {"uv": [10, 6, 16, 2], "texture": "#0"},
				"up": {"uv": [6, 16, 0, 14], "rotation": 270, "texture": "#0"},
				"down": {"uv": [10, 0, 4, 2], "rotation": 90, "texture": "#0"}
			}
		},
		{
			"from": [12.375, 4, 6.5],
			"to": [12.875, 5, 9.5],
			"rotation": {"angle": 0, "axis": "y", "origin": [4, 0, 8.375]},
			"faces": {
				"north": {"uv": [11, 6, 13, 2], "texture": "#0"},
				"east": {"uv": [10, 6, 16, 2], "texture": "#0"},
				"south": {"uv": [10, 6, 12, 2], "texture": "#0"},
				"west": {"uv": [0, 6, 6, 12], "texture": "#0"},
				"up": {"uv": [6, 16, 0, 14], "rotation": 90, "texture": "#0"},
				"down": {"uv": [10, 2, 4, 4], "rotation": 270, "texture": "#0"}
			}
		},
		{
			"from": [12.375, 5, 6.5],
			"to": [12.875, 6, 9.5],
			"rotation": {"angle": 0, "axis": "y", "origin": [4, 16, 8.375]},
			"faces": {
				"north": {"uv": [11, 2, 13, 6], "texture": "#0"},
				"east": {"uv": [10, 2, 16, 6], "texture": "#0"},
				"south": {"uv": [10, 2, 12, 6], "texture": "#0"},
				"west": {"uv": [0, 12, 6, 6], "texture": "#0"},
				"up": {"uv": [4, 2, 10, 4], "rotation": 270, "texture": "#0"},
				"down": {"uv": [0, 16, 6, 14], "rotation": 90, "texture": "#0"}
			}
		},
		{
			"from": [3.125, 5, 6.5],
			"to": [3.625, 6, 9.5],
			"rotation": {"angle": 0, "axis": "y", "origin": [4, 16, 8.375]},
			"faces": {
				"north": {"uv": [11, 2, 13, 6], "texture": "#0"},
				"east": {"uv": [0, 12, 6, 6], "texture": "#0"},
				"south": {"uv": [11, 2, 13, 6], "texture": "#0"},
				"west": {"uv": [10, 2, 16, 6], "texture": "#0"},
				"up": {"uv": [4, 0, 10, 2], "rotation": 90, "texture": "#0"},
				"down": {"uv": [0, 16, 6, 14], "rotation": 270, "texture": "#0"}
			}
		},
		{
			"from": [11.5, 4, 9.5],
			"to": [12.5, 5, 10.5],
			"rotation": {"angle": 0, "axis": "y", "origin": [4, 0, 7.5]},
			"faces": {
				"north": {"uv": [0, 0, 2, 6], "texture": "#0"},
				"east": {"uv": [14, 6, 16, 2], "texture": "#0"},
				"south": {"uv": [10, 6, 12, 2], "texture": "#0"},
				"west": {"uv": [0, 0, 2, 6], "texture": "#0"},
				"up": {"uv": [6, 0, 8, 2], "rotation": 180, "texture": "#0"},
				"down": {"uv": [0, 14, 2, 16], "rotation": 180, "texture": "#0"}
			}
		},
		{
			"from": [10.5, 4, 10.5],
			"to": [11.5, 5, 11.5],
			"rotation": {"angle": 0, "axis": "y", "origin": [4, 0, 7.5]},
			"faces": {
				"north": {"uv": [0, 0, 2, 6], "texture": "#0"},
				"east": {"uv": [11, 6, 13, 2], "texture": "#0"},
				"south": {"uv": [11, 6, 13, 2], "texture": "#0"},
				"west": {"uv": [0, 0, 2, 6], "texture": "#0"},
				"up": {"uv": [0, 14, 2, 16], "rotation": 180, "texture": "#0"},
				"down": {"uv": [4, 6, 6, 8], "rotation": 180, "texture": "#0"}
			}
		},
		{
			"from": [11.5, 5, 9.5],
			"to": [12.5, 6, 10.5],
			"rotation": {"angle": 0, "axis": "y", "origin": [4, 16, 7.5]},
			"faces": {
				"north": {"uv": [0, 6, 2, 0], "texture": "#0"},
				"east": {"uv": [14, 2, 16, 6], "texture": "#0"},
				"south": {"uv": [10, 2, 12, 6], "texture": "#0"},
				"west": {"uv": [0, 6, 2, 0], "texture": "#0"},
				"up": {"uv": [0, 16, 2, 14], "rotation": 180, "texture": "#0"},
				"down": {"uv": [6, 2, 8, 0], "rotation": 180, "texture": "#0"}
			}
		},
		{
			"from": [10.5, 5, 10.5],
			"to": [11.5, 6, 11.5],
			"rotation": {"angle": 0, "axis": "y", "origin": [4, 16, 7.5]},
			"faces": {
				"north": {"uv": [0, 6, 2, 0], "texture": "#0"},
				"east": {"uv": [11, 2, 13, 6], "texture": "#0"},
				"south": {"uv": [11, 2, 13, 6], "texture": "#0"},
				"west": {"uv": [0, 6, 2, 0], "texture": "#0"},
				"up": {"uv": [4, 8, 6, 6], "rotation": 180, "texture": "#0"},
				"down": {"uv": [0, 16, 2, 14], "rotation": 180, "texture": "#0"}
			}
		},
		{
			"from": [6.25, 2, 3.5],
			"to": [9.5, 4, 4.5],
			"rotation": {"angle": 0, "axis": "y", "origin": [4, 0, 8.375]},
			"faces": {
				"north": {"uv": [3, 0, 9, 4], "texture": "#0"},
				"east": {"uv": [10, 0, 16, 4], "texture": "#0"},
				"south": {"uv": [0, 0, 6, 4], "texture": "#0"},
				"west": {"uv": [10, 0, 16, 4], "texture": "#0"},
				"up": {"uv": [0, 0, 2, 6], "rotation": 270, "texture": "#0"},
				"down": {"uv": [10, 0, 16, 4], "rotation": 90, "texture": "#0"}
			}
		},
		{
			"from": [6.25, 1, 4.5],
			"to": [9.5, 2, 6.5],
			"rotation": {"angle": 0, "axis": "y", "origin": [4, 0, 8.375]},
			"faces": {
				"north": {"uv": [10, 0, 16, 4], "texture": "#0"},
				"east": {"uv": [10, 0, 16, 4], "texture": "#0"},
				"south": {"uv": [0, 0, 6, 2], "texture": "#0"},
				"west": {"uv": [10, 0, 16, 4], "texture": "#0"},
				"up": {"uv": [0, 0, 4, 6], "rotation": 270, "texture": "#0"},
				"down": {"uv": [10, 0, 16, 4], "rotation": 90, "texture": "#0"}
			}
		},
		{
			"from": [5.75, 3, 8.5],
			"to": [10, 7, 9.25],
			"rotation": {"angle": 22.5, "axis": "x", "origin": [4, 16, 8.375]},
			"faces": {
				"north": {"uv": [0.38519, 0.5, 7.24444, 7.38889], "texture": "#1"},
				"east": {"uv": [10, 4, 16, 0], "texture": "#0"},
				"south": {"uv": [0, 4, 6, 0], "texture": "#0"},
				"west": {"uv": [10, 4, 16, 0], "texture": "#0"},
				"up": {"uv": [16, 0, 10, 4], "rotation": 90, "texture": "#0"},
				"down": {"uv": [2, 0, 0, 6], "rotation": 270, "texture": "#0"}
			}
		},
		{
			"from": [6.25, 7.75, 5.25],
			"to": [9.5, 9, 6.5],
			"rotation": {"angle": 0, "axis": "y", "origin": [4, 16, 8.375]},
			"faces": {
				"north": {"uv": [2, 4, 8, 0], "texture": "#0"},
				"east": {"uv": [10, 4, 16, 0], "texture": "#0"},
				"south": {"uv": [0, 2, 6, 0], "texture": "#0"},
				"west": {"uv": [10, 4, 16, 0], "texture": "#0"},
				"up": {"uv": [16, 0, 10, 4], "rotation": 90, "texture": "#0"},
				"down": {"uv": [4, 0, 0, 6], "rotation": 270, "texture": "#0"}
			}
		},
		{
			"from": [5.75, 7.62, 5],
			"to": [10, 8.37, 5.25],
			"rotation": {"angle": 0, "axis": "y", "origin": [4, 16, 8.375]},
			"faces": {
				"north": {"uv": [6, 4, 12, 0], "texture": "#0"},
				"east": {"uv": [10, 4, 16, 0], "texture": "#0"},
				"south": {"uv": [0, 2, 6, 0], "texture": "#0"},
				"west": {"uv": [10, 4, 16, 0], "texture": "#0"},
				"up": {"uv": [16, 0, 10, 4], "rotation": 90, "texture": "#0"},
				"down": {"uv": [4, 0, 0, 6], "rotation": 270, "texture": "#0"}
			}
		},
		{
			"from": [6.5, 4, 12.25],
			"to": [9.5, 5, 12.75],
			"rotation": {"angle": 0, "axis": "y", "origin": [4, 0, 8.375]},
			"faces": {
				"north": {"uv": [0, 6, 6, 12], "texture": "#0"},
				"east": {"uv": [10, 6, 12, 2], "texture": "#0"},
				"south": {"uv": [10, 6, 16, 2], "texture": "#0"},
				"west": {"uv": [10, 6, 12, 2], "texture": "#0"},
				"up": {"uv": [6, 16, 0, 14], "rotation": 180, "texture": "#0"},
				"down": {"uv": [7, 10, 1, 12], "rotation": 180, "texture": "#0"}
			}
		},
		{
			"from": [6.25, 2, 11.25],
			"to": [9.5, 4, 12.25],
			"rotation": {"angle": 0, "axis": "y", "origin": [4, 0, 8.375]},
			"faces": {
				"north": {"uv": [0, 0, 6, 4], "texture": "#0"},
				"east": {"uv": [10, 0, 16, 4], "texture": "#0"},
				"south": {"uv": [10, 0, 16, 4], "texture": "#0"},
				"west": {"uv": [10, 0, 16, 4], "texture": "#0"},
				"up": {"uv": [0, 0, 2, 6], "rotation": 90, "texture": "#0"},
				"down": {"uv": [10, 0, 16, 4], "rotation": 270, "texture": "#0"}
			}
		},
		{
			"from": [9.5, 2, 4.5],
			"to": [10.5, 4, 5.5],
			"rotation": {"angle": 0, "axis": "y", "origin": [4, 0, 4]},
			"faces": {
				"north": {"uv": [10, 0, 16, 4], "texture": "#0"},
				"east": {"uv": [10, 0, 16, 4], "texture": "#0"},
				"south": {"uv": [0, 0, 2, 4], "texture": "#0"},
				"west": {"uv": [0, 0, 2, 4], "texture": "#0"},
				"up": {"uv": [0, 0, 2, 2], "rotation": 90, "texture": "#0"},
				"down": {"uv": [10, 0, 16, 4], "rotation": 270, "texture": "#0"}
			}
		},
		{
			"from": [10.5, 2, 5.5],
			"to": [11.5, 4, 6.5],
			"rotation": {"angle": 0, "axis": "y", "origin": [4, 0, 4]},
			"faces": {
				"north": {"uv": [10, 0, 16, 4], "texture": "#0"},
				"east": {"uv": [10, 0, 16, 4], "texture": "#0"},
				"south": {"uv": [0, 0, 2, 4], "texture": "#0"},
				"west": {"uv": [0, 0, 2, 4], "texture": "#0"},
				"up": {"uv": [0, 0, 2, 2], "rotation": 90, "texture": "#0"},
				"down": {"uv": [10, 0, 16, 4], "rotation": 270, "texture": "#0"}
			}
		},
		{
			"from": [9.5, 1, 5.5],
			"to": [10.5, 2, 6.5],
			"rotation": {"angle": 0, "axis": "y", "origin": [4, 0, 4]},
			"faces": {
				"north": {"uv": [10, 0, 16, 4], "texture": "#0"},
				"east": {"uv": [10, 0, 16, 4], "texture": "#0"},
				"south": {"uv": [0, 0, 2, 2], "texture": "#0"},
				"west": {"uv": [0, 0, 2, 2], "texture": "#0"},
				"up": {"uv": [0, 0, 2, 2], "rotation": 90, "texture": "#0"},
				"down": {"uv": [10, 0, 16, 4], "rotation": 270, "texture": "#0"}
			}
		},
		{
			"from": [9.375, 1, 6.5],
			"to": [11.375, 2, 9.5],
			"rotation": {"angle": 0, "axis": "y", "origin": [4, 0, 8.375]},
			"faces": {
				"north": {"uv": [10, 0, 16, 4], "texture": "#0"},
				"east": {"uv": [10, 0, 16, 4], "texture": "#0"},
				"south": {"uv": [10, 0, 16, 4], "texture": "#0"},
				"west": {"uv": [0, 0, 6, 2], "texture": "#0"},
				"up": {"uv": [0, 0, 4, 6], "texture": "#0"},
				"down": {"uv": [10, 0, 16, 4], "texture": "#0"}
			}
		},
		{
			"from": [9.5, 0.5, 6.5],
			"to": [10.5, 1, 9.5],
			"rotation": {"angle": 0, "axis": "y", "origin": [4, 0, 4]},
			"faces": {
				"north": {"uv": [10, 0, 16, 4], "texture": "#0"},
				"east": {"uv": [10, 0, 16, 4], "texture": "#0"},
				"south": {"uv": [10, 0, 16, 4], "texture": "#0"},
				"west": {"uv": [0, 0, 6, 1], "texture": "#0"},
				"up": {"uv": [0, 0, 2, 6], "texture": "#0"},
				"down": {"uv": [10, 0, 16, 4], "texture": "#0"}
			}
		},
		{
			"from": [10.5, 2, 9.5],
			"to": [11.5, 4, 10.5],
			"rotation": {"angle": 0, "axis": "y", "origin": [4, 0, 7.5]},
			"faces": {
				"north": {"uv": [0, 0, 2, 4], "texture": "#0"},
				"east": {"uv": [10, 0, 16, 4], "texture": "#0"},
				"south": {"uv": [10, 0, 16, 4], "texture": "#0"},
				"west": {"uv": [0, 0, 2, 4], "texture": "#0"},
				"up": {"uv": [0, 0, 2, 2], "rotation": 180, "texture": "#0"},
				"down": {"uv": [10, 4, 16, 0], "rotation": 180, "texture": "#0"}
			}
		},
		{
			"from": [9.5, 1, 9.5],
			"to": [10.5, 2, 10.5],
			"rotation": {"angle": 0, "axis": "y", "origin": [4, 0, 7.5]},
			"faces": {
				"north": {"uv": [0, 0, 2, 2], "texture": "#0"},
				"east": {"uv": [12, 0, 16, 3], "texture": "#0"},
				"south": {"uv": [10, 0, 16, 4], "texture": "#0"},
				"west": {"uv": [0, 0, 2, 2], "texture": "#0"},
				"up": {"uv": [0, 0, 2, 2], "rotation": 180, "texture": "#0"},
				"down": {"uv": [10, 0, 16, 4], "rotation": 180, "texture": "#0"}
			}
		},
		{
			"from": [5.5, 4, 11.5],
			"to": [6.5, 5, 12.5],
			"rotation": {"angle": 0, "axis": "y", "origin": [4, 0, 7.5]},
			"faces": {
				"north": {"uv": [0, 0, 2, 6], "texture": "#0"},
				"east": {"uv": [0, 0, 2, 6], "texture": "#0"},
				"south": {"uv": [14, 6, 16, 2], "texture": "#0"},
				"west": {"uv": [11, 6, 13, 2], "texture": "#0"},
				"up": {"uv": [6, 0, 8, 2], "rotation": 270, "texture": "#0"},
				"down": {"uv": [0, 14, 2, 16], "rotation": 90, "texture": "#0"}
			}
		},
		{
			"from": [6.25, 1, 9.25],
			"to": [9.5, 2, 11.25],
			"rotation": {"angle": 0, "axis": "y", "origin": [4, 0, 8.375]},
			"faces": {
				"north": {"uv": [0, 0, 6, 2], "texture": "#0"},
				"east": {"uv": [10, 0, 16, 4], "texture": "#0"},
				"south": {"uv": [10, 0, 16, 4], "texture": "#0"},
				"west": {"uv": [10, 0, 16, 4], "texture": "#0"},
				"up": {"uv": [0, 0, 4, 6], "rotation": 90, "texture": "#0"},
				"down": {"uv": [10, 0, 16, 4], "rotation": 270, "texture": "#0"}
			}
		},
		{
			"from": [9.5, 2, 10.5],
			"to": [10.5, 4, 11.5],
			"rotation": {"angle": 0, "axis": "y", "origin": [4, 0, 7.5]},
			"faces": {
				"north": {"uv": [0, 0, 2, 4], "texture": "#0"},
				"east": {"uv": [10, 0, 16, 4], "texture": "#0"},
				"south": {"uv": [10, 0, 16, 4], "texture": "#0"},
				"west": {"uv": [0, 0, 2, 4], "texture": "#0"},
				"up": {"uv": [0, 0, 2, 2], "rotation": 180, "texture": "#0"},
				"down": {"uv": [10, 0, 16, 4], "rotation": 180, "texture": "#0"}
			}
		},
		{
			"from": [11.375, 2, 6.5],
			"to": [12.375, 4, 9.5],
			"rotation": {"angle": 0, "axis": "y", "origin": [4, 0, 8.375]},
			"faces": {
				"north": {"uv": [10, 0, 16, 4], "texture": "#0"},
				"east": {"uv": [10, 0, 16, 4], "texture": "#0"},
				"south": {"uv": [10, 0, 16, 4], "texture": "#0"},
				"west": {"uv": [0, 0, 6, 4], "texture": "#0"},
				"up": {"uv": [0, 0, 2, 6], "texture": "#0"},
				"down": {"uv": [10, 0, 16, 4], "texture": "#0"}
			}
		},
		{
			"from": [10, 6, 4.5],
			"to": [10.5, 8, 5.5],
			"rotation": {"angle": 0, "axis": "y", "origin": [4, 16, 4]},
			"faces": {
				"north": {"uv": [10, 4, 16, 0], "texture": "#0"},
				"east": {"uv": [10, 4, 16, 0], "texture": "#0"},
				"south": {"uv": [0, 4, 2, 0], "texture": "#0"},
				"west": {"uv": [0, 4, 2, 0], "texture": "#0"},
				"up": {"uv": [16, 0, 10, 4], "rotation": 270, "texture": "#0"},
				"down": {"uv": [2, 0, 0, 2], "rotation": 90, "texture": "#0"}
			}
		},
		{
			"from": [10, 4, 4.25],
			"to": [10.5, 6, 4.5],
			"rotation": {"angle": 0, "axis": "y", "origin": [4, 16, 4]},
			"faces": {
				"north": {"uv": [10, 4, 16, 0], "texture": "#0"},
				"east": {"uv": [10, 4, 16, 0], "texture": "#0"},
				"south": {"uv": [0, 4, 2, 0], "texture": "#0"},
				"west": {"uv": [0, 4, 2, 0], "texture": "#0"},
				"up": {"uv": [16, 0, 10, 4], "rotation": 270, "texture": "#0"},
				"down": {"uv": [2, 0, 0, 2], "rotation": 90, "texture": "#0"}
			}
		},
		{
			"from": [10.5, 6, 5.5],
			"to": [11.5, 8, 6.5],
			"rotation": {"angle": 0, "axis": "y", "origin": [4, 16, 4]},
			"faces": {
				"north": {"uv": [4, 4, 10, 0], "texture": "#0"},
				"east": {"uv": [10, 4, 16, 0], "texture": "#0"},
				"south": {"uv": [0, 4, 2, 0], "texture": "#0"},
				"west": {"uv": [0, 4, 2, 0], "texture": "#0"},
				"up": {"uv": [16, 0, 10, 4], "rotation": 270, "texture": "#0"},
				"down": {"uv": [2, 0, 0, 2], "rotation": 90, "texture": "#0"}
			}
		},
		{
			"from": [9.5, 8, 5.5],
			"to": [10.5, 9, 6.5],
			"rotation": {"angle": 0, "axis": "y", "origin": [4, 16, 4]},
			"faces": {
				"north": {"uv": [10, 4, 16, 0], "texture": "#0"},
				"east": {"uv": [10, 4, 16, 0], "texture": "#0"},
				"south": {"uv": [0, 2, 2, 0], "texture": "#0"},
				"west": {"uv": [0, 2, 2, 0], "texture": "#0"},
				"up": {"uv": [16, 0, 10, 4], "rotation": 270, "texture": "#0"},
				"down": {"uv": [2, 0, 0, 2], "rotation": 90, "texture": "#0"}
			}
		},
		{
			"from": [9.375, 8, 6.5],
			"to": [11.375, 9, 9.5],
			"rotation": {"angle": 0, "axis": "y", "origin": [4, 16, 8.375]},
			"faces": {
				"north": {"uv": [4, 4, 10, 0], "texture": "#0"},
				"east": {"uv": [10, 4, 16, 0], "texture": "#0"},
				"south": {"uv": [10, 4, 16, 0], "texture": "#0"},
				"west": {"uv": [0, 2, 6, 0], "texture": "#0"},
				"up": {"uv": [10, 4, 16, 0], "texture": "#0"},
				"down": {"uv": [0, 6, 4, 0], "texture": "#0"}
			}
		},
		{
			"from": [9.5, 9, 6.5],
			"to": [10.5, 9.5, 9.5],
			"rotation": {"angle": 0, "axis": "y", "origin": [4, 16, 4]},
			"faces": {
				"north": {"uv": [2, 4, 8, 0], "texture": "#0"},
				"east": {"uv": [10, 4, 16, 0], "texture": "#0"},
				"south": {"uv": [10, 4, 16, 0], "texture": "#0"},
				"west": {"uv": [0, 1, 6, 0], "texture": "#0"},
				"up": {"uv": [10, 4, 16, 0], "texture": "#0"},
				"down": {"uv": [0, 6, 2, 0], "texture": "#0"}
			}
		},
		{
			"from": [10.5, 6, 9.5],
			"to": [11.5, 8, 10.5],
			"rotation": {"angle": 0, "axis": "y", "origin": [4, 16, 7.5]},
			"faces": {
				"north": {"uv": [0, 4, 2, 0], "texture": "#0"},
				"east": {"uv": [10, 4, 16, 0], "texture": "#0"},
				"south": {"uv": [10, 4, 16, 0], "texture": "#0"},
				"west": {"uv": [0, 4, 2, 0], "texture": "#0"},
				"up": {"uv": [10, 0, 16, 4], "rotation": 180, "texture": "#0"},
				"down": {"uv": [0, 2, 2, 0], "rotation": 180, "texture": "#0"}
			}
		},
		{
			"from": [9.5, 8, 9.5],
			"to": [10.5, 9, 10.5],
			"rotation": {"angle": 0, "axis": "y", "origin": [4, 16, 7.5]},
			"faces": {
				"north": {"uv": [0, 2, 2, 0], "texture": "#0"},
				"east": {"uv": [12, 3, 16, 0], "texture": "#0"},
				"south": {"uv": [10, 4, 16, 0], "texture": "#0"},
				"west": {"uv": [0, 2, 2, 0], "texture": "#0"},
				"up": {"uv": [10, 4, 16, 0], "rotation": 180, "texture": "#0"},
				"down": {"uv": [0, 2, 2, 0], "rotation": 180, "texture": "#0"}
			}
		},
		{
			"from": [6.25, 8, 9.25],
			"to": [9.5, 9, 11.25],
			"rotation": {"angle": 0, "axis": "y", "origin": [4, 16, 8.375]},
			"faces": {
				"north": {"uv": [0, 2, 6, 0], "texture": "#0"},
				"east": {"uv": [10, 4, 16, 0], "texture": "#0"},
				"south": {"uv": [10, 4, 16, 0], "texture": "#0"},
				"west": {"uv": [10, 4, 16, 0], "texture": "#0"},
				"up": {"uv": [16, 0, 10, 4], "rotation": 270, "texture": "#0"},
				"down": {"uv": [4, 0, 0, 6], "rotation": 90, "texture": "#0"}
			}
		},
		{
			"from": [9.5, 6, 10.5],
			"to": [10.5, 8, 11.5],
			"rotation": {"angle": 0, "axis": "y", "origin": [4, 16, 7.5]},
			"faces": {
				"north": {"uv": [0, 4, 2, 0], "texture": "#0"},
				"east": {"uv": [10, 4, 16, 0], "texture": "#0"},
				"south": {"uv": [10, 4, 16, 0], "texture": "#0"},
				"west": {"uv": [0, 4, 2, 0], "texture": "#0"},
				"up": {"uv": [10, 4, 16, 0], "rotation": 180, "texture": "#0"},
				"down": {"uv": [0, 2, 2, 0], "rotation": 180, "texture": "#0"}
			}
		},
		{
			"from": [11.375, 6, 6.5],
			"to": [12.375, 8, 9.5],
			"rotation": {"angle": 0, "axis": "y", "origin": [4, 16, 8.375]},
			"faces": {
				"north": {"uv": [10, 4, 16, 0], "texture": "#0"},
				"east": {"uv": [4, 4, 10, 0], "texture": "#0"},
				"south": {"uv": [10, 4, 16, 0], "texture": "#0"},
				"west": {"uv": [0, 4, 6, 0], "texture": "#0"},
				"up": {"uv": [10, 4, 16, 0], "texture": "#0"},
				"down": {"uv": [0, 6, 2, 0], "texture": "#0"}
			}
		},
		{
			"from": [5.5, 5, 11.5],
			"to": [6.5, 6, 12.5],
			"rotation": {"angle": 0, "axis": "y", "origin": [4, 16, 7.5]},
			"faces": {
				"north": {"uv": [0, 6, 2, 0], "texture": "#0"},
				"east": {"uv": [0, 6, 2, 0], "texture": "#0"},
				"south": {"uv": [14, 2, 16, 6], "texture": "#0"},
				"west": {"uv": [11, 2, 13, 6], "texture": "#0"},
				"up": {"uv": [2, 14, 0, 16], "rotation": 90, "texture": "#0"},
				"down": {"uv": [8, 0, 6, 2], "rotation": 270, "texture": "#0"}
			}
		},
		{
			"from": [3.5, 4, 9.5],
			"to": [4.5, 5, 10.5],
			"rotation": {"angle": 0, "axis": "y", "origin": [4, 0, 7.5]},
			"faces": {
				"north": {"uv": [0, 0, 2, 6], "texture": "#0"},
				"east": {"uv": [0, 0, 2, 6], "texture": "#0"},
				"south": {"uv": [11, 6, 13, 2], "texture": "#0"},
				"west": {"uv": [13, 6, 15, 2], "texture": "#0"},
				"up": {"uv": [6, 4, 8, 6], "rotation": 270, "texture": "#0"},
				"down": {"uv": [5, 4, 7, 6], "rotation": 90, "texture": "#0"}
			}
		},
		{
			"from": [6.5, 5, 12.25],
			"to": [9.5, 6, 12.75],
			"rotation": {"angle": 0, "axis": "y", "origin": [4, 16, 8.375]},
			"faces": {
				"north": {"uv": [0, 12, 6, 6], "texture": "#0"},
				"east": {"uv": [10, 2, 12, 6], "texture": "#0"},
				"south": {"uv": [10, 2, 16, 6], "texture": "#0"},
				"west": {"uv": [10, 2, 12, 6], "texture": "#0"},
				"up": {"uv": [7, 12, 1, 10], "rotation": 180, "texture": "#0"},
				"down": {"uv": [6, 14, 0, 16], "rotation": 180, "texture": "#0"}
			}
		},
		{
			"from": [6.25, 6, 11.25],
			"to": [9.5, 8, 12.25],
			"rotation": {"angle": 0, "axis": "y", "origin": [4, 16, 8.375]},
			"faces": {
				"north": {"uv": [0, 4, 6, 0], "texture": "#0"},
				"east": {"uv": [10, 4, 16, 0], "texture": "#0"},
				"south": {"uv": [10, 4, 16, 0], "texture": "#0"},
				"west": {"uv": [10, 4, 16, 0], "texture": "#0"},
				"up": {"uv": [16, 0, 10, 4], "rotation": 270, "texture": "#0"},
				"down": {"uv": [2, 0, 0, 6], "rotation": 90, "texture": "#0"}
			}
		},
		{
			"from": [3.5, 5, 9.5],
			"to": [4.5, 6, 10.5],
			"rotation": {"angle": 0, "axis": "y", "origin": [4, 16, 7.5]},
			"faces": {
				"north": {"uv": [0, 6, 2, 0], "texture": "#0"},
				"east": {"uv": [0, 6, 2, 0], "texture": "#0"},
				"south": {"uv": [11, 2, 13, 6], "texture": "#0"},
				"west": {"uv": [13, 2, 15, 6], "texture": "#0"},
				"up": {"uv": [7, 4, 5, 6], "rotation": 90, "texture": "#0"},
				"down": {"uv": [8, 4, 6, 6], "rotation": 270, "texture": "#0"}
			}
		}
	],
	"display": {
		"thirdperson_righthand": {
			"translation": [0, -0.75, -0.5],
			"scale": [0.43, 0.43, 0.43]
		},
		"thirdperson_lefthand": {
			"translation": [0, -0.75, -0.5],
			"scale": [0.43, 0.43, 0.43]
		},
		"firstperson_righthand": {
			"rotation": [0, 126, 0],
			"translation": [-0.25, 6, 1],
			"scale": [0.99, 0.99, 0.99]
		},
		"firstperson_lefthand": {
			"rotation": [0, 126, 0],
			"translation": [-0.25, 6, 1],
			"scale": [0.99, 0.99, 0.99]
		},
		"ground": {
			"translation": [0, 3, 0],
			"scale": [0.82, 0.82, 0.82]
		},
		"gui": {
			"rotation": [0, 152, 0],
			"translation": [0, 1.75, 0],
			"scale": [1.24, 1.24, 1.24]
		},
		"head": {
			"translation": [0, 9.25, 0],
			"scale": [2.69, 2.69, 2.69]
		},
		"fixed": {
			"rotation": [-90, 180, -1],
			"translation": [0, 0, -11.75],
			"scale": [1.58, 1.58, 1.58]
		}
	},
	"groups": [
		0,
		1,
		2,
		3,
		4,
		5,
		6,
		7,
		8,
		9,
		10,
		11,
		12,
		13,
		14,
		15,
		{
			"name": "group",
			"origin": [8, 8, 8],
			"color": 0,
			"children": [
				{
					"name": "group",
					"origin": [8, 8, 8],
					"color": 0,
					"children": [
						{
							"name": "group",
							"origin": [8, 8, 8],
							"color": 0,
							"children": []
						}
					]
				}
			]
		},
		{
			"name": "group",
			"origin": [8, 8, 8],
			"color": 0,
			"children": [
				16,
				17,
				{
					"name": "group",
					"origin": [8, 8, 8],
					"color": 9,
					"children": [18, 19]
				},
				20,
				21,
				{
					"name": "group",
					"origin": [8, 8, 8],
					"color": 0,
					"children": []
				}
			]
		},
		{
			"name": "group",
			"origin": [8, 8, 8],
			"color": 0,
			"children": [
				22,
				23,
				{
					"name": "group",
					"origin": [8, 8, 8],
					"color": 0,
					"children": [
						24,
						25,
						26,
						27,
						{
							"name": "group",
							"origin": [4, 0, 4],
							"color": 0,
							"children": [28, 29]
						},
						30,
						31,
						32,
						33,
						34,
						35,
						36,
						37,
						38,
						39,
						40,
						41,
						42
					]
				},
				43,
				44,
				45,
				46,
				{
					"name": "group",
					"origin": [8, 8, 8],
					"color": 0,
					"children": [47, 48, 49, 50]
				},
				{
					"name": "group",
					"origin": [8, 8, 8],
					"color": 0,
					"children": [
						{
							"name": "group",
							"origin": [8, 8, 8],
							"color": 0,
							"children": [51, 52, 53, 54]
						}
					]
				}
			]
		},
		{
			"name": "group",
			"origin": [8, 8, 8],
			"color": 0,
			"children": [
				55,
				56,
				57,
				58,
				59,
				{
					"name": "group",
					"origin": [8, 8, 8],
					"color": 0,
					"children": [
						60,
						61,
						{
							"name": "group",
							"origin": [8, 8, 8],
							"color": 0,
							"children": [62, 63, 64, 65, 66, 67, 68, 69, 70, 71, 72, 73, 74, 75, 76, 77, 78, 79, 80, 81, 82, 83, 84]
						},
						85,
						86,
						87,
						88
					]
				}
			]
		},
		{
			"name": "group",
			"origin": [8, 8, 8],
			"color": 0,
			"children": []
		},
		{
			"name": "group",
			"origin": [8, 8, 8],
			"color": 0,
			"children": []
		},
		{
			"name": "group",
			"origin": [8, 8, 8],
			"color": 0,
			"children": []
		}
	]
}