{"credit":"Made with Blockbench","texture_size":[64,64],"textures":{"0":"politmine/item/brewery/passoa/etiketkapassoa","1":"politmine/item/brewery/passoa/steklopassoa","particle":"politmine/item/brewery/passoa/etiketkapassoa"},"elements":[{"from":[8.5,9.3,7.65],"to":[8.65,12.85,8.35],"rotation":{"angle":0,"axis":"y","origin":[8,0,8]},"faces":{"north":{"uv":[4.5,3.5,4.53125,4.39063],"texture":"#1"},"east":{"uv":[0.75,3,0.92188,3.89063],"texture":"#1"},"south":{"uv":[3.75,4.5,3.78125,5.39063],"texture":"#1"},"west":{"uv":[1,3,1.17188,3.89063],"texture":"#1"},"up":{"uv":[7.28125,3.67188,7.25,3.5],"texture":"#1"},"down":{"uv":[3.78125,7.25,3.75,7.42188],"texture":"#1"}}},{"from":[7.35,9.3,7.65],"to":[7.5,12.85,8.35],"rotation":{"angle":0,"axis":"y","origin":[8,0,8]},"faces":{"north":{"uv":[4,4.5,4.03125,5.39063],"texture":"#1"},"east":{"uv":[3,1,3.17188,1.89063],"texture":"#1"},"south":{"uv":[4.5,4.5,4.53125,5.39063],"texture":"#1"},"west":{"uv":[1.25,3,1.42188,3.89063],"texture":"#1"},"up":{"uv":[7.28125,3.92188,7.25,3.75],"texture":"#1"},"down":{"uv":[4.03125,7.25,4,7.42188],"texture":"#1"}}},{"from":[7.5,9.3,8.25],"to":[7.75,12.85,8.5],"rotation":{"angle":0,"axis":"y","origin":[8,0,8]},"faces":{"north":{"uv":[3,3.75,3.0625,4.64063],"texture":"#1"},"east":{"uv":[3.25,3.75,3.3125,4.64063],"texture":"#1"},"south":{"uv":[3.5,3.75,3.5625,4.64063],"texture":"#1"},"west":{"uv":[3.75,3.5,3.8125,4.39063],"texture":"#1"},"up":{"uv":[7.3125,4.5625,7.25,4.5],"texture":"#1"},"down":{"uv":[4.8125,7.25,4.75,7.3125],"texture":"#1"}}},{"from":[8.25,9.3,8.25],"to":[8.5,12.85,8.5],"rotation":{"angle":0,"axis":"y","origin":[8,0,8]},"faces":{"north":{"uv":[0,4,0.0625,4.89063],"texture":"#1"},"east":{"uv":[0.25,4,0.3125,4.89063],"texture":"#1"},"south":{"uv":[0.5,4,0.5625,4.89063],"texture":"#1"},"west":{"uv":[0.75,4,0.8125,4.89063],"texture":"#1"},"up":{"uv":[7.3125,4.8125,7.25,4.75],"texture":"#1"},"down":{"uv":[5.0625,7.25,5,7.3125],"texture":"#1"}}},{"from":[8.25,9.3,7.5],"to":[8.5,12.85,7.75],"rotation":{"angle":0,"axis":"y","origin":[8,0,8]},"faces":{"north":{"uv":[1,4,1.0625,4.89063],"texture":"#1"},"east":{"uv":[1.25,4,1.3125,4.89063],"texture":"#1"},"south":{"uv":[1.5,4,1.5625,4.89063],"texture":"#1"},"west":{"uv":[1.75,4,1.8125,4.89063],"texture":"#1"},"up":{"uv":[7.3125,5.0625,7.25,5],"texture":"#1"},"down":{"uv":[5.3125,7.25,5.25,7.3125],"texture":"#1"}}},{"from":[7.5,9.3,7.5],"to":[7.75,12.85,7.75],"rotation":{"angle":0,"axis":"y","origin":[8,0,8]},"faces":{"north":{"uv":[2,4,2.0625,4.89063],"texture":"#1"},"east":{"uv":[2.25,4,2.3125,4.89063],"texture":"#1"},"south":{"uv":[4,2.25,4.0625,3.14063],"texture":"#1"},"west":{"uv":[2.5,4,2.5625,4.89063],"texture":"#1"},"up":{"uv":[7.3125,5.3125,7.25,5.25],"texture":"#1"},"down":{"uv":[5.5625,7.25,5.5,7.3125],"texture":"#1"}}},{"from":[7.65,9.3,7.35],"to":[8.35,12.85,7.5],"rotation":{"angle":0,"axis":"y","origin":[8,0,8]},"faces":{"north":{"uv":[1.5,3,1.67188,3.89063],"texture":"#1"},"east":{"uv":[4.75,0,4.78125,0.89063],"texture":"#1"},"south":{"uv":[1.75,3,1.92188,3.89063],"texture":"#1"},"west":{"uv":[4.75,1,4.78125,1.89063],"texture":"#1"},"up":{"uv":[7.42188,4.03125,7.25,4],"texture":"#1"},"down":{"uv":[4.42188,7.25,4.25,7.28125],"texture":"#1"}}},{"from":[7.35,12.9,7.65],"to":[7.5,13.45,8.35],"rotation":{"angle":0,"axis":"y","origin":[8,0,8]},"faces":{"north":{"uv":[13.59375,13.96875,13.625,14.85938],"texture":"#1"},"east":{"uv":[12.125,10.67188,12.29688,11.5625],"texture":"#1"},"south":{"uv":[15.45313,13.59375,15.48438,14.48438],"texture":"#1"},"west":{"uv":[11.625,13.35938,11.79688,14.25],"texture":"#1"},"up":{"uv":[7.28125,3.92188,7.25,3.75],"texture":"#1"},"down":{"uv":[11.53125,12.84375,11.5,13.01563],"texture":"#1"}}},{"from":[7.5,12.9,7.5],"to":[8.5,13.45,8.5],"rotation":{"angle":0,"axis":"y","origin":[8,0,8]},"faces":{"north":{"uv":[12.59375,5,12.65625,5.89063],"texture":"#1"},"east":{"uv":[12.29688,10.39063,12.35938,11.28125],"texture":"#1"},"south":{"uv":[11.76563,10.3125,11.82813,11.20313],"texture":"#1"},"west":{"uv":[12.29688,4.20313,12.35938,5.09375],"texture":"#1"},"up":{"uv":[14.5,4.5625,14.4375,4.5],"texture":"#1"},"down":{"uv":[13.59375,6,13.53125,6.0625],"texture":"#1"}}},{"from":[7.65,12.9,8.5],"to":[8.35,13.45,8.65],"rotation":{"angle":0,"axis":"y","origin":[8,0,8]},"faces":{"north":{"uv":[11.59375,12.46875,11.76563,13.35938],"texture":"#1"},"east":{"uv":[13.875,11.67188,13.90625,12.5625],"texture":"#1"},"south":{"uv":[13.95313,11.09375,14.125,11.98438],"texture":"#1"},"west":{"uv":[13.375,15.10938,13.40625,16],"texture":"#1"},"up":{"uv":[7.42188,4.28125,7.25,4.25],"texture":"#1"},"down":{"uv":[12.17188,12.84375,12,12.875],"texture":"#1"}}},{"from":[8.5,12.9,7.65],"to":[8.65,13.45,8.35],"rotation":{"angle":0,"axis":"y","origin":[8,0,8]},"faces":{"north":{"uv":[14.09375,12.96875,14.125,13.85938],"texture":"#1"},"east":{"uv":[9.875,12.67188,10.04688,13.5625],"texture":"#1"},"south":{"uv":[14.70313,13.59375,14.73438,14.48438],"texture":"#1"},"west":{"uv":[11.375,13.35938,11.54688,14.25],"texture":"#1"},"up":{"uv":[7.28125,3.67188,7.25,3.5],"texture":"#1"},"down":{"uv":[11.28125,12.84375,11.25,13.01563],"texture":"#1"}}},{"from":[7.65,12.9,7.35],"to":[8.35,13.45,7.5],"rotation":{"angle":0,"axis":"y","origin":[8,0,8]},"faces":{"north":{"uv":[11.09375,12.46875,11.26563,13.35938],"texture":"#1"},"east":{"uv":[13.875,9.67188,13.90625,10.5625],"texture":"#1"},"south":{"uv":[12.70313,12.09375,12.875,12.98438],"texture":"#1"},"west":{"uv":[15.125,11.35938,15.15625,12.25],"texture":"#1"},"up":{"uv":[7.42188,4.03125,7.25,4],"texture":"#1"},"down":{"uv":[11.92188,12.84375,11.75,12.875],"texture":"#1"}}},{"from":[7.65,9.3,8.5],"to":[8.35,12.85,8.65],"rotation":{"angle":0,"axis":"y","origin":[8,0,8]},"faces":{"north":{"uv":[2,3,2.17188,3.89063],"texture":"#1"},"east":{"uv":[4.75,2,4.78125,2.89063],"texture":"#1"},"south":{"uv":[3,2,3.17188,2.89063],"texture":"#1"},"west":{"uv":[3,4.75,3.03125,5.64063],"texture":"#1"},"up":{"uv":[7.42188,4.28125,7.25,4.25],"texture":"#1"},"down":{"uv":[4.67188,7.25,4.5,7.28125],"texture":"#1"}}},{"from":[7.75,10.9,7.45],"to":[8.25,12.9,8.55],"faces":{"north":{"uv":[0,0,0.125,0.5],"texture":"#1"},"east":{"uv":[0,0,0.275,0.5],"texture":"#1"},"south":{"uv":[0,0,0.125,0.5],"texture":"#1"},"west":{"uv":[0,0,0.275,0.5],"texture":"#1"},"up":{"uv":[0,0,0.125,0.275],"texture":"#1"},"down":{"uv":[0,0,0.125,0.275],"texture":"#1"}}},{"from":[8.25,10.9,7.75],"to":[8.55,12.9,8.25],"faces":{"north":{"uv":[0,0,0.075,0.5],"texture":"#1"},"east":{"uv":[0,0,0.125,0.5],"texture":"#1"},"south":{"uv":[0,0,0.075,0.5],"texture":"#1"},"west":{"uv":[0,0,0.125,0.5],"texture":"#1"},"up":{"uv":[0,0,0.075,0.125],"texture":"#1"},"down":{"uv":[0,0,0.075,0.125],"texture":"#1"}}},{"from":[7.45,10.9,7.75],"to":[7.75,12.9,8.25],"faces":{"north":{"uv":[0,0,0.075,0.5],"texture":"#1"},"east":{"uv":[0,0,0.125,0.5],"texture":"#1"},"south":{"uv":[0,0,0.075,0.5],"texture":"#1"},"west":{"uv":[0,0,0.125,0.5],"texture":"#1"},"up":{"uv":[0,0,0.075,0.125],"texture":"#1"},"down":{"uv":[0,0,0.075,0.125],"texture":"#1"}}},{"from":[8.6,9.3,7.55],"to":[8.75,9.7,8.45],"rotation":{"angle":0,"axis":"y","origin":[8,0,8]},"faces":{"north":{"uv":[7.75,7.5,7.78125,7.59375],"texture":"#1"},"east":{"uv":[4.25,5.25,4.46875,5.34375],"texture":"#1"},"south":{"uv":[7.75,7.75,7.78125,7.84375],"texture":"#1"},"west":{"uv":[5.25,4.75,5.46875,4.84375],"texture":"#1"},"up":{"uv":[2.78125,7.21875,2.75,7],"texture":"#1"},"down":{"uv":[7.03125,2.75,7,2.96875],"texture":"#1"}}},{"from":[7.25,9.3,7.55],"to":[7.4,9.7,8.45],"rotation":{"angle":0,"axis":"y","origin":[8,0,8]},"faces":{"north":{"uv":[0,8,0.03125,8.09375],"texture":"#1"},"east":{"uv":[5.25,5,5.46875,5.09375],"texture":"#1"},"south":{"uv":[8,0,8.03125,0.09375],"texture":"#1"},"west":{"uv":[5.25,5.25,5.46875,5.34375],"texture":"#1"},"up":{"uv":[3.03125,7.21875,3,7],"texture":"#1"},"down":{"uv":[7.03125,3,7,3.21875],"texture":"#1"}}},{"from":[8.35,9.3,7.4],"to":[8.6,9.7,7.65],"rotation":{"angle":0,"axis":"y","origin":[8,0,8]},"faces":{"north":{"uv":[7,3.75,7.0625,3.84375],"texture":"#1"},"east":{"uv":[7,4,7.0625,4.09375],"texture":"#1"},"south":{"uv":[4.5,7,4.5625,7.09375],"texture":"#1"},"west":{"uv":[4.75,7,4.8125,7.09375],"texture":"#1"},"up":{"uv":[7.3125,5.5625,7.25,5.5],"texture":"#1"},"down":{"uv":[5.8125,7.25,5.75,7.3125],"texture":"#1"}}},{"from":[7.4,9.3,7.4],"to":[7.65,9.7,7.65],"rotation":{"angle":0,"axis":"y","origin":[8,0,8]},"faces":{"north":{"uv":[7,5,7.0625,5.09375],"texture":"#1"},"east":{"uv":[7,5.25,7.0625,5.34375],"texture":"#1"},"south":{"uv":[7,5.75,7.0625,5.84375],"texture":"#1"},"west":{"uv":[6,7,6.0625,7.09375],"texture":"#1"},"up":{"uv":[7.3125,5.8125,7.25,5.75],"texture":"#1"},"down":{"uv":[6.0625,7.25,6,7.3125],"texture":"#1"}}},{"from":[7.4,9.3,8.35],"to":[7.65,9.7,8.6],"rotation":{"angle":0,"axis":"y","origin":[8,0,8]},"faces":{"north":{"uv":[7,6,7.0625,6.09375],"texture":"#1"},"east":{"uv":[6.25,7,6.3125,7.09375],"texture":"#1"},"south":{"uv":[7,6.25,7.0625,6.34375],"texture":"#1"},"west":{"uv":[7,6.5,7.0625,6.59375],"texture":"#1"},"up":{"uv":[7.3125,6.0625,7.25,6],"texture":"#1"},"down":{"uv":[6.3125,7.25,6.25,7.3125],"texture":"#1"}}},{"from":[8.35,9.3,8.35],"to":[8.6,9.7,8.6],"rotation":{"angle":0,"axis":"y","origin":[8,0,8]},"faces":{"north":{"uv":[6.75,7,6.8125,7.09375],"texture":"#1"},"east":{"uv":[7,6.75,7.0625,6.84375],"texture":"#1"},"south":{"uv":[7,7,7.0625,7.09375],"texture":"#1"},"west":{"uv":[0,7.25,0.0625,7.34375],"texture":"#1"},"up":{"uv":[7.3125,6.3125,7.25,6.25],"texture":"#1"},"down":{"uv":[6.5625,7.25,6.5,7.3125],"texture":"#1"}}},{"from":[7.55,9.3,7.25],"to":[8.45,9.7,7.4],"rotation":{"angle":0,"axis":"y","origin":[8,0,8]},"faces":{"north":{"uv":[5.5,0,5.71875,0.09375],"texture":"#1"},"east":{"uv":[0.25,8,0.28125,8.09375],"texture":"#1"},"south":{"uv":[0.25,5.5,0.46875,5.59375],"texture":"#1"},"west":{"uv":[8,0.25,8.03125,0.34375],"texture":"#1"},"up":{"uv":[3.46875,7.03125,3.25,7],"texture":"#1"},"down":{"uv":[7.21875,3.25,7,3.28125],"texture":"#1"}}},{"from":[7.55,9.3,8.6],"to":[8.45,9.7,8.75],"rotation":{"angle":0,"axis":"y","origin":[8,0,8]},"faces":{"north":{"uv":[5.5,0.25,5.71875,0.34375],"texture":"#1"},"east":{"uv":[0.5,8,0.53125,8.09375],"texture":"#1"},"south":{"uv":[0.5,5.5,0.71875,5.59375],"texture":"#1"},"west":{"uv":[8,0.5,8.03125,0.59375],"texture":"#1"},"up":{"uv":[3.71875,7.03125,3.5,7],"texture":"#1"},"down":{"uv":[7.21875,3.5,7,3.53125],"texture":"#1"}}},{"from":[8.7,9.25,7.45],"to":[8.85,9.6,8.55],"rotation":{"angle":0,"axis":"y","origin":[8,0,8]},"faces":{"north":{"uv":[0.75,8,0.78125,8.09375],"texture":"#1"},"east":{"uv":[4.75,3,5.03125,3.09375],"texture":"#1"},"south":{"uv":[8,0.75,8.03125,0.84375],"texture":"#1"},"west":{"uv":[3.25,4.75,3.53125,4.84375],"texture":"#1"},"up":{"uv":[7.03125,0.28125,7,0],"texture":"#1"},"down":{"uv":[0.28125,7,0.25,7.28125],"texture":"#1"}}},{"from":[7.15,9.25,7.45],"to":[7.3,9.6,8.55],"rotation":{"angle":0,"axis":"y","origin":[8,0,8]},"faces":{"north":{"uv":[1,8,1.03125,8.09375],"texture":"#1"},"east":{"uv":[4.75,3.25,5.03125,3.34375],"texture":"#1"},"south":{"uv":[8,1,8.03125,1.09375],"texture":"#1"},"west":{"uv":[4.75,3.5,5.03125,3.59375],"texture":"#1"},"up":{"uv":[0.53125,7.28125,0.5,7],"texture":"#1"},"down":{"uv":[0.78125,7,0.75,7.28125],"texture":"#1"}}},{"from":[8.45,9.25,7.3],"to":[8.7,9.6,7.55],"rotation":{"angle":0,"axis":"y","origin":[8,0,8]},"faces":{"north":{"uv":[7.25,0,7.3125,0.09375],"texture":"#1"},"east":{"uv":[7.25,0.25,7.3125,0.34375],"texture":"#1"},"south":{"uv":[7.25,0.5,7.3125,0.59375],"texture":"#1"},"west":{"uv":[7.25,0.75,7.3125,0.84375],"texture":"#1"},"up":{"uv":[7.3125,6.5625,7.25,6.5],"texture":"#1"},"down":{"uv":[6.8125,7.25,6.75,7.3125],"texture":"#1"}}},{"from":[7.3,9.25,7.3],"to":[7.55,9.6,7.55],"rotation":{"angle":0,"axis":"y","origin":[8,0,8]},"faces":{"north":{"uv":[1,7.25,1.0625,7.34375],"texture":"#1"},"east":{"uv":[7.25,1,7.3125,1.09375],"texture":"#1"},"south":{"uv":[1.25,7.25,1.3125,7.34375],"texture":"#1"},"west":{"uv":[1.5,7.25,1.5625,7.34375],"texture":"#1"},"up":{"uv":[7.3125,6.8125,7.25,6.75],"texture":"#1"},"down":{"uv":[7.0625,7.25,7,7.3125],"texture":"#1"}}},{"from":[7.3,9.25,8.45],"to":[7.55,9.6,8.7],"rotation":{"angle":0,"axis":"y","origin":[8,0,8]},"faces":{"north":{"uv":[7.25,1.5,7.3125,1.59375],"texture":"#1"},"east":{"uv":[1.75,7.25,1.8125,7.34375],"texture":"#1"},"south":{"uv":[7.25,1.75,7.3125,1.84375],"texture":"#1"},"west":{"uv":[2,7.25,2.0625,7.34375],"texture":"#1"},"up":{"uv":[7.3125,7.0625,7.25,7],"texture":"#1"},"down":{"uv":[7.3125,7.25,7.25,7.3125],"texture":"#1"}}},{"from":[8.45,9.25,8.45],"to":[8.7,9.6,8.7],"rotation":{"angle":0,"axis":"y","origin":[8,0,8]},"faces":{"north":{"uv":[7.25,2,7.3125,2.09375],"texture":"#1"},"east":{"uv":[2.25,7.25,2.3125,7.34375],"texture":"#1"},"south":{"uv":[7.25,2.25,7.3125,2.34375],"texture":"#1"},"west":{"uv":[2.5,7.25,2.5625,7.34375],"texture":"#1"},"up":{"uv":[0.0625,7.5625,0,7.5],"texture":"#1"},"down":{"uv":[7.5625,0,7.5,0.0625],"texture":"#1"}}},{"from":[7.45,9.25,7.15],"to":[8.55,9.6,7.3],"rotation":{"angle":0,"axis":"y","origin":[8,0,8]},"faces":{"north":{"uv":[4.75,3.75,5.03125,3.84375],"texture":"#1"},"east":{"uv":[1.25,8,1.28125,8.09375],"texture":"#1"},"south":{"uv":[4.75,4,5.03125,4.09375],"texture":"#1"},"west":{"uv":[8,1.25,8.03125,1.34375],"texture":"#1"},"up":{"uv":[7.03125,5.53125,6.75,5.5],"texture":"#1"},"down":{"uv":[1.28125,7,1,7.03125],"texture":"#1"}}},{"from":[7.45,9.25,8.7],"to":[8.55,9.6,8.85],"rotation":{"angle":0,"axis":"y","origin":[8,0,8]},"faces":{"north":{"uv":[4.75,4.25,5.03125,4.34375],"texture":"#1"},"east":{"uv":[1.5,8,1.53125,8.09375],"texture":"#1"},"south":{"uv":[4.75,4.5,5.03125,4.59375],"texture":"#1"},"west":{"uv":[8,1.5,8.03125,1.59375],"texture":"#1"},"up":{"uv":[7.28125,1.28125,7,1.25],"texture":"#1"},"down":{"uv":[1.78125,7,1.5,7.03125],"texture":"#1"}}},{"from":[8.8,9.2,7.35],"to":[8.95,9.45,8.65],"rotation":{"angle":0,"axis":"y","origin":[8,0,8]},"faces":{"north":{"uv":[1.75,8,1.78125,8.0625],"texture":"#1"},"east":{"uv":[5.5,0.5,5.82813,0.5625],"texture":"#1"},"south":{"uv":[8,1.75,8.03125,1.8125],"texture":"#1"},"west":{"uv":[0.75,5.5,1.07813,5.5625],"texture":"#1"},"up":{"uv":[3.78125,7.07813,3.75,6.75],"texture":"#1"},"down":{"uv":[6.78125,3.75,6.75,4.07813],"texture":"#1"}}},{"from":[7.05,9.2,7.35],"to":[7.2,9.45,8.65],"rotation":{"angle":0,"axis":"y","origin":[8,0,8]},"faces":{"north":{"uv":[2,8,2.03125,8.0625],"texture":"#1"},"east":{"uv":[5.5,0.75,5.82813,0.8125],"texture":"#1"},"south":{"uv":[8,2,8.03125,2.0625],"texture":"#1"},"west":{"uv":[1.5,5.5,1.82813,5.5625],"texture":"#1"},"up":{"uv":[4.03125,7.07813,4,6.75],"texture":"#1"},"down":{"uv":[4.28125,6.75,4.25,7.07813],"texture":"#1"}}},{"from":[7.2,9.2,8.55],"to":[7.45,9.45,8.8],"rotation":{"angle":0,"axis":"y","origin":[8,0,8]},"faces":{"north":{"uv":[0.25,7.5,0.3125,7.5625],"texture":"#1"},"east":{"uv":[7.5,0.25,7.5625,0.3125],"texture":"#1"},"south":{"uv":[0.5,7.5,0.5625,7.5625],"texture":"#1"},"west":{"uv":[7.5,0.5,7.5625,0.5625],"texture":"#1"},"up":{"uv":[0.8125,7.5625,0.75,7.5],"texture":"#1"},"down":{"uv":[7.5625,0.75,7.5,0.8125],"texture":"#1"}}},{"from":[8.55,9.2,8.55],"to":[8.8,9.45,8.8],"rotation":{"angle":0,"axis":"y","origin":[8,0,8]},"faces":{"north":{"uv":[1,7.5,1.0625,7.5625],"texture":"#1"},"east":{"uv":[7.5,1,7.5625,1.0625],"texture":"#1"},"south":{"uv":[1.25,7.5,1.3125,7.5625],"texture":"#1"},"west":{"uv":[7.5,1.25,7.5625,1.3125],"texture":"#1"},"up":{"uv":[1.5625,7.5625,1.5,7.5],"texture":"#1"},"down":{"uv":[7.5625,1.5,7.5,1.5625],"texture":"#1"}}},{"from":[8.55,9.2,7.2],"to":[8.8,9.45,7.45],"rotation":{"angle":0,"axis":"y","origin":[8,0,8]},"faces":{"north":{"uv":[1.75,7.5,1.8125,7.5625],"texture":"#1"},"east":{"uv":[7.5,1.75,7.5625,1.8125],"texture":"#1"},"south":{"uv":[2,7.5,2.0625,7.5625],"texture":"#1"},"west":{"uv":[7.5,2,7.5625,2.0625],"texture":"#1"},"up":{"uv":[2.3125,7.5625,2.25,7.5],"texture":"#1"},"down":{"uv":[7.5625,2.25,7.5,2.3125],"texture":"#1"}}},{"from":[7.2,9.2,7.2],"to":[7.45,9.45,7.45],"rotation":{"angle":0,"axis":"y","origin":[8,0,8]},"faces":{"north":{"uv":[2.5,7.5,2.5625,7.5625],"texture":"#1"},"east":{"uv":[7.5,2.5,7.5625,2.5625],"texture":"#1"},"south":{"uv":[2.75,7.5,2.8125,7.5625],"texture":"#1"},"west":{"uv":[7.5,2.75,7.5625,2.8125],"texture":"#1"},"up":{"uv":[3.0625,7.5625,3,7.5],"texture":"#1"},"down":{"uv":[7.5625,3,7.5,3.0625],"texture":"#1"}}},{"from":[7.35,9.2,7.05],"to":[8.65,9.45,7.2],"rotation":{"angle":0,"axis":"y","origin":[8,0,8]},"faces":{"north":{"uv":[2,5.5,2.32813,5.5625],"texture":"#1"},"east":{"uv":[2.25,8,2.28125,8.0625],"texture":"#1"},"south":{"uv":[2.5,5.5,2.82813,5.5625],"texture":"#1"},"west":{"uv":[8,2.25,8.03125,2.3125],"texture":"#1"},"up":{"uv":[7.07813,4.28125,6.75,4.25],"texture":"#1"},"down":{"uv":[4.82813,6.75,4.5,6.78125],"texture":"#1"}}},{"from":[7.35,9.2,8.8],"to":[8.65,9.45,8.95],"rotation":{"angle":0,"axis":"y","origin":[8,0,8]},"faces":{"north":{"uv":[5.5,2.5,5.82813,2.5625],"texture":"#1"},"east":{"uv":[2.5,8,2.53125,8.0625],"texture":"#1"},"south":{"uv":[5.5,2.75,5.82813,2.8125],"texture":"#1"},"west":{"uv":[8,2.5,8.03125,2.5625],"texture":"#1"},"up":{"uv":[7.07813,4.53125,6.75,4.5],"texture":"#1"},"down":{"uv":[7.07813,4.75,6.75,4.78125],"texture":"#1"}}},{"from":[8.9,9.1,7.25],"to":[9.05,9.35,8.75],"rotation":{"angle":0,"axis":"y","origin":[8,0,8]},"faces":{"north":{"uv":[2.75,8,2.78125,8.0625],"texture":"#1"},"east":{"uv":[0.25,5.25,0.625,5.3125],"texture":"#1"},"south":{"uv":[8,2.75,8.03125,2.8125],"texture":"#1"},"west":{"uv":[0.75,5.25,1.125,5.3125],"texture":"#1"},"up":{"uv":[6.03125,6.875,6,6.5],"texture":"#1"},"down":{"uv":[6.28125,6.5,6.25,6.875],"texture":"#1"}}},{"from":[6.95,9.1,7.25],"to":[7.1,9.35,8.75],"rotation":{"angle":0,"axis":"y","origin":[8,0,8]},"faces":{"north":{"uv":[3,8,3.03125,8.0625],"texture":"#1"},"east":{"uv":[5.25,1,5.625,1.0625],"texture":"#1"},"south":{"uv":[8,3,8.03125,3.0625],"texture":"#1"},"west":{"uv":[5.25,1.25,5.625,1.3125],"texture":"#1"},"up":{"uv":[6.53125,6.625,6.5,6.25],"texture":"#1"},"down":{"uv":[0.03125,6.75,0,7.125],"texture":"#1"}}},{"from":[7.1,9.1,8.65],"to":[7.35,9.35,8.9],"rotation":{"angle":0,"axis":"y","origin":[8,0,8]},"faces":{"north":{"uv":[3.25,7.5,3.3125,7.5625],"texture":"#1"},"east":{"uv":[7.5,3.25,7.5625,3.3125],"texture":"#1"},"south":{"uv":[3.5,7.5,3.5625,7.5625],"texture":"#1"},"west":{"uv":[7.5,3.5,7.5625,3.5625],"texture":"#1"},"up":{"uv":[3.8125,7.5625,3.75,7.5],"texture":"#1"},"down":{"uv":[7.5625,3.75,7.5,3.8125],"texture":"#1"}}},{"from":[8.65,9.1,8.65],"to":[8.9,9.35,8.9],"rotation":{"angle":0,"axis":"y","origin":[8,0,8]},"faces":{"north":{"uv":[4,7.5,4.0625,7.5625],"texture":"#1"},"east":{"uv":[7.5,4,7.5625,4.0625],"texture":"#1"},"south":{"uv":[4.25,7.5,4.3125,7.5625],"texture":"#1"},"west":{"uv":[7.5,4.25,7.5625,4.3125],"texture":"#1"},"up":{"uv":[4.5625,7.5625,4.5,7.5],"texture":"#1"},"down":{"uv":[7.5625,4.5,7.5,4.5625],"texture":"#1"}}},{"from":[8.65,9.1,7.1],"to":[8.9,9.35,7.35],"rotation":{"angle":0,"axis":"y","origin":[8,0,8]},"faces":{"north":{"uv":[4.75,7.5,4.8125,7.5625],"texture":"#1"},"east":{"uv":[7.5,4.75,7.5625,4.8125],"texture":"#1"},"south":{"uv":[5,7.5,5.0625,7.5625],"texture":"#1"},"west":{"uv":[7.5,5,7.5625,5.0625],"texture":"#1"},"up":{"uv":[5.3125,7.5625,5.25,7.5],"texture":"#1"},"down":{"uv":[7.5625,5.25,7.5,5.3125],"texture":"#1"}}},{"from":[7.1,9.1,7.1],"to":[7.35,9.35,7.35],"rotation":{"angle":0,"axis":"y","origin":[8,0,8]},"faces":{"north":{"uv":[5.5,7.5,5.5625,7.5625],"texture":"#1"},"east":{"uv":[7.5,5.5,7.5625,5.5625],"texture":"#1"},"south":{"uv":[5.75,7.5,5.8125,7.5625],"texture":"#1"},"west":{"uv":[7.5,5.75,7.5625,5.8125],"texture":"#1"},"up":{"uv":[6.0625,7.5625,6,7.5],"texture":"#1"},"down":{"uv":[7.5625,6,7.5,6.0625],"texture":"#1"}}},{"from":[7.25,9.1,6.95],"to":[8.75,9.35,7.1],"rotation":{"angle":0,"axis":"y","origin":[8,0,8]},"faces":{"north":{"uv":[5.25,1.5,5.625,1.5625],"texture":"#1"},"east":{"uv":[3.25,8,3.28125,8.0625],"texture":"#1"},"south":{"uv":[5.25,1.75,5.625,1.8125],"texture":"#1"},"west":{"uv":[8,3.25,8.03125,3.3125],"texture":"#1"},"up":{"uv":[6.875,5.78125,6.5,5.75],"texture":"#1"},"down":{"uv":[7.125,0.5,6.75,0.53125],"texture":"#1"}}},{"from":[7.25,9.1,8.9],"to":[8.75,9.35,9.05],"rotation":{"angle":0,"axis":"y","origin":[8,0,8]},"faces":{"north":{"uv":[5.25,2,5.625,2.0625],"texture":"#1"},"east":{"uv":[3.5,8,3.53125,8.0625],"texture":"#1"},"south":{"uv":[5.25,2.25,5.625,2.3125],"texture":"#1"},"west":{"uv":[8,3.5,8.03125,3.5625],"texture":"#1"},"up":{"uv":[7.125,0.78125,6.75,0.75],"texture":"#1"},"down":{"uv":[7.125,1,6.75,1.03125],"texture":"#1"}}},{"from":[9,8.95,7.15],"to":[9.15,9.2,8.85],"rotation":{"angle":0,"axis":"y","origin":[8,0,8]},"faces":{"north":{"uv":[3.75,8,3.78125,8.0625],"texture":"#1"},"east":{"uv":[4.75,4.75,5.17188,4.8125],"texture":"#1"},"south":{"uv":[8,3.75,8.03125,3.8125],"texture":"#1"},"west":{"uv":[0,5,0.42188,5.0625],"texture":"#1"},"up":{"uv":[0.53125,6.92188,0.5,6.5],"texture":"#1"},"down":{"uv":[0.78125,6.5,0.75,6.92188],"texture":"#1"}}},{"from":[6.85,8.95,7.15],"to":[7,9.2,8.85],"rotation":{"angle":0,"axis":"y","origin":[8,0,8]},"faces":{"north":{"uv":[4,8,4.03125,8.0625],"texture":"#1"},"east":{"uv":[5,0,5.42188,0.0625],"texture":"#1"},"south":{"uv":[8,4,8.03125,4.0625],"texture":"#1"},"west":{"uv":[5,0.25,5.42188,0.3125],"texture":"#1"},"up":{"uv":[1.03125,6.92188,1,6.5],"texture":"#1"},"down":{"uv":[6.53125,1,6.5,1.42188],"texture":"#1"}}},{"from":[8.75,8.95,7],"to":[9,9.2,7.25],"rotation":{"angle":0,"axis":"y","origin":[8,0,8]},"faces":{"north":{"uv":[6.25,7.5,6.3125,7.5625],"texture":"#1"},"east":{"uv":[7.5,6.25,7.5625,6.3125],"texture":"#1"},"south":{"uv":[6.5,7.5,6.5625,7.5625],"texture":"#1"},"west":{"uv":[7.5,6.5,7.5625,6.5625],"texture":"#1"},"up":{"uv":[6.8125,7.5625,6.75,7.5],"texture":"#1"},"down":{"uv":[7.5625,6.75,7.5,6.8125],"texture":"#1"}}},{"from":[7,8.95,7],"to":[7.25,9.2,7.25],"rotation":{"angle":0,"axis":"y","origin":[8,0,8]},"faces":{"north":{"uv":[7,7.5,7.0625,7.5625],"texture":"#1"},"east":{"uv":[7.5,7,7.5625,7.0625],"texture":"#1"},"south":{"uv":[7.25,7.5,7.3125,7.5625],"texture":"#1"},"west":{"uv":[7.5,7.25,7.5625,7.3125],"texture":"#1"},"up":{"uv":[7.5625,7.5625,7.5,7.5],"texture":"#1"},"down":{"uv":[0.0625,7.75,0,7.8125],"texture":"#1"}}},{"from":[7,8.95,8.75],"to":[7.25,9.2,9],"rotation":{"angle":0,"axis":"y","origin":[8,0,8]},"faces":{"north":{"uv":[7.75,0,7.8125,0.0625],"texture":"#1"},"east":{"uv":[0.25,7.75,0.3125,7.8125],"texture":"#1"},"south":{"uv":[7.75,0.25,7.8125,0.3125],"texture":"#1"},"west":{"uv":[0.5,7.75,0.5625,7.8125],"texture":"#1"},"up":{"uv":[7.8125,0.5625,7.75,0.5],"texture":"#1"},"down":{"uv":[0.8125,7.75,0.75,7.8125],"texture":"#1"}}},{"from":[8.75,8.95,8.75],"to":[9,9.2,9],"rotation":{"angle":0,"axis":"y","origin":[8,0,8]},"faces":{"north":{"uv":[7.75,0.75,7.8125,0.8125],"texture":"#1"},"east":{"uv":[1,7.75,1.0625,7.8125],"texture":"#1"},"south":{"uv":[7.75,1,7.8125,1.0625],"texture":"#1"},"west":{"uv":[1.25,7.75,1.3125,7.8125],"texture":"#1"},"up":{"uv":[7.8125,1.3125,7.75,1.25],"texture":"#1"},"down":{"uv":[1.5625,7.75,1.5,7.8125],"texture":"#1"}}},{"from":[7.15,8.95,6.85],"to":[8.85,9.2,7],"rotation":{"angle":0,"axis":"y","origin":[8,0,8]},"faces":{"north":{"uv":[0.5,5,0.92188,5.0625],"texture":"#1"},"east":{"uv":[4.25,8,4.28125,8.0625],"texture":"#1"},"south":{"uv":[5,0.5,5.42188,0.5625],"texture":"#1"},"west":{"uv":[8,4.25,8.03125,4.3125],"texture":"#1"},"up":{"uv":[6.92188,0.28125,6.5,0.25],"texture":"#1"},"down":{"uv":[1.92188,6.5,1.5,6.53125],"texture":"#1"}}},{"from":[7.15,8.95,9],"to":[8.85,9.2,9.15],"rotation":{"angle":0,"axis":"y","origin":[8,0,8]},"faces":{"north":{"uv":[5,0.75,5.42188,0.8125],"texture":"#1"},"east":{"uv":[4.5,8,4.53125,8.0625],"texture":"#1"},"south":{"uv":[1,5,1.42188,5.0625],"texture":"#1"},"west":{"uv":[8,4.5,8.03125,4.5625],"texture":"#1"},"up":{"uv":[6.92188,2.28125,6.5,2.25],"texture":"#1"},"down":{"uv":[6.92188,3,6.5,3.03125],"texture":"#1"}}},{"from":[9.1,7.95,7.05],"to":[9.25,8.95,8.95],"rotation":{"angle":0,"axis":"y","origin":[8,0,8]},"faces":{"north":{"uv":[7,1.5,7.03125,1.75],"texture":"#1"},"east":{"uv":[2.25,3,2.71875,3.25],"texture":"#1"},"south":{"uv":[7,1.75,7.03125,2],"texture":"#1"},"west":{"uv":[2.75,3,3.21875,3.25],"texture":"#1"},"up":{"uv":[5.28125,6.71875,5.25,6.25],"texture":"#1"},"down":{"uv":[5.53125,6.25,5.5,6.71875],"texture":"#1"}}},{"from":[6.75,7.95,7.05],"to":[6.9,8.95,8.95],"rotation":{"angle":0,"axis":"y","origin":[8,0,8]},"faces":{"north":{"uv":[2,7,2.03125,7.25],"texture":"#1"},"east":{"uv":[3.25,1,3.71875,1.25],"texture":"#1"},"south":{"uv":[7,2,7.03125,2.25],"texture":"#1"},"west":{"uv":[3.25,1.25,3.71875,1.5],"texture":"#1"},"up":{"uv":[6.28125,5.96875,6.25,5.5],"texture":"#1"},"down":{"uv":[5.78125,6.25,5.75,6.71875],"texture":"#1"}}},{"from":[7.05,7.95,6.75],"to":[8.95,8.95,6.9],"rotation":{"angle":0,"axis":"y","origin":[8,0,8]},"faces":{"north":{"uv":[3.25,1.5,3.71875,1.75],"texture":"#1"},"east":{"uv":[2.25,7,2.28125,7.25],"texture":"#1"},"south":{"uv":[3.25,1.75,3.71875,2],"texture":"#1"},"west":{"uv":[7,2.25,7.03125,2.5],"texture":"#1"},"up":{"uv":[6.46875,6.28125,6,6.25],"texture":"#1"},"down":{"uv":[6.71875,6,6.25,6.03125],"texture":"#1"}}},{"from":[6.9,7.95,6.9],"to":[7.15,8.95,7.15],"rotation":{"angle":0,"axis":"y","origin":[8,0,8]},"faces":{"north":{"uv":[4.25,6,4.3125,6.25],"texture":"#1"},"east":{"uv":[4.5,6,4.5625,6.25],"texture":"#1"},"south":{"uv":[6,4.5,6.0625,4.75],"texture":"#1"},"west":{"uv":[4.75,6,4.8125,6.25],"texture":"#1"},"up":{"uv":[7.8125,1.5625,7.75,1.5],"texture":"#1"},"down":{"uv":[1.8125,7.75,1.75,7.8125],"texture":"#1"}}},{"from":[8.85,7.95,8.85],"to":[9.1,8.95,9.1],"rotation":{"angle":0,"axis":"y","origin":[8,0,8]},"faces":{"north":{"uv":[6,4.75,6.0625,5],"texture":"#1"},"east":{"uv":[5,6,5.0625,6.25],"texture":"#1"},"south":{"uv":[6,5,6.0625,5.25],"texture":"#1"},"west":{"uv":[5.25,6,5.3125,6.25],"texture":"#1"},"up":{"uv":[7.8125,1.8125,7.75,1.75],"texture":"#1"},"down":{"uv":[2.0625,7.75,2,7.8125],"texture":"#1"}}},{"from":[6.9,7.95,8.85],"to":[7.15,8.95,9.1],"rotation":{"angle":0,"axis":"y","origin":[8,0,8]},"faces":{"north":{"uv":[6,5.25,6.0625,5.5],"texture":"#1"},"east":{"uv":[5.5,6,5.5625,6.25],"texture":"#1"},"south":{"uv":[6,5.5,6.0625,5.75],"texture":"#1"},"west":{"uv":[5.75,6,5.8125,6.25],"texture":"#1"},"up":{"uv":[7.8125,2.0625,7.75,2],"texture":"#1"},"down":{"uv":[2.3125,7.75,2.25,7.8125],"texture":"#1"}}},{"from":[8.85,7.95,6.9],"to":[9.1,8.95,7.15],"rotation":{"angle":0,"axis":"y","origin":[8,0,8]},"faces":{"north":{"uv":[6,5.75,6.0625,6],"texture":"#1"},"east":{"uv":[6,6,6.0625,6.25],"texture":"#1"},"south":{"uv":[0,6.25,0.0625,6.5],"texture":"#1"},"west":{"uv":[3.5,6.25,3.5625,6.5],"texture":"#1"},"up":{"uv":[7.8125,2.3125,7.75,2.25],"texture":"#1"},"down":{"uv":[2.5625,7.75,2.5,7.8125],"texture":"#1"}}},{"from":[7.05,7.95,9.1],"to":[8.95,8.95,9.25],"rotation":{"angle":0,"axis":"y","origin":[8,0,8]},"faces":{"north":{"uv":[3.25,2,3.71875,2.25],"texture":"#1"},"east":{"uv":[2.5,7,2.53125,7.25],"texture":"#1"},"south":{"uv":[2.25,3.25,2.71875,3.5],"texture":"#1"},"west":{"uv":[7,2.5,7.03125,2.75],"texture":"#1"},"up":{"uv":[0.46875,6.53125,0,6.5],"texture":"#1"},"down":{"uv":[6.96875,0,6.5,0.03125],"texture":"#1"}}},{"from":[9.2,6.85,6.95],"to":[9.35,8.15,9.05],"rotation":{"angle":0,"axis":"y","origin":[8,0,8]},"faces":{"north":{"uv":[5,6.75,5.03125,7.07813],"texture":"#1"},"east":{"uv":[2.25,2,2.78125,2.32813],"texture":"#1"},"south":{"uv":[6.75,5,6.78125,5.32813],"texture":"#1"},"west":{"uv":[0,2.5,0.53125,2.82813],"texture":"#1"},"up":{"uv":[3.03125,6.28125,3,5.75],"texture":"#1"},"down":{"uv":[5.78125,4.5,5.75,5.03125],"texture":"#1"}}},{"from":[6.65,6.85,6.95],"to":[6.8,8.15,9.05],"rotation":{"angle":0,"axis":"y","origin":[8,0,8]},"faces":{"north":{"uv":[5.25,6.75,5.28125,7.07813],"texture":"#1"},"east":{"uv":[0.75,2.5,1.28125,2.82813],"texture":"#1"},"south":{"uv":[5.5,6.75,5.53125,7.07813],"texture":"#1"},"west":{"uv":[1.5,2.5,2.03125,2.82813],"texture":"#1"},"up":{"uv":[5.78125,5.78125,5.75,5.25],"texture":"#1"},"down":{"uv":[1.28125,6,1.25,6.53125],"texture":"#1"}}},{"from":[8.95,6.85,6.8],"to":[9.2,8.15,7.05],"rotation":{"angle":0,"axis":"y","origin":[8,0,8]},"faces":{"north":{"uv":[5.5,3,5.5625,3.32813],"texture":"#1"},"east":{"uv":[3.25,5.5,3.3125,5.82813],"texture":"#1"},"south":{"uv":[3.5,5.5,3.5625,5.82813],"texture":"#1"},"west":{"uv":[5.5,3.5,5.5625,3.82813],"texture":"#1"},"up":{"uv":[7.8125,2.5625,7.75,2.5],"texture":"#1"},"down":{"uv":[2.8125,7.75,2.75,7.8125],"texture":"#1"}}},{"from":[6.8,6.85,6.8],"to":[7.05,8.15,7.05],"rotation":{"angle":0,"axis":"y","origin":[8,0,8]},"faces":{"north":{"uv":[3.75,5.5,3.8125,5.82813],"texture":"#1"},"east":{"uv":[4,5.5,4.0625,5.82813],"texture":"#1"},"south":{"uv":[5.5,4,5.5625,4.32813],"texture":"#1"},"west":{"uv":[4.25,5.5,4.3125,5.82813],"texture":"#1"},"up":{"uv":[7.8125,2.8125,7.75,2.75],"texture":"#1"},"down":{"uv":[3.0625,7.75,3,7.8125],"texture":"#1"}}},{"from":[6.8,6.85,8.95],"to":[7.05,8.15,9.2],"rotation":{"angle":0,"axis":"y","origin":[8,0,8]},"faces":{"north":{"uv":[4.5,5.5,4.5625,5.82813],"texture":"#1"},"east":{"uv":[5.5,4.5,5.5625,4.82813],"texture":"#1"},"south":{"uv":[4.75,5.5,4.8125,5.82813],"texture":"#1"},"west":{"uv":[5,5.5,5.0625,5.82813],"texture":"#1"},"up":{"uv":[7.8125,3.0625,7.75,3],"texture":"#1"},"down":{"uv":[3.3125,7.75,3.25,7.8125],"texture":"#1"}}},{"from":[8.95,6.85,8.95],"to":[9.2,8.15,9.2],"rotation":{"angle":0,"axis":"y","origin":[8,0,8]},"faces":{"north":{"uv":[5.5,5,5.5625,5.32813],"texture":"#1"},"east":{"uv":[5.25,5.5,5.3125,5.82813],"texture":"#1"},"south":{"uv":[5.5,5.5,5.5625,5.82813],"texture":"#1"},"west":{"uv":[0,5.75,0.0625,6.07813],"texture":"#1"},"up":{"uv":[7.8125,3.3125,7.75,3.25],"texture":"#1"},"down":{"uv":[3.5625,7.75,3.5,7.8125],"texture":"#1"}}},{"from":[6.95,6.85,6.65],"to":[9.05,8.15,6.8],"rotation":{"angle":0,"axis":"y","origin":[8,0,8]},"faces":{"north":{"uv":[2.25,2.5,2.78125,2.82813],"texture":"#1"},"east":{"uv":[5.75,6.75,5.78125,7.07813],"texture":"#1"},"south":{"uv":[0,3,0.53125,3.32813],"texture":"#1"},"west":{"uv":[6.75,6,6.78125,6.32813],"texture":"#1"},"up":{"uv":[6.53125,0.53125,6,0.5],"texture":"#1"},"down":{"uv":[6.53125,0.75,6,0.78125],"texture":"#1"}}},{"from":[6.95,6.85,9.2],"to":[9.05,8.15,9.35],"rotation":{"angle":0,"axis":"y","origin":[8,0,8]},"faces":{"north":{"uv":[3,0,3.53125,0.32813],"texture":"#1"},"east":{"uv":[6.5,6.75,6.53125,7.07813],"texture":"#1"},"south":{"uv":[3,0.5,3.53125,0.82813],"texture":"#1"},"west":{"uv":[6.75,6.5,6.78125,6.82813],"texture":"#1"},"up":{"uv":[6.53125,1.53125,6,1.5],"texture":"#1"},"down":{"uv":[6.53125,1.75,6,1.78125],"texture":"#1"}}},{"from":[9.3,5.4,6.75],"to":[9.45,7.05,9.25],"rotation":{"angle":0,"axis":"y","origin":[8,0,8]},"faces":{"north":{"uv":[2,6.5,2.03125,6.90625],"texture":"#1"},"east":{"uv":[1.5,1.5,2.125,1.90625],"texture":"#1"},"south":{"uv":[3,6.5,3.03125,6.90625],"texture":"#1"},"west":{"uv":[0,2,0.625,2.40625],"texture":"#1"},"up":{"uv":[0.28125,6.375,0.25,5.75],"texture":"#1"},"down":{"uv":[0.53125,5.75,0.5,6.375],"texture":"#1"}}},{"from":[6.55,5.4,6.75],"to":[6.7,7.05,9.25],"rotation":{"angle":0,"axis":"y","origin":[8,0,8]},"faces":{"north":{"uv":[6.5,3.25,6.53125,3.65625],"texture":"#1"},"east":{"uv":[0.75,2,1.375,2.40625],"texture":"#1"},"south":{"uv":[3.5,6.5,3.53125,6.90625],"texture":"#1"},"west":{"uv":[1.5,2,2.125,2.40625],"texture":"#1"},"up":{"uv":[0.78125,6.375,0.75,5.75],"texture":"#1"},"down":{"uv":[1.03125,5.75,1,6.375],"texture":"#1"}}},{"from":[9.05,5.4,6.7],"to":[9.3,7.05,6.95],"rotation":{"angle":0,"axis":"y","origin":[8,0,8]},"faces":{"north":{"uv":[4.25,4.75,4.3125,5.15625],"texture":"#1"},"east":{"uv":[5,1,5.0625,1.40625],"texture":"#1"},"south":{"uv":[1.5,5,1.5625,5.40625],"texture":"#1"},"west":{"uv":[5,1.5,5.0625,1.90625],"texture":"#1"},"up":{"uv":[7.8125,3.5625,7.75,3.5],"texture":"#1"},"down":{"uv":[3.8125,7.75,3.75,7.8125],"texture":"#1"}}},{"from":[6.7,5.4,6.7],"to":[6.95,7.05,6.95],"rotation":{"angle":0,"axis":"y","origin":[8,0,8]},"faces":{"north":{"uv":[1.75,5,1.8125,5.40625],"texture":"#1"},"east":{"uv":[2,5,2.0625,5.40625],"texture":"#1"},"south":{"uv":[5,2,5.0625,2.40625],"texture":"#1"},"west":{"uv":[2.25,5,2.3125,5.40625],"texture":"#1"},"up":{"uv":[7.8125,3.8125,7.75,3.75],"texture":"#1"},"down":{"uv":[4.0625,7.75,4,7.8125],"texture":"#1"}}},{"from":[6.7,5.4,9.05],"to":[6.95,7.05,9.3],"rotation":{"angle":0,"axis":"y","origin":[8,0,8]},"faces":{"north":{"uv":[2.5,5,2.5625,5.40625],"texture":"#1"},"east":{"uv":[5,2.5,5.0625,2.90625],"texture":"#1"},"south":{"uv":[2.75,5,2.8125,5.40625],"texture":"#1"},"west":{"uv":[3.25,5,3.3125,5.40625],"texture":"#1"},"up":{"uv":[7.8125,4.0625,7.75,4],"texture":"#1"},"down":{"uv":[4.3125,7.75,4.25,7.8125],"texture":"#1"}}},{"from":[9.05,5.4,9.05],"to":[9.3,7.05,9.3],"rotation":{"angle":0,"axis":"y","origin":[8,0,8]},"faces":{"north":{"uv":[3.5,5,3.5625,5.40625],"texture":"#1"},"east":{"uv":[4.75,5,4.8125,5.40625],"texture":"#1"},"south":{"uv":[5,5,5.0625,5.40625],"texture":"#1"},"west":{"uv":[0,5.25,0.0625,5.65625],"texture":"#1"},"up":{"uv":[7.8125,4.3125,7.75,4.25],"texture":"#1"},"down":{"uv":[4.5625,7.75,4.5,7.8125],"texture":"#1"}}},{"from":[6.85,5.4,6.55],"to":[9.15,7.05,6.7],"rotation":{"angle":0,"axis":"y","origin":[8,0,8]},"faces":{"north":{"uv":[2.25,0,2.82813,0.40625],"texture":"#1"},"east":{"uv":[6.5,3.75,6.53125,4.15625],"texture":"#1"},"south":{"uv":[2.25,0.5,2.82813,0.90625],"texture":"#1"},"west":{"uv":[6.5,4.25,6.53125,4.65625],"texture":"#1"},"up":{"uv":[2.82813,5.78125,2.25,5.75],"texture":"#1"},"down":{"uv":[6.32813,2.25,5.75,2.28125],"texture":"#1"}}},{"from":[6.85,5.4,9.3],"to":[9.15,7.05,9.45],"rotation":{"angle":0,"axis":"y","origin":[8,0,8]},"faces":{"north":{"uv":[2.25,1,2.82813,1.40625],"texture":"#1"},"east":{"uv":[6.5,4.75,6.53125,5.15625],"texture":"#1"},"south":{"uv":[2.25,1.5,2.82813,1.90625],"texture":"#1"},"west":{"uv":[6.5,5.25,6.53125,5.65625],"texture":"#1"},"up":{"uv":[6.32813,3.03125,5.75,3],"texture":"#1"},"down":{"uv":[6.32813,3.25,5.75,3.28125],"texture":"#1"}}},{"from":[9.4,3.8,6.65],"to":[9.55,5.75,9.35],"rotation":{"angle":0,"axis":"y","origin":[8,0,8]},"faces":{"north":{"uv":[3.75,6.25,3.78125,6.73438],"texture":"#1"},"east":{"uv":[0.75,0,1.42188,0.48438],"texture":"#1"},"south":{"uv":[4,6.25,4.03125,6.73438],"texture":"#1"},"west":{"uv":[0.75,0.5,1.42188,0.98438],"texture":"#1"},"up":{"uv":[1.28125,5.92188,1.25,5.25],"texture":"#1"},"down":{"uv":[5.28125,2.5,5.25,3.17188],"texture":"#1"}}},{"from":[6.45,3.8,6.65],"to":[6.6,5.75,9.35],"rotation":{"angle":0,"axis":"y","origin":[8,0,8]},"faces":{"north":{"uv":[4.25,6.25,4.28125,6.73438],"texture":"#1"},"east":{"uv":[0.75,1,1.42188,1.48438],"texture":"#1"},"south":{"uv":[4.5,6.25,4.53125,6.73438],"texture":"#1"},"west":{"uv":[0,1.5,0.67188,1.98438],"texture":"#1"},"up":{"uv":[5.28125,3.92188,5.25,3.25],"texture":"#1"},"down":{"uv":[5.28125,4,5.25,4.67188],"texture":"#1"}}},{"from":[9.15,3.8,6.6],"to":[9.4,5.75,6.85],"rotation":{"angle":0,"axis":"y","origin":[8,0,8]},"faces":{"north":{"uv":[2.75,4,2.8125,4.48438],"texture":"#1"},"east":{"uv":[4,3.5,4.0625,3.98438],"texture":"#1"},"south":{"uv":[4,4,4.0625,4.48438],"texture":"#1"},"west":{"uv":[4.25,2.25,4.3125,2.73438],"texture":"#1"},"up":{"uv":[7.8125,4.5625,7.75,4.5],"texture":"#1"},"down":{"uv":[4.8125,7.75,4.75,7.8125],"texture":"#1"}}},{"from":[6.6,3.8,6.6],"to":[6.85,5.75,6.85],"rotation":{"angle":0,"axis":"y","origin":[8,0,8]},"faces":{"north":{"uv":[4.25,2.75,4.3125,3.23438],"texture":"#1"},"east":{"uv":[4.25,3.25,4.3125,3.73438],"texture":"#1"},"south":{"uv":[4.25,3.75,4.3125,4.23438],"texture":"#1"},"west":{"uv":[4.25,4.25,4.3125,4.73438],"texture":"#1"},"up":{"uv":[7.8125,4.8125,7.75,4.75],"texture":"#1"},"down":{"uv":[5.0625,7.75,5,7.8125],"texture":"#1"}}},{"from":[6.6,3.8,9.15],"to":[6.85,5.75,9.4],"rotation":{"angle":0,"axis":"y","origin":[8,0,8]},"faces":{"north":{"uv":[4.5,0,4.5625,0.48438],"texture":"#1"},"east":{"uv":[4.5,0.5,4.5625,0.98438],"texture":"#1"},"south":{"uv":[4.5,1,4.5625,1.48438],"texture":"#1"},"west":{"uv":[4.5,1.5,4.5625,1.98438],"texture":"#1"},"up":{"uv":[7.8125,5.0625,7.75,5],"texture":"#1"},"down":{"uv":[5.3125,7.75,5.25,7.8125],"texture":"#1"}}},{"from":[9.15,3.8,9.15],"to":[9.4,5.75,9.4],"rotation":{"angle":0,"axis":"y","origin":[8,0,8]},"faces":{"north":{"uv":[4.5,2,4.5625,2.48438],"texture":"#1"},"east":{"uv":[4.5,2.5,4.5625,2.98438],"texture":"#1"},"south":{"uv":[2.75,4.5,2.8125,4.98438],"texture":"#1"},"west":{"uv":[4.5,3,4.5625,3.48438],"texture":"#1"},"up":{"uv":[7.8125,5.3125,7.75,5.25],"texture":"#1"},"down":{"uv":[5.5625,7.75,5.5,7.8125],"texture":"#1"}}},{"from":[6.75,3.8,6.45],"to":[9.25,5.75,6.6],"rotation":{"angle":0,"axis":"y","origin":[8,0,8]},"faces":{"north":{"uv":[1.5,0,2.125,0.48438],"texture":"#1"},"east":{"uv":[6.25,4.5,6.28125,4.98438],"texture":"#1"},"south":{"uv":[1.5,0.5,2.125,0.98438],"texture":"#1"},"west":{"uv":[4.75,6.25,4.78125,6.73438],"texture":"#1"},"up":{"uv":[6.375,0.03125,5.75,0],"texture":"#1"},"down":{"uv":[6.375,0.25,5.75,0.28125],"texture":"#1"}}},{"from":[6.75,3.8,9.4],"to":[9.25,5.75,9.55],"rotation":{"angle":0,"axis":"y","origin":[8,0,8]},"faces":{"north":{"uv":[0.75,1.5,1.375,1.98438],"texture":"#1"},"east":{"uv":[5,6.25,5.03125,6.73438],"texture":"#1"},"south":{"uv":[1.5,1,2.125,1.48438],"texture":"#1"},"west":{"uv":[6.25,5,6.28125,5.48438],"texture":"#1"},"up":{"uv":[6.375,1.03125,5.75,1],"texture":"#1"},"down":{"uv":[6.375,1.25,5.75,1.28125],"texture":"#1"}}},{"from":[9.3,3.2,6.75],"to":[9.45,3.95,9.25],"rotation":{"angle":0,"axis":"y","origin":[8,0,8]},"faces":{"north":{"uv":[7.25,2.5,7.28125,2.6875],"texture":"#1"},"east":{"uv":[3.25,2.25,3.875,2.4375],"texture":"#1"},"south":{"uv":[2.75,7.25,2.78125,7.4375],"texture":"#1"},"west":{"uv":[3.25,2.5,3.875,2.6875],"texture":"#1"},"up":{"uv":[1.53125,6.375,1.5,5.75],"texture":"#1"},"down":{"uv":[5.78125,1.5,5.75,2.125],"texture":"#1"}}},{"from":[6.55,3.2,6.75],"to":[6.7,3.95,9.25],"rotation":{"angle":0,"axis":"y","origin":[8,0,8]},"faces":{"north":{"uv":[7.25,2.75,7.28125,2.9375],"texture":"#1"},"east":{"uv":[2.75,3.25,3.375,3.4375],"texture":"#1"},"south":{"uv":[3,7.25,3.03125,7.4375],"texture":"#1"},"west":{"uv":[3.25,2.75,3.875,2.9375],"texture":"#1"},"up":{"uv":[1.78125,6.375,1.75,5.75],"texture":"#1"},"down":{"uv":[2.03125,5.75,2,6.375],"texture":"#1"}}},{"from":[9.05,3.2,6.7],"to":[9.3,3.95,6.95],"rotation":{"angle":0,"axis":"y","origin":[8,0,8]},"faces":{"north":{"uv":[0.25,6.75,0.3125,6.9375],"texture":"#1"},"east":{"uv":[1.25,6.75,1.3125,6.9375],"texture":"#1"},"south":{"uv":[6.75,1.25,6.8125,1.4375],"texture":"#1"},"west":{"uv":[1.5,6.75,1.5625,6.9375],"texture":"#1"},"up":{"uv":[7.8125,5.5625,7.75,5.5],"texture":"#1"},"down":{"uv":[5.8125,7.75,5.75,7.8125],"texture":"#1"}}},{"from":[6.7,3.2,6.7],"to":[6.95,3.95,6.95],"rotation":{"angle":0,"axis":"y","origin":[8,0,8]},"faces":{"north":{"uv":[6.75,1.5,6.8125,1.6875],"texture":"#1"},"east":{"uv":[1.75,6.75,1.8125,6.9375],"texture":"#1"},"south":{"uv":[6.75,1.75,6.8125,1.9375],"texture":"#1"},"west":{"uv":[6.75,2,6.8125,2.1875],"texture":"#1"},"up":{"uv":[7.8125,5.8125,7.75,5.75],"texture":"#1"},"down":{"uv":[6.0625,7.75,6,7.8125],"texture":"#1"}}},{"from":[6.7,3.2,9.05],"to":[6.95,3.95,9.3],"rotation":{"angle":0,"axis":"y","origin":[8,0,8]},"faces":{"north":{"uv":[2.25,6.75,2.3125,6.9375],"texture":"#1"},"east":{"uv":[2.5,6.75,2.5625,6.9375],"texture":"#1"},"south":{"uv":[6.75,2.5,6.8125,2.6875],"texture":"#1"},"west":{"uv":[2.75,6.75,2.8125,6.9375],"texture":"#1"},"up":{"uv":[7.8125,6.0625,7.75,6],"texture":"#1"},"down":{"uv":[6.3125,7.75,6.25,7.8125],"texture":"#1"}}},{"from":[9.05,3.2,9.05],"to":[9.3,3.95,9.3],"rotation":{"angle":0,"axis":"y","origin":[8,0,8]},"faces":{"north":{"uv":[6.75,2.75,6.8125,2.9375],"texture":"#1"},"east":{"uv":[3.25,6.75,3.3125,6.9375],"texture":"#1"},"south":{"uv":[6.75,3.25,6.8125,3.4375],"texture":"#1"},"west":{"uv":[6.75,3.5,6.8125,3.6875],"texture":"#1"},"up":{"uv":[7.8125,6.3125,7.75,6.25],"texture":"#1"},"down":{"uv":[6.5625,7.75,6.5,7.8125],"texture":"#1"}}},{"from":[6.85,3.2,6.55],"to":[9.15,3.95,6.7],"rotation":{"angle":0,"axis":"y","origin":[8,0,8]},"faces":{"north":{"uv":[3.25,3,3.82813,3.1875],"texture":"#1"},"east":{"uv":[7.25,3,7.28125,3.1875],"texture":"#1"},"south":{"uv":[0,3.5,0.57813,3.6875],"texture":"#1"},"west":{"uv":[3.25,7.25,3.28125,7.4375],"texture":"#1"},"up":{"uv":[6.32813,3.53125,5.75,3.5],"texture":"#1"},"down":{"uv":[6.32813,3.75,5.75,3.78125],"texture":"#1"}}},{"from":[6.85,3.2,9.3],"to":[9.15,3.95,9.45],"rotation":{"angle":0,"axis":"y","origin":[8,0,8]},"faces":{"north":{"uv":[2.25,3.5,2.82813,3.6875],"texture":"#1"},"east":{"uv":[7.25,3.25,7.28125,3.4375],"texture":"#1"},"south":{"uv":[3,3.5,3.57813,3.6875],"texture":"#1"},"west":{"uv":[3.5,7.25,3.53125,7.4375],"texture":"#1"},"up":{"uv":[6.32813,4.03125,5.75,4],"texture":"#1"},"down":{"uv":[6.32813,4.25,5.75,4.28125],"texture":"#1"}}},{"from":[9.2,2.85,6.95],"to":[9.35,3.3,9.05],"rotation":{"angle":0,"axis":"y","origin":[8,0,8]},"faces":{"north":{"uv":[7.75,6.5,7.78125,6.60938],"texture":"#1"},"east":{"uv":[3.75,0.5,4.28125,0.60938],"texture":"#1"},"south":{"uv":[6.75,7.75,6.78125,7.85938],"texture":"#1"},"west":{"uv":[3.75,0.75,4.28125,0.85938],"texture":"#1"},"up":{"uv":[2.28125,6.53125,2.25,6],"texture":"#1"},"down":{"uv":[2.53125,6,2.5,6.53125],"texture":"#1"}}},{"from":[6.65,2.85,6.95],"to":[6.8,3.3,9.05],"rotation":{"angle":0,"axis":"y","origin":[8,0,8]},"faces":{"north":{"uv":[7.75,6.75,7.78125,6.85938],"texture":"#1"},"east":{"uv":[3.75,1,4.28125,1.10938],"texture":"#1"},"south":{"uv":[7,7.75,7.03125,7.85938],"texture":"#1"},"west":{"uv":[3.75,1.25,4.28125,1.35938],"texture":"#1"},"up":{"uv":[2.78125,6.53125,2.75,6],"texture":"#1"},"down":{"uv":[3.28125,6,3.25,6.53125],"texture":"#1"}}},{"from":[6.8,2.85,6.8],"to":[9.2,3.3,9.2],"rotation":{"angle":0,"axis":"y","origin":[8,0,8]},"faces":{"north":{"uv":[3.5,3.25,4.09375,3.35938],"texture":"#1"},"east":{"uv":[0,3.75,0.59375,3.85938],"texture":"#1"},"south":{"uv":[3.75,0,4.34375,0.10938],"texture":"#1"},"west":{"uv":[3.75,0.25,4.34375,0.35938],"texture":"#1"},"up":{"uv":[0.59375,0.59375,0,0],"texture":"#1"},"down":{"uv":[0.59375,0.75,0,1.34375],"texture":"#1"}}},{"from":[6.95,2.85,6.65],"to":[9.05,3.3,6.8],"rotation":{"angle":0,"axis":"y","origin":[8,0,8]},"faces":{"north":{"uv":[3.75,1.5,4.28125,1.60938],"texture":"#1"},"east":{"uv":[7.75,7,7.78125,7.10938],"texture":"#1"},"south":{"uv":[3.75,1.75,4.28125,1.85938],"texture":"#1"},"west":{"uv":[7.25,7.75,7.28125,7.85938],"texture":"#1"},"up":{"uv":[6.53125,2.03125,6,2],"texture":"#1"},"down":{"uv":[6.53125,2.5,6,2.53125],"texture":"#1"}}},{"from":[6.95,2.85,9.2],"to":[9.05,3.3,9.35],"rotation":{"angle":0,"axis":"y","origin":[8,0,8]},"faces":{"north":{"uv":[3.75,2,4.28125,2.10938],"texture":"#1"},"east":{"uv":[7.75,7.25,7.78125,7.35938],"texture":"#1"},"south":{"uv":[2.25,3.75,2.78125,3.85938],"texture":"#1"},"west":{"uv":[7.5,7.75,7.53125,7.85938],"texture":"#1"},"up":{"uv":[6.53125,2.78125,6,2.75],"texture":"#1"},"down":{"uv":[4.03125,6,3.5,6.03125],"texture":"#1"}}},{"from":[6.35,4.1,6.85],"to":[6.45,5.75,9.15],"rotation":{"angle":0,"axis":"y","origin":[8,0,8]},"faces":{"north":{"uv":[8.75,2.84375,8.78125,4],"texture":"#0"},"east":{"uv":[0,1.25,0.53125,2.40625],"texture":"#0"},"south":{"uv":[11.21875,4.71875,11.25,5.875],"texture":"#0"},"west":{"uv":[2.625,9.6875,6.21875,12.8125],"texture":"#0"},"up":{"uv":[1.03125,6.03125,1,5.5],"texture":"#0"},"down":{"uv":[1.28125,5.5,1.25,6.03125],"texture":"#0"}}},{"from":[6.45,5.75,6.95],"to":[6.55,7.05,9.05],"rotation":{"angle":0,"axis":"y","origin":[8,0,8]},"faces":{"north":{"uv":[7.96875,2.875,8,4.03125],"texture":"#0"},"east":{"uv":[0,1.25,0.53125,2.40625],"texture":"#0"},"south":{"uv":[11.5625,4.40625,11.59375,5.5625],"texture":"#0"},"west":{"uv":[2.6875,7.53125,6.21875,9.65625],"texture":"#0"},"up":{"uv":[1.03125,6.03125,1,5.5],"texture":"#0"},"down":{"uv":[1.28125,5.5,1.25,6.03125],"texture":"#0"}}},{"from":[6.55,7.05,7.05],"to":[6.65,8.15,8.95],"rotation":{"angle":0,"axis":"y","origin":[8,0,8]},"faces":{"north":{"uv":[4.75,3.5,4.78125,4.65625],"texture":"#0"},"east":{"uv":[0,1.25,0.53125,2.40625],"texture":"#0"},"south":{"uv":[5.125,1.53125,5.15625,2.6875],"texture":"#0"},"west":{"uv":[1.875,4.5,6.90625,7.46875],"texture":"#0"},"up":{"uv":[1.03125,6.03125,1,5.5],"texture":"#0"},"down":{"uv":[1.28125,5.5,1.25,6.03125],"texture":"#0"}}},{"from":[6.65,8.15,7.15],"to":[6.75,8.75,8.85],"rotation":{"angle":0,"axis":"y","origin":[8,0,8]},"faces":{"north":{"uv":[14.40625,6.40625,14.4375,6.5625],"texture":"#0"},"east":{"uv":[3.5,0.5,3.96875,0.65625],"texture":"#0"},"south":{"uv":[0,7.75,0.03125,7.90625],"texture":"#0"},"west":{"uv":[9.21875,0.8125,9.6875,0.96875],"texture":"#0"},"up":{"uv":[5.53125,5.96875,5.5,5.5],"texture":"#0"},"down":{"uv":[5.78125,0,5.75,0.46875],"texture":"#0"}}}],"display":{"thirdperson_righthand":{"rotation":[0,90,0],"translation":[0.25,-4.75,1.25],"scale":[0.91,0.91,0.91]},"thirdperson_lefthand":{"rotation":[0,90,0],"translation":[0,-4.75,1.25],"scale":[0.91,0.91,0.91]},"firstperson_righthand":{"rotation":[0,41,0],"translation":[-1.25,6.75,3.75],"scale":[0.96,0.96,0.96]},"firstperson_lefthand":{"rotation":[0,-139,0],"translation":[-1,6.75,3.75],"scale":[0.87,0.87,0.87]},"ground":{"scale":[1.38,1.38,1.38]},"gui":{"rotation":[37.66,49.2,-50.19],"translation":[0.5,0.25,0],"scale":[1.51,1.51,1.51]},"head":{"rotation":[47,90,0],"translation":[0,-9,-12.5],"scale":[1.41,1.41,1.41]},"fixed":{"rotation":[-90,-90,0],"translation":[0,0.75,-12.75],"scale":[2.59,2.59,2.59]}},"groups":[{"name":"group","origin":[8,8,8],"color":0,"children":[{"name":"group","origin":[8,8,8],"color":0,"children":[{"name":"group","origin":[8,0,8],"color":0,"children":[0,1,2,3,4,5,6,7,8,9,10,11,12,13,14,15]},{"name":"group","origin":[8,0,8],"color":0,"children":[16,17,18,19,20,21,22,23]},{"name":"group","origin":[8,0,8],"color":0,"children":[24,25,26,27,28,29,30,31]},{"name":"group","origin":[8,0,8],"color":0,"children":[32,33,34,35,36,37,38,39]},{"name":"group","origin":[8,0,8],"color":0,"children":[40,41,42,43,44,45,46,47]},{"name":"group","origin":[8,0,8],"color":0,"children":[48,49,50,51,52,53,54,55]},{"name":"group","origin":[8,0,8],"color":0,"children":[56,57,58,59,60,61,62,63]},{"name":"group","origin":[8,0,8],"color":0,"children":[64,65,66,67,68,69,70,71]},{"name":"group","origin":[8,0,8],"color":0,"children":[72,73,74,75,76,77,78,79]},{"name":"group","origin":[8,0,8],"color":0,"children":[80,81,82,83,84,85,86,87]},{"name":"group","origin":[8,0,8],"color":0,"children":[88,89,90,91,92,93,94,95]},{"name":"group","origin":[8,0,8],"color":0,"children":[96,97,98,99,100]}]}]},{"name":"group","origin":[8,0,8],"color":0,"children":[101,102,103,104]}]}