{"credit":"Made with Blockbench","textures":{"0":"politmine/item/brewery/pofigin/askarbinka","particle":"politmine/item/brewery/pofigin/askarbinka"},"elements":[{"from":[3,2,3],"to":[13,4,13],"faces":{"north":{"uv":[8,6,16,8],"texture":"#0"},"east":{"uv":[8,6,16,8],"texture":"#0"},"south":{"uv":[8,6,16,8],"texture":"#0"},"west":{"uv":[8,6,16,8],"texture":"#0"},"up":{"uv":[10,10,16,16],"texture":"#0"},"down":{"uv":[10,10,16,16],"texture":"#0"}}},{"from":[4,4,4],"to":[12,4.5,12],"faces":{"north":{"uv":[8,0,16,1],"texture":"#0"},"east":{"uv":[8,1,16,1.5],"texture":"#0"},"south":{"uv":[8,2,16,3],"texture":"#0"},"west":{"uv":[8,3,16,4],"texture":"#0"},"up":{"uv":[0,0,8,8],"texture":"#0"},"down":{"uv":[0,0,8,8],"texture":"#missing"}}},{"from":[4,1.5,4],"to":[12,2,12],"faces":{"north":{"uv":[8,0,16,1],"texture":"#0"},"east":{"uv":[8,1,16,2],"texture":"#0"},"south":{"uv":[8,2,16,3],"texture":"#0"},"west":{"uv":[8,3,16,4],"texture":"#0"},"up":{"uv":[8,8,0,0],"texture":"#0"},"down":{"uv":[8,8,0,16],"texture":"#0"}}},{"from":[4,2,13],"to":[12,4,14],"faces":{"north":{"uv":[0,0,8,2],"texture":"#missing"},"east":{"uv":[8,8,9,10],"texture":"#0"},"south":{"uv":[8,4,16,6],"texture":"#0"},"west":{"uv":[8,8,9,10],"texture":"#0"},"up":{"uv":[8,4,16,5],"texture":"#0"},"down":{"uv":[8,4,16,5],"texture":"#0"}}},{"from":[4,2,2],"to":[12,4,3],"faces":{"north":{"uv":[8,4,16,6],"texture":"#0"},"east":{"uv":[8,8,9,10],"texture":"#0"},"south":{"uv":[0,0,8,2],"texture":"#missing"},"west":{"uv":[8,8,9,10],"texture":"#0"},"up":{"uv":[8,4,16,5],"texture":"#0"},"down":{"uv":[8,4,16,5],"texture":"#0"}}},{"from":[13,2,4],"to":[14,4,12],"faces":{"north":{"uv":[8,8,9,10],"texture":"#0"},"east":{"uv":[8,4,16,6],"texture":"#0"},"south":{"uv":[8,8,9,10],"texture":"#0"},"west":{"uv":[0,0,8,2],"texture":"#missing"},"up":{"uv":[8,4,16,5],"rotation":270,"texture":"#0"},"down":{"uv":[8,4,16,5],"rotation":90,"texture":"#0"}}},{"from":[2,2,4],"to":[3,4,12],"faces":{"north":{"uv":[8,8,9,10],"texture":"#0"},"east":{"uv":[0,0,8,2],"texture":"#missing"},"south":{"uv":[8,8,9,10],"texture":"#0"},"west":{"uv":[8,4,16,6],"texture":"#0"},"up":{"uv":[8,4,16,5],"rotation":270,"texture":"#0"},"down":{"uv":[8,4,16,5],"rotation":90,"texture":"#0"}}}],"display":{"thirdperson_righthand":{"rotation":[24,16,0],"translation":[0,0,-0.5],"scale":[0.22,0.22,0.22]},"thirdperson_lefthand":{"rotation":[24,16,0],"translation":[0,0,-0.5],"scale":[0.22,0.22,0.22]},"firstperson_righthand":{"rotation":[9,46,2],"translation":[2,4.5,0],"scale":[0.6,0.6,0.6]},"firstperson_lefthand":{"rotation":[9,46,2],"translation":[2,4.5,0],"scale":[0.6,0.6,0.6]},"ground":{"translation":[0,-0.5,0],"scale":[0.43,0.43,0.43]},"gui":{"rotation":[52,15,0],"translation":[0,3,0],"scale":[1.03,1.03,1.03]},"head":{"translation":[0,13.75,0],"scale":[1.6,1.6,1.6]},"fixed":{"rotation":[90,0,0],"translation":[0,1,3.75]}}}