{"credit":"Made with Blockbench","textures":{"0":"politmine/item/brewery/red_wine/color","2":"politmine/item/brewery/red_wine/etiketka","3":"politmine/item/brewery/red_wine/probka","4":"politmine/item/brewery/red_wine/texture22","particle":"politmine/item/brewery/red_wine/color"},"elements":[{"from":[7.5,0,8.25],"to":[9.5,5,10.25],"faces":{"north":{"uv":[0,0,16,16],"texture":"#0"},"east":{"uv":[0,0,16,16],"texture":"#0"},"south":{"uv":[0,0,16,16],"texture":"#0"},"west":{"uv":[0,0,16,16],"texture":"#0"},"up":{"uv":[0,0,16,16],"texture":"#0"},"down":{"uv":[0,0,16,16],"texture":"#0"}}},{"from":[9.25,7.5,8.25],"to":[9.5,9.5,8.5],"faces":{"north":{"uv":[0,0,16,16],"texture":"#0"},"east":{"uv":[0,0,16,16],"texture":"#0"},"south":{"uv":[0,0,16,16],"texture":"#0"},"west":{"uv":[0,0,16,16],"texture":"#0"},"up":{"uv":[0,0,16,16],"texture":"#0"},"down":{"uv":[0,0,16,16],"texture":"#0"}}},{"from":[7.25,0,8.5],"to":[9.75,5,10],"faces":{"north":{"uv":[2,5,4,10],"texture":"#0"},"east":{"uv":[2,5,4,10],"texture":"#0"},"south":{"uv":[2,5,4,10],"texture":"#0"},"west":{"uv":[2,5,4,10],"texture":"#0"},"up":{"uv":[2,5,4,10],"texture":"#0"},"down":{"uv":[2,5,4,10],"texture":"#0"}}},{"from":[7.25,0.25,8.5],"to":[9.75,5,10],"faces":{"north":{"uv":[2,5,4,10],"texture":"#0"},"east":{"uv":[2,5,4,10],"texture":"#0"},"south":{"uv":[2,5,4,10],"texture":"#0"},"west":{"uv":[2,5,4,10],"texture":"#0"},"up":{"uv":[2,5,4,10],"texture":"#0"},"down":{"uv":[2,5,4,10],"texture":"#0"}}},{"from":[7.25,5,8.5],"to":[9.75,7.5,9.75],"faces":{"north":{"uv":[0,0,16,16],"texture":"#2"},"east":{"uv":[0,0,16,16],"texture":"#2"},"south":{"uv":[0,0,16,16],"texture":"#2"},"west":{"uv":[0,0,16,16],"texture":"#2"},"up":{"uv":[0,0,16,16],"texture":"#2"},"down":{"uv":[0,0,16,16],"texture":"#2"}}},{"from":[7.25,7.5,8.5],"to":[9.75,9.25,9.5],"faces":{"north":{"uv":[2,5,4,10],"texture":"#0"},"east":{"uv":[2,5,4,10],"texture":"#0"},"south":{"uv":[2,5,4,10],"texture":"#0"},"west":{"uv":[2,5,4,10],"texture":"#0"},"up":{"uv":[2,5,4,10],"texture":"#0"},"down":{"uv":[2,5,4,10],"texture":"#0"}}},{"from":[7.25,5,9],"to":[9.75,9.25,10],"faces":{"north":{"uv":[2,5,4,10],"texture":"#0"},"east":{"uv":[2,5,4,10],"texture":"#0"},"south":{"uv":[2,5,4,10],"texture":"#0"},"west":{"uv":[2,5,4,10],"texture":"#0"},"up":{"uv":[2,5,4,10],"texture":"#0"},"down":{"uv":[2,5,4,10],"texture":"#0"}}},{"from":[7.25,9.25,8.5],"to":[9.75,9.5,10],"faces":{"north":{"uv":[2,5,4,10],"texture":"#0"},"east":{"uv":[2,5,4,10],"texture":"#0"},"south":{"uv":[2,5,4,10],"texture":"#0"},"west":{"uv":[2,5,4,10],"texture":"#0"},"up":{"uv":[2,5,4,10],"texture":"#0"},"down":{"uv":[2,5,4,10],"texture":"#0"}}},{"from":[7.5,0.25,8.75],"to":[10,9.5,9.75],"faces":{"north":{"uv":[2,5,4,10],"texture":"#0"},"east":{"uv":[2,5,4,10],"texture":"#0"},"south":{"uv":[2,5,4,10],"texture":"#0"},"west":{"uv":[2,5,4,10],"texture":"#0"},"up":{"uv":[2,5,4,10],"texture":"#0"},"down":{"uv":[2,5,4,10],"texture":"#0"}}},{"from":[7,0.25,8.75],"to":[9.25,9.5,9.75],"faces":{"north":{"uv":[2,5,4,10],"texture":"#0"},"east":{"uv":[2,5,4,10],"texture":"#0"},"south":{"uv":[2,5,4,10],"texture":"#0"},"west":{"uv":[2,5,4,10],"texture":"#0"},"up":{"uv":[2,5,4,10],"texture":"#0"},"down":{"uv":[2,5,4,10],"texture":"#0"}}},{"from":[8,0.25,10.5],"to":[9,9.5,10.75],"faces":{"north":{"uv":[2,5,4,10],"texture":"#0"},"east":{"uv":[2,5,4,10],"texture":"#0"},"south":{"uv":[2,5,4,10],"texture":"#0"},"west":{"uv":[2,5,4,10],"texture":"#0"},"up":{"uv":[2,5,4,10],"texture":"#0"},"down":{"uv":[2,5,4,10],"texture":"#0"}}},{"from":[8,7.5,7.75],"to":[9,9.5,8],"faces":{"north":{"uv":[2,5,4,10],"texture":"#0"},"east":{"uv":[2,5,4,10],"texture":"#0"},"south":{"uv":[2,5,4,10],"texture":"#0"},"west":{"uv":[2,5,4,10],"texture":"#0"},"up":{"uv":[2,5,4,10],"texture":"#0"},"down":{"uv":[2,5,4,10],"texture":"#0"}}},{"from":[8,0.25,7.75],"to":[9,5,8],"faces":{"north":{"uv":[2,5,4,10],"texture":"#0"},"east":{"uv":[2,5,4,10],"texture":"#0"},"south":{"uv":[2,5,4,10],"texture":"#0"},"west":{"uv":[2,5,4,10],"texture":"#0"},"up":{"uv":[2,5,4,10],"texture":"#0"},"down":{"uv":[2,5,4,10],"texture":"#0"}}},{"from":[8,5,7.75],"to":[9,7.5,8],"faces":{"north":{"uv":[0,0,16,16],"texture":"#2"},"east":{"uv":[0,0,16,16],"texture":"#2"},"south":{"uv":[0,0,16,16],"texture":"#2"},"west":{"uv":[0,0,16,16],"texture":"#2"},"up":{"uv":[0,0,16,16],"texture":"#2"},"down":{"uv":[0,0,16,16],"texture":"#2"}}},{"from":[7.75,5,8],"to":[9.25,7.5,8.25],"faces":{"north":{"uv":[0,0,16,16],"texture":"#2"},"east":{"uv":[0,0,16,16],"texture":"#2"},"south":{"uv":[0,0,16,16],"texture":"#2"},"west":{"uv":[0,0,16,16],"texture":"#2"},"up":{"uv":[0,0,16,16],"texture":"#2"},"down":{"uv":[0,0,16,16],"texture":"#2"}}},{"from":[7.5,5,8.25],"to":[9.5,7.5,8.5],"faces":{"north":{"uv":[0,0,16,16],"texture":"#2"},"east":{"uv":[0,0,16,16],"texture":"#2"},"south":{"uv":[0,0,16,16],"texture":"#2"},"west":{"uv":[0,0,16,16],"texture":"#2"},"up":{"uv":[0,0,16,16],"texture":"#2"},"down":{"uv":[0,0,16,16],"texture":"#2"}}},{"from":[7,0.25,8.75],"to":[9.25,9.25,9.75],"faces":{"north":{"uv":[2,5,4,10],"texture":"#0"},"east":{"uv":[2,5,4,10],"texture":"#0"},"south":{"uv":[2,5,4,10],"texture":"#0"},"west":{"uv":[2,5,4,10],"texture":"#0"},"up":{"uv":[2,5,4,10],"texture":"#0"},"down":{"uv":[2,5,4,10],"texture":"#0"}}},{"from":[7.5,0.75,8.5],"to":[9.5,9.75,10],"faces":{"north":{"uv":[2,5,4,10],"texture":"#0"},"east":{"uv":[2,5,4,10],"texture":"#0"},"south":{"uv":[2,5,4,10],"texture":"#0"},"west":{"uv":[2,5,4,10],"texture":"#0"},"up":{"uv":[2,5,4,10],"texture":"#0"},"down":{"uv":[2,5,4,10],"texture":"#0"}}},{"from":[7.25,9.5,8.75],"to":[9.75,9.75,9.75],"faces":{"north":{"uv":[2,5,4,10],"texture":"#0"},"east":{"uv":[2,5,4,10],"texture":"#0"},"south":{"uv":[2,5,4,10],"texture":"#0"},"west":{"uv":[2,5,4,10],"texture":"#0"},"up":{"uv":[2,5,4,10],"texture":"#0"},"down":{"uv":[2,5,4,10],"texture":"#0"}}},{"from":[7.75,0.75,8.25],"to":[9.25,9.75,10.25],"faces":{"north":{"uv":[2,5,4,10],"texture":"#0"},"east":{"uv":[2,5,4,10],"texture":"#0"},"south":{"uv":[2,5,4,10],"texture":"#0"},"west":{"uv":[2,5,4,10],"texture":"#0"},"up":{"uv":[2,5,4,10],"texture":"#0"},"down":{"uv":[2,5,4,10],"texture":"#0"}}},{"from":[8,9.5,8],"to":[9,9.75,10],"faces":{"north":{"uv":[2,5,4,10],"texture":"#0"},"east":{"uv":[2,5,4,10],"texture":"#0"},"south":{"uv":[2,5,4,10],"texture":"#0"},"west":{"uv":[2,5,4,10],"texture":"#0"},"up":{"uv":[2,5,4,10],"texture":"#0"},"down":{"uv":[2,5,4,10],"texture":"#0"}}},{"from":[8,9.5,8.5],"to":[9,9.75,10.5],"faces":{"north":{"uv":[2,5,4,10],"texture":"#0"},"east":{"uv":[2,5,4,10],"texture":"#0"},"south":{"uv":[2,5,4,10],"texture":"#0"},"west":{"uv":[2,5,4,10],"texture":"#0"},"up":{"uv":[2,5,4,10],"texture":"#0"},"down":{"uv":[2,5,4,10],"texture":"#0"}}},{"from":[8.25,8.25,8.5],"to":[8.75,10.7,10],"faces":{"north":{"uv":[7,6,8,8],"texture":"#0"},"east":{"uv":[7,6,8,8],"texture":"#0"},"south":{"uv":[7,6,8,8],"texture":"#0"},"west":{"uv":[7,6,8,8],"texture":"#0"},"up":{"uv":[7,6,8,8],"texture":"#0"},"down":{"uv":[7,6,8,8],"texture":"#0"}}},{"from":[7.25,0.25,8.75],"to":[7.5,9.5,9.75],"faces":{"north":{"uv":[2,5,4,10],"texture":"#0"},"east":{"uv":[2,5,4,10],"texture":"#0"},"south":{"uv":[2,5,4,10],"texture":"#0"},"west":{"uv":[2,5,4,10],"texture":"#0"},"up":{"uv":[2,5,4,10],"texture":"#0"},"down":{"uv":[2,5,4,10],"texture":"#0"}}},{"from":[7.5,7.5,8.25],"to":[8.75,9.5,10.25],"faces":{"north":{"uv":[0,5,2,10],"texture":"#0"},"east":{"uv":[0,5,2,10],"texture":"#0"},"south":{"uv":[0,5,2,10],"texture":"#0"},"west":{"uv":[0,5,2,10],"texture":"#0"},"up":{"uv":[0,5,2,10],"texture":"#0"},"down":{"uv":[0,5,2,10],"texture":"#0"}}},{"from":[7.5,5,10],"to":[8.75,7.5,10.25],"faces":{"north":{"uv":[0,5,2,10],"texture":"#0"},"east":{"uv":[0,5,2,10],"texture":"#0"},"south":{"uv":[0,5,2,10],"texture":"#0"},"west":{"uv":[0,5,2,10],"texture":"#0"},"up":{"uv":[0,5,2,10],"texture":"#0"},"down":{"uv":[0,5,2,10],"texture":"#0"}}},{"from":[8.25,5,8.5],"to":[9.5,9.5,10.25],"faces":{"north":{"uv":[2,0,4,5],"texture":"#0"},"east":{"uv":[2,0,4,5],"texture":"#0"},"south":{"uv":[2,0,4,5],"texture":"#0"},"west":{"uv":[2,0,4,5],"texture":"#0"},"up":{"uv":[2,0,4,5],"texture":"#0"},"down":{"uv":[2,0,4,5],"texture":"#0"}}},{"from":[7.75,0,8.75],"to":[9.25,9.5,10.5],"faces":{"north":{"uv":[4,0,6,5],"texture":"#0"},"east":{"uv":[4,0,6,5],"texture":"#0"},"south":{"uv":[4,0,6,5],"texture":"#0"},"west":{"uv":[4,0,6,5],"texture":"#0"},"up":{"uv":[4,0,6,5],"texture":"#0"},"down":{"uv":[4,0,6,5],"texture":"#0"}}},{"from":[7.5,6,10.25],"to":[7.75,7.5,10.25],"faces":{"north":{"uv":[4,0,6,5],"texture":"#0"},"east":{"uv":[4,0,6,5],"texture":"#0"},"south":{"uv":[4,0,6,5],"texture":"#0"},"west":{"uv":[4,0,6,5],"texture":"#0"},"up":{"uv":[4,0,6,5],"texture":"#0"},"down":{"uv":[4,0,6,5],"texture":"#0"}}},{"from":[9.25,6,10.25],"to":[9.25,7.5,10.5],"faces":{"north":{"uv":[4,0,6,5],"texture":"#missing"},"east":{"uv":[4,0,6,5],"texture":"#0"},"south":{"uv":[4,0,6,5],"texture":"#missing"},"west":{"uv":[4,0,6,5],"texture":"#missing"},"up":{"uv":[4,0,6,5],"texture":"#missing"},"down":{"uv":[4,0,6,5],"texture":"#missing"}}},{"from":[9.5,6,10],"to":[9.5,7.5,10.25],"faces":{"north":{"uv":[4,0,6,5],"texture":"#missing"},"east":{"uv":[4,0,6,5],"texture":"#0"},"south":{"uv":[4,0,6,5],"texture":"#missing"},"west":{"uv":[4,0,6,5],"texture":"#missing"},"up":{"uv":[4,0,6,5],"texture":"#missing"},"down":{"uv":[4,0,6,5],"texture":"#missing"}}},{"from":[7.75,6,8.5],"to":[7.75,7.5,10],"color":1,"faces":{"north":{"uv":[4,0,6,5],"texture":"#missing"},"east":{"uv":[4,0,6,5],"texture":"#missing"},"south":{"uv":[4,0,6,5],"texture":"#missing"},"west":{"uv":[4,0,6,5],"texture":"#missing"},"up":{"uv":[4,0,6,5],"texture":"#missing"},"down":{"uv":[4,0,6,5],"texture":"#missing"}}},{"from":[7.75,7.5,8],"to":[9.25,9.5,9.75],"faces":{"north":{"uv":[0,0,2,5],"texture":"#0"},"east":{"uv":[0,0,2,5],"texture":"#0"},"south":{"uv":[0,0,2,5],"texture":"#0"},"west":{"uv":[0,0,2,5],"texture":"#0"},"up":{"uv":[0,0,2,5],"texture":"#0"},"down":{"uv":[0,0,2,5],"texture":"#0"}}},{"from":[7.75,0,8],"to":[9.25,5,9.75],"faces":{"north":{"uv":[0,0,2,5],"texture":"#0"},"east":{"uv":[0,0,2,5],"texture":"#0"},"south":{"uv":[0,0,2,5],"texture":"#0"},"west":{"uv":[0,0,2,5],"texture":"#0"},"up":{"uv":[0,0,2,5],"texture":"#0"},"down":{"uv":[0,0,2,5],"texture":"#0"}}},{"from":[8,10.7,8.75],"to":[9,12.8,9.75],"faces":{"north":{"uv":[2,4,3,8],"texture":"#4"},"east":{"uv":[4,2,5,6],"texture":"#4"},"south":{"uv":[3,4,4,8],"texture":"#4"},"west":{"uv":[5,2,6,6],"texture":"#4"},"up":{"uv":[9,4,8,3],"texture":"#4"},"down":{"uv":[9,4,8,5],"texture":"#4"}}},{"from":[8.25,10.7,8.5],"to":[8.75,12.75,10],"faces":{"north":{"uv":[5,6,6,8],"texture":"#4"},"east":{"uv":[0,4,2,6],"texture":"#4"},"south":{"uv":[6,6,7,8],"texture":"#4"},"west":{"uv":[4,0,6,2],"texture":"#4"},"up":{"uv":[8,4,7,2],"texture":"#4"},"down":{"uv":[8,4,7,6],"texture":"#4"}}},{"from":[8.25,12.5,8.75],"to":[8.75,12.75,9.5],"faces":{"north":{"uv":[2,0,3,3],"texture":"#0"},"east":{"uv":[2,0,3,3],"texture":"#0"},"south":{"uv":[2,0,3,3],"texture":"#0"},"west":{"uv":[2,0,3,3],"texture":"#0"},"up":{"uv":[2,0,3,3],"texture":"#0"},"down":{"uv":[2,0,3,3],"texture":"#0"}}},{"from":[8,12.5,8.75],"to":[9,12.75,9.75],"faces":{"north":{"uv":[2,0,3,3],"texture":"#4"},"east":{"uv":[2,0,3,3],"texture":"#4"},"south":{"uv":[2,0,3,3],"texture":"#4"},"west":{"uv":[2,0,3,3],"texture":"#4"},"up":{"uv":[2,0,3,3],"texture":"#4"},"down":{"uv":[2,0,3,3],"texture":"#4"}}},{"from":[7.75,12.5,9],"to":[9.25,12.75,9.5],"faces":{"north":{"uv":[2,0,3,3],"texture":"#4"},"east":{"uv":[2,0,3,3],"texture":"#4"},"south":{"uv":[2,0,3,3],"texture":"#4"},"west":{"uv":[2,0,3,3],"texture":"#4"},"up":{"uv":[2,0,3,3],"texture":"#4"},"down":{"uv":[2,0,3,3],"texture":"#4"}}},{"from":[7.75,9,9],"to":[9.25,10.8,9.5],"faces":{"north":{"uv":[0,0,2,4],"texture":"#0"},"east":{"uv":[0,0,2,4],"texture":"#0"},"south":{"uv":[0,0,2,4],"texture":"#0"},"west":{"uv":[0,0,2,4],"texture":"#0"},"up":{"uv":[0,0,2,4],"texture":"#0"},"down":{"uv":[0,0,2,4],"texture":"#0"}}},{"from":[7.75,10.8,9],"to":[9.25,12.5,9.5],"faces":{"north":{"uv":[0,0,2,4],"texture":"#4"},"east":{"uv":[6,2,7,6],"texture":"#4"},"south":{"uv":[2,0,4,4],"texture":"#4"},"west":{"uv":[4,6,5,10],"texture":"#4"},"up":{"uv":[4,9,2,8],"texture":"#4"},"down":{"uv":[10,2,8,3],"texture":"#4"}}},{"from":[8,12.75,8.75],"to":[9,13.25,10],"faces":{"north":{"uv":[2,3,0,2],"texture":"#4"},"east":{"uv":[2,3,0,2],"texture":"#4"},"south":{"uv":[2,3,0,2],"texture":"#4"},"west":{"uv":[2,3,0,2],"texture":"#4"},"up":{"uv":[2,3,0,2],"texture":"#4"},"down":{"uv":[2,3,0,2],"texture":"#4"}}},{"from":[8,12.75,8.5],"to":[9,13.25,9.75],"faces":{"north":{"uv":[2,3,0,2],"texture":"#4"},"east":{"uv":[2,3,0,2],"texture":"#4"},"south":{"uv":[2,3,0,2],"texture":"#4"},"west":{"uv":[2,3,0,2],"texture":"#4"},"up":{"uv":[2,3,0,2],"texture":"#4"},"down":{"uv":[2,3,0,2],"texture":"#4"}}},{"from":[8,12.75,8.75],"to":[9.25,13.25,9.75],"faces":{"north":{"uv":[2,3,0,2],"texture":"#4"},"east":{"uv":[2,3,0,2],"texture":"#4"},"south":{"uv":[2,3,0,2],"texture":"#4"},"west":{"uv":[2,3,0,2],"texture":"#4"},"up":{"uv":[2,3,0,2],"texture":"#4"},"down":{"uv":[2,3,0,2],"texture":"#4"}}},{"from":[7.75,12.75,8.75],"to":[9,13.25,9.75],"faces":{"north":{"uv":[2,3,0,2],"texture":"#4"},"east":{"uv":[2,3,0,2],"texture":"#4"},"south":{"uv":[2,3,0,2],"texture":"#4"},"west":{"uv":[2,3,0,2],"texture":"#4"},"up":{"uv":[2,3,0,2],"texture":"#4"},"down":{"uv":[2,3,0,2],"texture":"#4"}}},{"from":[8,12.5,9],"to":[9,13,9.5],"faces":{"north":{"uv":[2,3,0,2],"texture":"#3"},"east":{"uv":[2,3,0,2],"texture":"#3"},"south":{"uv":[2,3,0,2],"texture":"#3"},"west":{"uv":[2,3,0,2],"texture":"#3"},"up":{"uv":[2,3,0,2],"texture":"#3"},"down":{"uv":[2,3,0,2],"texture":"#3"}}},{"from":[8,13.25,8.75],"to":[9,13.75,9.75],"faces":{"north":{"uv":[2,3,0,2],"texture":"#4"},"east":{"uv":[2,3,0,2],"texture":"#4"},"south":{"uv":[2,3,0,2],"texture":"#4"},"west":{"uv":[2,3,0,2],"texture":"#4"},"up":{"uv":[2,3,0,2],"texture":"#4"},"down":{"uv":[2,3,0,2],"texture":"#4"}}},{"from":[8,13.25,9],"to":[9,13.5,10],"faces":{"north":{"uv":[2,3,0,2],"texture":"#4"},"east":{"uv":[2,3,0,2],"texture":"#4"},"south":{"uv":[2,3,0,2],"texture":"#4"},"west":{"uv":[2,3,0,2],"texture":"#4"},"up":{"uv":[2,3,0,2],"texture":"#4"},"down":{"uv":[2,3,0,2],"texture":"#4"}}},{"from":[8,13.25,8.5],"to":[9,13.5,9.5],"faces":{"north":{"uv":[2,3,0,2],"texture":"#4"},"east":{"uv":[2,3,0,2],"texture":"#4"},"south":{"uv":[2,3,0,2],"texture":"#4"},"west":{"uv":[2,3,0,2],"texture":"#4"},"up":{"uv":[2,3,0,2],"texture":"#4"},"down":{"uv":[2,3,0,2],"texture":"#4"}}},{"from":[7.75,13.25,8.75],"to":[8.75,13.5,9.75],"faces":{"north":{"uv":[2,3,0,2],"texture":"#4"},"east":{"uv":[2,3,0,2],"texture":"#4"},"south":{"uv":[2,3,0,2],"texture":"#4"},"west":{"uv":[2,3,0,2],"texture":"#4"},"up":{"uv":[2,3,0,2],"texture":"#4"},"down":{"uv":[2,3,0,2],"texture":"#4"}}},{"from":[8.25,13.25,8.75],"to":[9.25,13.5,9.75],"faces":{"north":{"uv":[2,3,0,2],"texture":"#4"},"east":{"uv":[2,3,0,2],"texture":"#4"},"south":{"uv":[2,3,0,2],"texture":"#4"},"west":{"uv":[2,3,0,2],"texture":"#4"},"up":{"uv":[2,3,0,2],"texture":"#4"},"down":{"uv":[2,3,0,2],"texture":"#4"}}},{"from":[8,9.5,8.75],"to":[9,10.75,9.75],"faces":{"north":{"uv":[2,3,4,4],"texture":"#0"},"east":{"uv":[2,3,4,4],"texture":"#0"},"south":{"uv":[2,3,4,4],"texture":"#0"},"west":{"uv":[2,3,4,4],"texture":"#0"},"up":{"uv":[2,3,4,4],"texture":"#0"},"down":{"uv":[2,3,4,4],"texture":"#0"}}},{"from":[8.25,12.5,8.75],"to":[8.75,13,9],"faces":{"north":{"uv":[2,0,4,1],"texture":"#3"},"east":{"uv":[2,0,4,1],"texture":"#3"},"south":{"uv":[2,0,4,1],"texture":"#3"},"west":{"uv":[2,0,4,1],"texture":"#3"},"up":{"uv":[2,0,4,1],"texture":"#3"},"down":{"uv":[2,0,4,1],"texture":"#3"}}}],"gui_light":"front","display":{"thirdperson_righthand":{"rotation":[0,180,0],"translation":[0.5,2.75,2],"scale":[1,0.98,1]},"thirdperson_lefthand":{"rotation":[0,-180,0],"translation":[-0.5,3.5,2.5]},"firstperson_righthand":{"rotation":[0,91,0],"translation":[2.25,4.75,0]},"firstperson_lefthand":{"rotation":[0,91,0],"translation":[2,3,0]},"ground":{"translation":[-1.5,4,-2]},"gui":{"rotation":[0,180,-25],"translation":[-0.5,1.5,0],"scale":[1.11,1.15,1.13]},"head":{"rotation":[-71,0,0],"translation":[-0.5,-29.25,5.5]},"fixed":{"rotation":[-91,0,0],"translation":[-1,-3,-18.75],"scale":[2.61,2.61,2.61]}}}