{"credit":"Made with Blockbench","textures":{"1":"politmine/item/brewery/white_chocolate/upakovkabelogoshokoladobrez","2":"politmine/item/brewery/white_chocolate/shokoladbeliy","4":"politmine/item/brewery/white_chocolate/folgashokoladbeliy","particle":"politmine/item/brewery/white_chocolate/shokoladbeliy"},"elements":[{"from":[10.9,0.4,5.5],"to":[12,0.6,6.25],"faces":{"north":{"uv":[6,1,7.125,1.25],"texture":"#2"},"east":{"uv":[8,5,8.75,5.25],"texture":"#2"},"south":{"uv":[2,6,3.125,6.25],"texture":"#2"},"west":{"uv":[6,8,6.75,8.25],"texture":"#2"},"up":{"uv":[1.125,0.75,0,0],"texture":"#2"},"down":{"uv":[1.125,1,0,1.75],"texture":"#2"}}},{"from":[10.9,0.4,6.6],"to":[12,0.6,7.35],"faces":{"north":{"uv":[6,2,7.125,2.25],"texture":"#2"},"east":{"uv":[1,10,1.75,10.25],"texture":"#2"},"south":{"uv":[6,3,7.125,3.25],"texture":"#2"},"west":{"uv":[10,1,10.75,1.25],"texture":"#2"},"up":{"uv":[1.125,2.75,0,2],"texture":"#2"},"down":{"uv":[3.125,0,2,0.75],"texture":"#2"}}},{"from":[10.9,0.4,7.6],"to":[12,0.6,8.35],"faces":{"north":{"uv":[4,6,5.125,6.25],"texture":"#2"},"east":{"uv":[2,10,2.75,10.25],"texture":"#2"},"south":{"uv":[6,4,7.125,4.25],"texture":"#2"},"west":{"uv":[10,2,10.75,2.25],"texture":"#2"},"up":{"uv":[3.125,1.75,2,1],"texture":"#2"},"down":{"uv":[3.125,2,2,2.75],"texture":"#2"}}},{"from":[10.9,0.4,8.7],"to":[12,0.6,9.45],"faces":{"north":{"uv":[6,5,7.125,5.25],"texture":"#2"},"east":{"uv":[3,10,3.75,10.25],"texture":"#2"},"south":{"uv":[6,6,7.125,6.25],"texture":"#2"},"west":{"uv":[10,3,10.75,3.25],"texture":"#2"},"up":{"uv":[1.125,3.75,0,3],"texture":"#2"},"down":{"uv":[3.125,3,2,3.75],"texture":"#2"}}},{"from":[10.9,0.4,9.7],"to":[12,0.6,10.45],"faces":{"north":{"uv":[0,7,1.125,7.25],"texture":"#2"},"east":{"uv":[4,10,4.75,10.25],"texture":"#2"},"south":{"uv":[2,7,3.125,7.25],"texture":"#2"},"west":{"uv":[10,4,10.75,4.25],"texture":"#2"},"up":{"uv":[1.125,4.75,0,4],"texture":"#2"},"down":{"uv":[5.125,0,4,0.75],"texture":"#2"}}},{"from":[12.3,0.4,5.5],"to":[13.4,0.6,6.25],"faces":{"north":{"uv":[4,7,5.125,7.25],"texture":"#2"},"east":{"uv":[5,10,5.75,10.25],"texture":"#2"},"south":{"uv":[6,7,7.125,7.25],"texture":"#2"},"west":{"uv":[10,5,10.75,5.25],"texture":"#2"},"up":{"uv":[5.125,1.75,4,1],"texture":"#2"},"down":{"uv":[3.125,4,2,4.75],"texture":"#2"}}},{"from":[12.3,0.4,6.6],"to":[13.4,0.6,7.35],"faces":{"north":{"uv":[0,8,1.125,8.25],"texture":"#2"},"east":{"uv":[6,10,6.75,10.25],"texture":"#2"},"south":{"uv":[8,0,9.125,0.25],"texture":"#2"},"west":{"uv":[10,6,10.75,6.25],"texture":"#2"},"up":{"uv":[5.125,2.75,4,2],"texture":"#2"},"down":{"uv":[5.125,3,4,3.75],"texture":"#2"}}},{"from":[12.3,0.4,7.6],"to":[13.4,0.6,8.35],"faces":{"north":{"uv":[8,1,9.125,1.25],"texture":"#2"},"east":{"uv":[7,10,7.75,10.25],"texture":"#2"},"south":{"uv":[2,8,3.125,8.25],"texture":"#2"},"west":{"uv":[10,7,10.75,7.25],"texture":"#2"},"up":{"uv":[5.125,4.75,4,4],"texture":"#2"},"down":{"uv":[1.125,5,0,5.75],"texture":"#2"}}},{"from":[12.3,0.4,8.7],"to":[13.4,0.6,9.45],"faces":{"north":{"uv":[8,2,9.125,2.25],"texture":"#2"},"east":{"uv":[8,10,8.75,10.25],"texture":"#2"},"south":{"uv":[8,3,9.125,3.25],"texture":"#2"},"west":{"uv":[10,8,10.75,8.25],"texture":"#2"},"up":{"uv":[3.125,5.75,2,5],"texture":"#2"},"down":{"uv":[5.125,5,4,5.75],"texture":"#2"}}},{"from":[12.3,0.4,9.7],"to":[13.4,0.6,10.45],"faces":{"north":{"uv":[4,8,5.125,8.25],"texture":"#2"},"east":{"uv":[9,10,9.75,10.25],"texture":"#2"},"south":{"uv":[8,4,9.125,4.25],"texture":"#2"},"west":{"uv":[10,9,10.75,9.25],"texture":"#2"},"up":{"uv":[1.125,6.75,0,6],"texture":"#2"},"down":{"uv":[7.125,0,6,0.75],"texture":"#2"}}},{"from":[10.4,-0.1,5.2],"to":[10.8,0.6,10.8],"faces":{"north":{"uv":[4.4125,1.3125,5.6875,2.0125],"texture":"#4"},"east":{"uv":[2.4,1.6875,3.4375,4.5125],"texture":"#4"},"south":{"uv":[4.7875,1.4375,5.1875,2.1375],"texture":"#4"},"west":{"uv":[0,0,5.6,0.7],"texture":"#4"},"up":{"uv":[4.85,1.3125,5.3125,4.6],"texture":"#4"},"down":{"uv":[2.7875,1.3125,3.25,4.975],"texture":"#4"}}},{"from":[2.5,0,5.3],"to":[13.5,0.5,10.7],"rotation":{"angle":0,"axis":"y","origin":[8,0,8]},"faces":{"north":{"uv":[0,8,8,8.375],"texture":"#1"},"east":{"uv":[8,1,12,1.375],"texture":"#1"},"south":{"uv":[8,0,16,0.375],"texture":"#1"},"west":{"uv":[8,0.5,12,0.875],"texture":"#1"},"up":{"uv":[4,8,0,0],"rotation":270,"texture":"#1"},"down":{"uv":[8,0,4,8],"rotation":90,"texture":"#1"}}}],"display":{"thirdperson_righthand":{"rotation":[0,0,90],"translation":[-4.5,-0.5,2],"scale":[0.58,0.58,0.58]},"thirdperson_lefthand":{"rotation":[0,0,90],"translation":[-4.5,-0.5,2],"scale":[0.58,0.58,0.58]},"firstperson_righthand":{"rotation":[0,40,90],"translation":[-4.5,4,5.25],"scale":[1.28,1.28,1.28]},"firstperson_lefthand":{"rotation":[0,40,90],"translation":[-4.5,4,5.25],"scale":[1.28,1.28,1.28]},"ground":{"rotation":[0,0,27],"translation":[0,4.5,0],"scale":[0.74,0.74,0.74]},"gui":{"rotation":[65.39,50.35,25.03],"translation":[-2.25,0.75,0],"scale":[1.24,1.24,1.24]},"head":{"translation":[0,14.25,0]},"fixed":{"rotation":[-90,0,0],"translation":[0,0,-9.5],"scale":[1.17,1.17,1.17]}},"groups":[{"name":"group","origin":[0,0,0],"color":0,"children":[0,1,2,3,4,5,6,7,8,9]},10,11]}