{
    "providers": [
        {
            "file": "ttp/font/gui/main.png",
            "chars": [
                ""
            ],
            "height": 256,
            "ascent": 22,
            "type": "bitmap"
        },
        {
            "file": "ttp/font/gui/weekly.png",
            "chars": [
                ""
            ],
            "height": 256,
            "ascent": 22,
            "type": "bitmap"
        },
        {
            "file": "ttp/font/gui/weekly_quests.png",
            "chars": [
                ""
            ],
            "height": 256,
            "ascent": 22,
            "type": "bitmap"
        },
        {
            "file": "ttp/font/gui/progress.png",
            "chars": [
                ""
            ],
            "height": 256,
            "ascent": 22,
            "type": "bitmap"
        },
        {
            "file": "ttp/font/gui/daily.png",
            "chars": [
                ""
            ],
            "height": 256,
            "ascent": 22,
            "type": "bitmap"
        },
        {
            "type": "bitmap",
            "file": "ttp/font/utils/logo.png",
            "ascent": 5,
            "height": 35,
            "chars": [
                "Ȏ"
            ]
        },
        {
            "type": "bitmap",
            "file": "ttp/font/utils/logo.png",
            "ascent": 20,
            "height": 25,
            "chars": [
                "ཐ"
            ]
        },
        {
            "file": "ttp/font/gui/wars.png",
            "chars": [
                ""
            ],
            "ascent": 19,
            "height": 121,
            "type": "bitmap"
        },
        {
            "file": "ttp/font/gui/upgrades.png",
            "chars": [
                ""
            ],
            "ascent": 19,
            "height": 139,
            "type": "bitmap"
        },
        {
            "file": "ttp/font/gui/teleport.png",
            "chars": [
                ""
            ],
            "ascent": 19,
            "height": 139,
            "type": "bitmap"
        },
        {
            "file": "ttp/font/gui/storage.png",
            "chars": [
                ""
            ],
            "ascent": 19,
            "height": 67,
            "type": "bitmap"
        },
        {
            "file": "ttp/font/gui/seller.png",
            "chars": [
                ""
            ],
            "ascent": 19,
            "height": 68,
            "type": "bitmap"
        },
        {
            "file": "ttp/font/gui/religions.png",
            "chars": [
                ""
            ],
            "ascent": 19,
            "height": 139,
            "type": "bitmap"
        },
        {
            "file": "ttp/font/gui/quest_reward.png",
            "chars": [
                ""
            ],
            "ascent": 19,
            "height": 121,
            "type": "bitmap"
        },
        {
            "file": "ttp/font/gui/quest_change.png",
            "chars": [
                ""
            ],
            "ascent": 19,
            "height": 121,
            "type": "bitmap"
        },
        {
            "file": "ttp/font/gui/menu.png",
            "chars": [
                ""
            ],
            "ascent": 19,
            "height": 121,
            "type": "bitmap"
        },
        {
            "file": "ttp/font/gui/city.png",
            "chars": [
                ""
            ],
            "ascent": 19,
            "height": 103,
            "type": "bitmap"
        },
        {
            "file": "ttp/font/gui/doplata.png",
            "chars": [
                ""
            ],
            "ascent": 19,
            "height": 50,
            "type": "bitmap"
        },
        {
            "file": "ttp/font/gui/bank.png",
            "chars": [
                ""
            ],
            "ascent": 19,
            "height": 104,
            "type": "bitmap"
        },
        {
            "file": "ttp/font/gui/settings.png",
            "chars": [
                ""
            ],
            "ascent": 19,
            "height": 139,
            "type": "bitmap"
        },
        {
            "file": "ttp/font/utils/black.png",
            "chars": [
                ""
            ],
            "height": -10,
            "ascent": -5000,
            "type": "bitmap"
        },
        {
            "type": "bitmap",
            "file": "ttp/font/auto/msa1.png",
            "height": 42,
            "ascent": -2,
            "chars": [
                ""
            ]
        },
        {
            "type": "bitmap",
            "file": "ttp/font/auto/msa2.png",
            "height": 42,
            "ascent": -2,
            "chars": [
                ""
            ]
        },
        {
            "type": "bitmap",
            "file": "ttp/font/auto/msa3.png",
            "height": 42,
            "ascent": -2,
            "chars": [
                ""
            ]
        },
        {
            "type": "bitmap",
            "file": "ttp/font/auto/msa4.png",
            "height": 42,
            "ascent": -2,
            "chars": [
                ""
            ]
        },
        {
            "type": "bitmap",
            "file": "ttp/font/auto/msa5.png",
            "height": 42,
            "ascent": -2,
            "chars": [
                ""
            ]
        },
        {
            "type": "bitmap",
            "file": "ttp/font/auto/msa6.png",
            "height": 42,
            "ascent": -2,
            "chars": [
                ""
            ]
        },
        {
            "type": "bitmap",
            "file": "ttp/font/auto/msa7.png",
            "height": 42,
            "ascent": -2,
            "chars": [
                ""
            ]
        },
        {
            "type": "bitmap",
            "file": "ttp/font/auto/msa8.png",
            "height": 42,
            "ascent": -2,
            "chars": [
                ""
            ]
        },
        {
            "type": "bitmap",
            "file": "ttp/font/auto/msa9.png",
            "height": 42,
            "ascent": -2,
            "chars": [
                ""
            ]
        },
        {
            "type": "bitmap",
            "file": "ttp/font/auto/msa10.png",
            "height": 42,
            "ascent": -2,
            "chars": [
                ""
            ]
        },
        {
            "type": "bitmap",
            "file": "ttp/font/auto/msa11.png",
            "height": 42,
            "ascent": -2,
            "chars": [
                ""
            ]
        },
        {
            "type": "bitmap",
            "file": "ttp/font/auto/msa12.png",
            "height": 42,
            "ascent": -2,
            "chars": [
                ""
            ]
        },
        {
            "type": "bitmap",
            "file": "ttp/font/auto/msa13.png",
            "height": 42,
            "ascent": -2,
            "chars": [
                ""
            ]
        },
        {
            "type": "bitmap",
            "file": "ttp/font/auto/msa14.png",
            "height": 42,
            "ascent": -2,
            "chars": [
                ""
            ]
        },
        {
            "type": "bitmap",
            "file": "ttp/font/auto/msa15.png",
            "height": 42,
            "ascent": -2,
            "chars": [
                ""
            ]
        },
        {
            "type": "bitmap",
            "file": "ttp/font/auto/msa16.png",
            "height": 42,
            "ascent": -2,
            "chars": [
                ""
            ]
        },
        {
            "type": "bitmap",
            "file": "ttp/font/auto/msa17.png",
            "height": 42,
            "ascent": -2,
            "chars": [
                ""
            ]
        },
        {
            "type": "bitmap",
            "file": "ttp/font/auto/msa18.png",
            "height": 42,
            "ascent": -2,
            "chars": [
                ""
            ]
        },
        {
            "type": "bitmap",
            "file": "ttp/font/auto/msa19.png",
            "height": 42,
            "ascent": -2,
            "chars": [
                ""
            ]
        },
        {
            "type": "bitmap",
            "file": "ttp/font/auto/map.png",
            "height": 42,
            "ascent": -2,
            "chars": [
                ""
            ]
        },
        {
            "type": "bitmap",
            "file": "ttp/font/auto/mer.png",
            "height": 42,
            "ascent": -2,
            "chars": [
                ""
            ]
        },
        {
            "type": "bitmap",
            "file": "ttp/font/auto/work.png",
            "height": 42,
            "ascent": -2,
            "chars": [
                ""
            ]
        },
        {
            "type": "bitmap",
            "file": "ttp/font/auto/nalog.png",
            "height": 42,
            "ascent": -2,
            "chars": [
                ""
            ]
        },
        {
            "type": "bitmap",
            "file": "ttp/font/auto/build.png",
            "height": 42,
            "ascent": -2,
            "chars": [
                ""
            ]
        },
        {
            "file": "ttp/font/icons/microphone.png",
            "chars": [
                "",
                ""
            ],
            "height": 7,
            "ascent": 7,
            "type": "bitmap"
        },
        {
            "type": "bitmap",
            "file": "ttp/font/icons/house.png",
            "height": 8,
            "ascent": 8,
            "chars": [
                ""
            ]
        },
        {
            "type": "bitmap",
            "file": "ttp/font/icons/flats.png",
            "height": 8,
            "ascent": 8,
            "chars": [
                ""
            ]
        },
        {
            "type": "bitmap",
            "file": "ttp/font/icons/gosbuild.png",
            "height": 8,
            "ascent": 8,
            "chars": [
                ""
            ]
        },
        {
            "type": "bitmap",
            "file": "ttp/font/icons/fracbuild.png",
            "height": 8,
            "ascent": 8,
            "chars": [
                ""
            ]
        },
        {
            "type": "bitmap",
            "file": "ttp/font/icons/funny.png",
            "height": 8,
            "ascent": 8,
            "chars": [
                ""
            ]
        },
        {
            "type": "bitmap",
            "file": "ttp/font/icons/jobs.png",
            "height": 8,
            "ascent": 8,
            "chars": [
                ""
            ]
        },
        {
            "type": "bitmap",
            "file": "ttp/font/icons/shops.png",
            "height": 8,
            "ascent": 8,
            "chars": [
                ""
            ]
        },
        {
            "type": "bitmap",
            "file": "ttp/font/icons/message_icon.png",
            "height": 8,
            "ascent": 8,
            "chars": [
                ""
            ]
        },
        {
            "type": "bitmap",
            "file": "ttp/font/icons/error_green.png",
            "height": 8,
            "ascent": 8,
            "chars": [
                ""
            ]
        },
        {
            "type": "bitmap",
            "file": "ttp/font/icons/error_red.png",
            "height": 8,
            "ascent": 8,
            "chars": [
                ""
            ]
        },
        {
            "type": "bitmap",
            "file": "ttp/font/icons/error_yellow.png",
            "height": 8,
            "ascent": 8,
            "chars": [
                ""
            ]
        },
        {
            "type": "bitmap",
            "file": "ttp/font/icons/error_blue.png",
            "height": 8,
            "ascent": 8,
            "chars": [
                ""
            ]
        },
        {
            "type": "bitmap",
            "file": "ttp/font/icons/coin.png",
            "height": 8,
            "ascent": 8,
            "chars": [
                ""
            ]
        },
        {
            "type": "bitmap",
            "file": "ttp/font/icons/earth.png",
            "height": 8,
            "ascent": 8,
            "chars": [
                ""
            ]
        },
        {
            "type": "bitmap",
            "file": "ttp/font/icons/members.png",
            "height": 9,
            "ascent": 8,
            "chars": [
                ""
            ]
        },
        {
            "type": "bitmap",
            "file": "ttp/font/icons/star.png",
            "height": 8,
            "ascent": 8,
            "chars": [
                ""
            ]
        },
        {
            "type": "bitmap",
            "file": "ttp/font/icons/lock.png",
            "height": 8,
            "ascent": 8,
            "chars": [
                ""
            ]
        },
        {
            "type": "bitmap",
            "file": "ttp/font/icons/heart_half.png",
            "height": 9,
            "ascent": 7,
            "chars": [
                ""
            ]
        },
        {
            "type": "bitmap",
            "file": "ttp/font/icons/heart_full.png",
            "height": 9,
            "ascent": 7,
            "chars": [
                ""
            ]
        },
        {
            "type": "bitmap",
            "file": "ttp/font/icons/exp_icon.png",
            "height": 8,
            "ascent": 8,
            "chars": [
                ""
            ]
        },
        {
            "type": "bitmap",
            "file": "ttp/font/icons/education.png",
            "height": 10,
            "ascent": 8,
            "chars": [
                ""
            ]
        },
        {
            "file": "ttp/font/ranks/admin/dev.png",
            "chars": [
                "༠"
            ],
            "height": 7,
            "ascent": 7,
            "type": "bitmap"
        },
        {
            "file": "ttp/font/ranks/admin/sup.png",
            "chars": [
                "兄"
            ],
            "height": 7,
            "ascent": 7,
            "type": "bitmap"
        },
        {
            "file": "ttp/font/ranks/admin/srhelper.png",
            "chars": [
                "딕"
            ],
            "height": 7,
            "ascent": 7,
            "type": "bitmap"
        },
        {
            "file": "ttp/font/ranks/admin/glbuilder.png",
            "chars": [
                "팬"
            ],
            "height": 7,
            "ascent": 7,
            "type": "bitmap"
        },
        {
            "file": "ttp/font/ranks/admin/staff.png",
            "chars": [
                "༡"
            ],
            "height": 7,
            "ascent": 7,
            "type": "bitmap"
        },
        {
            "file": "ttp/font/ranks/admin/stmod.png",
            "chars": [
                "Ĩ"
            ],
            "height": 7,
            "ascent": 7,
            "type": "bitmap"
        },
        {
            "file": "ttp/font/ranks/admin/mod.png",
            "chars": [
                "༢"
            ],
            "height": 7,
            "ascent": 7,
            "type": "bitmap"
        },
        {
            "file": "ttp/font/ranks/admin/help.png",
            "chars": [
                "༣"
            ],
            "height": 7,
            "ascent": 7,
            "type": "bitmap"
        },
		{
            "file": "ttp/font/ranks/admin/gamedisign.png",
            "chars": [
                "무"
            ],
            "height": 7,
            "ascent": 7,
            "type": "bitmap"
        },
        {
            "file": "ttp/font/ranks/admin/junior.png",
            "chars": [
                "ĩ"
            ],
            "height": 7,
            "ascent": 7,
            "type": "bitmap"
        },
        {
            "file": "ttp/font/ranks/admin/build.png",
            "chars": [
                "༤"
            ],
            "height": 7,
            "ascent": 7,
            "type": "bitmap"
        },
        {
            "file": "ttp/font/ranks/yt.png",
            "chars": [
                "༥"
            ],
            "height": 7,
            "ascent": 7,
            "type": "bitmap"
        },
        {
            "file": "ttp/font/ranks/player.png",
            "chars": [
                ""
            ],
            "height": 7,
            "ascent": 7,
            "type": "bitmap"
        },
        {
            "file": "ttp/font/ranks/ord1.png",
            "chars": [
                ""
            ],
            "height": 9,
            "ascent": 8,
            "type": "bitmap"
        },
        {
            "file": "ttp/font/ranks/ord2.png",
            "chars": [
                ""
            ],
            "height": 9,
            "ascent": 8,
            "type": "bitmap"
        },
        {
            "file": "ttp/font/ranks/ord3.png",
            "chars": [
                ""
            ],
            "height": 9,
            "ascent": 8,
            "type": "bitmap"
        },
        {
            "file": "ttp/font/ranks/ord4.png",
            "chars": [
                ""
            ],
            "height": 9,
            "ascent": 8,
            "type": "bitmap"
        },
        {
            "file": "ttp/font/ranks/ord5.png",
            "chars": [
                ""
            ],
            "height": 9,
            "ascent": 8,
            "type": "bitmap"
        },
        {
            "file": "ttp/font/ranks/ord6.png",
            "chars": [
                ""
            ],
            "height": 9,
            "ascent": 8,
            "type": "bitmap"
        },
        {
            "file": "ttp/font/ranks/ord7.png",
            "chars": [
                ""
            ],
            "height": 9,
            "ascent": 8,
            "type": "bitmap"
        },
        {
            "file": "ttp/font/ranks/ord8.png",
            "chars": [
                ""
            ],
            "height": 9,
            "ascent": 8,
            "type": "bitmap"
        },
        {
            "file": "ttp/font/icons/rubin.png",
            "chars": [
                ""
            ],
            "height": 7,
            "ascent": 7,
            "type": "bitmap"
        },
        {
            "file": "ttp/font/icons/money.png",
            "chars": [
                ""
            ],
            "height": 7,
            "ascent": 7,
            "type": "bitmap"
        },
        {
            "file": "ttp/font/ranks/rank/don1.png",
            "chars": [
                ""
            ],
            "height": 7,
            "ascent": 7,
            "type": "bitmap"
        },
        {
            "file": "ttp/font/ranks/rank/don2.png",
            "chars": [
                ""
            ],
            "height": 7,
            "ascent": 7,
            "type": "bitmap"
        },
        {
            "file": "ttp/font/ranks/rank/don3.png",
            "chars": [
                ""
            ],
            "height": 7,
            "ascent": 7,
            "type": "bitmap"
        },
        {
            "file": "ttp/font/ranks/rank/don4.png",
            "chars": [
                ""
            ],
            "height": 7,
            "ascent": 7,
            "type": "bitmap"
        },
        {
            "file": "ttp/font/ranks/rank/don5.png",
            "chars": [
                ""
            ],
            "height": 7,
            "ascent": 7,
            "type": "bitmap"
        },
        {
            "file": "ttp/font/ranks/rank/don6.png",
            "chars": [
                ""
            ],
            "height": 7,
            "ascent": 7,
            "type": "bitmap"
        },
        {
            "file": "ttp/font/ranks/rank/don7.png",
            "chars": [
                ""
            ],
            "height": 7,
            "ascent": 7,
            "type": "bitmap"
        }
,
        {
            "file": "politmine/font/utils/black.png",
            "chars": [
                ""
            ],
            "height": 1,
            "ascent": -5000,
            "type": "bitmap"
        },
        {
            "file": "politmine/font/utils/black.png",
            "chars": [
                ""
            ],
            "height": 2,
            "ascent": -5000,
            "type": "bitmap"
        },
        {
            "file": "politmine/font/utils/black.png",
            "chars": [
                ""
            ],
            "height": 3,
            "ascent": -5000,
            "type": "bitmap"
        },
        {
            "file": "politmine/font/utils/black.png",
            "chars": [
                ""
            ],
            "height": 4,
            "ascent": -5000,
            "type": "bitmap"
        },
        {
            "file": "politmine/font/utils/black.png",
            "chars": [
                ""
            ],
            "height": 5,
            "ascent": -5000,
            "type": "bitmap"
        },
        {
            "file": "politmine/font/utils/black.png",
            "chars": [
                ""
            ],
            "height": 6,
            "ascent": -5000,
            "type": "bitmap"
        },
        {
            "file": "politmine/font/utils/black.png",
            "chars": [
                ""
            ],
            "height": 7,
            "ascent": -5000,
            "type": "bitmap"
        },
        {
            "file": "politmine/font/utils/black.png",
            "chars": [
                ""
            ],
            "height": 15,
            "ascent": -5000,
            "type": "bitmap"
        },
        {
            "file": "politmine/font/utils/black.png",
            "chars": [
                ""
            ],
            "height": 31,
            "ascent": -5000,
            "type": "bitmap"
        },
        {
            "file": "politmine/font/utils/black.png",
            "chars": [
                ""
            ],
            "height": 63,
            "ascent": -5000,
            "type": "bitmap"
        },
        {
            "file": "politmine/font/utils/black.png",
            "chars": [
                ""
            ],
            "height": 127,
            "ascent": -5000,
            "type": "bitmap"
        },
        {
            "file": "politmine/font/utils/black.png",
            "chars": [
                ""
            ],
            "height": 256,
            "ascent": -5000,
            "type": "bitmap"
        },
        {
            "file": "politmine/font/utils/black.png",
            "chars": [
                ""
            ],
            "height": 512,
            "ascent": -5000,
            "type": "bitmap"
        },
        {
            "file": "politmine/font/utils/black.png",
            "chars": [
                ""
            ],
            "height": 1024,
            "ascent": -5000,
            "type": "bitmap"
        },
        {
            "file": "politmine/font/utils/black.png",
            "chars": [
                ""
            ],
            "height": -3,
            "ascent": -5000,
            "type": "bitmap"
        },
        {
            "file": "politmine/font/utils/black.png",
            "chars": [
                ""
            ],
            "height": -4,
            "ascent": -5000,
            "type": "bitmap"
        },
        {
            "file": "politmine/font/utils/black.png",
            "chars": [
                ""
            ],
            "height": -5,
            "ascent": -5000,
            "type": "bitmap"
        },
        {
            "file": "politmine/font/utils/black.png",
            "chars": [
                ""
            ],
            "height": -6,
            "ascent": -5000,
            "type": "bitmap"
        },
        {
            "file": "politmine/font/utils/black.png",
            "chars": [
                ""
            ],
            "height": -7,
            "ascent": -5000,
            "type": "bitmap"
        },
        {
            "file": "politmine/font/utils/black.png",
            "chars": [
                ""
            ],
            "height": -8,
            "ascent": -5000,
            "type": "bitmap"
        },
        {
            "file": "politmine/font/utils/black.png",
            "chars": [
                ""
            ],
            "height": -9,
            "ascent": -5000,
            "type": "bitmap"
        },
        {
            "file": "politmine/font/utils/black.png",
            "chars": [
                ""
            ],
            "height": -18,
            "ascent": -5000,
            "type": "bitmap"
        },
        {
            "file": "politmine/font/utils/black.png",
            "chars": [
                ""
            ],
            "height": -34,
            "ascent": -5000,
            "type": "bitmap"
        },
        {
            "file": "politmine/font/utils/black.png",
            "chars": [
                ""
            ],
            "height": -66,
            "ascent": -5000,
            "type": "bitmap"
        },
        {
            "file": "politmine/font/utils/black.png",
            "chars": [
                ""
            ],
            "height": -130,
            "ascent": -5000,
            "type": "bitmap"
        },
        {
            "file": "politmine/font/utils/black.png",
            "chars": [
                ""
            ],
            "height": -259,
            "ascent": -5000,
            "type": "bitmap"
        },
        {
            "file": "politmine/font/utils/black.png",
            "chars": [
                ""
            ],
            "height": -515,
            "ascent": -5000,
            "type": "bitmap"
        },
        {
            "file": "politmine/font/utils/black.png",
            "chars": [
                ""
            ],
            "height": -1027,
            "ascent": -5000,
            "type": "bitmap"
        },
        {
            "file": "politmine/font/utils/black.png",
            "chars": [
                ""
            ],
            "height": -10,
            "ascent": -5000,
            "type": "bitmap"
        },
        {
            "file": "politmine/font/gui/quests/quests_main.png",
            "chars": [
                ""
            ],
            "height": 256,
            "ascent": 19,
            "type": "bitmap"
        },
        {
            "file": "politmine/font/gui/quests/quests_farmer.png",
            "chars": [
                ""
            ],
            "height": 256,
            "ascent": 19,
            "type": "bitmap"
        },
        {
            "file": "politmine/font/gui/quests/quests_miner.png",
            "chars": [
                ""
            ],
            "height": 256,
            "ascent": 19,
            "type": "bitmap"
        },
        {
            "file": "politmine/font/gui/quests/quests_lesorub.png",
            "chars": [
                ""
            ],
            "height": 256,
            "ascent": 19,
            "type": "bitmap"
        },
        {
            "file": "politmine/font/gui/quests/quests_explorer.png",
            "chars": [
                ""
            ],
            "height": 256,
            "ascent": 19,
            "type": "bitmap"
        },
        {
            "file": "politmine/font/gui/quests/quests_murder.png",
            "chars": [
                ""
            ],
            "height": 256,
            "ascent": 19,
            "type": "bitmap"
        },
        {
            "file": "politmine/font/gui/quests/quests_fisherman.png",
            "chars": [
                ""
            ],
            "height": 256,
            "ascent": 19,
            "type": "bitmap"
        },
        {
            "type": "bitmap",
            "file": "politmine/font/gui/trade.png",
            "ascent": 22,
            "height": 136,
            "chars": [
                ""
            ]
        },
        {
            "file": "politmine/font/gui/forms.png",
            "chars": [
                ""
            ],
            "height": 256,
            "ascent": 19,
            "type": "bitmap"
        },
        {
            "file": "politmine/font/gui/helpmenu.png",
            "chars": [
                ""
            ],
            "height": 256,
            "ascent": 19,
            "type": "bitmap"
        },
        {
            "file": "politmine/font/gui/skills.png",
            "chars": [
                ""
            ],
            "height": 256,
            "ascent": 19,
            "type": "bitmap"
        },
        {
            "file": "politmine/font/gui/nationality.png",
            "chars": [
                ""
            ],
            "height": 256,
            "ascent": 19,
            "type": "bitmap"
        },
        {
            "file": "politmine/font/gui/stock.png",
            "chars": [
                ""
            ],
            "height": 256,
            "ascent": 19,
            "type": "bitmap"
        },
        {
            "file": "politmine/font/gui/invbuilds.png",
            "chars": [
                ""
            ],
            "height": 256,
            "ascent": 19,
            "type": "bitmap"
        },
        {
            "file": "politmine/font/gui/tbuilds.png",
            "chars": [
                ""
            ],
            "height": 256,
            "ascent": 19,
            "type": "bitmap"
        },
        {
            "file": "politmine/font/gui/religion.png",
            "chars": [
                ""
            ],
            "height": 256,
            "ascent": 19,
            "type": "bitmap"
        },
        {
            "file": "politmine/font/gui/menutownsmain.png",
            "chars": [
                ""
            ],
            "height": 256,
            "ascent": 19,
            "type": "bitmap"
        },
        {
            "file": "politmine/font/gui/wars.png",
            "chars": [
                ""
            ],
            "height": 256,
            "ascent": 19,
            "type": "bitmap"
        },
        {
            "file": "politmine/font/announcements/annouce_poleznaya_infa.png",
            "chars": [
                ""
            ],
            "height": 50,
            "ascent": 0,
            "type": "bitmap"
        },
        {
            "file": "politmine/font/announcements/annouce_vaznaya_infa.png",
            "chars": [
                ""
            ],
            "height": 50,
            "ascent": 0,
            "type": "bitmap"
        },
        {
            "file": "politmine/font/announcements/annouce_donate.png",
            "chars": [
                ""
            ],
            "height": 50,
            "ascent": 0,
            "type": "bitmap"
        },
        {
            "file": "politmine/font/announcements/annouce_emoji.png",
            "chars": [
                ""
            ],
            "height": 50,
            "ascent": 0,
            "type": "bitmap"
        },
        {
            "file": "politmine/font/announcements/annouce_help.png",
            "chars": [
                ""
            ],
            "height": 50,
            "ascent": 0,
            "type": "bitmap"
        },
        {
            "file": "politmine/font/announcements/annouce_jobs.png",
            "chars": [
                ""
            ],
            "height": 50,
            "ascent": 0,
            "type": "bitmap"
        },
        {
            "file": "politmine/font/announcements/annouce_religii.png",
            "chars": [
                ""
            ],
            "height": 50,
            "ascent": 0,
            "type": "bitmap"
        },
        {
            "file": "politmine/font/announcements/annouce_resourspak.png",
            "chars": [
                ""
            ],
            "height": 50,
            "ascent": 0,
            "type": "bitmap"
        },
        {
            "file": "politmine/font/announcements/annouce_tbuilds.png",
            "chars": [
                ""
            ],
            "height": 50,
            "ascent": 0,
            "type": "bitmap"
        },
        {
            "file": "politmine/font/announcements/annouce_forms.png",
            "chars": [
                ""
            ],
            "height": 50,
            "ascent": 0,
            "type": "bitmap"
        },
        {
            "file": "politmine/font/tags/ord1.png",
            "chars": [
                ""
            ],
            "height": 9,
            "ascent": 8,
            "type": "bitmap"
        },
        {
            "file": "politmine/font/tags/ord2.png",
            "chars": [
                ""
            ],
            "height": 9,
            "ascent": 8,
            "type": "bitmap"
        },
        {
            "file": "politmine/font/tags/ord3.png",
            "chars": [
                ""
            ],
            "height": 9,
            "ascent": 8,
            "type": "bitmap"
        },
        {
            "file": "politmine/font/tags/ord4.png",
            "chars": [
                ""
            ],
            "height": 9,
            "ascent": 8,
            "type": "bitmap"
        },
        {
            "file": "politmine/font/tags/ord5.png",
            "chars": [
                ""
            ],
            "height": 9,
            "ascent": 8,
            "type": "bitmap"
        },
        {
            "file": "politmine/font/tags/ord6.png",
            "chars": [
                ""
            ],
            "height": 9,
            "ascent": 8,
            "type": "bitmap"
        },
        {
            "file": "politmine/font/tags/stwarmaster.png",
            "chars": [
                ""
            ],
            "height": 9,
            "ascent": 8,
            "type": "bitmap"
        },
        {
            "file": "politmine/font/tags/mlwarmaster.png",
            "chars": [
                ""
            ],
            "height": 9,
            "ascent": 8,
            "type": "bitmap"
        },
        {
            "file": "politmine/font/tags/st_kurator.png",
            "chars": [
                ""
            ],
            "height": 9,
            "ascent": 8,
            "type": "bitmap"
        },
        {
            "file": "politmine/font/tags/warmaster.png",
            "chars": [
                ""
            ],
            "height": 9,
            "ascent": 8,
            "type": "bitmap"
        },
        {
            "file": "politmine/font/tags/gladmin.png",
            "chars": [
                ""
            ],
            "height": 9,
            "ascent": 8,
            "type": "bitmap"
        },
        {
            "file": "politmine/font/tags/own.png",
            "chars": [
                ""
            ],
            "height": 9,
            "ascent": 8,
            "type": "bitmap"
        },
        {
            "file": "politmine/font/tags/twitch_tag.png",
            "chars": [
                ""
            ],
            "height": 9,
            "ascent": 8,
            "type": "bitmap"
        },
        {
            "file": "politmine/font/tags/youtube_tag.png",
            "chars": [
                ""
            ],
            "height": 9,
            "ascent": 8,
            "type": "bitmap"
        },
        {
            "file": "politmine/font/tags/curator.png",
            "chars": [
                ""
            ],
            "height": 9,
            "ascent": 8,
            "type": "bitmap"
        },
        {
            "file": "politmine/font/tags/mlhelper.png",
            "chars": [
                ""
            ],
            "height": 9,
            "ascent": 8,
            "type": "bitmap"
        },
        {
            "file": "politmine/font/tags/dev.png",
            "chars": [
                ""
            ],
            "height": 9,
            "ascent": 8,
            "type": "bitmap"
        },
        {
            "file": "politmine/font/tags/admin.png",
            "chars": [
                ""
            ],
            "height": 9,
            "ascent": 8,
            "type": "bitmap"
        },
        {
            "file": "politmine/font/tags/moder.png",
            "chars": [
                ""
            ],
            "height": 9,
            "ascent": 8,
            "type": "bitmap"
        },
        {
            "file": "politmine/font/tags/sthelper.png",
            "chars": [
                ""
            ],
            "height": 9,
            "ascent": 8,
            "type": "bitmap"
        },
        {
            "file": "politmine/font/tags/helper.png",
            "chars": [
                ""
            ],
            "height": 9,
            "ascent": 8,
            "type": "bitmap"
        },
        {
            "file": "politmine/font/tags/sponsor.png",
            "chars": [
                ""
            ],
            "height": 9,
            "ascent": 8,
            "type": "bitmap"
        },
        {
            "file": "politmine/font/tags/afk.png",
            "chars": [
                ""
            ],
            "height": 9,
            "ascent": 8,
            "type": "bitmap"
        },
        {
            "file": "politmine/font/tags/otwelnik.png",
            "chars": [
                ""
            ],
            "height": 9,
            "ascent": 8,
            "type": "bitmap"
        },
        {
            "file": "politmine/font/tags/citizen.png",
            "chars": [
                ""
            ],
            "height": 9,
            "ascent": 8,
            "type": "bitmap"
        },
        {
            "file": "politmine/font/tags/sheriff.png",
            "chars": [
                ""
            ],
            "height": 9,
            "ascent": 8,
            "type": "bitmap"
        },
        {
            "file": "politmine/font/tags/baron.png",
            "chars": [
                ""
            ],
            "height": 9,
            "ascent": 8,
            "type": "bitmap"
        },
        {
            "file": "politmine/font/tags/vikont.png",
            "chars": [
                ""
            ],
            "height": 9,
            "ascent": 8,
            "type": "bitmap"
        },
        {
            "file": "politmine/font/tags/graf.png",
            "chars": [
                ""
            ],
            "height": 9,
            "ascent": 8,
            "type": "bitmap"
        },
        {
            "file": "politmine/font/tags/erl.png",
            "chars": [
                ""
            ],
            "height": 9,
            "ascent": 8,
            "type": "bitmap"
        },
        {
            "file": "politmine/font/tags/tsar.png",
            "chars": [
                ""
            ],
            "height": 9,
            "ascent": 8,
            "type": "bitmap"
        },
        {
            "file": "politmine/font/tags/lord.png",
            "chars": [
                ""
            ],
            "height": 9,
            "ascent": 8,
            "type": "bitmap"
        },
        {
            "file": "politmine/font/tags/leader.png",
            "chars": [
                ""
            ],
            "height": 9,
            "ascent": 8,
            "type": "bitmap"
        },
        {
            "file": "politmine/font/tags/vozhd.png",
            "chars": [
                ""
            ],
            "height": 9,
            "ascent": 8,
            "type": "bitmap"
        },
        {
            "file": "politmine/font/tags/king.png",
            "chars": [
                ""
            ],
            "height": 9,
            "ascent": 8,
            "type": "bitmap"
        },
        {
            "file": "politmine/font/tags/empreror.png",
            "chars": [
                ""
            ],
            "height": 9,
            "ascent": 8,
            "type": "bitmap"
        },
        {
            "file": "politmine/font/emoji/default/babyrage.png",
            "chars": [
                ""
            ],
            "height": 9,
            "ascent": 8,
            "type": "bitmap"
        },
        {
            "file": "politmine/font/emoji/default/hello.png",
            "chars": [
                ""
            ],
            "height": 9,
            "ascent": 8,
            "type": "bitmap"
        },
        {
            "file": "politmine/font/emoji/default/kkomrade.png",
            "chars": [
                ""
            ],
            "height": 9,
            "ascent": 8,
            "type": "bitmap"
        },
        {
            "file": "politmine/font/emoji/default/residentsleeper.png",
            "chars": [
                ""
            ],
            "height": 9,
            "ascent": 8,
            "type": "bitmap"
        },
        {
            "file": "politmine/font/emoji/default/roflanpominki.png",
            "chars": [
                ""
            ],
            "height": 9,
            "ascent": 8,
            "type": "bitmap"
        },
        {
            "file": "politmine/font/emoji/default/smile.png",
            "chars": [
                ""
            ],
            "height": 9,
            "ascent": 8,
            "type": "bitmap"
        },
        {
            "file": "politmine/font/emoji/default/smile8.png",
            "chars": [
                ""
            ],
            "height": 9,
            "ascent": 8,
            "type": "bitmap"
        },
        {
            "file": "politmine/font/emoji/default/smorc.png",
            "chars": [
                ""
            ],
            "height": 9,
            "ascent": 8,
            "type": "bitmap"
        },
        {
            "file": "politmine/font/emoji/ord/4head.png",
            "chars": [
                ""
            ],
            "height": 9,
            "ascent": 8,
            "type": "bitmap"
        },
        {
            "file": "politmine/font/emoji/ord/beluga.png",
            "chars": [
                ""
            ],
            "height": 9,
            "ascent": 8,
            "type": "bitmap"
        },
        {
            "file": "politmine/font/emoji/ord/biblethump.png",
            "chars": [
                ""
            ],
            "height": 9,
            "ascent": 8,
            "type": "bitmap"
        },
        {
            "file": "politmine/font/emoji/ord/bloodtrail.png",
            "chars": [
                ""
            ],
            "height": 9,
            "ascent": 8,
            "type": "bitmap"
        },
        {
            "file": "politmine/font/emoji/ord/coolstorybob.png",
            "chars": [
                ""
            ],
            "height": 9,
            "ascent": 8,
            "type": "bitmap"
        },
        {
            "file": "politmine/font/emoji/ord/gachigasm.png",
            "chars": [
                ""
            ],
            "height": 9,
            "ascent": 8,
            "type": "bitmap"
        },
        {
            "file": "politmine/font/emoji/ord/jebaited.png",
            "chars": [
                ""
            ],
            "height": 9,
            "ascent": 8,
            "type": "bitmap"
        },
        {
            "file": "politmine/font/emoji/ord/kappa.png",
            "chars": [
                ""
            ],
            "height": 9,
            "ascent": 8,
            "type": "bitmap"
        },
        {
            "file": "politmine/font/emoji/ord/kappapride.png",
            "chars": [
                ""
            ],
            "height": 9,
            "ascent": 8,
            "type": "bitmap"
        },
        {
            "file": "politmine/font/emoji/ord/kekw.png",
            "chars": [
                ""
            ],
            "height": 9,
            "ascent": 8,
            "type": "bitmap"
        },
        {
            "file": "politmine/font/emoji/ord/kittyblush.png",
            "chars": [
                ""
            ],
            "height": 9,
            "ascent": 8,
            "type": "bitmap"
        },
        {
            "file": "politmine/font/emoji/ord/kreygasm.png",
            "chars": [
                ""
            ],
            "height": 9,
            "ascent": 8,
            "type": "bitmap"
        },
        {
            "file": "politmine/font/emoji/ord/lul.png",
            "chars": [
                ""
            ],
            "height": 9,
            "ascent": 8,
            "type": "bitmap"
        },
        {
            "file": "politmine/font/emoji/ord/mmm.png",
            "chars": [
                ""
            ],
            "height": 9,
            "ascent": 8,
            "type": "bitmap"
        },
        {
            "file": "politmine/font/emoji/ord/notlikethis.png",
            "chars": [
                ""
            ],
            "height": 9,
            "ascent": 8,
            "type": "bitmap"
        },
        {
            "file": "politmine/font/emoji/ord/scemmer.png",
            "chars": [
                ""
            ],
            "height": 9,
            "ascent": 8,
            "type": "bitmap"
        },
        {
            "file": "politmine/font/emoji/ord/tehepelo.png",
            "chars": [
                ""
            ],
            "height": 9,
            "ascent": 8,
            "type": "bitmap"
        },
        {
            "file": "politmine/font/emoji/ord/think.png",
            "chars": [
                ""
            ],
            "height": 9,
            "ascent": 8,
            "type": "bitmap"
        },
        {
            "file": "politmine/font/emoji/pepe/monkas.png",
            "chars": [
                ""
            ],
            "height": 9,
            "ascent": 8,
            "type": "bitmap"
        },
        {
            "file": "politmine/font/emoji/pepe/monkaw.png",
            "chars": [
                ""
            ],
            "height": 9,
            "ascent": 8,
            "type": "bitmap"
        },
        {
            "file": "politmine/font/emoji/pepe/pepeban.png",
            "chars": [
                ""
            ],
            "height": 9,
            "ascent": 8,
            "type": "bitmap"
        },
        {
            "file": "politmine/font/emoji/pepe/pepebased.png",
            "chars": [
                ""
            ],
            "height": 9,
            "ascent": 8,
            "type": "bitmap"
        },
        {
            "file": "politmine/font/emoji/pepe/pepebooba.png",
            "chars": [
                ""
            ],
            "height": 9,
            "ascent": 8,
            "type": "bitmap"
        },
        {
            "file": "politmine/font/emoji/pepe/pepeclown.png",
            "chars": [
                ""
            ],
            "height": 9,
            "ascent": 8,
            "type": "bitmap"
        },
        {
            "file": "politmine/font/emoji/pepe/pepeglad.png",
            "chars": [
                ""
            ],
            "height": 9,
            "ascent": 8,
            "type": "bitmap"
        },
        {
            "file": "politmine/font/emoji/pepe/pepehappy.png",
            "chars": [
                ""
            ],
            "height": 9,
            "ascent": 8,
            "type": "bitmap"
        },
        {
            "file": "politmine/font/emoji/pepe/pepelaugh.png",
            "chars": [
                ""
            ],
            "height": 9,
            "ascent": 8,
            "type": "bitmap"
        },
        {
            "file": "politmine/font/emoji/pepe/pepeok.png",
            "chars": [
                ""
            ],
            "height": 9,
            "ascent": 8,
            "type": "bitmap"
        },
        {
            "file": "politmine/font/emoji/pepe/pepesad.png",
            "chars": [
                ""
            ],
            "height": 9,
            "ascent": 8,
            "type": "bitmap"
        },
        {
            "file": "politmine/font/emoji/pepe/pepethink.png",
            "chars": [
                ""
            ],
            "height": 9,
            "ascent": 8,
            "type": "bitmap"
        },
        {
            "file": "politmine/font/emoji/pepe/pepeyep.png",
            "chars": [
                ""
            ],
            "height": 9,
            "ascent": 8,
            "type": "bitmap"
        },
        {
            "file": "politmine/font/emoji/pepe/pepez.png",
            "chars": [
                ""
            ],
            "height": 9,
            "ascent": 8,
            "type": "bitmap"
        },
        {
            "file": "politmine/font/emoji/anime/animelove.png",
            "chars": [
                ""
            ],
            "height": 9,
            "ascent": 8,
            "type": "bitmap"
        },
        {
            "file": "politmine/font/emoji/anime/animeuwu.png",
            "chars": [
                ""
            ],
            "height": 9,
            "ascent": 8,
            "type": "bitmap"
        },
        {
            "file": "politmine/font/emoji/anime/ayaya.png",
            "chars": [
                ""
            ],
            "height": 9,
            "ascent": 8,
            "type": "bitmap"
        },
        {
            "file": "politmine/font/emoji/anime/animedio.png",
            "chars": [
                ""
            ],
            "height": 9,
            "ascent": 8,
            "type": "bitmap"
        },
        {
            "file": "politmine/font/emoji/anime/animekakyoin.png",
            "chars": [
                ""
            ],
            "height": 9,
            "ascent": 8,
            "type": "bitmap"
        },
        {
            "file": "politmine/font/emoji/anime/itachikekw.png",
            "chars": [
                ""
            ],
            "height": 9,
            "ascent": 8,
            "type": "bitmap"
        },
        {
            "file": "politmine/font/emoji/anime/sharingan.png",
            "chars": [
                ""
            ],
            "height": 9,
            "ascent": 8,
            "type": "bitmap"
        },
        {
            "file": "politmine/font/emoji/amongus/amongclown.png",
            "chars": [
                ""
            ],
            "height": 9,
            "ascent": 8,
            "type": "bitmap"
        },
        {
            "file": "politmine/font/emoji/amongus/amongdelet.png",
            "chars": [
                ""
            ],
            "height": 9,
            "ascent": 8,
            "type": "bitmap"
        },
        {
            "file": "politmine/font/emoji/amongus/amongpepe.png",
            "chars": [
                ""
            ],
            "height": 9,
            "ascent": 8,
            "type": "bitmap"
        },
        {
            "file": "politmine/font/emoji/amongus/amongred.png",
            "chars": [
                ""
            ],
            "height": 9,
            "ascent": 8,
            "type": "bitmap"
        },
        {
            "file": "politmine/font/emoji/amongus/amongshh.png",
            "chars": [
                ""
            ],
            "height": 9,
            "ascent": 8,
            "type": "bitmap"
        },
        {
            "file": "politmine/font/emoji/amongus/amongsoviet.png",
            "chars": [
                ""
            ],
            "height": 9,
            "ascent": 8,
            "type": "bitmap"
        },
        {
            "file": "politmine/font/emoji/brawlclash/brawldislike.png",
            "chars": [
                ""
            ],
            "height": 9,
            "ascent": 8,
            "type": "bitmap"
        },
        {
            "file": "politmine/font/emoji/brawlclash/brawlike.png",
            "chars": [
                ""
            ],
            "height": 9,
            "ascent": 8,
            "type": "bitmap"
        },
        {
            "file": "politmine/font/emoji/brawlclash/brawlgavs.png",
            "chars": [
                ""
            ],
            "height": 9,
            "ascent": 8,
            "type": "bitmap"
        },
        {
            "file": "politmine/font/emoji/brawlclash/brawlsmile.png",
            "chars": [
                ""
            ],
            "height": 9,
            "ascent": 8,
            "type": "bitmap"
        },
        {
            "file": "politmine/font/emoji/brawlclash/brawltrophy.png",
            "chars": [
                ""
            ],
            "height": 9,
            "ascent": 8,
            "type": "bitmap"
        },
        {
            "file": "politmine/font/emoji/brawlclash/brawlu.png",
            "chars": [
                ""
            ],
            "height": 9,
            "ascent": 8,
            "type": "bitmap"
        },
        {
            "file": "politmine/font/emoji/brawlclash/clashhappy.png",
            "chars": [
                ""
            ],
            "height": 9,
            "ascent": 8,
            "type": "bitmap"
        },
        {
            "file": "politmine/font/emoji/brawlclash/clashhog.png",
            "chars": [
                ""
            ],
            "height": 9,
            "ascent": 8,
            "type": "bitmap"
        },
        {
            "file": "politmine/font/emoji/brawlclash/clashlike.png",
            "chars": [
                ""
            ],
            "height": 9,
            "ascent": 8,
            "type": "bitmap"
        },
        {
            "file": "politmine/font/emoji/brawlclash/clashrage.png",
            "chars": [
                ""
            ],
            "height": 9,
            "ascent": 8,
            "type": "bitmap"
        },
        {
            "file": "politmine/font/emoji/brawlclash/clashflag.png",
            "chars": [
                ""
            ],
            "height": 9,
            "ascent": 8,
            "type": "bitmap"
        },
        {
            "file": "politmine/font/emoji/genshin/hutaolike.png",
            "chars": [
                ""
            ],
            "height": 9,
            "ascent": 8,
            "type": "bitmap"
        },
        {
            "file": "politmine/font/emoji/genshin/paimonangry.png",
            "chars": [
                ""
            ],
            "height": 9,
            "ascent": 8,
            "type": "bitmap"
        },
        {
            "file": "politmine/font/emoji/genshin/paimonblush.png",
            "chars": [
                ""
            ],
            "height": 9,
            "ascent": 8,
            "type": "bitmap"
        },
        {
            "file": "politmine/font/emoji/genshin/paimonpepe.png",
            "chars": [
                ""
            ],
            "height": 9,
            "ascent": 8,
            "type": "bitmap"
        },
        {
            "file": "politmine/font/emoji/genshin/paimonshock.png",
            "chars": [
                ""
            ],
            "height": 9,
            "ascent": 8,
            "type": "bitmap"
        },
        {
            "file": "politmine/font/emoji/genshin/paimonthink.png",
            "chars": [
                ""
            ],
            "height": 9,
            "ascent": 8,
            "type": "bitmap"
        },
        {
            "file": "politmine/font/emoji/pixel/blowkiss.png",
            "chars": [
                ""
            ],
            "height": 9,
            "ascent": 8,
            "type": "bitmap"
        },
        {
            "file": "politmine/font/emoji/pixel/cry.png",
            "chars": [
                ""
            ],
            "height": 9,
            "ascent": 8,
            "type": "bitmap"
        },
        {
            "file": "politmine/font/emoji/pixel/lol.png",
            "chars": [
                ""
            ],
            "height": 9,
            "ascent": 8,
            "type": "bitmap"
        },
        {
            "file": "politmine/font/emoji/pixel/neutral.png",
            "chars": [
                ""
            ],
            "height": 9,
            "ascent": 8,
            "type": "bitmap"
        },
        {
            "file": "politmine/font/emoji/pixel/angry.png",
            "chars": [
                ""
            ],
            "height": 9,
            "ascent": 8,
            "type": "bitmap"
        },
        {
            "file": "politmine/font/emoji/pixel/shocked.png",
            "chars": [
                ""
            ],
            "height": 9,
            "ascent": 8,
            "type": "bitmap"
        },
        {
            "file": "politmine/font/emoji/pixel/smirk.png",
            "chars": [
                ""
            ],
            "height": 9,
            "ascent": 8,
            "type": "bitmap"
        },
        {
            "file": "politmine/font/emoji/pixel/alert.png",
            "chars": [
                ""
            ],
            "height": 9,
            "ascent": 8,
            "type": "bitmap"
        },
        {
            "file": "politmine/font/emoji/pixel/bolt.png",
            "chars": [
                ""
            ],
            "height": 9,
            "ascent": 8,
            "type": "bitmap"
        },
        {
            "file": "politmine/font/emoji/pixel/box.png",
            "chars": [
                ""
            ],
            "height": 9,
            "ascent": 8,
            "type": "bitmap"
        },
        {
            "file": "politmine/font/emoji/pixel/bulb.png",
            "chars": [
                ""
            ],
            "height": 9,
            "ascent": 8,
            "type": "bitmap"
        },
        {
            "file": "politmine/font/emoji/pixel/deny.png",
            "chars": [
                ""
            ],
            "height": 9,
            "ascent": 8,
            "type": "bitmap"
        },
        {
            "file": "politmine/font/emoji/pixel/earth.png",
            "chars": [
                ""
            ],
            "height": 9,
            "ascent": 8,
            "type": "bitmap"
        },
        {
            "file": "politmine/font/emoji/pixel/message.png",
            "chars": [
                ""
            ],
            "height": 9,
            "ascent": 8,
            "type": "bitmap"
        },
        {
            "file": "politmine/font/emoji/pixel/ez.png",
            "chars": [
                ""
            ],
            "height": 9,
            "ascent": 8,
            "type": "bitmap"
        },
        {
            "file": "politmine/font/emoji/pixel/gg.png",
            "chars": [
                ""
            ],
            "height": 9,
            "ascent": 8,
            "type": "bitmap"
        },
        {
            "file": "politmine/font/emoji/pixel/heart.png",
            "chars": [
                ""
            ],
            "height": 9,
            "ascent": 8,
            "type": "bitmap"
        },
        {
            "file": "politmine/font/emoji/pixel/brokenheart.png",
            "chars": [
                ""
            ],
            "height": 9,
            "ascent": 8,
            "type": "bitmap"
        },
        {
            "file": "politmine/font/emoji/pixel/indexup.png",
            "chars": [
                ""
            ],
            "height": 9,
            "ascent": 8,
            "type": "bitmap"
        },
        {
            "file": "politmine/font/emoji/pixel/ok.png",
            "chars": [
                ""
            ],
            "height": 9,
            "ascent": 8,
            "type": "bitmap"
        },
        {
            "file": "politmine/font/emoji/pixel/money.png",
            "chars": [
                ""
            ],
            "height": 9,
            "ascent": 8,
            "type": "bitmap"
        },
        {
            "file": "politmine/font/emoji/pixel/newspaper.png",
            "chars": [
                ""
            ],
            "height": 9,
            "ascent": 8,
            "type": "bitmap"
        },
        {
            "file": "politmine/font/emoji/pixel/stonks.png",
            "chars": [
                ""
            ],
            "height": 9,
            "ascent": 8,
            "type": "bitmap"
        },
        {
            "file": "politmine/font/emoji/pixel/notstonks.png",
            "chars": [
                ""
            ],
            "height": 9,
            "ascent": 8,
            "type": "bitmap"
        },
        {
            "file": "politmine/font/flags/am.png",
            "chars": [
                ""
            ],
            "height": 9,
            "ascent": 8,
            "type": "bitmap"
        },
        {
            "file": "politmine/font/flags/am.png",
            "chars": [
                ""
            ],
            "height": 9,
            "ascent": 8,
            "type": "bitmap"
        },
        {
            "file": "politmine/font/flags/tm.png",
            "chars": [
                ""
            ],
            "height": 9,
            "ascent": 8,
            "type": "bitmap"
        },
        {
            "file": "politmine/font/flags/ro.png",
            "chars": [
                ""
            ],
            "height": 9,
            "ascent": 8,
            "type": "bitmap"
        },
        {
            "file": "politmine/font/flags/sk.png",
            "chars": [
                ""
            ],
            "height": 9,
            "ascent": 8,
            "type": "bitmap"
        },
        {
            "file": "politmine/font/flags/lt.png",
            "chars": [
                ""
            ],
            "height": 9,
            "ascent": 8,
            "type": "bitmap"
        },
        {
            "file": "politmine/font/flags/ee.png",
            "chars": [
                ""
            ],
            "height": 9,
            "ascent": 8,
            "type": "bitmap"
        },
        {
            "file": "politmine/font/flags/ge.png",
            "chars": [
                ""
            ],
            "height": 9,
            "ascent": 8,
            "type": "bitmap"
        },
        {
            "file": "politmine/font/flags/ru.png",
            "chars": [
                ""
            ],
            "height": 9,
            "ascent": 8,
            "type": "bitmap"
        },
        {
            "file": "politmine/font/flags/ua.png",
            "chars": [
                ""
            ],
            "height": 9,
            "ascent": 8,
            "type": "bitmap"
        },
        {
            "file": "politmine/font/flags/kz.png",
            "chars": [
                ""
            ],
            "height": 9,
            "ascent": 8,
            "type": "bitmap"
        },
        {
            "file": "politmine/font/flags/by.png",
            "chars": [
                ""
            ],
            "height": 9,
            "ascent": 8,
            "type": "bitmap"
        },
        {
            "file": "politmine/font/flags/uz.png",
            "chars": [
                ""
            ],
            "height": 9,
            "ascent": 8,
            "type": "bitmap"
        },
        {
            "file": "politmine/font/other/time.png",
            "chars": [
                ""
            ],
            "height": 9,
            "ascent": 8,
            "type": "bitmap"
        },
        {
            "file": "politmine/font/other/money.png",
            "chars": [
                ""
            ],
            "height": 9,
            "ascent": 8,
            "type": "bitmap"
        },
        {
            "file": "politmine/font/other/elegant.png",
            "chars": [
                ""
            ],
            "height": 9,
            "ascent": 8,
            "type": "bitmap"
        },
        {
            "file": "politmine/font/other/crown.png",
            "chars": [
                ""
            ],
            "height": 9,
            "ascent": 8,
            "type": "bitmap"
        }
    ]
}