{"credit":"Made with Blockbench","texture_size":[32,32],"textures":{"0":"minecraft:ttp/weapons/dp28"},"elements":[{"from":[7.625,0.48078,26.20597],"to":[8.375,5.48078,27.20597],"rotation":{"angle":0,"axis":"y","origin":[8.625,4.48078,8.20597]},"faces":{"north":{"uv":[10,9.5,10.5,12],"texture":"#0"},"east":{"uv":[4,10.5,4.5,13],"texture":"#0"},"south":{"uv":[4.5,10.5,5,13],"texture":"#0"},"west":{"uv":[5,10.5,5.5,13],"texture":"#0"},"up":{"uv":[6,11,5.5,10.5],"texture":"#0"},"down":{"uv":[7,13.5,6.5,14],"texture":"#0"}}},{"from":[7.625,3.48078,19.95597],"to":[8.375,5.48078,26.20597],"rotation":{"angle":0,"axis":"y","origin":[8.625,4.48078,8.20597]},"faces":{"north":{"uv":[3,12.5,3.5,13.5],"texture":"#0"},"east":{"uv":[7.5,2,10.75,3],"texture":"#0"},"south":{"uv":[6.5,12.5,7,13.5],"texture":"#0"},"west":{"uv":[0,8,3.25,9],"texture":"#0"},"up":{"uv":[8.5,12.75,8,9.5],"texture":"#0"},"down":{"uv":[9,9.5,8.5,12.75],"texture":"#0"}}},{"from":[7.625,2.48078,24.20597],"to":[8.375,3.48078,26.20597],"rotation":{"angle":0,"axis":"y","origin":[8.625,4.48078,8.20597]},"faces":{"north":{"uv":[7,13.5,7.5,14],"texture":"#0"},"east":{"uv":[12.5,11,13.5,11.5],"texture":"#0"},"south":{"uv":[13.5,7,14,7.5],"texture":"#0"},"west":{"uv":[12,12.5,13,13],"texture":"#0"},"up":{"uv":[13.5,1,13,0],"texture":"#0"},"down":{"uv":[4.5,13,4,14],"texture":"#0"}}},{"from":[7.25,5,2],"to":[8.75,8,17],"rotation":{"angle":0,"axis":"y","origin":[0.25,0,0]},"faces":{"north":{"uv":[10.5,9.5,11.25,11],"texture":"#0"},"east":{"uv":[0,0,7.5,1.5],"texture":"#0"},"south":{"uv":[0,11,0.75,12.5],"texture":"#0"},"west":{"uv":[0,1.5,7.5,3],"texture":"#0"},"up":{"uv":[4.75,10.5,4,3],"texture":"#0"},"down":{"uv":[5.75,3,5,10.5],"texture":"#0"}}},{"name":"sticker1","from":[7.24,8.76689,5.72469],"to":[7.24,10.36689,7.32469],"rotation":{"angle":22.5,"axis":"x","origin":[0,0,0]},"faces":{"north":{"uv":[0,0,0,0.8],"texture":"#0"},"east":{"uv":[0,0,0.8,0.8],"texture":"#0"},"south":{"uv":[0,0,0,0.8],"texture":"#0"},"west":{"uv":[6.5,1.5,7.3,2.3],"texture":"#0"},"up":{"uv":[0,0,0,0.8],"texture":"#0"},"down":{"uv":[0,0,0,0.8],"texture":"#0"}}},{"name":"sticker1","from":[7.24,1.26689,6.72469],"to":[7.24,2.86689,8.32469],"rotation":{"angle":-45,"axis":"x","origin":[0,0,0]},"faces":{"north":{"uv":[0,0,0,0.8],"texture":"#0"},"east":{"uv":[0,0,0.8,0.8],"texture":"#0"},"south":{"uv":[0,0,0,0.8],"texture":"#0"},"west":{"uv":[6.5,1.5,7.3,2.3],"texture":"#0"},"up":{"uv":[0,0,0,0.8],"texture":"#0"},"down":{"uv":[0,0,0,0.8],"texture":"#0"}}},{"from":[6,7.75,2.5],"to":[10,8.75,12.5],"faces":{"north":{"uv":[9.5,8.5,11.5,9],"texture":"#0"},"east":{"uv":[8,9,13,9.5],"texture":"#0"},"south":{"uv":[11,0,13,0.5],"texture":"#0"},"west":{"uv":[9.5,5,14.5,5.5],"texture":"#0"},"up":{"uv":[2,8,0,3],"texture":"#0"},"down":{"uv":[4,3,2,8],"texture":"#0"}}},{"from":[3,7.75,5.5],"to":[6,8.75,9.5],"faces":{"north":{"uv":[12,3,13.5,3.5],"texture":"#0"},"east":{"uv":[11,0.5,13,1],"texture":"#0"},"south":{"uv":[12,3.5,13.5,4],"texture":"#0"},"west":{"uv":[1,11,3,11.5],"texture":"#0"},"up":{"uv":[9.5,7,8,5],"texture":"#0"},"down":{"uv":[9.5,7,8,9],"texture":"#0"}}},{"from":[4,7.75,9.5],"to":[6,8.75,11.5],"faces":{"north":{"uv":[4.5,13,5.5,13.5],"texture":"#0"},"east":{"uv":[7.5,13,8.5,13.5],"texture":"#0"},"south":{"uv":[13,9,14,9.5],"texture":"#0"},"west":{"uv":[12,13,13,13.5],"texture":"#0"},"up":{"uv":[12,2,11,1],"texture":"#0"},"down":{"uv":[12,2,11,3],"texture":"#0"}}},{"from":[10,7.75,9.5],"to":[12,8.75,11.5],"faces":{"north":{"uv":[13,12,14,12.5],"texture":"#0"},"east":{"uv":[13,12.5,14,13],"texture":"#0"},"south":{"uv":[13,13,14,13.5],"texture":"#0"},"west":{"uv":[0,13.5,1,14],"texture":"#0"},"up":{"uv":[6.5,12,5.5,11],"texture":"#0"},"down":{"uv":[7.5,11,6.5,12],"texture":"#0"}}},{"from":[4,7.75,3.5],"to":[6,8.75,5.5],"faces":{"north":{"uv":[13.5,0,14.5,0.5],"texture":"#0"},"east":{"uv":[13.5,0.5,14.5,1],"texture":"#0"},"south":{"uv":[1,13.5,2,14],"texture":"#0"},"west":{"uv":[13.5,1,14.5,1.5],"texture":"#0"},"up":{"uv":[11.5,12,10.5,11],"texture":"#0"},"down":{"uv":[2,11.5,1,12.5],"texture":"#0"}}},{"from":[10,7.75,3.5],"to":[12,8.75,5.5],"faces":{"north":{"uv":[13.5,1.5,14.5,2],"texture":"#0"},"east":{"uv":[2,13.5,3,14],"texture":"#0"},"south":{"uv":[13.5,2,14.5,2.5],"texture":"#0"},"west":{"uv":[13.5,2.5,14.5,3],"texture":"#0"},"up":{"uv":[3,12.5,2,11.5],"texture":"#0"},"down":{"uv":[12.5,5.5,11.5,6.5],"texture":"#0"}}},{"from":[10,7.75,5.5],"to":[13,8.75,9.5],"faces":{"north":{"uv":[12,4,13.5,4.5],"texture":"#0"},"east":{"uv":[11.5,6.5,13.5,7],"texture":"#0"},"south":{"uv":[12,4.5,13.5,5],"texture":"#0"},"west":{"uv":[11.5,7,13.5,7.5],"texture":"#0"},"up":{"uv":[1.5,11,0,9],"texture":"#0"},"down":{"uv":[3,9,1.5,11],"texture":"#0"}}},{"from":[7.25,6.5,-10],"to":[8.75,8,2],"faces":{"north":{"uv":[12.5,5.5,13.25,6.25],"texture":"#0"},"east":{"uv":[6,3,12,3.75],"texture":"#0"},"south":{"uv":[10,12.5,10.75,13.25],"texture":"#0"},"west":{"uv":[6,4,12,4.75],"texture":"#0"},"up":{"uv":[6.75,11,6,5],"texture":"#0"},"down":{"uv":[7.75,5,7,11],"texture":"#0"}}},{"from":[7.75,5.5,-10],"to":[8.25,6,2],"faces":{"north":{"uv":[14,4.5,14.25,4.75],"texture":"#0"},"east":{"uv":[9.5,7.5,15.5,7.75],"texture":"#0"},"south":{"uv":[14,5.5,14.25,5.75],"texture":"#0"},"west":{"uv":[9.5,8,15.5,8.25],"texture":"#0"},"up":{"uv":[9.25,15.5,9,9.5],"texture":"#0"},"down":{"uv":[9.75,9.5,9.5,15.5],"texture":"#0"}}},{"from":[7.62,4.995,16.995],"to":[8.38,7.005,21.005],"rotation":{"angle":22.5,"axis":"x","origin":[8.625,7,17]},"faces":{"north":{"uv":[8.5,13,9,14],"texture":"#0"},"east":{"uv":[9.5,5.5,11.5,6.5],"texture":"#0"},"south":{"uv":[3,13.5,3.5,14.5],"texture":"#0"},"west":{"uv":[9.5,6.5,11.5,7.5],"texture":"#0"},"up":{"uv":[8,13,7.5,11],"texture":"#0"},"down":{"uv":[4,11.5,3.5,13.5],"texture":"#0"}}},{"from":[7.626,4.5,21],"to":[8.376,6.5,28],"rotation":{"angle":22.5,"axis":"x","origin":[8.625,7,17]},"faces":{"north":{"uv":[13.5,3,14,4],"texture":"#0"},"east":{"uv":[7.5,0,11,1],"texture":"#0"},"south":{"uv":[3.5,13.5,4,14.5],"texture":"#0"},"west":{"uv":[7.5,1,11,2],"texture":"#0"},"up":{"uv":[4,11.5,3.5,8],"texture":"#0"},"down":{"uv":[3.5,9,3,12.5],"texture":"#0"}}},{"from":[7.75,6,16],"to":[8.25,8,17],"rotation":{"angle":-22.5,"axis":"x","origin":[8.625,8,17]},"faces":{"north":{"uv":[13.5,4,14,5],"texture":"#0"},"east":{"uv":[4.5,13.5,5,14.5],"texture":"#0"},"south":{"uv":[5,13.5,5.5,14.5],"texture":"#0"},"west":{"uv":[5.5,13.5,6,14.5],"texture":"#0"},"up":{"uv":[8,14,7.5,13.5],"texture":"#0"},"down":{"uv":[8.5,13.5,8,14],"texture":"#0"}}},{"from":[7.5,6.75,-14],"to":[8.5,7.75,-10],"faces":{"north":{"uv":[13.5,8.5,14,9],"texture":"#0"},"east":{"uv":[11.5,8.5,13.5,9],"texture":"#0"},"south":{"uv":[13.5,9.5,14,10],"texture":"#0"},"west":{"uv":[11.5,9.5,13.5,10],"texture":"#0"},"up":{"uv":[12,12,11.5,10],"texture":"#0"},"down":{"uv":[12.5,1,12,3],"texture":"#0"}}},{"from":[7.5,1,15],"to":[8.5,2,18],"rotation":{"angle":-22.5,"axis":"x","origin":[0,0,0]},"faces":{"north":{"uv":[10,13.5,10.5,14],"texture":"#0"},"east":{"uv":[5.5,12,7,12.5],"texture":"#0"},"south":{"uv":[13.5,10,14,10.5],"texture":"#0"},"west":{"uv":[10,12,11.5,12.5],"texture":"#0"},"up":{"uv":[7.5,13.5,7,12],"texture":"#0"},"down":{"uv":[12.5,10,12,11.5],"texture":"#0"}}},{"from":[8,3.5,14],"to":[8,5,16],"faces":{"north":{"uv":[0,0,0,0.75],"texture":"#0"},"east":{"uv":[12.5,2,13.5,2.75],"texture":"#0"},"south":{"uv":[0,0,0,0.75],"texture":"#0"},"west":{"uv":[5.5,12.5,6.5,13.25],"texture":"#0"},"up":{"uv":[0,1,0,0],"texture":"#0"},"down":{"uv":[0,0,0,1],"texture":"#0"}}},{"from":[7.75,4,16],"to":[8.25,5,19],"faces":{"north":{"uv":[11.5,13.5,11.75,14],"texture":"#0"},"east":{"uv":[11.5,12,13,12.5],"texture":"#0"},"south":{"uv":[13.5,11.5,13.75,12],"texture":"#0"},"west":{"uv":[12,11.5,13.5,12],"texture":"#0"},"up":{"uv":[13.75,7,13.5,5.5],"texture":"#0"},"down":{"uv":[6.25,13.5,6,15],"texture":"#0"}}},{"from":[7.75,6,-9.25],"to":[8.25,6.5,-8.75],"faces":{"north":{"uv":[2,14,2.25,14.25],"texture":"#0"},"east":{"uv":[2.5,14,2.75,14.25],"texture":"#0"},"south":{"uv":[14,3,14.25,3.25],"texture":"#0"},"west":{"uv":[14,3.5,14.25,3.75],"texture":"#0"},"up":{"uv":[4.25,14.25,4,14],"texture":"#0"},"down":{"uv":[14.25,4,14,4.25],"texture":"#0"}}},{"from":[7.25,6.5,-16],"to":[8.75,8,-14],"faces":{"north":{"uv":[12.5,10,13.25,10.75],"texture":"#0"},"east":{"uv":[0,12.5,1,13.25],"texture":"#0"},"south":{"uv":[11,12.5,11.75,13.25],"texture":"#0"},"west":{"uv":[1,12.5,2,13.25],"texture":"#0"},"up":{"uv":[13.25,2,12.5,1],"texture":"#0"},"down":{"uv":[2.75,12.5,2,13.5],"texture":"#0"}}},{"from":[7.75,8,-9.5],"to":[8.25,9,-8.5],"faces":{"north":{"uv":[12,13.5,12.25,14],"texture":"#0"},"east":{"uv":[10.5,13.5,11,14],"texture":"#0"},"south":{"uv":[12.5,13.5,12.75,14],"texture":"#0"},"west":{"uv":[13.5,10.5,14,11],"texture":"#0"},"up":{"uv":[13.25,14,13,13.5],"texture":"#0"},"down":{"uv":[13.75,13.5,13.5,14],"texture":"#0"}}},{"name":"bipod_wobble","from":[7.6492,6.51856,-9.47048],"to":[8.3508,7.02064,-9.03408],"rotation":{"angle":0,"axis":"x","origin":[0,1,-5]},"faces":{"north":{"uv":[14.75,9.47283,15.125,9.7192],"texture":"#0"},"east":{"uv":[3.75,15.38587,4,15.63225],"texture":"#0"},"south":{"uv":[9.75,15.27536,10.125,15.52174],"texture":"#0"},"west":{"uv":[15.375,4.78986,15.625,5.03623],"texture":"#0"},"up":{"uv":[15.125,10.21196,14.75,9.96558],"texture":"#0"},"down":{"uv":[10.625,14.89312,10.25,15.13949],"texture":"#0"}}},{"name":"bipod_wobble","from":[7.60957,-2.72394,-9.62048],"to":[8.11165,6.02766,-8.88408],"rotation":{"angle":22.5,"axis":"z","origin":[8,6.98108,-9.25228]},"faces":{"north":{"uv":[15.75,4.75,16,9.06159],"texture":"#0"},"east":{"uv":[14.75,0,15.375,4.31159],"texture":"#0"},"south":{"uv":[15.75,11.68841,16,16],"texture":"#0"},"west":{"uv":[15.375,0,16,4.31159],"texture":"#0"},"up":{"uv":[15,6.88587,14.75,6.5163],"texture":"#0"},"down":{"uv":[7,14.89312,6.75,15.26268],"texture":"#0"}}},{"name":"bipod_wobble","from":[11.33603,-2.15838,-9.62038],"to":[12.08743,-1.6565,-8.88418],"rotation":{"angle":0,"axis":"x","origin":[0,1,-5]},"faces":{"north":{"uv":[14.75,7.00906,15.125,7.25543],"texture":"#0"},"east":{"uv":[7.25,14.89312,7.625,15.13949],"texture":"#0"},"south":{"uv":[14.75,7.88406,15.125,8.13043],"texture":"#0"},"west":{"uv":[7.875,15.63043,8.25,15.87681],"texture":"#0"},"up":{"uv":[14.625,7.87138,14.25,7.50181],"texture":"#0"},"down":{"uv":[8.125,14.40036,7.75,14.76993],"texture":"#0"}}},{"name":"bipod_wobble","from":[7.88835,-2.72394,-9.62048],"to":[8.39043,6.02766,-8.88408],"rotation":{"angle":-22.5,"axis":"z","origin":[8,6.98108,-9.25228]},"faces":{"north":{"uv":[15.25,0.04529,15.5,4.35688],"texture":"#0"},"east":{"uv":[14.5,0.03804,14.875,4.34964],"texture":"#0"},"south":{"uv":[15.5,0,15.75,4.31159],"texture":"#0"},"west":{"uv":[14.875,0.02536,15.25,4.33696],"texture":"#0"},"up":{"uv":[14.75,4.88913,14.5,4.51957],"texture":"#0"},"down":{"uv":[15,4.51812,14.75,4.88768],"texture":"#0"}}},{"name":"bipod_wobble","from":[3.91257,-2.25838,-9.62038],"to":[4.66397,-1.7565,-8.88418],"rotation":{"angle":0,"axis":"x","origin":[0,1,-5]},"faces":{"north":{"uv":[14.5,4.48732,14.875,4.7337],"texture":"#0"},"east":{"uv":[14.975,4.49312,15.35,4.73949],"texture":"#0"},"south":{"uv":[14.5,4.86232,14.875,5.1087],"texture":"#0"},"west":{"uv":[14.975,4.88043,15.35,5.12681],"texture":"#0"},"up":{"uv":[14.875,5.59964,14.5,5.23007],"texture":"#0"},"down":{"uv":[15.35,5.22536,14.975,5.59493],"texture":"#0"}}},{"name":"bipod_wobble","from":[6.61057,4.97706,-9.61948],"to":[7.61065,5.72666,-8.88508],"rotation":{"angle":22.5,"axis":"z","origin":[8,7.68108,-9.25228]},"faces":{"north":{"uv":[5.25,13.90761,5.75,14.27717],"texture":"#0"},"east":{"uv":[14.25,7.99457,14.625,8.36413],"texture":"#0"},"south":{"uv":[8.5,13.78986,9,14.15942],"texture":"#0"},"west":{"uv":[8.375,15.13768,8.75,15.50725],"texture":"#0"},"up":{"uv":[14.25,7.37862,13.75,7.00906],"texture":"#0"},"down":{"uv":[14.25,7.50181,13.75,7.87138],"texture":"#0"}}},{"name":"bipod_wobble","from":[9.56126,5.01798,-9.67048],"to":[9.96334,5.41958,-9.60908],"rotation":{"angle":-45,"axis":"z","origin":[8,6.98108,-9.25228]},"faces":{"north":{"uv":[2.75,15.38587,3,15.63225],"texture":"#0"},"east":{"uv":[0.25,15.87862,0.375,16.125],"texture":"#0"},"south":{"uv":[3.25,15.76812,3.5,16.01449],"texture":"#0"},"west":{"uv":[15.875,1.34058,16,1.58696],"texture":"#0"},"up":{"uv":[1,16.00181,0.75,15.87862],"texture":"#0"},"down":{"uv":[16,1.09601,15.75,1.2192],"texture":"#0"}}},{"name":"bipod_wobble","from":[8.39035,4.97806,-9.61848],"to":[9.38843,5.72566,-8.88608],"rotation":{"angle":-22.5,"axis":"z","origin":[8,7.68108,-9.25228]},"faces":{"north":{"uv":[7.75,13.90761,8.25,14.27717],"texture":"#0"},"east":{"uv":[14.25,8.48732,14.625,8.85688],"texture":"#0"},"south":{"uv":[13.75,8.37681,14.25,8.74638],"texture":"#0"},"west":{"uv":[8.875,15.13768,9.25,15.50725],"texture":"#0"},"up":{"uv":[8.75,14.27717,8.25,13.90761],"texture":"#0"},"down":{"uv":[9.25,13.90761,8.75,14.27717],"texture":"#0"}}},{"name":"bipod_wobble","from":[7.6492,5.21648,-9.52048],"to":[8.3508,5.96856,-8.98408],"rotation":{"angle":0,"axis":"x","origin":[0,1.7,-5]},"faces":{"north":{"uv":[5.75,14.40036,6.125,14.76993],"texture":"#0"},"east":{"uv":[14.75,5.03804,15,5.40761],"texture":"#0"},"south":{"uv":[14.25,6.4058,14.625,6.77536],"texture":"#0"},"west":{"uv":[5.375,15.63043,5.625,16],"texture":"#0"},"up":{"uv":[15.125,5.77717,14.75,5.5308],"texture":"#0"},"down":{"uv":[6.125,14.89312,5.75,15.13949],"texture":"#0"}}}],"display":{"thirdperson_righthand":{"translation":[0,2.75,-1]},"thirdperson_lefthand":{"translation":[0,2.75,-1]},"firstperson_righthand":{"rotation":[0,5,12.5],"translation":[-4.75,5.5,-2.25],"scale":[1.1,1.1,1.1]},"firstperson_lefthand":{"rotation":[0,5,12.5],"translation":[-4.75,5.5,-2.25],"scale":[1.1,1.1,1.1]},"ground":{"translation":[0,2.5,0]},"gui":{"rotation":[44,-52,24],"translation":[-1.25,1.25,0],"scale":[0.82,0.82,0.82]},"head":{"rotation":[85,-12,-8],"translation":[1.75,-15.25,5.75],"scale":[1.6,1.6,1.6]},"fixed":{"rotation":[-70,156,94],"translation":[-1.25,16.5,-5.25],"scale":[2,2,2]}},"groups":[0,1,2,3,4,5,{"name":"group","origin":[0,0,0],"color":0,"children":[6,7,8,9,10,11,12]},13,14,15,16,17,18,19,20,21,22,23,24,{"name":"bipod_wobble","origin":[8,5.98881,-4.35228],"color":1,"children":[25,{"name":"group","origin":[0,1,-5],"color":0,"children":[26,27]},{"name":"group","origin":[0,1,-5],"color":0,"children":[28,29]},30,31,32,33]}]}