{"credit":"Made with Blockbench","textures":{"0":"ttp/qualityarmory/rgbsheet1","1":"ttp/qualityarmory/texturedmaterials1","particle":"ttp/qualityarmory/rgbsheet1"},"elements":[{"name":"stick2","from":[7.75,3.25,7.5],"to":[8.25,4.75,8.5],"rotation":{"angle":45,"axis":"y","origin":[8,1.75,8]},"faces":{"north":{"uv":[0,8,8,12],"texture":"#1"},"east":{"uv":[0,8,8,12],"texture":"#1"},"south":{"uv":[0,8,8,12],"texture":"#1"},"west":{"uv":[0,8,8,12],"texture":"#1"},"up":{"uv":[0,8,8,12],"texture":"#1"},"down":{"uv":[0,8,8,12],"texture":"#1"}}},{"name":"stick2","from":[7.5,2.75,7.75],"to":[8.5,4.75,8.25],"faces":{"north":{"uv":[0,8,8,12],"rotation":90,"texture":"#1"},"east":{"uv":[0,8,8,12],"rotation":90,"texture":"#1"},"south":{"uv":[0,8,8,12],"rotation":90,"texture":"#1"},"west":{"uv":[0,8,8,12],"rotation":90,"texture":"#1"},"up":{"uv":[0,8,8,12],"rotation":90,"texture":"#1"},"down":{"uv":[0,8,8,12],"rotation":90,"texture":"#1"}}},{"name":"stick2","from":[7.5,3.25,7.75],"to":[8.5,5.25,8.25],"rotation":{"angle":45,"axis":"y","origin":[8,1.75,8]},"faces":{"north":{"uv":[0,8,8,12],"rotation":90,"texture":"#1"},"east":{"uv":[0,8,8,12],"rotation":90,"texture":"#1"},"south":{"uv":[0,8,8,12],"rotation":90,"texture":"#1"},"west":{"uv":[0,8,8,12],"rotation":90,"texture":"#1"},"up":{"uv":[0,8,8,12],"rotation":90,"texture":"#1"},"down":{"uv":[0,8,8,12],"rotation":90,"texture":"#1"}}},{"name":"stick2","from":[7.75,2.75,7.5],"to":[8.25,4.75,8.5],"faces":{"north":{"uv":[0,8,8,12],"texture":"#1"},"east":{"uv":[0,8,8,12],"texture":"#1"},"south":{"uv":[0,8,8,12],"texture":"#1"},"west":{"uv":[0,8,8,12],"texture":"#1"},"up":{"uv":[0,8,8,12],"texture":"#1"},"down":{"uv":[0,8,8,12],"texture":"#1"}}},{"name":"stick3","from":[7.75,4.75,7.25],"to":[8.25,7.75,8.75],"rotation":{"angle":45,"axis":"y","origin":[8,3.75,8]},"faces":{"north":{"uv":[8,13,8.5,16.25],"texture":"#1"},"east":{"uv":[8,13,9.5,16.25],"texture":"#1"},"south":{"uv":[8,13,8.5,16.25],"texture":"#1"},"west":{"uv":[8,13,9.5,16.25],"texture":"#1"},"up":{"uv":[8,13,8.5,14.5],"texture":"#1"},"down":{"uv":[8,13,8.5,14.5],"texture":"#1"}}},{"name":"stick3","from":[7.75,4.75,7.25],"to":[8.25,7.75,8.75],"faces":{"north":{"uv":[8,13,8.5,16.25],"texture":"#1"},"east":{"uv":[8,13,9.5,16.25],"texture":"#1"},"south":{"uv":[8,13,8.5,16.25],"texture":"#1"},"west":{"uv":[8,13,9.5,16.25],"texture":"#1"},"up":{"uv":[8,13,8.5,14.5],"texture":"#1"},"down":{"uv":[8,13,8.5,14.5],"texture":"#1"}}},{"name":"stick3","from":[7.25,4.75,7.75],"to":[8.75,7.75,8.25],"rotation":{"angle":45,"axis":"y","origin":[8,3.75,8]},"faces":{"north":{"uv":[8,13,11.25,14.5],"rotation":90,"texture":"#1"},"east":{"uv":[8,13,11.25,13.5],"rotation":90,"texture":"#1"},"south":{"uv":[8,13,11.25,14.5],"rotation":90,"texture":"#1"},"west":{"uv":[8,13,11.25,13.5],"rotation":90,"texture":"#1"},"up":{"uv":[8,13,8.5,14.5],"rotation":90,"texture":"#1"},"down":{"uv":[8,13,8.5,14.5],"rotation":90,"texture":"#1"}}},{"name":"stick3","from":[7.25,4.75,7.75],"to":[8.75,7.75,8.25],"faces":{"north":{"uv":[8,13,11.25,14.5],"rotation":90,"texture":"#1"},"east":{"uv":[8,13,11.25,13.5],"rotation":90,"texture":"#1"},"south":{"uv":[8,13,11.25,14.5],"rotation":90,"texture":"#1"},"west":{"uv":[8,13,11.25,13.5],"rotation":90,"texture":"#1"},"up":{"uv":[8,13,8.5,14.5],"rotation":90,"texture":"#1"},"down":{"uv":[8,13,8.5,14.5],"rotation":90,"texture":"#1"}}},{"name":"stick1","from":[7,9,7.5],"to":[9,10,8.5],"rotation":{"angle":45,"axis":"y","origin":[8,7,8]},"faces":{"north":{"uv":[8,8,16,12],"rotation":90,"texture":"#1"},"east":{"uv":[8,8,16,12],"rotation":90,"texture":"#1"},"south":{"uv":[8,8,16,12],"rotation":90,"texture":"#1"},"west":{"uv":[8,8,16,12],"rotation":90,"texture":"#1"},"up":{"uv":[8,8,16,12],"rotation":90,"texture":"#1"},"down":{"uv":[8,8,16,12],"rotation":90,"texture":"#1"}}},{"name":"stick1","from":[7,9.25,7.5],"to":[9,10,8.5],"faces":{"north":{"uv":[8,8,16,12],"rotation":90,"texture":"#1"},"east":{"uv":[8,8,16,12],"rotation":90,"texture":"#1"},"south":{"uv":[8,8,16,12],"rotation":90,"texture":"#1"},"west":{"uv":[8,8,16,12],"rotation":90,"texture":"#1"},"up":{"uv":[8,8,16,12],"rotation":90,"texture":"#1"},"down":{"uv":[8,8,16,12],"rotation":90,"texture":"#1"}}},{"name":"stick1","from":[7.5,9,7],"to":[8.5,10,9],"rotation":{"angle":45,"axis":"y","origin":[8,7,8]},"faces":{"north":{"uv":[8,8,16,12],"texture":"#1"},"east":{"uv":[8,8,16,12],"texture":"#1"},"south":{"uv":[8,8,16,12],"texture":"#1"},"west":{"uv":[8,8,16,12],"texture":"#1"},"up":{"uv":[8,8,16,12],"texture":"#1"},"down":{"uv":[8,8,16,12],"texture":"#1"}}},{"name":"stick1","from":[7.5,9.25,7],"to":[8.5,10,9],"faces":{"north":{"uv":[8,8,16,12],"texture":"#1"},"east":{"uv":[8,8,16,12],"texture":"#1"},"south":{"uv":[8,8,16,12],"texture":"#1"},"west":{"uv":[8,8,16,12],"texture":"#1"},"up":{"uv":[8,8,16,12],"texture":"#1"},"down":{"uv":[8,8,16,12],"texture":"#1"}}},{"from":[7,10,8],"to":[9,28,8.01],"rotation":{"angle":-45,"axis":"y","origin":[8,19,8]},"faces":{"north":{"uv":[7,5,8,6],"texture":"#0"},"east":{"uv":[7,5,8,6],"texture":"#0"},"south":{"uv":[7,5,8,6],"texture":"#0"},"west":{"uv":[7,5,8,6],"texture":"#0"},"up":{"uv":[7,5,8,6],"texture":"#0"},"down":{"uv":[7,5,8,6],"texture":"#0"}}},{"from":[7,10,8],"to":[9,28,8.01],"rotation":{"angle":45,"axis":"y","origin":[8,19,8]},"faces":{"north":{"uv":[7,5,8,6],"texture":"#0"},"east":{"uv":[7,5,8,6],"texture":"#0"},"south":{"uv":[7,5,8,6],"texture":"#0"},"west":{"uv":[7,5,8,6],"texture":"#0"},"up":{"uv":[7,5,8,6],"texture":"#0"},"down":{"uv":[7,5,8,6],"texture":"#0"}}},{"from":[7,10,8],"to":[9,26,8.01],"faces":{"north":{"uv":[7,5,8,6],"texture":"#0"},"east":{"uv":[7,5,8,6],"texture":"#0"},"south":{"uv":[7,5,8,6],"texture":"#0"},"west":{"uv":[7,5,8,6],"texture":"#0"},"up":{"uv":[7,5,8,6],"texture":"#0"},"down":{"uv":[7,5,8,6],"texture":"#0"}}},{"from":[8,10,7],"to":[8.01,26,9],"faces":{"north":{"uv":[7,5,8,6],"texture":"#0"},"east":{"uv":[7,5,8,6],"texture":"#0"},"south":{"uv":[7,5,8,6],"texture":"#0"},"west":{"uv":[7,5,8,6],"texture":"#0"},"up":{"uv":[7,5,8,6],"texture":"#0"},"down":{"uv":[7,5,8,6],"texture":"#0"}}},{"name":"stick4","from":[7.75,8.5,7.25],"to":[8.25,9.5,8.75],"rotation":{"angle":45,"axis":"y","origin":[8,7.5,8]},"faces":{"north":{"uv":[8,13,8.5,16.25],"texture":"#1"},"east":{"uv":[8,13,9.5,16.25],"texture":"#1"},"south":{"uv":[8,13,8.5,16.25],"texture":"#1"},"west":{"uv":[8,13,9.5,16.25],"texture":"#1"},"up":{"uv":[8,13,8.5,14.5],"texture":"#1"},"down":{"uv":[8,13,8.5,14.5],"texture":"#1"}}},{"name":"stick4","from":[7.75,8.5,7.25],"to":[8.25,9.5,8.75],"rotation":{"angle":0,"axis":"y","origin":[8,11.75,8]},"faces":{"north":{"uv":[8,13,8.5,16.25],"texture":"#1"},"east":{"uv":[8,13,9.5,16.25],"texture":"#1"},"south":{"uv":[8,13,8.5,16.25],"texture":"#1"},"west":{"uv":[8,13,9.5,16.25],"texture":"#1"},"up":{"uv":[8,13,8.5,14.5],"texture":"#1"},"down":{"uv":[8,13,8.5,14.5],"texture":"#1"}}},{"name":"stick4","from":[7.25,8.5,7.75],"to":[8.75,9.5,8.25],"rotation":{"angle":45,"axis":"y","origin":[8,7.5,8]},"faces":{"north":{"uv":[8,13,11.25,14.5],"rotation":90,"texture":"#1"},"east":{"uv":[8,13,11.25,13.5],"rotation":90,"texture":"#1"},"south":{"uv":[8,13,11.25,14.5],"rotation":90,"texture":"#1"},"west":{"uv":[8,13,11.25,13.5],"rotation":90,"texture":"#1"},"up":{"uv":[8,13,8.5,14.5],"rotation":90,"texture":"#1"},"down":{"uv":[8,13,8.5,14.5],"rotation":90,"texture":"#1"}}},{"name":"stick4","from":[7.25,8.5,7.75],"to":[8.75,9.5,8.25],"rotation":{"angle":0,"axis":"y","origin":[8,11.75,8]},"faces":{"north":{"uv":[8,13,11.25,14.5],"rotation":90,"texture":"#1"},"east":{"uv":[8,13,11.25,13.5],"rotation":90,"texture":"#1"},"south":{"uv":[8,13,11.25,14.5],"rotation":90,"texture":"#1"},"west":{"uv":[8,13,11.25,13.5],"rotation":90,"texture":"#1"},"up":{"uv":[8,13,8.5,14.5],"rotation":90,"texture":"#1"},"down":{"uv":[8,13,8.5,14.5],"rotation":90,"texture":"#1"}}},{"name":"stick5","from":[7.75,7.75,7.5],"to":[8.25,8.75,8.5],"rotation":{"angle":45,"axis":"y","origin":[8,6.75,8]},"faces":{"north":{"uv":[1,12,1.5,15.25],"texture":"#1"},"east":{"uv":[1,12,1.5,15.25],"texture":"#1"},"south":{"uv":[1,12,1.5,15.25],"texture":"#1"},"west":{"uv":[1,12,1.5,15.25],"texture":"#1"},"up":{"uv":[1,12,1.5,15.25],"texture":"#1"},"down":{"uv":[1,12,1.5,15.25],"texture":"#1"}}},{"name":"stick5","from":[7.75,7.75,7.5],"to":[8.25,8.75,8.5],"rotation":{"angle":0,"axis":"y","origin":[8,11,8]},"faces":{"north":{"uv":[1,12,1.5,15.25],"texture":"#1"},"east":{"uv":[1,12,1.5,15.25],"texture":"#1"},"south":{"uv":[1,12,1.5,15.25],"texture":"#1"},"west":{"uv":[1,12,1.5,15.25],"texture":"#1"},"up":{"uv":[1,12,1.5,15.25],"texture":"#1"},"down":{"uv":[1,12,1.5,15.25],"texture":"#1"}}},{"name":"stick5","from":[7.5,7.75,7.75],"to":[8.5,8.75,8.25],"rotation":{"angle":45,"axis":"y","origin":[8,6.75,8]},"faces":{"north":{"uv":[1,12,1.5,15.25],"rotation":90,"texture":"#1"},"east":{"uv":[1,12,1.5,15.25],"rotation":90,"texture":"#1"},"south":{"uv":[1,12,1.5,15.25],"rotation":90,"texture":"#1"},"west":{"uv":[1,12,1.5,15.25],"rotation":90,"texture":"#1"},"up":{"uv":[1,12,1.5,15.25],"rotation":90,"texture":"#1"},"down":{"uv":[1,12,1.5,15.25],"rotation":90,"texture":"#1"}}},{"name":"stick5","from":[7.5,7.75,7.75],"to":[8.5,8.75,8.25],"rotation":{"angle":0,"axis":"y","origin":[8,11,8]},"faces":{"north":{"uv":[1,12,1.5,15.25],"rotation":90,"texture":"#1"},"east":{"uv":[1,12,1.5,15.25],"rotation":90,"texture":"#1"},"south":{"uv":[1,12,1.5,15.25],"rotation":90,"texture":"#1"},"west":{"uv":[1,12,1.5,15.25],"rotation":90,"texture":"#1"},"up":{"uv":[1,12,1.5,15.25],"rotation":90,"texture":"#1"},"down":{"uv":[1,12,1.5,15.25],"rotation":90,"texture":"#1"}}}],"display":{"gui":{"rotation":[12,18,-50],"translation":[-4.5,-4,-7],"scale":[1,0.8,1]},"fixed":{"rotation":[-97,48,88],"translation":[3.5,-6.5,-0.75]}},"groups":[{"name":"group","origin":[8,8,8],"children":[0,1,2,3]},{"name":"group","origin":[8,8,8],"children":[4,5,6,7]},{"name":"group","origin":[8,8,8],"children":[8,9,10,11]},{"name":"group","origin":[8,8,8],"children":[12,13,14,15]},{"name":"group","origin":[8,8,8],"children":[16,17,18,19]},{"name":"group","origin":[8,8,8],"children":[20,21,22,23]}]}