{
	"credit": "Made with Blockbench",
	"texture_size": [64, 64],
	"textures": {
		"0": "politmine/item/weapons/textures/fusil_1917",
		"particle": "politmine/item/weapons/textures/fusil_1917"
	},
	"elements": [
		{
			"from": [7.05, 6.25, 5.65],
			"to": [8.95, 8.5, 12],
			"faces": {
				"north": {"uv": [9.5, 9.5, 9.75, 10.25], "texture": "#0"},
				"east": {"uv": [7, 9.5, 9.375, 10.25], "texture": "#0"},
				"south": {"uv": [12.25, 9.5, 12.5, 10.25], "texture": "#0"},
				"west": {"uv": [9.875, 9.5, 12.25, 10.25], "texture": "#0"},
				"up": {"uv": [9.75, 9.375, 9.5, 7], "texture": "#0"},
				"down": {"uv": [10, 7, 9.75, 9.375], "texture": "#0"}
			}
		},
		{
			"from": [7.1, 6.55, -7.75],
			"to": [8.9, 8.5, 4.95],
			"rotation": {"angle": 0, "axis": "y", "origin": [0, 0, -0.5]},
			"faces": {
				"north": {"uv": [7.5, 2.75, 7.75, 3.25], "texture": "#0"},
				"east": {"uv": [4.75, 2.75, 7.5, 3.25], "texture": "#0"},
				"south": {"uv": [10.5, 2.75, 10.75, 3.25], "texture": "#0"},
				"west": {"uv": [7.75, 2.75, 10.5, 3.25], "texture": "#0"},
				"up": {"uv": [7.75, 2.75, 7.5, 0], "texture": "#0"},
				"down": {"uv": [8, 0, 7.75, 2.75], "texture": "#0"}
			}
		},
		{
			"from": [7.5, 8, 13.5],
			"to": [8.5, 9, 20.7],
			"faces": {
				"north": {"uv": [1.75, 1.75, 2, 2], "texture": "#0"},
				"east": {"uv": [0, 1.75, 1.75, 2], "texture": "#0"},
				"south": {"uv": [3.75, 1.75, 4, 2], "texture": "#0"},
				"west": {"uv": [2, 1.75, 3.75, 2], "texture": "#0"},
				"up": {"uv": [2, 1.75, 1.75, 0], "texture": "#0"},
				"down": {"uv": [2.25, 0, 2, 1.75], "texture": "#0"}
			}
		},
		{
			"from": [7.5, 8, 6.7],
			"to": [8.5, 8.9, 11],
			"faces": {
				"north": {"uv": [6, 1.5, 6.25, 1.75], "texture": "#0"},
				"east": {"uv": [5.75, 1.5, 6.75, 1.75], "texture": "#0"},
				"south": {"uv": [6.5, 1.5, 6.75, 1.75], "texture": "#0"},
				"west": {"uv": [5.75, 1.5, 6.75, 1.75], "texture": "#0"},
				"up": {"uv": [6.25, 1.5, 6, 1.25], "texture": "#0"},
				"down": {"uv": [6.5, 1.25, 6.25, 1.5], "texture": "#0"}
			}
		},
		{
			"from": [9.5, 17.4, 5.4],
			"to": [10, 18.4, 6.4],
			"rotation": {"angle": 45, "axis": "x", "origin": [0, 0, 0]},
			"faces": {
				"north": {"uv": [3.5, 6, 3.75, 6.25], "texture": "#0"},
				"east": {"uv": [3.25, 6, 3.5, 6.25], "texture": "#0"},
				"south": {"uv": [4, 6, 4.25, 6.25], "texture": "#0"},
				"west": {"uv": [3.75, 6, 4, 6.25], "texture": "#0"},
				"up": {"uv": [3.75, 6, 3.5, 5.75], "texture": "#0"},
				"down": {"uv": [4, 5.75, 3.75, 6], "texture": "#0"}
			}
		},
		{
			"from": [7.5, 8, -16],
			"to": [8.5, 9, 0.4],
			"rotation": {"angle": 0, "axis": "y", "origin": [0, 0, -0.5]},
			"faces": {
				"north": {"uv": [4.25, 4.25, 4.5, 4.5], "texture": "#0"},
				"east": {"uv": [0, 4.25, 4.25, 4.5], "texture": "#0"},
				"south": {"uv": [8.75, 4.25, 9, 4.5], "texture": "#0"},
				"west": {"uv": [4.5, 4.25, 8.75, 4.5], "texture": "#0"},
				"up": {"uv": [4.5, 4.25, 4.25, 0], "texture": "#0"},
				"down": {"uv": [4.75, 0, 4.5, 4.25], "texture": "#0"}
			}
		},
		{
			"from": [8, 7.95, 2.95],
			"to": [8.909, 8.25, 5],
			"faces": {
				"north": {"uv": [3.75, 5.5, 4, 5.75], "texture": "#0"},
				"east": {"uv": [3.25, 5.5, 3.75, 5.75], "texture": "#0"},
				"south": {"uv": [4.5, 5.5, 4.75, 5.75], "texture": "#0"},
				"west": {"uv": [4, 5.5, 4.5, 5.75], "texture": "#0"},
				"up": {"uv": [4, 5.5, 3.75, 5], "texture": "#0"},
				"down": {"uv": [4.25, 5, 4, 5.5], "texture": "#0"}
			}
		},
		{
			"from": [7.2, 7.95, -7.74],
			"to": [8.8, 9.05, -6.54],
			"rotation": {"angle": 0, "axis": "y", "origin": [0, 0, -0.5]},
			"faces": {
				"north": {"uv": [1.25, 6, 1.5, 6.25], "texture": "#0"},
				"east": {"uv": [1, 6, 1.25, 6.25], "texture": "#0"},
				"south": {"uv": [1.75, 6, 2, 6.25], "texture": "#0"},
				"west": {"uv": [1.5, 6, 1.75, 6.25], "texture": "#0"},
				"up": {"uv": [1.5, 6, 1.25, 5.75], "texture": "#0"},
				"down": {"uv": [1.75, 5.75, 1.5, 6], "texture": "#0"}
			}
		},
		{
			"from": [7.75, 13.15, -10.55],
			"to": [8.25, 14.15, -9.55],
			"rotation": {"angle": -22.5, "axis": "x", "origin": [0, 0, -0.5]},
			"faces": {
				"north": {"uv": [5, 0.75, 5.25, 1], "texture": "#0"},
				"east": {"uv": [4.75, 0.75, 5, 1], "texture": "#0"},
				"south": {"uv": [5.5, 0.75, 5.75, 1], "texture": "#0"},
				"west": {"uv": [5.25, 0.75, 5.5, 1], "texture": "#0"},
				"up": {"uv": [5, 0.75, 5.25, 0.5], "texture": "#0"},
				"down": {"uv": [5.25, 0.5, 5.5, 0.75], "texture": "#0"}
			}
		},
		{
			"from": [7.75, 8.45, 7],
			"to": [8.25, 9.25, 9.3],
			"faces": {
				"north": {"uv": [5.75, 1, 6, 1.25], "texture": "#0"},
				"east": {"uv": [4.75, 1, 5.75, 1.25], "texture": "#0"},
				"south": {"uv": [7, 1, 7.25, 1.25], "texture": "#0"},
				"west": {"uv": [6, 1, 7, 1.25], "texture": "#0"},
				"up": {"uv": [6, 1, 5.75, 0], "texture": "#0"},
				"down": {"uv": [6.25, 0, 6, 1], "texture": "#0"}
			}
		},
		{
			"from": [7.7, 8.9, 8.25],
			"to": [8.3, 9.65, 9.05],
			"rotation": {"angle": -45, "axis": "x", "origin": [8, 9.65, 9.5]},
			"faces": {
				"north": {"uv": [5, 0.25, 5.25, 0.5], "texture": "#0"},
				"east": {"uv": [4.75, 0.25, 5, 0.5], "texture": "#0"},
				"south": {"uv": [5.5, 0.25, 5.75, 0.5], "texture": "#0"},
				"west": {"uv": [5.25, 0.25, 5.5, 0.5], "texture": "#0"},
				"up": {"uv": [5.25, 0.25, 5, 0], "texture": "#0"},
				"down": {"uv": [5.5, 0, 5.25, 0.25], "texture": "#0"}
			}
		},
		{
			"from": [7.05, 6.25, 12],
			"to": [8.95, 8.5, 13.5],
			"faces": {
				"north": {"uv": [5.25, 3.75, 5.5, 4], "texture": "#0"},
				"east": {"uv": [4.75, 3.75, 5.25, 4], "texture": "#0"},
				"south": {"uv": [6, 3.75, 6.25, 4], "texture": "#0"},
				"west": {"uv": [5.5, 3.75, 6, 4], "texture": "#0"},
				"up": {"uv": [5.5, 3.75, 5.25, 3.25], "texture": "#0"},
				"down": {"uv": [5.75, 3.25, 5.5, 3.75], "texture": "#0"}
			}
		},
		{
			"from": [8.15, 6.85, 5.6],
			"to": [9.05, 8.05, 13.6],
			"faces": {
				"north": {"uv": [12, 8.5, 12.25, 8.75], "texture": "#0"},
				"east": {"uv": [10.75, 8.375, 11.625, 8.75], "texture": "#0"},
				"south": {"uv": [13.5, 8.5, 13.75, 8.75], "texture": "#0"},
				"west": {"uv": [12.25, 8.5, 13.5, 8.75], "texture": "#0"},
				"up": {"uv": [12, 8.5, 12.25, 7.25], "texture": "#0"},
				"down": {"uv": [12.25, 7.25, 12.5, 8.5], "texture": "#0"}
			}
		},
		{
			"from": [7.75, 6.75, -9.75],
			"to": [8.25, 7.25, -7.25],
			"rotation": {"angle": 0, "axis": "y", "origin": [0, 0, -0.5]},
			"faces": {
				"north": {"uv": [1, 5.5, 1.25, 5.75], "texture": "#0"},
				"east": {"uv": [0, 5.5, 1, 5.75], "texture": "#0"},
				"south": {"uv": [2.25, 5.5, 2.5, 5.75], "texture": "#0"},
				"west": {"uv": [1.25, 5.5, 2.25, 5.75], "texture": "#0"},
				"up": {"uv": [1, 5.5, 1.25, 4.5], "texture": "#0"},
				"down": {"uv": [1.25, 4.5, 1.5, 5.5], "texture": "#0"}
			}
		},
		{
			"from": [8.5, 8.25, 16.55],
			"to": [9.75, 8.75, 17.05],
			"faces": {
				"north": {"uv": [2.5, 1.5, 3, 1.75], "texture": "#0"},
				"east": {"uv": [2.25, 1.5, 2.5, 1.75], "texture": "#0"},
				"south": {"uv": [3.25, 1.5, 3.75, 1.75], "texture": "#0"},
				"west": {"uv": [3, 1.5, 3.25, 1.75], "texture": "#0"},
				"up": {"uv": [3, 1.25, 2.5, 1.5], "texture": "#0"},
				"down": {"uv": [3.5, 1.25, 3, 1.5], "texture": "#0"}
			}
		},
		{
			"from": [7.2444, 6.25, 13.5],
			"to": [8.7444, 9.05, 20],
			"faces": {
				"north": {"uv": [1.5, 9, 2.5, 9.5], "texture": "#0"},
				"east": {"uv": [0, 9, 1.5, 9.5], "texture": "#0"},
				"south": {"uv": [3.25, 9.25, 3.5, 9.5], "texture": "#0"},
				"west": {"uv": [1.75, 9, 3.25, 9.5], "texture": "#0"},
				"up": {"uv": [1.5, 9.25, 1.75, 7.75], "texture": "#0"},
				"down": {"uv": [1.875, 7.75, 2, 9.25], "texture": "#0"}
			}
		},
		{
			"from": [7.09, 6.2, 4.8],
			"to": [8.91, 8.5, 5.9],
			"faces": {
				"north": {"uv": [3, 0.75, 3.25, 1.25], "texture": "#0"},
				"east": {"uv": [2.25, 0.75, 2.5, 1.25], "texture": "#0"},
				"south": {"uv": [4, 0.75, 4.25, 1.25], "texture": "#0"},
				"west": {"uv": [3.75, 0.75, 4, 1.25], "texture": "#0"},
				"up": {"uv": [3.375, 1, 3, 0.75], "texture": "#0"},
				"down": {"uv": [3.75, 1, 3.25, 1.25], "texture": "#0"}
			}
		},
		{
			"from": [7.26, 1.94272, 30.39731],
			"to": [8.74, 7.44272, 31.64731],
			"rotation": {"angle": 0, "axis": "y", "origin": [8, 7.94272, 8.39731]},
			"faces": {
				"north": {"uv": [0.25, 0.25, 0.5, 1.5], "texture": "#0"},
				"east": {"uv": [0, 0.25, 0.25, 1.5], "texture": "#0"},
				"south": {"uv": [0.75, 0.25, 1, 1.5], "texture": "#0"},
				"west": {"uv": [0.5, 0.25, 0.75, 1.5], "texture": "#0"},
				"up": {"uv": [0.5, 0.25, 0.25, 0], "texture": "#0"},
				"down": {"uv": [0.75, 0, 0.5, 0.25], "texture": "#0"}
			}
		},
		{
			"from": [7.26, 4.44272, 24.39731],
			"to": [8.74, 7.44272, 30.39731],
			"rotation": {"angle": 0, "axis": "y", "origin": [8, 7.44272, 9.39731]},
			"faces": {
				"north": {"uv": [1.5, 3.5, 1.75, 4.25], "texture": "#0"},
				"east": {"uv": [0, 3.5, 1.5, 4.25], "texture": "#0"},
				"south": {"uv": [3.25, 3.5, 3.5, 4.25], "texture": "#0"},
				"west": {"uv": [1.75, 3.5, 3.25, 4.25], "texture": "#0"},
				"up": {"uv": [1.75, 3.5, 1.5, 2], "texture": "#0"},
				"down": {"uv": [2, 2, 1.75, 3.5], "texture": "#0"}
			}
		},
		{
			"from": [7.26, 3.44272, 29.39731],
			"to": [8.74, 4.44272, 30.39731],
			"rotation": {"angle": 0, "axis": "y", "origin": [8, 7.44272, 9.39731]},
			"faces": {
				"north": {"uv": [0.25, 3.25, 0.5, 3.5], "texture": "#0"},
				"east": {"uv": [0, 3.25, 0.25, 3.5], "texture": "#0"},
				"south": {"uv": [0.75, 3.25, 1, 3.5], "texture": "#0"},
				"west": {"uv": [0.5, 3.25, 0.75, 3.5], "texture": "#0"},
				"up": {"uv": [0.5, 3.25, 0.25, 3], "texture": "#0"},
				"down": {"uv": [0.75, 3, 0.5, 3.25], "texture": "#0"}
			}
		},
		{
			"from": [7.265, 6.44272, 22.39731],
			"to": [8.735, 7.44272, 24.39731],
			"rotation": {"angle": -22.5, "axis": "x", "origin": [8, 7.44272, 24.39731]},
			"faces": {
				"north": {"uv": [5.25, 1.75, 5.5, 2], "texture": "#0"},
				"east": {"uv": [4.75, 1.75, 5.25, 2], "texture": "#0"},
				"south": {"uv": [6, 1.75, 6.25, 2], "texture": "#0"},
				"west": {"uv": [5.5, 1.75, 6, 2], "texture": "#0"},
				"up": {"uv": [5.5, 1.75, 5.25, 1.25], "texture": "#0"},
				"down": {"uv": [5.75, 1.25, 5.5, 1.75], "texture": "#0"}
			}
		},
		{
			"from": [7.24, 6, 19.75],
			"to": [8.76, 8, 32],
			"rotation": {"angle": 22.5, "axis": "x", "origin": [8, 8, 21]},
			"faces": {
				"north": {"uv": [2.75, 7.25, 3, 7.75], "texture": "#0"},
				"east": {"uv": [0, 7.25, 2.75, 7.75], "texture": "#0"},
				"south": {"uv": [5.75, 7.25, 6, 7.75], "texture": "#0"},
				"west": {"uv": [3, 7.25, 5.75, 7.75], "texture": "#0"},
				"up": {"uv": [3, 7.25, 2.75, 4.5], "texture": "#0"},
				"down": {"uv": [3.25, 4.5, 3, 7.25], "texture": "#0"}
			}
		},
		{
			"from": [7.75, 12, 14.25],
			"to": [8.25, 14, 17.25],
			"rotation": {"angle": 22.5, "axis": "x", "origin": [0, 0, 0]},
			"faces": {
				"north": {"uv": [2.75, 2.75, 3, 3.25], "texture": "#0"},
				"east": {"uv": [2, 2.75, 2.75, 3.25], "texture": "#0"},
				"south": {"uv": [3.75, 2.75, 4, 3.25], "texture": "#0"},
				"west": {"uv": [3, 2.75, 3.75, 3.25], "texture": "#0"},
				"up": {"uv": [2.75, 2.75, 3, 2], "texture": "#0"},
				"down": {"uv": [3, 2, 3.25, 2.75], "texture": "#0"}
			}
		},
		{
			"from": [7.75, 10.5, 9.5],
			"to": [8.5, 13, 13.25],
			"rotation": {"angle": 22.5, "axis": "x", "origin": [0, 0, -0.5]},
			"faces": {
				"north": {"uv": [3.875, 5, 4, 5.125], "texture": "#0"},
				"east": {"uv": [3.875, 5.125, 4, 5.25], "texture": "#0"},
				"south": {"uv": [3.875, 5.125, 4, 5.25], "texture": "#0"},
				"west": {"uv": [3.75, 5, 3.875, 5.125], "texture": "#0"},
				"up": {"uv": [3.75, 5, 3.875, 5.125], "texture": "#0"},
				"down": {"uv": [3.875, 5, 4, 5.125], "texture": "#0"}
			}
		},
		{
			"from": [7.25, 8.25, 11],
			"to": [8.75, 8.94, 13.55],
			"faces": {
				"north": {"uv": [1.5, 8.375, 1.875, 8.5725], "texture": "#0"},
				"east": {"uv": [1.125, 9.25, 2.05, 9.4475], "texture": "#0"},
				"south": {"uv": [1.5, 8.375, 1.875, 8.5725], "texture": "#0"},
				"west": {"uv": [1.125, 9.25, 2.05, 9.4475], "texture": "#0"},
				"up": {"uv": [1.5, 7.75, 2, 8.625], "texture": "#0"},
				"down": {"uv": [0, 0, 0.375, 0.925], "texture": "#0"}
			}
		},
		{
			"from": [7.1, 8.5, 0.4],
			"to": [8.9, 8.95, 6.9],
			"faces": {
				"north": {"uv": [6.625, 7.875, 7.075, 8.15], "texture": "#0"},
				"east": {"uv": [4.25, 7.875, 5.825, 8.15], "texture": "#0"},
				"south": {"uv": [6.375, 7.75, 6.825, 8.025], "texture": "#0"},
				"west": {"uv": [3.625, 7.875, 5.2, 8.15], "texture": "#0"},
				"up": {"uv": [6, 5.25, 6.45, 6.825], "texture": "#0"},
				"down": {"uv": [6.5, 5.25, 6.95, 6.825], "texture": "#0"}
			}
		}
	],
	"display": {
		"thirdperson_righthand": {
			"translation": [0, 1.25, -1],
			"scale": [0.75, 0.8, 0.8]
		},
		"thirdperson_lefthand": {
			"translation": [0, 1.25, -1],
			"scale": [0.75, 0.8, 0.8]
		},
		"firstperson_righthand": {
			"rotation": [0, 5, 12.5],
			"translation": [-6, 5.25, -5.25]
		},
		"firstperson_lefthand": {
			"rotation": [0, 5, 12.5],
			"translation": [-6, 5.25, -5.25]
		},
		"ground": {
			"translation": [0, -0.5, -1.5],
			"scale": [0.7, 0.7, 0.7]
		},
		"gui": {
			"rotation": [44, -52, 24],
			"translation": [1.5, 1.75, 0],
			"scale": [0.65, 0.65, 0.7]
		},
		"head": {
			"rotation": [89, -12, -87],
			"translation": [6, -14.75, 4.5],
			"scale": [1.3, 1.3, 1.3]
		},
		"fixed": {
			"rotation": [-70, 156, 94],
			"translation": [-6, 17.75, -0.75],
			"scale": [1.35, 1.25, 1.45]
		}
	},
	"groups": [
		{
			"name": "group",
			"origin": [0, 0, 0],
			"color": 0,
			"children": [0, 1, 2, 3, 4, 5, 6, 7, 8, 9, 10, 11, 12, 13, 14, 15, 16, 17, 18, 19, 20, 21, 22, 23, 24, 25]
		}
	]
}