{
	"credit": "Made with Blockbench",
	"texture_size": [128, 128],
	"textures": {
		"1": "politmine/item/weapons/textures/gewehr_1888",
		"particle": "politmine/item/weapons/textures/gewehr_1888"
	},
	"elements": [
		{
			"name": "main",
			"from": [7.5083, 4.1152, 5.4932],
			"to": [8.4917, 4.9864, 12.6984],
			"rotation": {"angle": 0, "axis": "y", "origin": [0, 0, 8]},
			"faces": {
				"north": {"uv": [7.5, 10, 8, 10.375], "texture": "#1"},
				"east": {"uv": [5.5, 4, 9.25, 4.375], "texture": "#1"},
				"south": {"uv": [10, 7, 10.5, 7.375], "texture": "#1"},
				"west": {"uv": [5.5, 3.5, 9.25, 3.875], "texture": "#1"},
				"up": {"uv": [3, 4, 3.5, 7.75], "texture": "#1"},
				"down": {"uv": [3.5, 7.75, 4, 4], "texture": "#1"}
			}
		},
		{
			"name": "main",
			"from": [7.5083, 3.8002, 13.0984],
			"to": [8.4917, 5.0564, 20.5036],
			"rotation": {"angle": 0, "axis": "y", "origin": [0, 0, 8]},
			"faces": {
				"north": {"uv": [8.5, 7, 9, 7.75], "texture": "#1"},
				"east": {"uv": [0, 3, 3.75, 3.75], "texture": "#1"},
				"south": {"uv": [2.5, 8.5, 3, 9.25], "texture": "#1"},
				"west": {"uv": [0, 2, 3.75, 2.75], "texture": "#1"},
				"up": {"uv": [4, 3.5, 4.5, 7.25], "texture": "#1"},
				"down": {"uv": [4.5, 7.25, 5, 3.5], "texture": "#1"}
			}
		},
		{
			"name": "main",
			"from": [7.5093, 4.04829, 20.23426],
			"to": [8.4907, 5.22749, 23.98746],
			"rotation": {"angle": 22.5, "axis": "x", "origin": [8, 4.46289, 19.93586]},
			"faces": {
				"north": {"uv": [8.5, 8.5, 9, 9.25], "texture": "#1"},
				"east": {"uv": [6, 4.5, 7.375, 5.25], "texture": "#1"},
				"south": {"uv": [8, 8.5, 8.5, 9.25], "texture": "#1"},
				"west": {"uv": [6, 2, 7.375, 2.75], "texture": "#1"},
				"up": {"uv": [4, 7.5, 4.5, 8.875], "texture": "#1"},
				"down": {"uv": [4.5, 8.875, 5, 7.5], "texture": "#1"}
			}
		},
		{
			"name": "main",
			"from": [7.5083, 3.12565, 22.17072],
			"to": [8.4917, 4.35685, 29.10092],
			"rotation": {"angle": 0, "axis": "y", "origin": [0, 0.1, 7.4]},
			"faces": {
				"north": {"uv": [0, 8.5, 0.5, 9.5], "texture": "#1"},
				"east": {"uv": [0, 1, 4.125, 2], "texture": "#1"},
				"south": {"uv": [7, 1, 7.5, 2], "texture": "#1"},
				"west": {"uv": [0, 0, 4.125, 1], "texture": "#1"},
				"up": {"uv": [0, 4, 0.5, 8.125], "texture": "#1"},
				"down": {"uv": [0.5, 8.125, 1, 4], "texture": "#1"}
			}
		},
		{
			"name": "main",
			"from": [7.5083, 1.36945, 26.34572],
			"to": [8.4917, 3.12565, 29.10092],
			"rotation": {"angle": 0, "axis": "y", "origin": [0, 0.1, 7.4]},
			"faces": {
				"north": {"uv": [1.5, 8.5, 2, 9.5], "texture": "#1"},
				"east": {"uv": [4.5, 1, 6.375, 2], "texture": "#1"},
				"south": {"uv": [0.5, 8.5, 1, 9.5], "texture": "#1"},
				"west": {"uv": [4.5, 0, 6.375, 1], "texture": "#1"},
				"up": {"uv": [6, 5.5, 6.5, 7.375], "texture": "#1"},
				"down": {"uv": [6.5, 1.875, 7, 0], "texture": "#1"}
			}
		},
		{
			"name": "main",
			"from": [7.5093, 1.75742, 23.57853],
			"to": [8.4907, 3.58662, 26.68173],
			"rotation": {"angle": 22.5, "axis": "x", "origin": [8, 2.24702, 25.58013]},
			"faces": {
				"north": {"uv": [6, 7.5, 6.5, 8.75], "texture": "#1"},
				"east": {"uv": [4, 2, 5.625, 3.25], "texture": "#1"},
				"south": {"uv": [5, 7.5, 5.5, 8.75], "texture": "#1"},
				"west": {"uv": [1, 4, 2.625, 5.25], "texture": "#1"},
				"up": {"uv": [7, 7, 7.5, 8.625], "texture": "#1"},
				"down": {"uv": [7.5, 2.625, 8, 1], "texture": "#1"}
			}
		},
		{
			"name": "main",
			"from": [7.50962, 3.72779, 12.48196],
			"to": [8.49038, 4.26635, 13.77952],
			"rotation": {"angle": 22.5, "axis": "x", "origin": [8, 5.14957, 13.61324]},
			"faces": {
				"north": {"uv": [10.5, 11, 11, 11.25], "rotation": 180, "texture": "#1"},
				"east": {"uv": [10.5, 4.5, 11.125, 4.75], "rotation": 180, "texture": "#1"},
				"south": {"uv": [11, 10.5, 11.5, 10.75], "rotation": 180, "texture": "#1"},
				"west": {"uv": [3.5, 10.5, 4.125, 10.75], "rotation": 180, "texture": "#1"},
				"up": {"uv": [5, 9.625, 5.5, 9], "texture": "#1"},
				"down": {"uv": [4.5, 9, 5, 9.625], "texture": "#1"}
			}
		},
		{
			"name": "main",
			"from": [7.5083, 4.1152, 0.466],
			"to": [8.4917, 4.9864, 5.0576],
			"rotation": {"angle": 0, "axis": "y", "origin": [0, 0, 8]},
			"faces": {
				"north": {"uv": [10.5, 0, 11, 0.375], "texture": "#1"},
				"east": {"uv": [6.5, 6.5, 8.875, 6.875], "texture": "#1"},
				"south": {"uv": [0, 10.5, 0.5, 10.875], "texture": "#1"},
				"west": {"uv": [6.5, 6, 8.875, 6.375], "texture": "#1"},
				"up": {"uv": [1.5, 5.5, 2, 7.875], "texture": "#1"},
				"down": {"uv": [2, 7.875, 2.5, 5.5], "texture": "#1"}
			}
		},
		{
			"name": "main",
			"from": [7.5083, 4.1152, -1.2962],
			"to": [8.4917, 5.0524, 0.0304],
			"rotation": {"angle": 0, "axis": "y", "origin": [0, 0, 8]},
			"faces": {
				"north": {"uv": [9, 9.5, 9.5, 10], "texture": "#1"},
				"east": {"uv": [9, 6.5, 9.625, 7], "texture": "#1"},
				"south": {"uv": [9.5, 8.5, 10, 9], "texture": "#1"},
				"west": {"uv": [9, 6, 9.625, 6.5], "texture": "#1"},
				"up": {"uv": [6, 9, 6.5, 9.625], "texture": "#1"},
				"down": {"uv": [7, 9.625, 7.5, 9], "texture": "#1"}
			}
		},
		{
			"name": "main",
			"from": [7.7063, 4.6102, -3.6062],
			"to": [8.2937, 5.1844, -1.2896],
			"rotation": {"angle": 0, "axis": "y", "origin": [0, 0, 8]},
			"faces": {
				"north": {"uv": [12, 2, 12.25, 2.25], "texture": "#1"},
				"east": {"uv": [2, 9.5, 3.125, 9.75], "texture": "#1"},
				"south": {"uv": [2, 12, 2.25, 12.25], "texture": "#1"},
				"west": {"uv": [9.5, 1, 10.625, 1.25], "texture": "#1"},
				"up": {"uv": [8, 9.5, 8.25, 10.625], "texture": "#1"},
				"down": {"uv": [8.5, 10.625, 8.75, 9.5], "texture": "#1"}
			}
		},
		{
			"name": "main",
			"from": [7.9063, 4.3102, -2.0062],
			"to": [8.0937, 4.4844, -0.3896],
			"rotation": {"angle": 0, "axis": "y", "origin": [0, 0, 8]},
			"faces": {
				"north": {"uv": [12, 2, 12.25, 2.25], "texture": "#1"},
				"east": {"uv": [2, 9.5, 3.125, 9.75], "texture": "#1"},
				"south": {"uv": [2, 12, 2.25, 12.25], "texture": "#1"},
				"west": {"uv": [9.5, 1, 10.625, 1.25], "texture": "#1"},
				"up": {"uv": [8, 9.5, 8.25, 10.625], "texture": "#1"},
				"down": {"uv": [8.5, 10.625, 8.75, 9.5], "texture": "#1"}
			}
		},
		{
			"name": "main",
			"from": [7.6403, 4.5442, -2.9132],
			"to": [8.3597, 5.2504, -2.0816],
			"rotation": {"angle": 0, "axis": "y", "origin": [0, 0, 8]},
			"faces": {
				"north": {"uv": [11, 1.5, 11.375, 1.875], "texture": "#1"},
				"east": {"uv": [2, 11, 2.375, 11.375], "texture": "#1"},
				"south": {"uv": [1, 11, 1.375, 11.375], "texture": "#1"},
				"west": {"uv": [11, 1, 11.375, 1.375], "texture": "#1"},
				"up": {"uv": [11, 2, 11.375, 2.375], "texture": "#1"},
				"down": {"uv": [2.5, 11.375, 2.875, 11], "texture": "#1"}
			}
		},
		{
			"name": "main",
			"from": [7.8403, 4.2442, -1.9132],
			"to": [8.1597, 4.5504, -1.6816],
			"rotation": {"angle": 0, "axis": "y", "origin": [0, 0, 8]},
			"faces": {
				"north": {"uv": [11, 1.5, 11.375, 1.875], "texture": "#1"},
				"east": {"uv": [2, 11, 2.375, 11.375], "texture": "#1"},
				"south": {"uv": [1, 11, 1.375, 11.375], "texture": "#1"},
				"west": {"uv": [11, 1, 11.375, 1.375], "texture": "#1"},
				"up": {"uv": [11, 2, 11.375, 2.375], "texture": "#1"},
				"down": {"uv": [2.5, 11.375, 2.875, 11], "texture": "#1"}
			}
		},
		{
			"name": "main",
			"from": [7.8053, 5.2504, -2.9132],
			"to": [8.1947, 5.6266, -2.4116],
			"rotation": {"angle": 0, "axis": "y", "origin": [0, 0, 8]},
			"faces": {
				"north": {"uv": [3, 12, 3.25, 12.25], "texture": "#1"},
				"east": {"uv": [3.5, 12, 3.75, 12.25], "texture": "#1"},
				"south": {"uv": [2.5, 12, 2.75, 12.25], "texture": "#1"},
				"west": {"uv": [12, 2.5, 12.25, 2.75], "texture": "#1"},
				"up": {"uv": [12, 3.5, 12.25, 3.75], "texture": "#1"},
				"down": {"uv": [4, 12.25, 4.25, 12], "texture": "#1"}
			}
		},
		{
			"name": "main",
			"from": [7.8053, 5.4504, 13.3868],
			"to": [8.1947, 5.8266, 13.8884],
			"rotation": {"angle": 0, "axis": "y", "origin": [0, -0.2, 8]},
			"faces": {
				"north": {"uv": [3, 12, 3.25, 12.25], "texture": "#1"},
				"east": {"uv": [3.5, 12, 3.75, 12.25], "texture": "#1"},
				"south": {"uv": [2.5, 12, 2.75, 12.25], "texture": "#1"},
				"west": {"uv": [12, 2.5, 12.25, 2.75], "texture": "#1"},
				"up": {"uv": [12, 3.5, 12.25, 3.75], "texture": "#1"},
				"down": {"uv": [4, 12.25, 4.25, 12], "texture": "#1"}
			}
		},
		{
			"name": "main",
			"from": [7.80662, 5.50672, -2.51675],
			"to": [8.19338, 6.00568, -2.30819],
			"rotation": {"angle": -22.5, "axis": "x", "origin": [8, 5.7562, -2.41247]},
			"faces": {
				"north": {"uv": [12, 4.5, 12.25, 4.75], "texture": "#1"},
				"east": {"uv": [6.5, 12.5, 6.625, 12.75], "texture": "#1"},
				"south": {"uv": [12, 4, 12.25, 4.25], "texture": "#1"},
				"west": {"uv": [12.5, 6, 12.625, 6.25], "texture": "#1"},
				"up": {"uv": [12.5, 6.5, 12.75, 6.625], "texture": "#1"},
				"down": {"uv": [7, 12.625, 7.25, 12.5], "texture": "#1"}
			}
		},
		{
			"name": "main",
			"from": [7.80662, -0.89328, 12.58325],
			"to": [8.19338, -0.39432, 12.79181],
			"rotation": {"angle": -22.5, "axis": "x", "origin": [8, 5.5562, -2.41247]},
			"faces": {
				"north": {"uv": [12, 4.5, 12.25, 4.75], "texture": "#1"},
				"east": {"uv": [6.5, 12.5, 6.625, 12.75], "texture": "#1"},
				"south": {"uv": [12, 4, 12.25, 4.25], "texture": "#1"},
				"west": {"uv": [12.5, 6, 12.625, 6.25], "texture": "#1"},
				"up": {"uv": [12.5, 6.5, 12.75, 6.625], "texture": "#1"},
				"down": {"uv": [7, 12.625, 7.25, 12.5], "texture": "#1"}
			}
		},
		{
			"name": "main",
			"from": [7.5743, 4.9798, -1.2962],
			"to": [8.4257, 5.356, 0.0304],
			"rotation": {"angle": 0, "axis": "y", "origin": [0, 0, 8]},
			"faces": {
				"north": {"uv": [11.5, 4, 11.875, 4.25], "texture": "#1"},
				"east": {"uv": [10.5, 5.5, 11.125, 5.75], "texture": "#1"},
				"south": {"uv": [11.5, 3.5, 11.875, 3.75], "texture": "#1"},
				"west": {"uv": [10.5, 5, 11.125, 5.25], "texture": "#1"},
				"up": {"uv": [4.5, 10, 4.875, 10.625], "texture": "#1"},
				"down": {"uv": [5, 10.625, 5.375, 10], "texture": "#1"}
			}
		},
		{
			"name": "main",
			"from": [7.5083, 4.9864, 0.4766],
			"to": [8.4917, 5.422, 12.7068],
			"rotation": {"angle": 0, "axis": "y", "origin": [0, 0, 8]},
			"faces": {
				"north": {"uv": [11.5, 0, 12, 0.25], "texture": "#1"},
				"east": {"uv": [6, 3, 9.75, 3.25], "texture": "#1"},
				"south": {"uv": [0.5, 11.5, 1, 11.75], "texture": "#1"},
				"west": {"uv": [6.5, 5.5, 10.25, 5.75], "texture": "#1"},
				"up": {"uv": [5, 3.5, 5.5, 7.25], "rotation": 180, "texture": "#1"},
				"down": {"uv": [1, 9.25, 1.5, 5.5], "rotation": 180, "texture": "#1"}
			}
		},
		{
			"name": "main",
			"from": [7.5083, 4.1152, 12.7076],
			"to": [8.4917, 5.422, 13.0932],
			"rotation": {"angle": 0, "axis": "y", "origin": [0, 0, 8]},
			"faces": {
				"north": {"uv": [9, 8.5, 9.5, 9.125], "texture": "#1"},
				"east": {"uv": [6.5, 10.5, 6.75, 11.125], "texture": "#1"},
				"south": {"uv": [9, 7, 9.5, 7.625], "texture": "#1"},
				"west": {"uv": [5.5, 10.5, 5.75, 11.125], "texture": "#1"},
				"up": {"uv": [11.5, 0.5, 12, 0.75], "texture": "#1"},
				"down": {"uv": [1, 11.75, 1.5, 11.5], "texture": "#1"}
			}
		},
		{
			"name": "main",
			"from": [7.5083, 4.1152, 5.0576],
			"to": [8.4917, 4.997, 5.4932],
			"rotation": {"angle": 0, "axis": "y", "origin": [0, 0, 8]},
			"faces": {
				"north": {"uv": [9, 8.5, 9.5, 9.125], "texture": "#1"},
				"east": {"uv": [6.5, 10.5, 6.75, 11.125], "texture": "#1"},
				"south": {"uv": [9, 7, 9.5, 7.625], "texture": "#1"},
				"west": {"uv": [5.5, 10.5, 5.75, 11.125], "texture": "#1"},
				"up": {"uv": [11.5, 0.5, 12, 0.75], "texture": "#1"},
				"down": {"uv": [1, 11.75, 1.5, 11.5], "texture": "#1"}
			}
		},
		{
			"name": "main",
			"from": [7.5083, 4.1152, 0.0304],
			"to": [8.4917, 5.422, 0.466],
			"rotation": {"angle": 0, "axis": "y", "origin": [0, 0, 8]},
			"faces": {
				"north": {"uv": [0.5, 9.5, 1, 10.125], "texture": "#1"},
				"east": {"uv": [9, 10.5, 9.25, 11.125], "texture": "#1"},
				"south": {"uv": [0, 9.5, 0.5, 10.125], "texture": "#1"},
				"west": {"uv": [7.5, 10.5, 7.75, 11.125], "texture": "#1"},
				"up": {"uv": [11.5, 1, 12, 1.25], "texture": "#1"},
				"down": {"uv": [1.5, 11.75, 2, 11.5], "texture": "#1"}
			}
		},
		{
			"name": "muzzleflash",
			"from": [7.99, 5.35, -3.65],
			"to": [7.99, 5.35, -3.65],
			"rotation": {"angle": 0, "axis": "y", "origin": [0, 0, 8]},
			"faces": {
				"north": {"uv": [14.5, 10, 15.125, 10.625], "texture": "#1"},
				"east": {"uv": [13.5, 14, 14.25, 14.625], "texture": "#1"},
				"south": {"uv": [14.5, 11, 15.125, 11.625], "texture": "#1"},
				"west": {"uv": [14.5, 0, 15.25, 0.625], "texture": "#1"},
				"up": {"uv": [15.125, 5.25, 14.5, 4.5], "texture": "#1"},
				"down": {"uv": [6.625, 14.5, 6, 15.25], "texture": "#1"}
			}
		},
		{
			"name": "group",
			"from": [7.5413, 5.0498, 13.0984],
			"to": [8.4587, 5.457, 14.0686],
			"rotation": {"angle": 0, "axis": "y", "origin": [0, 0, 8]},
			"faces": {
				"north": {"uv": [11, 3, 11.5, 3.25], "texture": "#1"},
				"east": {"uv": [3.5, 11, 4, 11.25], "texture": "#1"},
				"south": {"uv": [11, 2.5, 11.5, 2.75], "texture": "#1"},
				"west": {"uv": [3, 11, 3.5, 11.25], "texture": "#1"},
				"up": {"uv": [9.5, 2, 10, 2.5], "texture": "#1"},
				"down": {"uv": [9.5, 3, 10, 2.5], "texture": "#1"}
			}
		},
		{
			"name": "group",
			"from": [7.6073, 5.0498, 14.0686],
			"to": [8.3927, 5.391, 17.3488],
			"rotation": {"angle": 0, "axis": "y", "origin": [0, 0, 8]},
			"faces": {
				"north": {"uv": [3, 11.5, 3.375, 11.75], "texture": "#1"},
				"east": {"uv": [8.5, 5, 10.125, 5.25], "texture": "#1"},
				"south": {"uv": [11.5, 2.5, 11.875, 2.75], "texture": "#1"},
				"west": {"uv": [8.5, 4.5, 10.125, 4.75], "texture": "#1"},
				"up": {"uv": [3.5, 8, 3.875, 9.625], "texture": "#1"},
				"down": {"uv": [7.5, 9.625, 7.875, 8], "texture": "#1"}
			}
		},
		{
			"name": "group",
			"from": [7.5413, 5.0498, 17.3554],
			"to": [8.4587, 5.457, 18.3256],
			"rotation": {"angle": 0, "axis": "y", "origin": [0, 0, 8]},
			"faces": {
				"north": {"uv": [11, 7.5, 11.5, 7.75], "texture": "#1"},
				"east": {"uv": [8, 11, 8.5, 11.25], "texture": "#1"},
				"south": {"uv": [5, 11, 5.5, 11.25], "texture": "#1"},
				"west": {"uv": [11, 7, 11.5, 7.25], "texture": "#1"},
				"up": {"uv": [9.5, 3.5, 10, 4], "texture": "#1"},
				"down": {"uv": [9.5, 4.5, 10, 4], "texture": "#1"}
			}
		},
		{
			"name": "group",
			"from": [7.6093, 2.97867, 20.43879],
			"to": [8.3907, 4.05787, 20.54199],
			"rotation": {"angle": 0, "axis": "x", "origin": [0, 0.3, 8.8]},
			"faces": {
				"north": {"uv": [3, 10, 3.375, 10.625], "texture": "#1"},
				"east": {"uv": [11.5, 4.5, 11.625, 5.125], "texture": "#1"},
				"south": {"uv": [2.5, 10, 2.875, 10.625], "texture": "#1"},
				"west": {"uv": [4.5, 11.5, 4.625, 12.125], "texture": "#1"},
				"up": {"uv": [8, 12, 8.375, 12.125], "texture": "#1"},
				"down": {"uv": [12, 8.125, 12.375, 8], "texture": "#1"}
			}
		},
		{
			"name": "group",
			"from": [7.6093, 7.23879, 18.54213],
			"to": [8.3907, 7.34199, 19.92133],
			"rotation": {"angle": 22.5, "axis": "x", "origin": [0, 0.3, 8.8]},
			"faces": {
				"north": {"uv": [8, 12, 8.375, 12.125], "rotation": 180, "texture": "#1"},
				"east": {"uv": [11.5, 4.5, 11.625, 5.125], "rotation": 90, "texture": "#1"},
				"south": {"uv": [12, 8.125, 12.375, 8], "texture": "#1"},
				"west": {"uv": [4.5, 11.5, 4.625, 12.125], "rotation": 270, "texture": "#1"},
				"up": {"uv": [2.5, 10, 2.875, 10.625], "texture": "#1"},
				"down": {"uv": [3, 10, 3.375, 10.625], "rotation": 180, "texture": "#1"}
			}
		},
		{
			"name": "group",
			"from": [7.6093, 7.22965, 19.84297],
			"to": [8.3907, 8.50885, 19.94617],
			"rotation": {"angle": 22.5, "axis": "x", "origin": [0, 0.3, 8.8]},
			"faces": {
				"north": {"uv": [0, 11, 0.375, 11.375], "texture": "#1"},
				"east": {"uv": [12, 9.5, 12.125, 9.875], "texture": "#1"},
				"south": {"uv": [10.5, 10.5, 10.875, 10.875], "texture": "#1"},
				"west": {"uv": [9.5, 12, 9.625, 12.375], "texture": "#1"},
				"up": {"uv": [10, 12, 10.375, 12.125], "texture": "#1"},
				"down": {"uv": [12, 10.125, 12.375, 10], "texture": "#1"}
			}
		},
		{
			"name": "group",
			"from": [7.8593, 3.40367, 21.31379],
			"to": [8.1407, 3.98287, 21.41699],
			"rotation": {"angle": 22.5, "axis": "x", "origin": [8, 3.23869, 20.52208]},
			"faces": {
				"north": {"uv": [9, 12, 9.125, 12.375], "texture": "#1"},
				"east": {"uv": [12, 9, 12.125, 9.375], "texture": "#1"},
				"south": {"uv": [8.5, 12, 8.625, 12.375], "texture": "#1"},
				"west": {"uv": [12, 8.5, 12.125, 8.875], "texture": "#1"},
				"up": {"uv": [2, 13, 2.125, 13.125], "texture": "#1"},
				"down": {"uv": [13, 2.125, 13.125, 2], "texture": "#1"}
			}
		},
		{
			"name": "cantolan2",
			"from": [7.7583, 1.18825, 27.70192],
			"to": [8.2417, 1.49445, 28.00192],
			"rotation": {"angle": 0, "axis": "y", "origin": [0, 0.1, 7.4]},
			"faces": {
				"north": {"uv": [4, 12.5, 4.25, 12.625], "texture": "#1"},
				"east": {"uv": [13, 3, 13.125, 3.125], "texture": "#1"},
				"south": {"uv": [12.5, 3.5, 12.75, 3.625], "texture": "#1"},
				"west": {"uv": [3, 13, 3.125, 13.125], "texture": "#1"},
				"up": {"uv": [12.5, 4, 12.75, 4.125], "texture": "#1"},
				"down": {"uv": [4.5, 12.625, 4.75, 12.5], "texture": "#1"}
			}
		},
		{
			"name": "wobble2",
			"from": [7.4083, 0.70705, 27.85292],
			"to": [8.5917, 1.38825, 27.85292],
			"rotation": {"angle": 0, "axis": "y", "origin": [0, 0.1, 7.4]},
			"faces": {
				"north": {"uv": [3.5, 10, 4.125, 10.375], "texture": "#1"},
				"east": {"uv": [0, 0, 0, 0.375], "texture": "#1"},
				"south": {"uv": [4.125, 10, 3.5, 10.375], "texture": "#1"},
				"west": {"uv": [0, 0, 0, 0.375], "texture": "#1"},
				"up": {"uv": [0, 0, 0.625, 0], "texture": "#1"},
				"down": {"uv": [0, 0, 0.625, 0], "texture": "#1"}
			}
		},
		{
			"name": "cantolan",
			"from": [7.7583, 4.209, 5.3932],
			"to": [8.2417, 4.5152, 5.6932],
			"rotation": {"angle": 0, "axis": "y", "origin": [0, 0, 8]},
			"faces": {
				"north": {"uv": [5, 12.5, 5.25, 12.625], "texture": "#1"},
				"east": {"uv": [13, 3.5, 13.125, 3.625], "texture": "#1"},
				"south": {"uv": [12.5, 4.5, 12.75, 4.625], "texture": "#1"},
				"west": {"uv": [3.5, 13, 3.625, 13.125], "texture": "#1"},
				"up": {"uv": [12.5, 5, 12.75, 5.125], "texture": "#1"},
				"down": {"uv": [5.5, 12.625, 5.75, 12.5], "texture": "#1"}
			}
		},
		{
			"name": "wobble",
			"from": [7.4083, 3.5278, 5.2442],
			"to": [8.5917, 4.209, 5.2442],
			"rotation": {"angle": 0, "axis": "y", "origin": [0, 0, 8]},
			"faces": {
				"north": {"uv": [10, 4, 10.625, 4.375], "texture": "#1"},
				"east": {"uv": [0, 0, 0, 0.375], "texture": "#1"},
				"south": {"uv": [10.625, 4, 10, 4.375], "texture": "#1"},
				"west": {"uv": [0, 0, 0, 0.375], "texture": "#1"},
				"up": {"uv": [0, 0, 0.625, 0], "texture": "#1"},
				"down": {"uv": [0, 0, 0.625, 0], "texture": "#1"}
			}
		},
		{
			"name": "right",
			"from": [0, 0, 8],
			"to": [0, 12, 8],
			"rotation": {"angle": 0, "axis": "y", "origin": [0, 0, 8]},
			"faces": {
				"north": {"uv": [0, 0, 0, 0], "texture": "#1"},
				"east": {"uv": [0, 0, 0, 0], "texture": "#1"},
				"south": {"uv": [0, 0, 0, 0], "texture": "#1"},
				"west": {"uv": [0, 0, 0, 0], "texture": "#1"},
				"up": {"uv": [0, 0, 0, 0], "texture": "#1"},
				"down": {"uv": [0, 0, 0, 0], "texture": "#1"}
			}
		},
		{
			"name": "left",
			"from": [0, 0, 8],
			"to": [0, 12, 8],
			"rotation": {"angle": 0, "axis": "y", "origin": [0, 0, 8]},
			"faces": {
				"north": {"uv": [0, 0, 0, 0], "texture": "#1"},
				"east": {"uv": [0, 0, 0, 0], "texture": "#1"},
				"south": {"uv": [0, 0, 0, 0], "texture": "#1"},
				"west": {"uv": [0, 0, 0, 0], "texture": "#1"},
				"up": {"uv": [0, 0, 0, 0], "texture": "#1"},
				"down": {"uv": [0, 0, 0, 0], "texture": "#1"}
			}
		},
		{
			"name": "bolt",
			"from": [7.7413, 5.457, 19.166],
			"to": [8.2587, 5.7642, 19.6862],
			"rotation": {"angle": 0, "axis": "y", "origin": [0, 0, 8]},
			"faces": {
				"north": {"uv": [12.5, 0.5, 12.75, 0.625], "texture": "#1"},
				"east": {"uv": [1, 12.5, 1.25, 12.625], "texture": "#1"},
				"south": {"uv": [12.5, 0, 12.75, 0.125], "texture": "#1"},
				"west": {"uv": [0.5, 12.5, 0.75, 12.625], "texture": "#1"},
				"up": {"uv": [11.5, 10, 11.75, 10.25], "texture": "#1"},
				"down": {"uv": [10.5, 11.75, 10.75, 11.5], "texture": "#1"}
			}
		},
		{
			"name": "bolt",
			"from": [7.6413, 5.0498, 19.166],
			"to": [8.3587, 5.457, 19.6862],
			"rotation": {"angle": 0, "axis": "y", "origin": [0, 0, 8]},
			"faces": {
				"north": {"uv": [2, 11.5, 2.375, 11.75], "texture": "#1"},
				"east": {"uv": [8, 11.5, 8.25, 11.75], "texture": "#1"},
				"south": {"uv": [11.5, 1.5, 11.875, 1.75], "texture": "#1"},
				"west": {"uv": [11.5, 7.5, 11.75, 7.75], "texture": "#1"},
				"up": {"uv": [11.5, 2, 11.875, 2.25], "texture": "#1"},
				"down": {"uv": [2.5, 11.75, 2.875, 11.5], "texture": "#1"}
			}
		},
		{
			"name": "bolt",
			"from": [7.5413, 5.4498, 18.6458],
			"to": [8.4587, 5.657, 19.166],
			"rotation": {"angle": 0, "axis": "y", "origin": [0, 0, 8]},
			"faces": {
				"north": {"uv": [11, 11.5, 11.5, 11.625], "texture": "#1"},
				"east": {"uv": [1.5, 12.5, 1.75, 12.625], "texture": "#1"},
				"south": {"uv": [11.5, 10.5, 12, 10.625], "texture": "#1"},
				"west": {"uv": [12.5, 1, 12.75, 1.125], "texture": "#1"},
				"up": {"uv": [11, 8.5, 11.5, 8.75], "texture": "#1"},
				"down": {"uv": [11, 9.25, 11.5, 9], "texture": "#1"}
			}
		},
		{
			"name": "bolt",
			"from": [7.2913, 5.0498, 18.6458],
			"to": [8.7087, 5.457, 19.166],
			"rotation": {"angle": 0, "axis": "y", "origin": [0, 0, 8]},
			"faces": {
				"north": {"uv": [10, 8.5, 10.75, 8.75], "texture": "#1"},
				"east": {"uv": [7.5, 11.5, 7.75, 11.75], "texture": "#1"},
				"south": {"uv": [10, 7.5, 10.75, 7.75], "texture": "#1"},
				"west": {"uv": [11.5, 7, 11.75, 7.25], "texture": "#1"},
				"up": {"uv": [9, 10, 9.75, 10.25], "texture": "#1"},
				"down": {"uv": [10, 10.25, 10.75, 10], "texture": "#1"}
			}
		},
		{
			"name": "bolt",
			"from": [7.5413, 5.0498, 18.3256],
			"to": [8.4587, 5.557, 18.6458],
			"rotation": {"angle": 0, "axis": "y", "origin": [0, 0, 8]},
			"faces": {
				"north": {"uv": [8.5, 11, 9, 11.25], "texture": "#1"},
				"east": {"uv": [0, 12.5, 0.125, 12.75], "texture": "#1"},
				"south": {"uv": [11, 8, 11.5, 8.25], "texture": "#1"},
				"west": {"uv": [12, 12, 12.125, 12.25], "texture": "#1"},
				"up": {"uv": [11.5, 5.5, 12, 5.625], "texture": "#1"},
				"down": {"uv": [6.5, 11.625, 7, 11.5], "texture": "#1"}
			}
		},
		{
			"name": "handle",
			"from": [7.94081, 4.8432, 13.0362],
			"to": [8.34801, 5.2606, 19.7064],
			"rotation": {"angle": -22.5, "axis": "z", "origin": [8.48517, 5.48543, 19.4932]},
			"faces": {
				"north": {"uv": [10, 11.5, 10.25, 11.75], "texture": "#1"},
				"east": {"uv": [10.75, 2, 10.5, 2.625], "texture": "#1"},
				"south": {"uv": [11.5, 9.5, 11.75, 9.75], "texture": "#1"},
				"west": {"uv": [1.75, 11.125, 1.5, 10.5], "texture": "#1"},
				"up": {"uv": [11.125, 0.75, 10.5, 0.5], "texture": "#1"},
				"down": {"uv": [1.125, 10.75, 0.5, 10.5], "texture": "#1"}
			}
		},
		{
			"name": "handle",
			"from": [7.80084, 5.0066, 19.6862],
			"to": [8.20804, 5.424, 20.9564],
			"rotation": {"angle": -45, "axis": "z", "origin": [8.00444, 5.2153, 20.7432]},
			"faces": {
				"north": {"uv": [10, 11.5, 10.25, 11.75], "texture": "#1"},
				"east": {"uv": [10.75, 2, 10.5, 2.625], "texture": "#1"},
				"south": {"uv": [11.5, 9.5, 11.75, 9.75], "texture": "#1"},
				"west": {"uv": [1.75, 11.125, 1.5, 10.5], "texture": "#1"},
				"up": {"uv": [11.125, 0.75, 10.5, 0.5], "texture": "#1"},
				"down": {"uv": [1.125, 10.75, 0.5, 10.5], "texture": "#1"}
			}
		},
		{
			"name": "handle",
			"from": [7.70084, 4.9066, 20.9564],
			"to": [8.30804, 5.524, 21.3738],
			"rotation": {"angle": -45, "axis": "z", "origin": [8.00444, 5.2153, 20.7432]},
			"faces": {
				"north": {"uv": [11.5, 8.5, 11.75, 8.75], "texture": "#1"},
				"east": {"uv": [9.75, 11.5, 9.5, 11.75], "texture": "#1"},
				"south": {"uv": [11.5, 8, 11.75, 8.25], "texture": "#1"},
				"west": {"uv": [11.75, 9.25, 11.5, 9], "texture": "#1"},
				"up": {"uv": [9.25, 11.75, 9, 11.5], "texture": "#1"},
				"down": {"uv": [8.75, 11.75, 8.5, 11.5], "texture": "#1"}
			}
		},
		{
			"name": "handle",
			"from": [8.44429, 5.0752, 18.3256],
			"to": [8.61169, 5.4824, 18.6458],
			"rotation": {"angle": 0, "axis": "y", "origin": [0, 0, 8]},
			"faces": {
				"north": {"uv": [12.5, 2, 12.625, 2.25], "texture": "#1"},
				"east": {"uv": [2.5, 12.5, 2.625, 12.75], "texture": "#1"},
				"south": {"uv": [12.5, 1.5, 12.625, 1.75], "texture": "#1"},
				"west": {"uv": [2, 12.5, 2.125, 12.75], "texture": "#1"},
				"up": {"uv": [12.5, 7, 12.625, 7.125], "texture": "#1"},
				"down": {"uv": [7.5, 12.625, 7.625, 12.5], "texture": "#1"}
			}
		},
		{
			"name": "handle",
			"from": [8.59565, 4.80482, 18.3266],
			"to": [8.82585, 5.47022, 18.6448],
			"rotation": {"angle": 22.5, "axis": "z", "origin": [8.69118, 4.93598, 18.47875]},
			"faces": {
				"north": {"uv": [5.5, 12, 5.625, 12.375], "texture": "#1"},
				"east": {"uv": [12, 5.5, 12.125, 5.875], "texture": "#1"},
				"south": {"uv": [5, 12, 5.125, 12.375], "texture": "#1"},
				"west": {"uv": [12, 5, 12.125, 5.375], "texture": "#1"},
				"up": {"uv": [12.5, 7.5, 12.625, 7.625], "texture": "#1"},
				"down": {"uv": [8, 12.625, 8.125, 12.5], "texture": "#1"}
			}
		},
		{
			"name": "handle",
			"from": [8.45385, 4.30782, 18.2228],
			"to": [8.95185, 4.80582, 18.7208],
			"rotation": {"angle": 22.5, "axis": "z", "origin": [8.69118, 4.93598, 18.47875]},
			"faces": {
				"north": {"uv": [0, 12, 0.25, 12.25], "texture": "#1"},
				"east": {"uv": [12, 0, 12.25, 0.25], "texture": "#1"},
				"south": {"uv": [11.5, 11, 11.75, 11.25], "texture": "#1"},
				"west": {"uv": [11.5, 11.5, 11.75, 11.75], "texture": "#1"},
				"up": {"uv": [0.5, 12, 0.75, 12.25], "texture": "#1"},
				"down": {"uv": [12, 0.75, 12.25, 0.5], "texture": "#1"}
			}
		},
		{
			"name": "eject",
			"from": [8.49, 5.35, 15.7],
			"to": [8.49, 5.35, 15.7],
			"rotation": {"angle": 0, "axis": "y", "origin": [0, 0, 8]},
			"faces": {
				"north": {"uv": [14.5, 10, 15.125, 10.625], "texture": "#1"},
				"east": {"uv": [13.5, 14, 14.25, 14.625], "texture": "#1"},
				"south": {"uv": [14.5, 11, 15.125, 11.625], "texture": "#1"},
				"west": {"uv": [14.5, 0, 15.25, 0.625], "texture": "#1"},
				"up": {"uv": [15.125, 5.25, 14.5, 4.5], "texture": "#1"},
				"down": {"uv": [6.625, 14.5, 6, 15.25], "texture": "#1"}
			}
		}
	],
	"display": {
		"thirdperson_righthand": {
			"translation": [0, 6.15, -5],
			"scale": [1.45, 1.4, 1.09]
		},
		"thirdperson_lefthand": {
			"translation": [0, 6.15, -5],
			"scale": [1.45, 1.4, 1.09]
		},
		"firstperson_righthand": {
			"rotation": [0, 5, 12.5],
			"translation": [-7.5, 9.25, -4.75]
		},
		"firstperson_lefthand": {
			"rotation": [0, 5, 12.5],
			"translation": [-7.5, 9.25, -4.75]
		},
		"ground": {
			"scale": [1.2, 1.2, 1.2]
		},
		"gui": {
			"rotation": [44, -52, 24],
			"translation": [4, 7.75, 0],
			"scale": [1.1, 1.1, 1.1]
		},
		"head": {
			"rotation": [89, 5, 86],
			"translation": [-13.25, -4.25, 5.25],
			"scale": [1.9, 1.9, 1.9]
		},
		"fixed": {
			"rotation": [-70, 156, 94],
			"translation": [-0.75, 26.75, 4.75],
			"scale": [2, 2.4, 2.1]
		}
	},
	"groups": [
		{
			"name": "main",
			"origin": [16, 8, 16],
			"color": 0,
			"children": [
				0,
				1,
				2,
				3,
				4,
				5,
				6,
				7,
				8,
				9,
				10,
				11,
				12,
				13,
				14,
				15,
				16,
				17,
				18,
				19,
				20,
				21,
				{
					"name": "sticker0",
					"origin": [15.48, 4.92501, 12.46236],
					"color": 1,
					"children": []
				},
				{
					"name": "sticker1",
					"origin": [15.48, 4.29893, 15.47868],
					"color": 2,
					"children": []
				},
				{
					"name": "sticker2",
					"origin": [15.48, 4.29893, 18.47868],
					"color": 3,
					"children": []
				},
				{
					"name": "muzzleflash",
					"origin": [15.99, 5.35, -3.65],
					"color": 4,
					"children": [22]
				},
				{
					"name": "group",
					"origin": [16, 2.78937, 3.8486],
					"color": 6,
					"children": [23, 24, 25, 26, 27, 28, 29]
				},
				{
					"name": "cantolan2",
					"origin": [15.7822, 2.85325, 4.9199],
					"color": 7,
					"children": [
						30,
						{
							"name": "wobble2",
							"origin": [16, 0.49765, 28.45292],
							"color": 8,
							"children": [31]
						}
					]
				},
				{
					"name": "cantolan",
					"origin": [16.0322, 2.85325, 4.9199],
					"color": 9,
					"children": [
						32,
						{
							"name": "wobble",
							"origin": [16, 4.3184, 5.5442],
							"color": 0,
							"children": [33]
						}
					]
				},
				{
					"name": "arms",
					"origin": [19.5625, 2.7491, 21.18696],
					"color": 1,
					"children": [
						{
							"name": "right",
							"origin": [10, 6, 10],
							"color": 2,
							"children": [34]
						},
						{
							"name": "left",
							"origin": [10, 6, 10],
							"color": 3,
							"children": [35]
						}
					]
				},
				{
					"name": "bolt",
					"origin": [16, 5.29484, 19.02994],
					"color": 4,
					"children": [
						36,
						37,
						38,
						39,
						40,
						{
							"name": "handle",
							"origin": [15.975, 5.20742, 18.88348],
							"color": 5,
							"children": [41, 42, 43, 44, 45, 46]
						}
					]
				},
				{
					"name": "eject",
					"origin": [16.49, 5.35, 15.7],
					"color": 6,
					"children": [47]
				}
			]
		}
	]
}