{
	"credit": "Made with Blockbench",
	"texture_size": [32, 32],
	"textures": {
		"0": "politmine/item/weapons/textures/mauserc96",
		"particle": "politmine/item/weapons/textures/mauserc96"
	},
	"elements": [
		{
			"from": [7.5, 7, -2],
			"to": [8.5, 8, 8],
			"faces": {
				"north": {"uv": [5, 5, 5.5, 5.5], "texture": "#0"},
				"east": {"uv": [0, 5, 5, 5.5], "texture": "#0"},
				"south": {"uv": [10.5, 5, 11, 5.5], "texture": "#0"},
				"west": {"uv": [5.5, 5, 10.5, 5.5], "texture": "#0"},
				"up": {"uv": [5.5, 5, 5, 0], "texture": "#0"},
				"down": {"uv": [6, 0, 5.5, 5], "texture": "#0"}
			}
		},
		{
			"from": [7.5, -1.5, 6],
			"to": [8.5, 3.5, 8],
			"faces": {
				"north": {"uv": [7, 1, 7.5, 3.5], "texture": "#0"},
				"east": {"uv": [6, 1, 7, 3.5], "texture": "#0"},
				"south": {"uv": [8.5, 1, 9, 3.5], "texture": "#0"},
				"west": {"uv": [7.5, 1, 8.5, 3.5], "texture": "#0"},
				"up": {"uv": [7.5, 1, 7, 0], "texture": "#0"},
				"down": {"uv": [8, 0, 7.5, 1], "texture": "#0"}
			}
		},
		{
			"from": [7.5, 7.25, 8.5],
			"to": [8.5, 8.25, 11.5],
			"rotation": {"angle": 0, "axis": "y", "origin": [8, 8.5, 11.5]},
			"faces": {
				"north": {"uv": [1.5, 4.5, 2, 5], "texture": "#0"},
				"east": {"uv": [0, 4.5, 1.5, 5], "texture": "#0"},
				"south": {"uv": [3.5, 4.5, 4, 5], "texture": "#0"},
				"west": {"uv": [2, 4.5, 3.5, 5], "texture": "#0"},
				"up": {"uv": [2, 4.5, 1.5, 3], "texture": "#0"},
				"down": {"uv": [2.5, 3, 2, 4.5], "texture": "#0"}
			}
		},
		{
			"from": [7.75, 7.5, -1.5],
			"to": [8.75, 8.5, -0.5],
			"faces": {
				"north": {"uv": [3.5, 0.5, 4, 1], "texture": "#0"},
				"east": {"uv": [3, 0.5, 3.5, 1], "texture": "#0"},
				"south": {"uv": [4.5, 0.5, 5, 1], "texture": "#0"},
				"west": {"uv": [4, 0.5, 4.5, 1], "texture": "#0"},
				"up": {"uv": [4, 0.5, 3.5, 0], "texture": "#0"},
				"down": {"uv": [4.5, 0, 4, 0.5], "texture": "#0"}
			}
		},
		{
			"from": [7.5, 4, 8],
			"to": [8.5, 5, 10],
			"faces": {
				"north": {"uv": [4, 9.5, 4.5, 10], "texture": "#0"},
				"east": {"uv": [3, 9.5, 4, 10], "texture": "#0"},
				"south": {"uv": [5.5, 9.5, 6, 10], "texture": "#0"},
				"west": {"uv": [4.5, 9.5, 5.5, 10], "texture": "#0"},
				"up": {"uv": [4.5, 9.5, 4, 8.5], "texture": "#0"},
				"down": {"uv": [5, 8.5, 4.5, 9.5], "texture": "#0"}
			}
		},
		{
			"from": [7.005, 5.005, 10.005],
			"to": [8.995, 5.995, 11.995],
			"faces": {
				"north": {"uv": [7, 4.5, 8, 5], "texture": "#0"},
				"east": {"uv": [6, 4.5, 7, 5], "texture": "#0"},
				"south": {"uv": [9, 4.5, 10, 5], "texture": "#0"},
				"west": {"uv": [8, 4.5, 9, 5], "texture": "#0"},
				"up": {"uv": [8, 4.5, 7, 3.5], "texture": "#0"},
				"down": {"uv": [9, 3.5, 8, 4.5], "texture": "#0"}
			}
		},
		{
			"from": [6.995, 0.995, 9.995],
			"to": [9.005, 5.005, 12.005],
			"rotation": {"angle": -22.5, "axis": "x", "origin": [8, 5, 10]},
			"faces": {
				"north": {"uv": [1, 1, 2, 3], "texture": "#0"},
				"east": {"uv": [0, 1, 1, 3], "texture": "#0"},
				"south": {"uv": [3, 1, 4, 3], "texture": "#0"},
				"west": {"uv": [2, 1, 3, 3], "texture": "#0"},
				"up": {"uv": [2, 1, 1, 0], "texture": "#0"},
				"down": {"uv": [3, 0, 2, 1], "texture": "#0"}
			}
		},
		{
			"from": [7, 1.25, 11.25],
			"to": [9, 3.25, 12.25],
			"rotation": {"angle": -22.5, "axis": "x", "origin": [8, 5, 10]},
			"faces": {
				"north": {"uv": [4.5, 6, 5.5, 7], "texture": "#0"},
				"east": {"uv": [4, 6, 4.5, 7], "texture": "#0"},
				"south": {"uv": [6, 6, 7, 7], "texture": "#0"},
				"west": {"uv": [5.5, 6, 6, 7], "texture": "#0"},
				"up": {"uv": [5.5, 6, 4.5, 5.5], "texture": "#0"},
				"down": {"uv": [6.5, 5.5, 5.5, 6], "texture": "#0"}
			}
		},
		{
			"from": [7, 1.25, 9.75],
			"to": [9, 3.25, 10.75],
			"rotation": {"angle": -22.5, "axis": "x", "origin": [8, 5, 10]},
			"faces": {
				"north": {"uv": [0.5, 9, 1.5, 10], "texture": "#0"},
				"east": {"uv": [0, 9, 0.5, 10], "texture": "#0"},
				"south": {"uv": [2, 9, 3, 10], "texture": "#0"},
				"west": {"uv": [1.5, 9, 2, 10], "texture": "#0"},
				"up": {"uv": [1.5, 9, 0.5, 8.5], "texture": "#0"},
				"down": {"uv": [2.5, 8.5, 1.5, 9], "texture": "#0"}
			}
		},
		{
			"from": [7.5, 4, 5],
			"to": [8.5, 7, 6],
			"rotation": {"angle": -22.5, "axis": "x", "origin": [8, 7, 5]},
			"faces": {
				"north": {"uv": [0.5, 6, 1, 7.5], "texture": "#0"},
				"east": {"uv": [0, 6, 0.5, 7.5], "texture": "#0"},
				"south": {"uv": [1.5, 6, 2, 7.5], "texture": "#0"},
				"west": {"uv": [1, 6, 1.5, 7.5], "texture": "#0"},
				"up": {"uv": [1, 6, 0.5, 5.5], "texture": "#0"},
				"down": {"uv": [1.5, 5.5, 1, 6], "texture": "#0"}
			}
		},
		{
			"from": [7, 3.5, 6],
			"to": [9, 7.5, 8],
			"faces": {
				"north": {"uv": [7, 7, 8, 9], "texture": "#0"},
				"east": {"uv": [6, 7, 7, 9], "texture": "#0"},
				"south": {"uv": [9, 7, 10, 9], "texture": "#0"},
				"west": {"uv": [8, 7, 9, 9], "texture": "#0"},
				"up": {"uv": [8, 7, 7, 6], "texture": "#0"},
				"down": {"uv": [9, 6, 8, 7], "texture": "#0"}
			}
		},
		{
			"from": [7, 6, 8],
			"to": [9, 8, 12],
			"faces": {
				"north": {"uv": [2, 7.5, 3, 8.5], "texture": "#0"},
				"east": {"uv": [0, 7.5, 2, 8.5], "texture": "#0"},
				"south": {"uv": [5, 7.5, 6, 8.5], "texture": "#0"},
				"west": {"uv": [3, 7.5, 5, 8.5], "texture": "#0"},
				"up": {"uv": [3, 7.5, 2, 5.5], "texture": "#0"},
				"down": {"uv": [4, 5.5, 3, 7.5], "texture": "#0"}
			}
		},
		{
			"from": [7, 6.5, 11.5],
			"to": [9, 7.5, 12.5],
			"faces": {
				"north": {"uv": [6.5, 9.5, 7.5, 10], "texture": "#0"},
				"east": {"uv": [6, 9.5, 6.5, 10], "texture": "#0"},
				"south": {"uv": [8, 9.5, 9, 10], "texture": "#0"},
				"west": {"uv": [7.5, 9.5, 8, 10], "texture": "#0"},
				"up": {"uv": [7.5, 9.5, 6.5, 9], "texture": "#0"},
				"down": {"uv": [8.5, 9, 7.5, 9.5], "texture": "#0"}
			}
		},
		{
			"from": [7.75, 5.5, 12],
			"to": [8.75, 7.5, 13],
			"rotation": {"angle": 45, "axis": "x", "origin": [8, 6.5, 12.5]},
			"faces": {
				"north": {"uv": [3, 3.5, 3.5, 4.5], "texture": "#0"},
				"east": {"uv": [2.5, 3.5, 3, 4.5], "texture": "#0"},
				"south": {"uv": [4, 3.5, 4.5, 4.5], "texture": "#0"},
				"west": {"uv": [3.5, 3.5, 4, 4.5], "texture": "#0"},
				"up": {"uv": [3.5, 3.5, 3, 3], "texture": "#0"},
				"down": {"uv": [4, 3, 3.5, 3.5], "texture": "#0"}
			}
		},
		{
			"from": [7, 5.5, 12],
			"to": [9, 6.5, 13],
			"rotation": {"angle": 45, "axis": "x", "origin": [8, 6.5, 12]},
			"faces": {
				"north": {"uv": [8.5, 0.5, 9.5, 1], "texture": "#0"},
				"east": {"uv": [8, 0.5, 8.5, 1], "texture": "#0"},
				"south": {"uv": [10, 0.5, 11, 1], "texture": "#0"},
				"west": {"uv": [9.5, 0.5, 10, 1], "texture": "#0"},
				"up": {"uv": [9.5, 0.5, 8.5, 0], "texture": "#0"},
				"down": {"uv": [10.5, 0, 9.5, 0.5], "texture": "#0"}
			}
		}
	],
	"overrides": [
		{"predicate": {"skin": 0.00013}, "model": "bf:item/gun_c96_black"},
		{"predicate": {"skin": 0.00013}, "model": "bf:item/gun_c96_green"},
		{"predicate": {"skin": 0.00013}, "model": "bf:item/gun_c96_white"}
	],
	"display": {
		"thirdperson_righthand": {
			"translation": [0, 2, -0.25],
			"scale": [0.6, 0.6, 0.6]
		},
		"thirdperson_lefthand": {
			"translation": [0, 2, -0.25],
			"scale": [0.6, 0.6, 0.6]
		},
		"firstperson_righthand": {
			"rotation": [3, 5, 19],
			"translation": [-4, 6.75, 2.5],
			"scale": [0.8, 0.8, 0.8]
		},
		"firstperson_lefthand": {
			"rotation": [3, 5, 19],
			"translation": [-4, 6.75, 2.5],
			"scale": [0.8, 0.8, 0.8]
		},
		"ground": {
			"translation": [0, 0.75, 0],
			"scale": [0.6, 0.6, 0.6]
		},
		"gui": {
			"rotation": [44, -52, 24],
			"translation": [-2, 1, 0],
			"scale": [0.95, 0.95, 0.95]
		},
		"head": {
			"rotation": [-65, -5, 0],
			"translation": [-7.75, -25, -3.25]
		},
		"fixed": {
			"rotation": [0, 90, 0],
			"translation": [2.75, 2.25, -0.75],
			"scale": [1.5, 1.5, 1.5]
		}
	}
}