{
	"credit": "Made with Blockbench",
	"texture_size": [64, 64],
	"textures": {
		"0": "politmine/item/weapons/textures/mg42"
	},
	"elements": [
		{
			"name": "main",
			"from": [7.07169, 5.76821, 27.24859],
			"to": [8.9283, 6.88178, 29.35288],
			"rotation": {"angle": 45, "axis": "x", "origin": [8, 6.75843, 28.61034]},
			"faces": {
				"north": {"uv": [7.75, 4.25, 8.1875, 4.5], "texture": "#0"},
				"east": {"uv": [7.5, 6.5, 8, 6.75], "texture": "#0"},
				"south": {"uv": [7.75, 4.5, 8.1875, 4.75], "texture": "#0"},
				"west": {"uv": [7.75, 0, 8.25, 0.25], "texture": "#0"},
				"up": {"uv": [6.6875, 6.25, 6.25, 5.75], "texture": "#0"},
				"down": {"uv": [6.6875, 6.25, 6.25, 6.75], "texture": "#0"}
			}
		},
		{
			"name": "main",
			"from": [7.07169, 8.39362, 27.86779],
			"to": [8.9283, 9.75487, 29.35288],
			"rotation": {"angle": 45, "axis": "x", "origin": [8, 6.75843, 28.61034]},
			"faces": {
				"north": {"uv": [7.5, 3.5, 7.9375, 3.8125], "texture": "#0"},
				"east": {"uv": [7.75, 1.25, 8.125, 1.5625], "texture": "#0"},
				"south": {"uv": [3.75, 7.5, 4.1875, 7.8125], "texture": "#0"},
				"west": {"uv": [1.75, 7.75, 2.125, 8.0625], "texture": "#0"},
				"up": {"uv": [7.6875, 7.125, 7.25, 6.75], "texture": "#0"},
				"down": {"uv": [7.6875, 7.25, 7.25, 7.625], "texture": "#0"}
			}
		},
		{
			"name": "main",
			"from": [8.29791, 6.15168, 20.63328],
			"to": [8.52082, 7.01856, 22.61472],
			"rotation": {"angle": 0, "axis": "y", "origin": [0, 1, -1]},
			"faces": {
				"north": {"uv": [9.25, 8, 9.3125, 8.1875], "texture": "#0"},
				"east": {"uv": [7, 7.75, 7.5, 7.9375], "texture": "#0"},
				"south": {"uv": [8.25, 9.25, 8.3125, 9.4375], "texture": "#0"},
				"west": {"uv": [7.75, 7.25, 8.25, 7.4375], "texture": "#0"},
				"up": {"uv": [8.8125, 8.25, 8.75, 7.75], "texture": "#0"},
				"down": {"uv": [8.0625, 8.75, 8, 9.25], "texture": "#0"}
			}
		},
		{
			"name": "main",
			"from": [8, 5.58558, -3.99049],
			"to": [8, 7.27507, -2.49049],
			"rotation": {"angle": 0, "axis": "y", "origin": [0, 1, -1]},
			"faces": {
				"north": {"uv": [0, 0, 0, 0.4375], "texture": "#0"},
				"east": {"uv": [6.25, 7.25, 6.625, 7.6875], "texture": "#0"},
				"south": {"uv": [0, 0, 0, 0.4375], "texture": "#0"},
				"west": {"uv": [6.75, 7.25, 7.125, 7.6875], "texture": "#0"},
				"up": {"uv": [0, 0.375, 0, 0], "texture": "#0"},
				"down": {"uv": [0, 0, 0, 0.375], "texture": "#0"}
			}
		},
		{
			"name": "main",
			"from": [7.47855, 1.93758, 20.51151],
			"to": [8.52146, 2.82307, 20.50751],
			"rotation": {"angle": 0, "axis": "y", "origin": [0, 1, -1]},
			"faces": {
				"north": {"uv": [5.75, 5.25, 5.5, 5.5], "texture": "#0"},
				"east": {"uv": [0, 0, 0, 0.25], "texture": "#0"},
				"south": {"uv": [5.5, 5.25, 5.75, 5.5], "texture": "#0"},
				"west": {"uv": [0, 0, 0, 0.25], "texture": "#0"},
				"up": {"uv": [0.25, 0, 0, 0], "texture": "#0"},
				"down": {"uv": [0.25, 0, 0, 0], "texture": "#0"}
			}
		},
		{
			"name": "main",
			"from": [7.72855, 2.58758, 19.04957],
			"to": [8.27146, 3.92307, 20.65751],
			"rotation": {"angle": 0, "axis": "y", "origin": [0, 1, -1]},
			"faces": {
				"north": {"uv": [8.75, 1.25, 8.875, 1.5625], "texture": "#0"},
				"east": {"uv": [7.75, 0.25, 8.125, 0.5625], "texture": "#0"},
				"south": {"uv": [2, 8.75, 2.125, 9.0625], "texture": "#0"},
				"west": {"uv": [7.75, 0.75, 8.125, 1.0625], "texture": "#0"},
				"up": {"uv": [8.625, 6.625, 8.5, 6.25], "texture": "#0"},
				"down": {"uv": [8.625, 6.75, 8.5, 7.125], "texture": "#0"}
			}
		},
		{
			"name": "main",
			"from": [7.62804, 6.53444, 17.15681],
			"to": [8.37195, 6.81164, 18.46574],
			"rotation": {"angle": 0, "axis": "y", "origin": [0, 1, -1]},
			"faces": {
				"north": {"uv": [7.5, 9.25, 7.6875, 9.3125], "texture": "#0"},
				"east": {"uv": [9, 9, 9.3125, 9.0625], "texture": "#0"},
				"south": {"uv": [8, 9.25, 8.1875, 9.3125], "texture": "#0"},
				"west": {"uv": [0, 9.25, 0.3125, 9.3125], "texture": "#0"},
				"up": {"uv": [7.4375, 8.5625, 7.25, 8.25], "texture": "#0"},
				"down": {"uv": [7.6875, 8.25, 7.5, 8.5625], "texture": "#0"}
			}
		},
		{
			"name": "main",
			"from": [7.62804, 5.53444, 18.46574],
			"to": [8.37195, 6.81164, 19.77467],
			"rotation": {"angle": 0, "axis": "y", "origin": [0, 1, -1]},
			"faces": {
				"north": {"uv": [8.25, 6.5, 8.4375, 6.8125], "texture": "#0"},
				"east": {"uv": [6.5, 7.75, 6.8125, 8.0625], "texture": "#0"},
				"south": {"uv": [6.75, 8.25, 6.9375, 8.5625], "texture": "#0"},
				"west": {"uv": [7.75, 6.75, 8.0625, 7.0625], "texture": "#0"},
				"up": {"uv": [7.1875, 8.5625, 7, 8.25], "texture": "#0"},
				"down": {"uv": [8.4375, 7, 8.25, 7.3125], "texture": "#0"}
			}
		},
		{
			"name": "main",
			"from": [7.62804, 2.76983, 19.2643],
			"to": [8.37195, 3.84703, 20.47323],
			"rotation": {"angle": 0, "axis": "y", "origin": [0, 1, -1]},
			"faces": {
				"north": {"uv": [5.75, 8.5, 5.9375, 8.75], "texture": "#0"},
				"east": {"uv": [7, 8, 7.3125, 8.25], "texture": "#0"},
				"south": {"uv": [8.5, 6, 8.6875, 6.25], "texture": "#0"},
				"west": {"uv": [7.5, 8, 7.8125, 8.25], "texture": "#0"},
				"up": {"uv": [6.4375, 8.5625, 6.25, 8.25], "texture": "#0"},
				"down": {"uv": [6.6875, 8.25, 6.5, 8.5625], "texture": "#0"}
			}
		},
		{
			"name": "main",
			"from": [7.62904, 3.50444, 18.87074],
			"to": [8.37095, 5.82964, 20.07767],
			"rotation": {"angle": -22.5, "axis": "x", "origin": [8, 4.66704, 19.41228]},
			"faces": {
				"north": {"uv": [5.5, 7.75, 5.6875, 8.3125], "texture": "#0"},
				"east": {"uv": [3.25, 7, 3.5625, 7.5625], "texture": "#0"},
				"south": {"uv": [5.75, 7.75, 5.9375, 8.3125], "texture": "#0"},
				"west": {"uv": [4.75, 7, 5.0625, 7.5625], "texture": "#0"},
				"up": {"uv": [6.1875, 8.5625, 6, 8.25], "texture": "#0"},
				"down": {"uv": [8.4375, 6, 8.25, 6.3125], "texture": "#0"}
			}
		},
		{
			"name": "main",
			"from": [7.72804, 3.50344, 18.66974],
			"to": [8.27195, 5.83064, 20.27867],
			"rotation": {"angle": -22.5, "axis": "x", "origin": [8, 4.66704, 19.41228]},
			"faces": {
				"north": {"uv": [3.25, 8.25, 3.375, 8.8125], "texture": "#0"},
				"east": {"uv": [1, 6.75, 1.375, 7.3125], "texture": "#0"},
				"south": {"uv": [3.5, 8.25, 3.625, 8.8125], "texture": "#0"},
				"west": {"uv": [3.75, 6.75, 4.125, 7.3125], "texture": "#0"},
				"up": {"uv": [8.625, 5.625, 8.5, 5.25], "texture": "#0"},
				"down": {"uv": [5.625, 8.5, 5.5, 8.875], "texture": "#0"}
			}
		},
		{
			"name": "main",
			"from": [7.72755, 5.45818, 18.28032],
			"to": [8.27245, 6.30029, 20.01408],
			"rotation": {"angle": 0, "axis": "y", "origin": [0, 1, -1]},
			"faces": {
				"north": {"uv": [9, 7.25, 9.125, 7.4375], "texture": "#0"},
				"east": {"uv": [8, 5.25, 8.4375, 5.4375], "texture": "#0"},
				"south": {"uv": [7.5, 9, 7.625, 9.1875], "texture": "#0"},
				"west": {"uv": [8, 5.5, 8.4375, 5.6875], "texture": "#0"},
				"up": {"uv": [8.625, 1.6875, 8.5, 1.25], "texture": "#0"},
				"down": {"uv": [1.875, 8.5, 1.75, 8.9375], "texture": "#0"}
			}
		},
		{
			"name": "main",
			"from": [7.72804, 5.20509, 17.49658],
			"to": [8.27195, 5.72423, 17.7185],
			"rotation": {"angle": 45, "axis": "x", "origin": [8, 5.34082, 17.60754]},
			"faces": {
				"north": {"uv": [9.25, 3.75, 9.375, 3.875], "texture": "#0"},
				"east": {"uv": [3, 9.5, 3.0625, 9.625], "texture": "#0"},
				"south": {"uv": [4, 9.25, 4.125, 9.375], "texture": "#0"},
				"west": {"uv": [9.5, 3, 9.5625, 3.125], "texture": "#0"},
				"up": {"uv": [3.375, 9.5625, 3.25, 9.5], "texture": "#0"},
				"down": {"uv": [9.625, 3.25, 9.5, 3.3125], "texture": "#0"}
			}
		},
		{
			"name": "main",
			"from": [7.72804, 5.53347, 17.71019],
			"to": [8.27195, 6.30029, 17.95711],
			"rotation": {"angle": 0, "axis": "y", "origin": [0, 1, -1]},
			"faces": {
				"north": {"uv": [9, 7, 9.125, 7.1875], "texture": "#0"},
				"east": {"uv": [7.25, 9.25, 7.3125, 9.4375], "texture": "#0"},
				"south": {"uv": [7.25, 9, 7.375, 9.1875], "texture": "#0"},
				"west": {"uv": [9.25, 7.25, 9.3125, 7.4375], "texture": "#0"},
				"up": {"uv": [2.875, 9.5625, 2.75, 9.5], "texture": "#0"},
				"down": {"uv": [9.625, 2.75, 9.5, 2.8125], "texture": "#0"}
			}
		},
		{
			"name": "main",
			"from": [7.72804, 5.28579, 16.42272],
			"to": [8.27195, 6.30029, 16.64464],
			"rotation": {"angle": 0, "axis": "y", "origin": [0, 1, -1]},
			"faces": {
				"north": {"uv": [8.75, 7.5, 8.875, 7.75], "texture": "#0"},
				"east": {"uv": [9.25, 3.5, 9.3125, 3.75], "texture": "#0"},
				"south": {"uv": [7.75, 8.75, 7.875, 9], "texture": "#0"},
				"west": {"uv": [3.75, 9.25, 3.8125, 9.5], "texture": "#0"},
				"up": {"uv": [2.625, 9.5625, 2.5, 9.5], "texture": "#0"},
				"down": {"uv": [9.625, 2.5, 9.5, 2.5625], "texture": "#0"}
			}
		},
		{
			"name": "main",
			"from": [7.72855, 4.92139, 16.42607],
			"to": [8.27146, 5.14232, 17.29097],
			"rotation": {"angle": 45, "axis": "x", "origin": [8, 5.09378, 16.85852]},
			"faces": {
				"north": {"uv": [2.25, 9.5, 2.375, 9.5625], "texture": "#0"},
				"east": {"uv": [7, 9.25, 7.1875, 9.3125], "texture": "#0"},
				"south": {"uv": [9.5, 2.25, 9.625, 2.3125], "texture": "#0"},
				"west": {"uv": [9.25, 7, 9.4375, 7.0625], "texture": "#0"},
				"up": {"uv": [9.125, 6.9375, 9, 6.75], "texture": "#0"},
				"down": {"uv": [7.125, 9, 7, 9.1875], "texture": "#0"}
			}
		},
		{
			"name": "main",
			"from": [7.72804, 4.6661, 17.04242],
			"to": [8.27195, 4.88802, 18.89903],
			"rotation": {"angle": 0, "axis": "y", "origin": [0, 1, -1]},
			"faces": {
				"north": {"uv": [2, 9.5, 2.125, 9.5625], "texture": "#0"},
				"east": {"uv": [0.5, 9, 0.9375, 9.0625], "texture": "#0"},
				"south": {"uv": [9.5, 2, 9.625, 2.0625], "texture": "#0"},
				"west": {"uv": [9, 0.5, 9.4375, 0.5625], "texture": "#0"},
				"up": {"uv": [7.875, 8.6875, 7.75, 8.25], "texture": "#0"},
				"down": {"uv": [8.625, 0.75, 8.5, 1.1875], "texture": "#0"}
			}
		},
		{
			"name": "main",
			"from": [7.72755, 6.30029, 16.42272],
			"to": [8.27245, 7.01856, 21.0048],
			"rotation": {"angle": 0, "axis": "y", "origin": [0, 1, -1]},
			"faces": {
				"north": {"uv": [9, 6.25, 9.125, 6.4375], "texture": "#0"},
				"east": {"uv": [6.5, 0.75, 7.625, 0.9375], "texture": "#0"},
				"south": {"uv": [9, 6.5, 9.125, 6.6875], "texture": "#0"},
				"west": {"uv": [2.5, 6.75, 3.625, 6.9375], "texture": "#0"},
				"up": {"uv": [1.125, 8.625, 1, 7.5], "texture": "#0"},
				"down": {"uv": [1.375, 7.5, 1.25, 8.625], "texture": "#0"}
			}
		},
		{
			"name": "main",
			"from": [7.0712, 5.53248, 28.4352],
			"to": [8.9288, 7.01856, 30.41664],
			"rotation": {"angle": 0, "axis": "y", "origin": [0, 1, -1]},
			"faces": {
				"north": {"uv": [7.25, 5.25, 7.6875, 5.625], "texture": "#0"},
				"east": {"uv": [6.75, 6.75, 7.25, 7.125], "texture": "#0"},
				"south": {"uv": [7.25, 5.75, 7.6875, 6.125], "texture": "#0"},
				"west": {"uv": [0, 7, 0.5, 7.375], "texture": "#0"},
				"up": {"uv": [3.6875, 6.75, 3.25, 6.25], "texture": "#0"},
				"down": {"uv": [6.6875, 4.75, 6.25, 5.25], "texture": "#0"}
			}
		},
		{
			"name": "main",
			"from": [7.07169, 7.02631, 19.52335],
			"to": [8.9283, 8.01604, 22.49452],
			"rotation": {"angle": 22.5, "axis": "x", "origin": [8, 7.52118, 23.48574]},
			"faces": {
				"north": {"uv": [7.75, 2.75, 8.1875, 3], "texture": "#0"},
				"east": {"uv": [6.75, 6.25, 7.5, 6.5], "texture": "#0"},
				"south": {"uv": [3.25, 7.75, 3.6875, 8], "texture": "#0"},
				"west": {"uv": [6.75, 6.5, 7.5, 6.75], "texture": "#0"},
				"up": {"uv": [2.9375, 6.25, 2.5, 5.5], "texture": "#0"},
				"down": {"uv": [5.9375, 2.5, 5.5, 3.25], "texture": "#0"}
			}
		},
		{
			"name": "main",
			"from": [7.0712, 8.50464, 12.08832],
			"to": [8.9288, 9.49536, 20.01408],
			"rotation": {"angle": 0, "axis": "y", "origin": [0, 1, -1]},
			"faces": {
				"north": {"uv": [7.75, 2.5, 8.1875, 2.75], "texture": "#0"},
				"east": {"uv": [3.5, 2.5, 5.5, 2.75], "texture": "#0"},
				"south": {"uv": [2.75, 7.75, 3.1875, 8], "texture": "#0"},
				"west": {"uv": [3.5, 2.75, 5.5, 3], "texture": "#0"},
				"up": {"uv": [1.4375, 5.5, 1, 3.5], "texture": "#0"},
				"down": {"uv": [1.9375, 3.5, 1.5, 5.5], "texture": "#0"}
			}
		},
		{
			"name": "main",
			"from": [6.8992, 7.01856, -6.63628],
			"to": [9.1008, 7.01856, 6.88412],
			"rotation": {"angle": 0, "axis": "y", "origin": [0, 1, -1]},
			"faces": {
				"north": {"uv": [0, 0, 0.5625, 0], "texture": "#0"},
				"east": {"uv": [0, 0, 3.375, 0], "texture": "#0"},
				"south": {"uv": [0, 0, 0.5625, 0], "texture": "#0"},
				"west": {"uv": [0, 0, 3.375, 0], "texture": "#0"},
				"up": {"uv": [2.0625, 3.375, 1.5, 0], "texture": "#0"},
				"down": {"uv": [2.8125, 0, 2.25, 3.375], "texture": "#0"}
			}
		},
		{
			"name": "main",
			"from": [6.9226, 7.47064, 6.88872],
			"to": [6.9226, 8.57064, 8.60912],
			"rotation": {"angle": 0, "axis": "y", "origin": [0, 1, -1]},
			"faces": {
				"north": {"uv": [0, 0, 0, 0.25], "texture": "#0"},
				"east": {"uv": [7.75, 1.75, 8.1875, 2], "texture": "#0"},
				"south": {"uv": [0, 0, 0, 0.25], "texture": "#0"},
				"west": {"uv": [2.25, 7.75, 2.6875, 8], "texture": "#0"},
				"up": {"uv": [0, 0.4375, 0, 0], "texture": "#0"},
				"down": {"uv": [0, 0, 0, 0.4375], "texture": "#0"}
			}
		},
		{
			"name": "main",
			"from": [6.9226, 7.02064, -6.63628],
			"to": [6.9226, 9.02064, 6.88412],
			"rotation": {"angle": 0, "axis": "y", "origin": [0, 1, -1]},
			"faces": {
				"north": {"uv": [0, 0, 0, 0.5], "texture": "#0"},
				"east": {"uv": [3, 0, 6.375, 0.5], "texture": "#0"},
				"south": {"uv": [0, 0, 0, 0.5], "texture": "#0"},
				"west": {"uv": [3, 0.5, 6.375, 1], "texture": "#0"},
				"up": {"uv": [0, 3.375, 0, 0], "texture": "#0"},
				"down": {"uv": [0, 0, 0, 3.375], "texture": "#0"}
			}
		},
		{
			"name": "main",
			"from": [6.8992, 9.02064, -6.63628],
			"to": [9.1008, 9.02064, 6.88412],
			"rotation": {"angle": 0, "axis": "y", "origin": [0, 1, -1]},
			"faces": {
				"north": {"uv": [0, 0, 0.5625, 0], "texture": "#0"},
				"east": {"uv": [0, 0, 3.375, 0], "texture": "#0"},
				"south": {"uv": [0, 0, 0.5625, 0], "texture": "#0"},
				"west": {"uv": [0, 0, 3.375, 0], "texture": "#0"},
				"up": {"uv": [0.5625, 3.375, 0, 0], "texture": "#0"},
				"down": {"uv": [1.3125, 0, 0.75, 3.375], "texture": "#0"}
			}
		},
		{
			"name": "main",
			"from": [6.8992, 7.01856, 6.88412],
			"to": [9.1008, 7.47264, 8.57952],
			"rotation": {"angle": 0, "axis": "y", "origin": [0, 1, -1]},
			"faces": {
				"north": {"uv": [8.25, 2.5, 8.8125, 2.625], "texture": "#0"},
				"east": {"uv": [0.5, 8.5, 0.9375, 8.625], "texture": "#0"},
				"south": {"uv": [8.25, 2.75, 8.8125, 2.875], "texture": "#0"},
				"west": {"uv": [8.5, 0.5, 8.9375, 0.625], "texture": "#0"},
				"up": {"uv": [3.0625, 6.6875, 2.5, 6.25], "texture": "#0"},
				"down": {"uv": [6.8125, 3, 6.25, 3.4375], "texture": "#0"}
			}
		},
		{
			"name": "main",
			"from": [6.8992, 8.56656, 6.88412],
			"to": [9.1008, 9.02064, 8.57952],
			"rotation": {"angle": 0, "axis": "y", "origin": [0, 1, -1]},
			"faces": {
				"north": {"uv": [1.75, 8.25, 2.3125, 8.375], "texture": "#0"},
				"east": {"uv": [8.5, 0, 8.9375, 0.125], "texture": "#0"},
				"south": {"uv": [2.5, 8.25, 3.0625, 8.375], "texture": "#0"},
				"west": {"uv": [8.5, 0.25, 8.9375, 0.375], "texture": "#0"},
				"up": {"uv": [6.5625, 2.9375, 6, 2.5], "texture": "#0"},
				"down": {"uv": [5.3125, 6, 4.75, 6.4375], "texture": "#0"}
			}
		},
		{
			"name": "main",
			"from": [9.4682, 7.53456, 11.15952],
			"to": [9.9498, 8.50464, 11.70992],
			"rotation": {"angle": 0, "axis": "y", "origin": [0, 1, -1]},
			"faces": {
				"north": {"uv": [7, 8.75, 7.125, 9], "texture": "#0"},
				"east": {"uv": [8.75, 7, 8.875, 7.25], "texture": "#0"},
				"south": {"uv": [7.25, 8.75, 7.375, 9], "texture": "#0"},
				"west": {"uv": [7.5, 8.75, 7.625, 9], "texture": "#0"},
				"up": {"uv": [9.375, 3.375, 9.25, 3.25], "texture": "#0"},
				"down": {"uv": [3.625, 9.25, 3.5, 9.375], "texture": "#0"}
			}
		},
		{
			"name": "main",
			"from": [9.1586, 7.53456, 9.26752],
			"to": [9.4682, 8.50464, 11.36592],
			"rotation": {"angle": 0, "axis": "y", "origin": [0, 1, -1]},
			"faces": {
				"north": {"uv": [3, 9.25, 3.0625, 9.5], "texture": "#0"},
				"east": {"uv": [7.5, 4, 8, 4.25], "texture": "#0"},
				"south": {"uv": [3.25, 9.25, 3.3125, 9.5], "texture": "#0"},
				"west": {"uv": [5.25, 7.5, 5.75, 7.75], "texture": "#0"},
				"up": {"uv": [8.8125, 7, 8.75, 6.5], "texture": "#0"},
				"down": {"uv": [6.8125, 8.75, 6.75, 9.25], "texture": "#0"}
			}
		},
		{
			"name": "main",
			"from": [7.1492, 7.26856, -8.95688],
			"to": [8.8508, 8.77064, -8.17048],
			"rotation": {"angle": 0, "axis": "y", "origin": [0, 1, -1]},
			"faces": {
				"north": {"uv": [7.25, 4.25, 7.6875, 4.625], "texture": "#0"},
				"east": {"uv": [1.5, 8.25, 1.6875, 8.625], "texture": "#0"},
				"south": {"uv": [7.25, 4.75, 7.6875, 5.125], "texture": "#0"},
				"west": {"uv": [8.25, 1.5, 8.4375, 1.875], "texture": "#0"},
				"up": {"uv": [5.1875, 8.1875, 4.75, 8], "texture": "#0"},
				"down": {"uv": [8.4375, 5, 8, 5.1875], "texture": "#0"}
			}
		},
		{
			"name": "main",
			"from": [7.6742, 8.94079, -10.06143],
			"to": [8.3258, 9.34287, -8.97503],
			"rotation": {"angle": -22.5, "axis": "x", "origin": [8, 9.14183, -9.21823]},
			"faces": {
				"north": {"uv": [9, 5.75, 9.1875, 5.875], "texture": "#0"},
				"east": {"uv": [8.75, 6.25, 9, 6.375], "texture": "#0"},
				"south": {"uv": [6, 9, 6.1875, 9.125], "texture": "#0"},
				"west": {"uv": [6.5, 8.75, 6.75, 8.875], "texture": "#0"},
				"up": {"uv": [4.9375, 8.75, 4.75, 8.5], "texture": "#0"},
				"down": {"uv": [8.6875, 4.75, 8.5, 5], "texture": "#0"}
			}
		},
		{
			"name": "main",
			"from": [7.6641, 9.01856, -7.48408],
			"to": [8.3157, 10.57064, -7.09768],
			"rotation": {"angle": 0, "axis": "y", "origin": [0, 1, -1]},
			"faces": {
				"north": {"uv": [8.25, 0.5, 8.4375, 0.875], "texture": "#0"},
				"east": {"uv": [8.5, 3.75, 8.625, 4.125], "texture": "#0"},
				"south": {"uv": [8.25, 1, 8.4375, 1.375], "texture": "#0"},
				"west": {"uv": [8.5, 4.25, 8.625, 4.625], "texture": "#0"},
				"up": {"uv": [9.1875, 5.625, 9, 5.5], "texture": "#0"},
				"down": {"uv": [5.9375, 9, 5.75, 9.125], "texture": "#0"}
			}
		},
		{
			"name": "main",
			"from": [7.6742, 9.01856, -9.07048],
			"to": [8.3258, 9.42064, -7.48408],
			"rotation": {"angle": 0, "axis": "y", "origin": [0, 1, -1]},
			"faces": {
				"north": {"uv": [9, 5.25, 9.1875, 5.375], "texture": "#0"},
				"east": {"uv": [8.5, 3.25, 8.875, 3.375], "texture": "#0"},
				"south": {"uv": [5.5, 9, 5.6875, 9.125], "texture": "#0"},
				"west": {"uv": [8.5, 3.5, 8.875, 3.625], "texture": "#0"},
				"up": {"uv": [8.4375, 0.375, 8.25, 0], "texture": "#0"},
				"down": {"uv": [0.4375, 8.25, 0.25, 8.625], "texture": "#0"}
			}
		},
		{
			"name": "main",
			"from": [7.4258, 9.01856, -8.07048],
			"to": [7.6774, 9.42064, -6.83408],
			"rotation": {"angle": 0, "axis": "y", "origin": [0, 1, -1]},
			"faces": {
				"north": {"uv": [1.5, 9.5, 1.5625, 9.625], "texture": "#0"},
				"east": {"uv": [8.75, 1, 9.0625, 1.125], "texture": "#0"},
				"south": {"uv": [9.5, 1.5, 9.5625, 1.625], "texture": "#0"},
				"west": {"uv": [1.25, 8.75, 1.5625, 8.875], "texture": "#0"},
				"up": {"uv": [9.0625, 8.8125, 9, 8.5], "texture": "#0"},
				"down": {"uv": [8.8125, 9, 8.75, 9.3125], "texture": "#0"}
			}
		},
		{
			"name": "main",
			"from": [8.3226, 9.01856, -8.07048],
			"to": [8.5742, 9.42064, -6.83408],
			"rotation": {"angle": 0, "axis": "y", "origin": [0, 1, -1]},
			"faces": {
				"north": {"uv": [1.25, 9.5, 1.3125, 9.625], "texture": "#0"},
				"east": {"uv": [0.75, 8.75, 1.0625, 8.875], "texture": "#0"},
				"south": {"uv": [9.5, 1.25, 9.5625, 1.375], "texture": "#0"},
				"west": {"uv": [8.75, 0.75, 9.0625, 0.875], "texture": "#0"},
				"up": {"uv": [7.8125, 9.3125, 7.75, 9], "texture": "#0"},
				"down": {"uv": [9.0625, 8, 9, 8.3125], "texture": "#0"}
			}
		},
		{
			"name": "main",
			"from": [6.8992, 7.01856, -8.17048],
			"to": [9.1008, 9.02064, -6.63408],
			"rotation": {"angle": 0, "axis": "y", "origin": [0, 1, -1]},
			"faces": {
				"north": {"uv": [5.75, 4.25, 6.3125, 4.75], "texture": "#0"},
				"east": {"uv": [6.75, 5.75, 7.125, 6.25], "texture": "#0"},
				"south": {"uv": [5.75, 5.25, 6.3125, 5.75], "texture": "#0"},
				"west": {"uv": [6.25, 6.75, 6.625, 7.25], "texture": "#0"},
				"up": {"uv": [7.0625, 5.625, 6.5, 5.25], "texture": "#0"},
				"down": {"uv": [6.0625, 6.5, 5.5, 6.875], "texture": "#0"}
			}
		},
		{
			"name": "main",
			"from": [6.8992, 7.01856, -10.47048],
			"to": [9.1008, 9.02064, -8.93408],
			"rotation": {"angle": 0, "axis": "y", "origin": [0, 1, -1]},
			"faces": {
				"north": {"uv": [3, 5.75, 3.5625, 6.25], "texture": "#0"},
				"east": {"uv": [6.75, 2.5, 7.125, 3], "texture": "#0"},
				"south": {"uv": [5.75, 3.75, 6.3125, 4.25], "texture": "#0"},
				"west": {"uv": [6.75, 4.75, 7.125, 5.25], "texture": "#0"},
				"up": {"uv": [7.0625, 4.625, 6.5, 4.25], "texture": "#0"},
				"down": {"uv": [5.3125, 6.5, 4.75, 6.875], "texture": "#0"}
			}
		},
		{
			"name": "main",
			"from": [7.7742, 9.14715, 7.53615],
			"to": [8.2258, 9.39923, 8.23825],
			"rotation": {"angle": -22.5, "axis": "x", "origin": [8, 9.27319, 7.2372]},
			"faces": {
				"north": {"uv": [0, 9.5, 0.125, 9.5625], "texture": "#0"},
				"east": {"uv": [9.25, 5.5, 9.4375, 5.5625], "texture": "#0"},
				"south": {"uv": [9.5, 0, 9.625, 0.0625], "texture": "#0"},
				"west": {"uv": [5.75, 9.25, 5.9375, 9.3125], "texture": "#0"},
				"up": {"uv": [2.625, 9.1875, 2.5, 9], "texture": "#0"},
				"down": {"uv": [9.125, 2.5, 9, 2.6875], "texture": "#0"}
			}
		},
		{
			"name": "main",
			"from": [7.7742, 9.77064, 10.11382],
			"to": [8.2258, 10.52272, 10.26592],
			"rotation": {"angle": 0, "axis": "y", "origin": [0, 1, -1]},
			"faces": {
				"north": {"uv": [9, 1.75, 9.125, 1.9375], "texture": "#0"},
				"east": {"uv": [9.25, 5.25, 9.3125, 5.4375], "texture": "#0"},
				"south": {"uv": [2.25, 9, 2.375, 9.1875], "texture": "#0"},
				"west": {"uv": [5.5, 9.25, 5.5625, 9.4375], "texture": "#0"},
				"up": {"uv": [9.125, 9.3125, 9, 9.25], "texture": "#0"},
				"down": {"uv": [9.375, 9.25, 9.25, 9.3125], "texture": "#0"}
			}
		},
		{
			"name": "main",
			"from": [7.7742, 9.52064, 8.11382],
			"to": [8.2258, 9.77272, 10.36592],
			"rotation": {"angle": 0, "axis": "y", "origin": [0, 1, -1]},
			"faces": {
				"north": {"uv": [9.25, 8.5, 9.375, 8.5625], "texture": "#0"},
				"east": {"uv": [8.75, 2.25, 9.3125, 2.3125], "texture": "#0"},
				"south": {"uv": [9.25, 8.75, 9.375, 8.8125], "texture": "#0"},
				"west": {"uv": [8.75, 3, 9.3125, 3.0625], "texture": "#0"},
				"up": {"uv": [8.125, 8.3125, 8, 7.75], "texture": "#0"},
				"down": {"uv": [0.125, 8.25, 0, 8.8125], "texture": "#0"}
			}
		},
		{
			"name": "main",
			"from": [7.3758, 9.52064, 9.61382],
			"to": [7.8274, 9.92272, 10.11592],
			"rotation": {"angle": 0, "axis": "y", "origin": [0, 1, -1]},
			"faces": {
				"north": {"uv": [9.25, 1, 9.375, 1.125], "texture": "#0"},
				"east": {"uv": [1.25, 9.25, 1.375, 9.375], "texture": "#0"},
				"south": {"uv": [1.5, 9.25, 1.625, 9.375], "texture": "#0"},
				"west": {"uv": [1.75, 9.25, 1.875, 9.375], "texture": "#0"},
				"up": {"uv": [9.375, 1.875, 9.25, 1.75], "texture": "#0"},
				"down": {"uv": [2.125, 9.25, 2, 9.375], "texture": "#0"}
			}
		},
		{
			"name": "main",
			"from": [8.1726, 9.52064, 9.61382],
			"to": [8.6242, 9.92272, 10.11592],
			"rotation": {"angle": 0, "axis": "y", "origin": [0, 1, -1]},
			"faces": {
				"north": {"uv": [9.25, 0, 9.375, 0.125], "texture": "#0"},
				"east": {"uv": [9.25, 0.25, 9.375, 0.375], "texture": "#0"},
				"south": {"uv": [0.5, 9.25, 0.625, 9.375], "texture": "#0"},
				"west": {"uv": [0.75, 9.25, 0.875, 9.375], "texture": "#0"},
				"up": {"uv": [9.375, 0.875, 9.25, 0.75], "texture": "#0"},
				"down": {"uv": [1.125, 9.25, 1, 9.375], "texture": "#0"}
			}
		},
		{
			"name": "main",
			"from": [7.3992, 9.01856, 7.32952],
			"to": [8.6008, 9.52064, 10.11592],
			"rotation": {"angle": 0, "axis": "y", "origin": [0, 1, -1]},
			"faces": {
				"north": {"uv": [8.5, 7.25, 8.8125, 7.375], "texture": "#0"},
				"east": {"uv": [2.25, 8, 2.9375, 8.125], "texture": "#0"},
				"south": {"uv": [8, 8.5, 8.3125, 8.625], "texture": "#0"},
				"west": {"uv": [3, 8, 3.6875, 8.125], "texture": "#0"},
				"up": {"uv": [6.8125, 0.6875, 6.5, 0], "texture": "#0"},
				"down": {"uv": [6.8125, 3.5, 6.5, 4.1875], "texture": "#0"}
			}
		},
		{
			"name": "main",
			"from": [6.8992, 7.01856, 8.57952],
			"to": [9.1008, 9.02064, 11.36592],
			"rotation": {"angle": 0, "axis": "y", "origin": [0, 1, -1]},
			"faces": {
				"north": {"uv": [5.5, 4.75, 6.0625, 5.25], "texture": "#0"},
				"east": {"uv": [3, 5.25, 3.6875, 5.75], "texture": "#0"},
				"south": {"uv": [5, 5.5, 5.5625, 6], "texture": "#0"},
				"west": {"uv": [1, 5.5, 1.6875, 6], "texture": "#0"},
				"up": {"uv": [4.8125, 5.4375, 4.25, 4.75], "texture": "#0"},
				"down": {"uv": [5.5625, 4, 5, 4.6875], "texture": "#0"}
			}
		},
		{
			"name": "main",
			"from": [7.2432, 9.02064, 11.81312],
			"to": [8.7568, 9.30272, 12.08832],
			"rotation": {"angle": 0, "axis": "y", "origin": [0, 1, -1]},
			"faces": {
				"north": {"uv": [1, 9, 1.375, 9.0625], "texture": "#0"},
				"east": {"uv": [3.5, 9.5, 3.5625, 9.5625], "texture": "#0"},
				"south": {"uv": [9, 1.25, 9.375, 1.3125], "texture": "#0"},
				"west": {"uv": [9.5, 3.5, 9.5625, 3.5625], "texture": "#0"},
				"up": {"uv": [1.875, 9.0625, 1.5, 9], "texture": "#0"},
				"down": {"uv": [9.375, 1.5, 9, 1.5625], "texture": "#0"}
			}
		},
		{
			"name": "main",
			"from": [6.5552, 6.84656, 11.36592],
			"to": [9.4448, 9.02064, 12.08832],
			"rotation": {"angle": 0, "axis": "y", "origin": [0, 1, -1]},
			"faces": {
				"north": {"uv": [4.25, 4, 5, 4.5625], "texture": "#0"},
				"east": {"uv": [7.75, 5, 7.9375, 5.5625], "texture": "#0"},
				"south": {"uv": [3, 4.5, 3.75, 5.0625], "texture": "#0"},
				"west": {"uv": [5.25, 7.75, 5.4375, 8.3125], "texture": "#0"},
				"up": {"uv": [7.75, 0.6875, 7, 0.5], "texture": "#0"},
				"down": {"uv": [2.75, 7.5, 2, 7.6875], "texture": "#0"}
			}
		},
		{
			"name": "main",
			"from": [7.0712, 7.01856, 12.08832],
			"to": [8.9288, 8.50464, 25.71072],
			"rotation": {"angle": 0, "axis": "y", "origin": [0, 1, -1]},
			"faces": {
				"north": {"uv": [5.75, 7, 6.1875, 7.375], "texture": "#0"},
				"east": {"uv": [3.5, 1, 6.875, 1.375], "texture": "#0"},
				"south": {"uv": [7.25, 2.5, 7.6875, 2.875], "texture": "#0"},
				"west": {"uv": [3.5, 1.5, 6.875, 1.875], "texture": "#0"},
				"up": {"uv": [3.4375, 4.375, 3, 1], "texture": "#0"},
				"down": {"uv": [0.4375, 3.5, 0, 6.875], "texture": "#0"}
			}
		},
		{
			"name": "main",
			"from": [7.56656, 8.87616, 24.72],
			"to": [8.43344, 9.24768, 24.72],
			"rotation": {"angle": 0, "axis": "y", "origin": [0, 1, -1]},
			"faces": {
				"north": {"uv": [9.25, 5, 9.4375, 5.0625], "texture": "#0"},
				"east": {"uv": [0, 0, 0, 0.0625], "texture": "#0"},
				"south": {"uv": [5.25, 9.25, 5.4375, 9.3125], "texture": "#0"},
				"west": {"uv": [0, 0, 0, 0.0625], "texture": "#0"},
				"up": {"uv": [0.1875, 0, 0, 0], "texture": "#0"},
				"down": {"uv": [0.1875, 0, 0, 0], "texture": "#0"}
			}
		},
		{
			"name": "main",
			"from": [7.56656, 8.50464, 23.4816],
			"to": [8.43344, 8.87616, 24.72],
			"rotation": {"angle": 0, "axis": "y", "origin": [0, 1, -1]},
			"faces": {
				"north": {"uv": [9.25, 4.75, 9.4375, 4.8125], "texture": "#0"},
				"east": {"uv": [9, 7.5, 9.3125, 7.5625], "texture": "#0"},
				"south": {"uv": [5, 9.25, 5.1875, 9.3125], "texture": "#0"},
				"west": {"uv": [9, 7.75, 9.3125, 7.8125], "texture": "#0"},
				"up": {"uv": [8.4375, 3.3125, 8.25, 3], "texture": "#0"},
				"down": {"uv": [4.6875, 8.25, 4.5, 8.5625], "texture": "#0"}
			}
		},
		{
			"name": "main",
			"from": [7.0712, 7.01856, 25.71072],
			"to": [8.9288, 8.50464, 30.41664],
			"rotation": {"angle": 0, "axis": "y", "origin": [0, 1, -1]},
			"faces": {
				"north": {"uv": [7, 3.75, 7.4375, 4.125], "texture": "#0"},
				"east": {"uv": [4.25, 3, 5.4375, 3.375], "texture": "#0"},
				"south": {"uv": [5.25, 7, 5.6875, 7.375], "texture": "#0"},
				"west": {"uv": [4.25, 3.5, 5.4375, 3.875], "texture": "#0"},
				"up": {"uv": [2.4375, 4.6875, 2, 3.5], "texture": "#0"},
				"down": {"uv": [2.9375, 3.5, 2.5, 4.6875], "texture": "#0"}
			}
		},
		{
			"name": "main",
			"from": [7.47918, 6.15168, 20.63328],
			"to": [7.70209, 7.01856, 22.61472],
			"rotation": {"angle": 0, "axis": "y", "origin": [0, 1, -1]},
			"faces": {
				"north": {"uv": [9.25, 8.25, 9.3125, 8.4375], "texture": "#0"},
				"east": {"uv": [7.5, 7.75, 8, 7.9375], "texture": "#0"},
				"south": {"uv": [8.5, 9.25, 8.5625, 9.4375], "texture": "#0"},
				"west": {"uv": [7.75, 7.5, 8.25, 7.6875], "texture": "#0"},
				"up": {"uv": [8.3125, 9.25, 8.25, 8.75], "texture": "#0"},
				"down": {"uv": [8.5625, 8.75, 8.5, 9.25], "texture": "#0"}
			}
		},
		{
			"name": "sticker0",
			"from": [6.84, 7.19429, 8.71506],
			"to": [6.84, 8.79429, 10.31506],
			"rotation": {"angle": 0, "axis": "y", "origin": [0, 1, -1]},
			"faces": {
				"north": {"uv": [0, 0, 0, 0.4], "texture": "#0"},
				"east": {"uv": [0, 0, 0.4, 0.4], "texture": "#0"},
				"south": {"uv": [0, 0, 0, 0.4], "texture": "#0"},
				"west": {"uv": [0, 0, 0.4, 0.4], "texture": "#0"},
				"up": {"uv": [0, 0, 0, 0.4], "texture": "#0"},
				"down": {"uv": [0, 0, 0, 0.4], "texture": "#0"}
			}
		},
		{
			"name": "sticker1",
			"from": [7.05, 7.46013, 15.44618],
			"to": [7.05, 9.26013, 17.24618],
			"rotation": {"angle": 0, "axis": "y", "origin": [0, 1, -1]},
			"faces": {
				"north": {"uv": [0, 0, 0, 0.45], "texture": "#0"},
				"east": {"uv": [0, 0, 0.45, 0.45], "texture": "#0"},
				"south": {"uv": [0, 0, 0, 0.45], "texture": "#0"},
				"west": {"uv": [0, 0, 0.45, 0.45], "texture": "#0"},
				"up": {"uv": [0, 0, 0, 0.45], "texture": "#0"},
				"down": {"uv": [0, 0, 0, 0.45], "texture": "#0"}
			}
		},
		{
			"name": "sticker2",
			"from": [7.05, 7.46013, 18.44618],
			"to": [7.05, 9.26013, 20.24618],
			"rotation": {"angle": 0, "axis": "y", "origin": [0, 1, -1]},
			"faces": {
				"north": {"uv": [0, 0, 0, 0.45], "texture": "#0"},
				"east": {"uv": [0, 0, 0.45, 0.45], "texture": "#0"},
				"south": {"uv": [0, 0, 0, 0.45], "texture": "#0"},
				"west": {"uv": [0, 0, 0.45, 0.45], "texture": "#0"},
				"up": {"uv": [0, 0, 0, 0.45], "texture": "#0"},
				"down": {"uv": [0, 0, 0, 0.45], "texture": "#0"}
			}
		},
		{
			"name": "muzzleflash",
			"from": [7.99, 8, -13.65],
			"to": [7.99, 8, -13.65],
			"rotation": {"angle": 0, "axis": "y", "origin": [0, 1, -1]},
			"faces": {
				"north": {"uv": [7.25, 5, 7.5625, 5.3125], "texture": "#0"},
				"east": {"uv": [6.75, 7, 7.125, 7.3125], "texture": "#0"},
				"south": {"uv": [7.25, 5.5, 7.5625, 5.8125], "texture": "#0"},
				"west": {"uv": [7.25, 0, 7.625, 0.3125], "texture": "#0"},
				"up": {"uv": [7.5625, 2.625, 7.25, 2.25], "texture": "#0"},
				"down": {"uv": [3.3125, 7.25, 3, 7.625], "texture": "#0"}
			}
		},
		{
			"name": "barrel_overheat",
			"from": [7.61816, 7.63776, -11.362],
			"to": [8.38184, 8.40144, 8.57952],
			"rotation": {"angle": 0, "axis": "y", "origin": [0, 1, -1]},
			"faces": {
				"north": {"uv": [8.75, 6, 8.9375, 6.1875], "texture": "#0"},
				"east": {"uv": [3.5, 2, 8.5, 2.1875], "texture": "#0"},
				"south": {"uv": [6.25, 8.75, 6.4375, 8.9375], "texture": "#0"},
				"west": {"uv": [3.5, 2.25, 8.5, 2.4375], "texture": "#0"},
				"up": {"uv": [0.6875, 8.5, 0.5, 3.5], "texture": "#0"},
				"down": {"uv": [0.9375, 3.5, 0.75, 8.5], "texture": "#0"}
			}
		},
		{
			"name": "nose",
			"from": [7.41816, 7.43776, -13.57852],
			"to": [8.58184, 8.60144, -11.362],
			"rotation": {"angle": 0, "axis": "y", "origin": [0, 1, -1]},
			"faces": {
				"north": {"uv": [7.75, 5.75, 8.0625, 6.0625], "texture": "#0"},
				"east": {"uv": [7, 1.5, 7.5625, 1.8125], "texture": "#0"},
				"south": {"uv": [6, 7.75, 6.3125, 8.0625], "texture": "#0"},
				"west": {"uv": [2, 7, 2.5625, 7.3125], "texture": "#0"},
				"up": {"uv": [3.0625, 7.5625, 2.75, 7], "texture": "#0"},
				"down": {"uv": [7.3125, 3, 7, 3.5625], "texture": "#0"}
			}
		},
		{
			"name": "bipod_wobble",
			"from": [7.6492, 6.61856, -7.47048],
			"to": [8.3508, 7.12064, -7.03408],
			"rotation": {"angle": 0, "axis": "y", "origin": [0, 1, -1]},
			"faces": {
				"north": {"uv": [9, 4.75, 9.1875, 4.875], "texture": "#0"},
				"east": {"uv": [2.75, 9.25, 2.875, 9.375], "texture": "#0"},
				"south": {"uv": [5, 9, 5.1875, 9.125], "texture": "#0"},
				"west": {"uv": [9.25, 2.75, 9.375, 2.875], "texture": "#0"},
				"up": {"uv": [9.1875, 5.125, 9, 5], "texture": "#0"},
				"down": {"uv": [5.4375, 9, 5.25, 9.125], "texture": "#0"}
			}
		},
		{
			"name": "bipod_wobble",
			"from": [6.8992, 5.36856, -7.77048],
			"to": [9.1008, 6.62064, -6.73408],
			"rotation": {"angle": 0, "axis": "y", "origin": [0, 1, -1]},
			"faces": {
				"north": {"uv": [7, 0, 7.5625, 0.3125], "texture": "#0"},
				"east": {"uv": [5.5, 6, 5.75, 6.3125], "texture": "#0"},
				"south": {"uv": [7, 1, 7.5625, 1.3125], "texture": "#0"},
				"west": {"uv": [8, 6.25, 8.25, 6.5625], "texture": "#0"},
				"up": {"uv": [8.0625, 3.25, 7.5, 3], "texture": "#0"},
				"down": {"uv": [8.0625, 3.25, 7.5, 3.5], "texture": "#0"}
			}
		},
		{
			"name": "bipod_wobble",
			"from": [6.7492, 5.66856, -7.57048],
			"to": [6.9008, 6.30496, -6.93408],
			"rotation": {"angle": 0, "axis": "y", "origin": [0, 1, -1]},
			"faces": {
				"north": {"uv": [6.5, 9.25, 6.5625, 9.4375], "texture": "#0"},
				"east": {"uv": [8.75, 4.25, 8.9375, 4.4375], "texture": "#0"},
				"south": {"uv": [9.25, 6.5, 9.3125, 6.6875], "texture": "#0"},
				"west": {"uv": [4.5, 8.75, 4.6875, 8.9375], "texture": "#0"},
				"up": {"uv": [6.8125, 9.4375, 6.75, 9.25], "texture": "#0"},
				"down": {"uv": [9.3125, 6.75, 9.25, 6.9375], "texture": "#0"}
			}
		},
		{
			"name": "bipod_wobble",
			"from": [9.0992, 5.66856, -7.57048],
			"to": [9.2508, 6.30496, -6.93408],
			"rotation": {"angle": 0, "axis": "y", "origin": [0, 1, -1]},
			"faces": {
				"north": {"uv": [9.25, 5.75, 9.3125, 5.9375], "texture": "#0"},
				"east": {"uv": [8.75, 3.75, 8.9375, 3.9375], "texture": "#0"},
				"south": {"uv": [6, 9.25, 6.0625, 9.4375], "texture": "#0"},
				"west": {"uv": [8.75, 4, 8.9375, 4.1875], "texture": "#0"},
				"up": {"uv": [6.3125, 9.4375, 6.25, 9.25], "texture": "#0"},
				"down": {"uv": [9.3125, 6.25, 9.25, 6.4375], "texture": "#0"}
			}
		},
		{
			"name": "bipod_wobble",
			"from": [7.6492, 4.61648, -7.52048],
			"to": [8.3508, 5.36856, -6.98408],
			"rotation": {"angle": 0, "axis": "y", "origin": [0, 1, -1]},
			"faces": {
				"north": {"uv": [8.75, 4.5, 8.9375, 4.6875], "texture": "#0"},
				"east": {"uv": [9, 2.75, 9.125, 2.9375], "texture": "#0"},
				"south": {"uv": [4.75, 8.75, 4.9375, 8.9375], "texture": "#0"},
				"west": {"uv": [3.25, 9, 3.375, 9.1875], "texture": "#0"},
				"up": {"uv": [9.1875, 3.375, 9, 3.25], "texture": "#0"},
				"down": {"uv": [3.6875, 9, 3.5, 9.125], "texture": "#0"}
			}
		},
		{
			"name": "bipod_wobble",
			"from": [9.61258, 5.13923, -7.67048],
			"to": [10.01466, 5.54083, -7.60908],
			"rotation": {"angle": -45, "axis": "z", "origin": [8, 7.15365, -7.25228]},
			"faces": {
				"north": {"uv": [2.5, 9.25, 2.625, 9.375], "texture": "#0"},
				"east": {"uv": [0.75, 9.5, 0.8125, 9.625], "texture": "#0"},
				"south": {"uv": [9.25, 2.5, 9.375, 2.625], "texture": "#0"},
				"west": {"uv": [9.5, 0.75, 9.5625, 0.875], "texture": "#0"},
				"up": {"uv": [1.125, 9.5625, 1, 9.5], "texture": "#0"},
				"down": {"uv": [9.625, 1, 9.5, 1.0625], "texture": "#0"}
			}
		},
		{
			"name": "bipod_wobble",
			"from": [7.91612, -3.61842, -7.62048],
			"to": [8.4182, 5.13318, -6.88408],
			"rotation": {"angle": -22.5, "axis": "z", "origin": [8, 7.15365, -7.25228]},
			"faces": {
				"north": {"uv": [4.25, 6, 4.375, 8.1875], "texture": "#0"},
				"east": {"uv": [2, 4.75, 2.1875, 6.9375], "texture": "#0"},
				"south": {"uv": [4.5, 6, 4.625, 8.1875], "texture": "#0"},
				"west": {"uv": [2.25, 4.75, 2.4375, 6.9375], "texture": "#0"},
				"up": {"uv": [9.125, 4.4375, 9, 4.25], "texture": "#0"},
				"down": {"uv": [4.625, 9, 4.5, 9.1875], "texture": "#0"}
			}
		},
		{
			"name": "bipod_wobble",
			"from": [8.41812, 4.38358, -7.61848],
			"to": [9.4162, 5.13118, -6.88608],
			"rotation": {"angle": -22.5, "axis": "z", "origin": [8, 7.15365, -7.25228]},
			"faces": {
				"north": {"uv": [2.5, 8.5, 2.75, 8.6875], "texture": "#0"},
				"east": {"uv": [8.75, 5.5, 8.9375, 5.6875], "texture": "#0"},
				"south": {"uv": [2.75, 8.5, 3, 8.6875], "texture": "#0"},
				"west": {"uv": [5.75, 8.75, 5.9375, 8.9375], "texture": "#0"},
				"up": {"uv": [3.25, 8.6875, 3, 8.5], "texture": "#0"},
				"down": {"uv": [8.75, 3, 8.5, 3.1875], "texture": "#0"}
			}
		},
		{
			"name": "bipod_wobble",
			"from": [7.5818, -3.61842, -7.62048],
			"to": [8.08388, 5.13318, -6.88408],
			"rotation": {"angle": 22.5, "axis": "z", "origin": [8, 7.15365, -7.25228]},
			"faces": {
				"north": {"uv": [1.75, 5.5, 1.875, 7.6875], "texture": "#0"},
				"east": {"uv": [3.75, 4.5, 3.9375, 6.6875], "texture": "#0"},
				"south": {"uv": [1.5, 6, 1.625, 8.1875], "texture": "#0"},
				"west": {"uv": [4, 4.5, 4.1875, 6.6875], "texture": "#0"},
				"up": {"uv": [9.125, 3.9375, 9, 3.75], "texture": "#0"},
				"down": {"uv": [4.125, 9, 4, 9.1875], "texture": "#0"}
			}
		},
		{
			"name": "bipod_wobble",
			"from": [6.5828, 4.38258, -7.61948],
			"to": [7.58288, 5.13218, -6.88508],
			"rotation": {"angle": 22.5, "axis": "z", "origin": [8, 7.15365, -7.25228]},
			"faces": {
				"north": {"uv": [6, 3, 6.25, 3.1875], "texture": "#0"},
				"east": {"uv": [8.75, 4.75, 8.9375, 4.9375], "texture": "#0"},
				"south": {"uv": [6.25, 3.5, 6.5, 3.6875], "texture": "#0"},
				"west": {"uv": [5, 8.75, 5.1875, 8.9375], "texture": "#0"},
				"up": {"uv": [8.75, 2.1875, 8.5, 2], "texture": "#0"},
				"down": {"uv": [8.75, 2.25, 8.5, 2.4375], "texture": "#0"}
			}
		},
		{
			"name": "bipod_wobble",
			"from": [7.3992, 3.8644, -7.52048],
			"to": [8.6008, 4.61648, -6.98408],
			"rotation": {"angle": 0, "axis": "y", "origin": [0, 1, -1]},
			"faces": {
				"north": {"uv": [4.75, 8.25, 5.0625, 8.4375], "texture": "#0"},
				"east": {"uv": [9, 3.5, 9.125, 3.6875], "texture": "#0"},
				"south": {"uv": [8.25, 5.75, 8.5625, 5.9375], "texture": "#0"},
				"west": {"uv": [3.75, 9, 3.875, 9.1875], "texture": "#0"},
				"up": {"uv": [8.8125, 8.625, 8.5, 8.5], "texture": "#0"},
				"down": {"uv": [0.5625, 8.75, 0.25, 8.875], "texture": "#0"}
			}
		},
		{
			"name": "bipod_wobble",
			"from": [9.61258, 5.13923, -6.92048],
			"to": [10.01466, 5.54083, -6.80908],
			"rotation": {"angle": -45, "axis": "z", "origin": [8, 7.15365, -7.25228]},
			"faces": {
				"north": {"uv": [9.25, 2, 9.375, 2.125], "texture": "#0"},
				"east": {"uv": [0.25, 9.5, 0.3125, 9.625], "texture": "#0"},
				"south": {"uv": [2.25, 9.25, 2.375, 9.375], "texture": "#0"},
				"west": {"uv": [9.5, 0.25, 9.5625, 0.375], "texture": "#0"},
				"up": {"uv": [0.625, 9.5625, 0.5, 9.5], "texture": "#0"},
				"down": {"uv": [9.625, 0.5, 9.5, 0.5625], "texture": "#0"}
			}
		},
		{
			"name": "bipod_wobble",
			"from": [11.73603, -2.95838, -7.62038],
			"to": [13.48743, -2.4565, -6.88418],
			"rotation": {"angle": 0, "axis": "y", "origin": [0, 1, -1]},
			"faces": {
				"north": {"uv": [8.25, 7.5, 8.6875, 7.625], "texture": "#0"},
				"east": {"uv": [9, 4, 9.1875, 4.125], "texture": "#0"},
				"south": {"uv": [8.25, 7.75, 8.6875, 7.875], "texture": "#0"},
				"west": {"uv": [4.25, 9, 4.4375, 9.125], "texture": "#0"},
				"up": {"uv": [8.4375, 3.6875, 8, 3.5], "texture": "#0"},
				"down": {"uv": [4.1875, 8, 3.75, 8.1875], "texture": "#0"}
			}
		},
		{
			"name": "bipod_wobble",
			"from": [3.81899, -3.62328, -7.27048],
			"to": [4.47107, -2.97168, -7.27048],
			"rotation": {"angle": 45, "axis": "z", "origin": [8, 7.15365, -7.25228]},
			"faces": {
				"north": {"uv": [5.25, 8.75, 5.4375, 8.9375], "texture": "#0"},
				"east": {"uv": [0, 0, 0, 0.1875], "texture": "#0"},
				"south": {"uv": [8.75, 5.25, 8.9375, 5.4375], "texture": "#0"},
				"west": {"uv": [0, 0, 0, 0.1875], "texture": "#0"},
				"up": {"uv": [0.1875, 0, 0, 0], "texture": "#0"},
				"down": {"uv": [0.1875, 0, 0, 0], "texture": "#0"}
			}
		},
		{
			"name": "bipod_wobble",
			"from": [2.51257, -2.95838, -7.62038],
			"to": [4.26397, -2.4565, -6.88418],
			"rotation": {"angle": 0, "axis": "y", "origin": [0, 1, -1]},
			"faces": {
				"north": {"uv": [8.25, 8, 8.6875, 8.125], "texture": "#0"},
				"east": {"uv": [9, 4.5, 9.1875, 4.625], "texture": "#0"},
				"south": {"uv": [8.25, 8.25, 8.6875, 8.375], "texture": "#0"},
				"west": {"uv": [4.75, 9, 4.9375, 9.125], "texture": "#0"},
				"up": {"uv": [8.4375, 3.9375, 8, 3.75], "texture": "#0"},
				"down": {"uv": [8.4375, 4, 8, 4.1875], "texture": "#0"}
			}
		},
		{
			"name": "bipod_wobble",
			"from": [11.52893, -3.62328, -7.27048],
			"to": [12.18101, -2.97168, -7.27048],
			"rotation": {"angle": -45, "axis": "z", "origin": [8, 7.15365, -7.25228]},
			"faces": {
				"north": {"uv": [8.75, 5.75, 8.9375, 5.9375], "texture": "#0"},
				"east": {"uv": [0, 0, 0, 0.1875], "texture": "#0"},
				"south": {"uv": [6, 8.75, 6.1875, 8.9375], "texture": "#0"},
				"west": {"uv": [0, 0, 0, 0.1875], "texture": "#0"},
				"up": {"uv": [0.1875, 0, 0, 0], "texture": "#0"},
				"down": {"uv": [0.1875, 0, 0, 0], "texture": "#0"}
			}
		},
		{
			"name": "lever",
			"from": [8.95411, 6.42691, 22.05682],
			"to": [9.4247, 8.70557, 22.57695],
			"rotation": {"angle": -45, "axis": "y", "origin": [9.31325, 7.4424, 23.41906]},
			"faces": {
				"north": {"uv": [3.75, 8.25, 3.875, 8.8125], "texture": "#0"},
				"east": {"uv": [4, 8.25, 4.125, 8.8125], "texture": "#0"},
				"south": {"uv": [4.25, 8.25, 4.375, 8.8125], "texture": "#0"},
				"west": {"uv": [8.25, 4.25, 8.375, 4.8125], "texture": "#0"},
				"up": {"uv": [9.375, 4.625, 9.25, 4.5], "texture": "#0"},
				"down": {"uv": [4.875, 9.25, 4.75, 9.375], "texture": "#0"}
			}
		},
		{
			"name": "lever",
			"from": [9.19979, 7.17045, 22.679],
			"to": [9.59509, 7.56575, 23.79257],
			"rotation": {"angle": -45, "axis": "y", "origin": [9.55844, 7.4424, 23.17387]},
			"faces": {
				"north": {"uv": [9.25, 4.25, 9.375, 4.375], "texture": "#0"},
				"east": {"uv": [8.75, 8.25, 9, 8.375], "texture": "#0"},
				"south": {"uv": [4.5, 9.25, 4.625, 9.375], "texture": "#0"},
				"west": {"uv": [8.75, 8.75, 9, 8.875], "texture": "#0"},
				"up": {"uv": [0.125, 9.25, 0, 9], "texture": "#0"},
				"down": {"uv": [9.125, 0, 9, 0.25], "texture": "#0"}
			}
		},
		{
			"name": "lever",
			"from": [8.86665, 7.16995, 23.35776],
			"to": [9.26294, 7.56624, 24.59616],
			"rotation": {"angle": 0, "axis": "y", "origin": [0, 1, -1]},
			"faces": {
				"north": {"uv": [9.25, 4, 9.375, 4.125], "texture": "#0"},
				"east": {"uv": [8.75, 2, 9.0625, 2.125], "texture": "#0"},
				"south": {"uv": [4.25, 9.25, 4.375, 9.375], "texture": "#0"},
				"west": {"uv": [2.25, 8.75, 2.5625, 8.875], "texture": "#0"},
				"up": {"uv": [2.875, 9.0625, 2.75, 8.75], "texture": "#0"},
				"down": {"uv": [3.125, 8.75, 3, 9.0625], "texture": "#0"}
			}
		},
		{
			"name": "right",
			"from": [0, 1, -1],
			"to": [0, 13, -1],
			"rotation": {"angle": 0, "axis": "y", "origin": [0, 1, -1]},
			"faces": {
				"north": {"uv": [0, 0, 0, 3], "texture": "#0"},
				"east": {"uv": [0, 0, 0, 3], "texture": "#0"},
				"south": {"uv": [0, 0, 0, 3], "texture": "#0"},
				"west": {"uv": [0, 0, 0, 3], "texture": "#0"},
				"up": {"uv": [0, 0, 0, 0], "texture": "#0"},
				"down": {"uv": [0, 0, 0, 0], "texture": "#0"}
			}
		},
		{
			"name": "left",
			"from": [0, 1, -1],
			"to": [0, 13, -1],
			"rotation": {"angle": 0, "axis": "y", "origin": [0, 1, -1]},
			"faces": {
				"north": {"uv": [0, 0, 0, 3], "texture": "#0"},
				"east": {"uv": [0, 0, 0, 3], "texture": "#0"},
				"south": {"uv": [0, 0, 0, 3], "texture": "#0"},
				"west": {"uv": [0, 0, 0, 3], "texture": "#0"},
				"up": {"uv": [0, 0, 0, 0], "texture": "#0"},
				"down": {"uv": [0, 0, 0, 0], "texture": "#0"}
			}
		},
		{
			"name": "mag",
			"from": [5.9821, 8.50464, 11.96448],
			"to": [7.46818, 9.12384, 12.08832],
			"rotation": {"angle": 0, "axis": "y", "origin": [0, 1, -1]},
			"faces": {
				"north": {"uv": [5, 8.5, 5.375, 8.625], "texture": "#0"},
				"east": {"uv": [1.75, 9.5, 1.8125, 9.625], "texture": "#0"},
				"south": {"uv": [8.5, 5, 8.875, 5.125], "texture": "#0"},
				"west": {"uv": [9.5, 1.75, 9.5625, 1.875], "texture": "#0"},
				"up": {"uv": [9.375, 6.0625, 9, 6], "texture": "#0"},
				"down": {"uv": [6.625, 9, 6.25, 9.0625], "texture": "#0"}
			}
		},
		{
			"name": "mag",
			"from": [4.86754, 7.06508, 12.08832],
			"to": [6.84898, 9.39652, 13.07904],
			"rotation": {"angle": 0, "axis": "y", "origin": [0, 1, -1]},
			"faces": {
				"north": {"uv": [5.75, 5.75, 6.25, 6.3125], "texture": "#0"},
				"east": {"uv": [0, 7.5, 0.25, 8.0625], "texture": "#0"},
				"south": {"uv": [1, 6, 1.5, 6.5625], "texture": "#0"},
				"west": {"uv": [0.25, 7.5, 0.5, 8.0625], "texture": "#0"},
				"up": {"uv": [6.25, 7.75, 5.75, 7.5], "texture": "#0"},
				"down": {"uv": [8, 6.25, 7.5, 6.5], "texture": "#0"}
			}
		},
		{
			"name": "mag",
			"from": [4.86754, 7.06508, 12.08832],
			"to": [6.84898, 9.39652, 13.07904],
			"rotation": {"angle": 0, "axis": "y", "origin": [0, 1, -1]},
			"faces": {
				"north": {"uv": [5.75, 5.75, 6.25, 6.3125], "texture": "#0"},
				"east": {"uv": [0, 7.5, 0.25, 8.0625], "texture": "#0"},
				"south": {"uv": [1, 6, 1.5, 6.5625], "texture": "#0"},
				"west": {"uv": [0.25, 7.5, 0.5, 8.0625], "texture": "#0"},
				"up": {"uv": [6.25, 7.75, 5.75, 7.5], "texture": "#0"},
				"down": {"uv": [8, 6.25, 7.5, 6.5], "texture": "#0"}
			}
		},
		{
			"name": "mag",
			"from": [4.61986, 6.6424, 13.07904],
			"to": [7.09666, 9.6192, 15.06048],
			"rotation": {"angle": 0, "axis": "y", "origin": [0, 1, -1]},
			"faces": {
				"north": {"uv": [3.5, 3, 4.125, 3.75], "texture": "#0"},
				"east": {"uv": [2.5, 4.75, 3, 5.5], "texture": "#0"},
				"south": {"uv": [3.5, 3.75, 4.125, 4.5], "texture": "#0"},
				"west": {"uv": [5, 4.75, 5.5, 5.5], "texture": "#0"},
				"up": {"uv": [6.125, 3.75, 5.5, 3.25], "texture": "#0"},
				"down": {"uv": [4.875, 5.5, 4.25, 6], "texture": "#0"}
			}
		},
		{
			"name": "eject",
			"from": [8.99, 8.75, 13.95],
			"to": [8.99, 8.75, 13.95],
			"rotation": {"angle": 0, "axis": "y", "origin": [0, 1, -1]},
			"faces": {
				"north": {"uv": [7.25, 5, 7.5625, 5.3125], "texture": "#0"},
				"east": {"uv": [6.75, 7, 7.125, 7.3125], "texture": "#0"},
				"south": {"uv": [7.25, 5.5, 7.5625, 5.8125], "texture": "#0"},
				"west": {"uv": [7.25, 0, 7.625, 0.3125], "texture": "#0"},
				"up": {"uv": [7.5625, 2.625, 7.25, 2.25], "texture": "#0"},
				"down": {"uv": [3.3125, 7.25, 3, 7.625], "texture": "#0"}
			}
		}
	],
	"display": {
		"thirdperson_righthand": {
			"translation": [0, 1.5, -6],
			"scale": [1, 1, 1]
		},
		"thirdperson_lefthand": {
			"translation": [0, 1.5, -6],
			"scale": [1, 1, 1]
		},
		"firstperson_righthand": {
			"rotation": [0, 5, 12.5],
			"translation": [-6, 4.25, -4.25]
		},
		"firstperson_lefthand": {
			"rotation": [0, 5, 12.5],
			"translation": [-6, 4.25, -4.25]
		},
		"ground": {
			"scale": [0.9, 0.9, 0.9]
		},
		"gui": {
			"rotation": [44, -52, 24],
			"translation": [1.25, 1.25, 0],
			"scale": [0.7, 0.7, 0.7]
		},
		"head": {
			"rotation": [91, 24, -87],
			"translation": [-2.5, -16.75, 4.75],
			"scale": [1.3, 1.3, 1.3]
		},
		"fixed": {
			"rotation": [-70, 156, 94],
			"translation": [-3.25, 12.25, -1.25],
			"scale": [1.6, 1.6, 1.6]
		}
	},
	"groups": [
		{
			"name": "main",
			"origin": [8.075, 8.5, 14.5],
			"color": 0,
			"children": [
				0,
				1,
				2,
				3,
				4,
				5,
				6,
				7,
				8,
				9,
				10,
				11,
				12,
				13,
				14,
				15,
				16,
				17,
				18,
				19,
				20,
				21,
				22,
				23,
				24,
				25,
				26,
				27,
				28,
				29,
				30,
				31,
				32,
				33,
				34,
				35,
				36,
				37,
				38,
				39,
				40,
				41,
				42,
				43,
				44,
				45,
				46,
				47,
				48,
				49,
				50,
				{
					"name": "sticker0",
					"origin": [6.84, 7.99429, 9.51506],
					"color": 1,
					"children": [51]
				},
				{
					"name": "sticker1",
					"origin": [7.05, 8.36013, 16.34618],
					"color": 2,
					"children": [52]
				},
				{
					"name": "sticker2",
					"origin": [7.05, 8.36013, 19.34618],
					"color": 3,
					"children": [53]
				},
				{
					"name": "muzzleflash",
					"origin": [7.99, 8.1, -13.73431],
					"color": 4,
					"children": [54]
				},
				{
					"name": "barrel_overheat",
					"origin": [8.01032, 5.03712, 22.50464],
					"color": 5,
					"children": [
						55,
						{
							"name": "nose",
							"origin": [8.01032, 5.03712, 22.53812],
							"color": 6,
							"children": [56]
						}
					]
				},
				{
					"name": "bipod_wobble",
					"origin": [8, 7.21544, -7.25455],
					"color": 7,
					"children": [57, 58, 59, 60, 61, 62, 63, 64, 65, 66, 67, 68, 69, 70, 71, 72]
				},
				{
					"name": "lever",
					"origin": [8.5942, 6.55075, 26.5776],
					"color": 8,
					"children": [73, 74, 75]
				},
				{
					"name": "arms",
					"origin": [11.5625, 3.7491, 12.18696],
					"color": 9,
					"children": [
						{
							"name": "right",
							"origin": [2, 7, 1],
							"color": 0,
							"children": [76]
						},
						{
							"name": "left",
							"origin": [0, 7, -1],
							"color": 1,
							"children": [77]
						}
					]
				},
				{
					"name": "mag",
					"origin": [6.07498, 8.35166, 12.81588],
					"color": 2,
					"children": [78, 79, 80, 81]
				},
				{
					"name": "eject",
					"origin": [8.99, 8.75, 13.95],
					"color": 3,
					"children": [82]
				}
			]
		}
	]
}