{
	"credit": "Made with Blockbench",
	"texture_size": [64, 64],
	"textures": {
		"0": "politmine/item/weapons/textures/mosin_nagant"
	},
	"elements": [
		{
			"name": "main",
			"from": [7.2968, 6.5928, 21.8816],
			"to": [8.7032, 7.9992, 27],
			"rotation": {"angle": 0, "axis": "y", "origin": [0, 0, 3]},
			"faces": {
				"north": {"uv": [1, 5, 1.375, 5.375], "texture": "#0"},
				"east": {"uv": [3.5, 1.5, 4.75, 1.875], "texture": "#0"},
				"south": {"uv": [1.5, 5, 1.875, 5.375], "texture": "#0"},
				"west": {"uv": [3.5, 2, 4.75, 2.375], "texture": "#0"},
				"up": {"uv": [3.875, 4.75, 3.5, 3.5], "texture": "#0"},
				"down": {"uv": [4.375, 3.5, 4, 4.75], "texture": "#0"}
			}
		},
		{
			"name": "main",
			"from": [7.29751, 8.0015, 19.77101],
			"to": [8.7025, 10.11049, 27],
			"rotation": {"angle": 0, "axis": "y", "origin": [0, 0, 3]},
			"faces": {
				"north": {"uv": [4.75, 2, 5.125, 2.5], "texture": "#0"},
				"east": {"uv": [1, 1, 2.8125, 1.5], "texture": "#0"},
				"south": {"uv": [4.75, 3, 5.125, 3.5], "texture": "#0"},
				"west": {"uv": [1, 1.5, 2.8125, 2], "texture": "#0"},
				"up": {"uv": [1.875, 4.8125, 1.5, 3], "texture": "#0"},
				"down": {"uv": [2.375, 3, 2, 4.8125], "texture": "#0"}
			}
		},
		{
			"name": "main",
			"from": [7.29831, 7.70905, 20.98108],
			"to": [8.7017, 9.11244, 23.08847],
			"rotation": {"angle": -22.5, "axis": "x", "origin": [8, 8.05875, 20.27478]},
			"faces": {
				"north": {"uv": [2, 5, 2.375, 5.375], "texture": "#0"},
				"east": {"uv": [3.5, 4.75, 4, 5.125], "texture": "#0"},
				"south": {"uv": [5, 2.5, 5.375, 2.875], "texture": "#0"},
				"west": {"uv": [4.75, 3.5, 5.25, 3.875], "texture": "#0"},
				"up": {"uv": [4.375, 5.25, 4, 4.75], "texture": "#0"},
				"down": {"uv": [5.125, 4, 4.75, 4.5], "texture": "#0"}
			}
		},
		{
			"name": "main",
			"from": [7.296, 7.15835, 18.2171],
			"to": [8.704, 8.56635, 25.2571],
			"rotation": {"angle": 22.5, "axis": "x", "origin": [8, 8.56635, 23.4971]},
			"faces": {
				"north": {"uv": [4.75, 5, 5.125, 5.375], "texture": "#0"},
				"east": {"uv": [2.5, 3, 4.25, 3.375], "texture": "#0"},
				"south": {"uv": [5.25, 0.5, 5.625, 0.875], "texture": "#0"},
				"west": {"uv": [3.5, 1, 5.25, 1.375], "texture": "#0"},
				"up": {"uv": [2.875, 5.25, 2.5, 3.5], "texture": "#0"},
				"down": {"uv": [3.375, 3.5, 3, 5.25], "texture": "#0"}
			}
		},
		{
			"name": "main",
			"from": [7.2952, 9.17811, 10.87421],
			"to": [8.7048, 10.58771, 18.61981],
			"rotation": {"angle": 0, "axis": "y", "origin": [0, 0, 3]},
			"faces": {
				"north": {"uv": [5.25, 1, 5.625, 1.375], "texture": "#0"},
				"east": {"uv": [1, 2, 2.9375, 2.375], "texture": "#0"},
				"south": {"uv": [5.25, 2, 5.625, 2.375], "texture": "#0"},
				"west": {"uv": [1, 2.5, 2.9375, 2.875], "texture": "#0"},
				"up": {"uv": [1.375, 4.9375, 1, 3], "texture": "#0"},
				"down": {"uv": [3.375, 1, 3, 2.9375], "texture": "#0"}
			}
		},
		{
			"name": "main",
			"from": [7.473, 10.58791, 10.87601],
			"to": [8.527, 10.93791, 13.23601],
			"rotation": {"angle": 0, "axis": "y", "origin": [0, 0, 3]},
			"faces": {
				"north": {"uv": [0, 6.5, 0.25, 6.5625], "texture": "#0"},
				"east": {"uv": [6.25, 1.25, 6.8125, 1.3125], "texture": "#0"},
				"south": {"uv": [6.5, 0, 6.75, 0.0625], "texture": "#0"},
				"west": {"uv": [1.5, 6.25, 2.0625, 6.3125], "texture": "#0"},
				"up": {"uv": [2.75, 5.8125, 2.5, 5.25], "texture": "#0"},
				"down": {"uv": [3, 5.25, 2.75, 5.8125], "texture": "#0"}
			}
		},
		{
			"name": "main",
			"from": [7.472, 10.93891, 10.87501],
			"to": [8.528, 11.46691, 12.45901],
			"rotation": {"angle": 0, "axis": "y", "origin": [0, 0, 3]},
			"faces": {
				"north": {"uv": [6.25, 2, 6.5, 2.125], "texture": "#0"},
				"east": {"uv": [6, 4.75, 6.375, 4.875], "texture": "#0"},
				"south": {"uv": [2.25, 6.25, 2.5, 6.375], "texture": "#0"},
				"west": {"uv": [6, 5, 6.375, 5.125], "texture": "#0"},
				"up": {"uv": [5, 5.875, 4.75, 5.5], "texture": "#0"},
				"down": {"uv": [5.25, 5.5, 5, 5.875], "texture": "#0"}
			}
		},
		{
			"name": "main",
			"from": [7.648, 11.46691, 10.87501],
			"to": [8.352, 11.64291, 12.63501],
			"rotation": {"angle": 0, "axis": "y", "origin": [0, 0, 3]},
			"faces": {
				"north": {"uv": [2, 6.5, 2.1875, 6.5625], "texture": "#0"},
				"east": {"uv": [6.25, 2.25, 6.6875, 2.3125], "texture": "#0"},
				"south": {"uv": [6.5, 2, 6.6875, 2.0625], "texture": "#0"},
				"west": {"uv": [6.25, 2.5, 6.6875, 2.5625], "texture": "#0"},
				"up": {"uv": [2.1875, 6.1875, 2, 5.75], "texture": "#0"},
				"down": {"uv": [5.9375, 2, 5.75, 2.4375], "texture": "#0"}
			}
		},
		{
			"name": "main",
			"from": [7.648, 11.75227, 12.44392],
			"to": [8.352, 11.92827, 12.79592],
			"rotation": {"angle": -45, "axis": "x", "origin": [8, 11.84027, 12.88392]},
			"faces": {
				"north": {"uv": [2.25, 6.5, 2.4375, 6.5625], "texture": "#0"},
				"east": {"uv": [6.5, 5.75, 6.5625, 5.8125], "texture": "#0"},
				"south": {"uv": [2.5, 6.5, 2.6875, 6.5625], "texture": "#0"},
				"west": {"uv": [6, 6.5, 6.0625, 6.5625], "texture": "#0"},
				"up": {"uv": [2.9375, 6.5625, 2.75, 6.5], "texture": "#0"},
				"down": {"uv": [3.1875, 6.5, 3, 6.5625], "texture": "#0"}
			}
		},
		{
			"name": "main",
			"from": [7.648, 8.07491, 15.80301],
			"to": [8.352, 9.17891, 16.71101],
			"rotation": {"angle": 0, "axis": "y", "origin": [0, 0, 3]},
			"faces": {
				"north": {"uv": [6, 5.5, 6.1875, 5.75], "texture": "#0"},
				"east": {"uv": [6, 2.5, 6.25, 2.75], "texture": "#0"},
				"south": {"uv": [5.75, 6, 5.9375, 6.25], "texture": "#0"},
				"west": {"uv": [2.75, 6, 3, 6.25], "texture": "#0"},
				"up": {"uv": [6.1875, 6, 6, 5.75], "texture": "#0"},
				"down": {"uv": [6.1875, 6, 6, 6.25], "texture": "#0"}
			}
		},
		{
			"name": "main",
			"from": [7.648, 8.07491, 18.46101],
			"to": [8.352, 9.17891, 18.61901],
			"rotation": {"angle": 0, "axis": "y", "origin": [0, 0, 3]},
			"faces": {
				"north": {"uv": [0, 6.25, 0.1875, 6.5], "texture": "#0"},
				"east": {"uv": [6.5, 1, 6.5625, 1.25], "texture": "#0"},
				"south": {"uv": [6.25, 0, 6.4375, 0.25], "texture": "#0"},
				"west": {"uv": [1.25, 6.5, 1.3125, 6.75], "texture": "#0"},
				"up": {"uv": [6.6875, 3.5625, 6.5, 3.5], "texture": "#0"},
				"down": {"uv": [3.9375, 6.5, 3.75, 6.5625], "texture": "#0"}
			}
		},
		{
			"name": "main",
			"from": [7.848, 8.67491, 17.96101],
			"to": [8.152, 9.27891, 18.11901],
			"rotation": {"angle": -22.5, "axis": "x", "origin": [8, 8.62691, 18.04001]},
			"faces": {
				"north": {"uv": [6.5, 4.75, 6.5625, 4.875], "texture": "#0"},
				"east": {"uv": [6.5, 5, 6.5625, 5.125], "texture": "#0"},
				"south": {"uv": [6.5, 5.25, 6.5625, 5.375], "texture": "#0"},
				"west": {"uv": [6.5, 5.5, 6.5625, 5.625], "texture": "#0"},
				"up": {"uv": [1.0625, 6.8125, 1, 6.75], "texture": "#0"},
				"down": {"uv": [6.8125, 1, 6.75, 1.0625], "texture": "#0"}
			}
		},
		{
			"name": "main",
			"from": [7.848, 8.40071, 17.82708],
			"to": [8.152, 8.75471, 17.98508],
			"rotation": {"angle": 22.5, "axis": "x", "origin": [8, 8.45271, 17.90608]},
			"faces": {
				"north": {"uv": [1.25, 6.75, 1.3125, 6.8125], "texture": "#0"},
				"east": {"uv": [1.5, 6.75, 1.5625, 6.8125], "texture": "#0"},
				"south": {"uv": [1.75, 6.75, 1.8125, 6.8125], "texture": "#0"},
				"west": {"uv": [2, 6.75, 2.0625, 6.8125], "texture": "#0"},
				"up": {"uv": [6.8125, 2.0625, 6.75, 2], "texture": "#0"},
				"down": {"uv": [2.3125, 6.75, 2.25, 6.8125], "texture": "#0"}
			}
		},
		{
			"name": "main",
			"from": [7.648, 8.07491, 16.71101],
			"to": [8.352, 8.27891, 18.46901],
			"rotation": {"angle": 0, "axis": "y", "origin": [0, 0, 3]},
			"faces": {
				"north": {"uv": [6.5, 3.75, 6.6875, 3.8125], "texture": "#0"},
				"east": {"uv": [2.75, 6.25, 3.1875, 6.3125], "texture": "#0"},
				"south": {"uv": [4, 6.5, 4.1875, 6.5625], "texture": "#0"},
				"west": {"uv": [6.25, 2.75, 6.6875, 2.8125], "texture": "#0"},
				"up": {"uv": [2.4375, 6.1875, 2.25, 5.75], "texture": "#0"},
				"down": {"uv": [5.9375, 2.5, 5.75, 2.9375], "texture": "#0"}
			}
		},
		{
			"name": "main",
			"from": [7.64871, 8.58672, 13.13398],
			"to": [8.3513, 10.08931, 16.04457],
			"rotation": {"angle": 22.5, "axis": "x", "origin": [8, 8.93802, 14.63728]},
			"faces": {
				"north": {"uv": [5.25, 5.75, 5.4375, 6.125], "texture": "#0"},
				"east": {"uv": [3.75, 0.5, 4.5, 0.875], "texture": "#0"},
				"south": {"uv": [5.75, 5.25, 5.9375, 5.625], "texture": "#0"},
				"west": {"uv": [4.5, 0.5, 5.25, 0.875], "texture": "#0"},
				"up": {"uv": [3.1875, 6, 3, 5.25], "texture": "#0"},
				"down": {"uv": [5.4375, 3, 5.25, 3.75], "texture": "#0"}
			}
		},
		{
			"name": "main",
			"from": [7.296, 9.65691, -3.49299],
			"to": [8.704, 11.06491, 10.87501],
			"rotation": {"angle": 0, "axis": "y", "origin": [0, 0, 3]},
			"faces": {
				"north": {"uv": [3.25, 5.25, 3.625, 5.625], "texture": "#0"},
				"east": {"uv": [0, 0, 3.5625, 0.375], "texture": "#0"},
				"south": {"uv": [3.75, 5.25, 4.125, 5.625], "texture": "#0"},
				"west": {"uv": [0, 0.5, 3.5625, 0.875], "texture": "#0"},
				"up": {"uv": [0.375, 4.5625, 0, 1], "texture": "#0"},
				"down": {"uv": [0.875, 1, 0.5, 4.5625], "texture": "#0"}
			}
		},
		{
			"name": "main",
			"from": [7.912, 9.48091, -6.30899],
			"to": [8.088, 9.65691, 11.07501],
			"rotation": {"angle": 0, "axis": "y", "origin": [0, 0, 3]},
			"faces": {
				"north": {"uv": [6.75, 2.25, 6.8125, 2.3125], "texture": "#0"},
				"east": {"uv": [4.75, 1.5, 9.125, 1.5625], "texture": "#0"},
				"south": {"uv": [2.5, 6.75, 2.5625, 6.8125], "texture": "#0"},
				"west": {"uv": [4.75, 1.75, 9.125, 1.8125], "texture": "#0"},
				"up": {"uv": [0.5625, 9.125, 0.5, 4.75], "texture": "#0"},
				"down": {"uv": [0.8125, 4.75, 0.75, 9.125], "texture": "#0"}
			}
		},
		{
			"name": "main",
			"from": [7.8416, 9.41051, -7.01299],
			"to": [8.1584, 9.72731, -6.30899],
			"rotation": {"angle": 0, "axis": "y", "origin": [0, 0, 3]},
			"faces": {
				"north": {"uv": [6.75, 2.5, 6.8125, 2.5625], "texture": "#0"},
				"east": {"uv": [6.5, 4, 6.6875, 4.0625], "texture": "#0"},
				"south": {"uv": [2.75, 6.75, 2.8125, 6.8125], "texture": "#0"},
				"west": {"uv": [4.25, 6.5, 4.4375, 6.5625], "texture": "#0"},
				"up": {"uv": [6.5625, 4.4375, 6.5, 4.25], "texture": "#0"},
				"down": {"uv": [6.5625, 4.5, 6.5, 4.6875], "texture": "#0"}
			}
		},
		{
			"name": "main",
			"from": [7.56, 10.18491, -8.71699],
			"to": [8.44, 11.06491, -3.49299],
			"rotation": {"angle": 0, "axis": "y", "origin": [0, 0, 3]},
			"faces": {
				"north": {"uv": [6, 2.75, 6.25, 3], "texture": "#0"},
				"east": {"uv": [3.5, 2.5, 4.8125, 2.75], "texture": "#0"},
				"south": {"uv": [3, 6, 3.25, 6.25], "texture": "#0"},
				"west": {"uv": [3.5, 2.75, 4.8125, 3], "texture": "#0"},
				"up": {"uv": [4.75, 4.3125, 4.5, 3], "texture": "#0"},
				"down": {"uv": [4.75, 4.5, 4.5, 5.8125], "texture": "#0"}
			}
		},
		{
			"name": "main",
			"from": [7.56, 11.56491, -7.71699],
			"to": [8.44, 12.44491, -6.49299],
			"rotation": {"angle": 0, "axis": "y", "origin": [0, 0, 3]},
			"faces": {
				"north": {"uv": [3.25, 6, 3.5, 6.25], "texture": "#0"},
				"east": {"uv": [5.75, 3, 6.0625, 3.25], "texture": "#0"},
				"south": {"uv": [6, 3.25, 6.25, 3.5], "texture": "#0"},
				"west": {"uv": [3.25, 5.75, 3.5625, 6], "texture": "#0"},
				"up": {"uv": [6, 3.5625, 5.75, 3.25], "texture": "#0"},
				"down": {"uv": [4, 5.75, 3.75, 6.0625], "texture": "#0"}
			}
		},
		{
			"name": "main",
			"from": [7.75, 11.06491, -7.71699],
			"to": [8.25, 11.56991, -6.49299],
			"rotation": {"angle": 0, "axis": "y", "origin": [0, 0, 3]},
			"faces": {
				"north": {"uv": [1.5, 6.5, 1.625, 6.625], "texture": "#0"},
				"east": {"uv": [6.25, 0.25, 6.5625, 0.375], "texture": "#0"},
				"south": {"uv": [1.75, 6.5, 1.875, 6.625], "texture": "#0"},
				"west": {"uv": [6.25, 0.5, 6.5625, 0.625], "texture": "#0"},
				"up": {"uv": [0.375, 6.5625, 0.25, 6.25], "texture": "#0"},
				"down": {"uv": [6.375, 0.75, 6.25, 1.0625], "texture": "#0"}
			}
		},
		{
			"name": "main",
			"from": [7.384, 9.83291, -4.90099],
			"to": [8.616, 10.71291, -3.49299],
			"rotation": {"angle": 0, "axis": "y", "origin": [0, 0, 3]},
			"faces": {
				"north": {"uv": [5.75, 3.75, 6.0625, 4], "texture": "#0"},
				"east": {"uv": [1, 5.75, 1.375, 6], "texture": "#0"},
				"south": {"uv": [5.75, 4, 6.0625, 4.25], "texture": "#0"},
				"west": {"uv": [5.75, 1, 6.125, 1.25], "texture": "#0"},
				"up": {"uv": [5.5625, 5.625, 5.25, 5.25], "texture": "#0"},
				"down": {"uv": [5.8125, 0, 5.5, 0.375], "texture": "#0"}
			}
		},
		{
			"name": "main",
			"from": [7.29671, 10.33837, 9.27428],
			"to": [8.7033, 11.04096, 11.38487],
			"rotation": {"angle": 22.5, "axis": "x", "origin": [8, 11.04167, 8.21757]},
			"faces": {
				"north": {"uv": [5.5, 5.75, 5.875, 5.9375], "texture": "#0"},
				"east": {"uv": [5.75, 1.25, 6.25, 1.4375], "texture": "#0"},
				"south": {"uv": [0, 6, 0.375, 6.1875], "texture": "#0"},
				"west": {"uv": [1.5, 5.75, 2, 5.9375], "texture": "#0"},
				"up": {"uv": [5.125, 5, 4.75, 4.5], "texture": "#0"},
				"down": {"uv": [5.375, 0, 5, 0.5], "texture": "#0"}
			}
		},
		{
			"name": "sticker0",
			"from": [7.25, 9.81205, 7.70875],
			"to": [7.25, 10.91205, 8.80875],
			"rotation": {"angle": 0, "axis": "y", "origin": [0, 0, 3]},
			"faces": {
				"north": {"uv": [0, 0, 0, 0.275], "texture": "#0"},
				"east": {"uv": [0, 0, 0.275, 0.275], "texture": "#0"},
				"south": {"uv": [0, 0, 0, 0.275], "texture": "#0"},
				"west": {"uv": [0, 0, 0.275, 0.275], "texture": "#0"},
				"up": {"uv": [0, 0, 0, 0.275], "texture": "#0"},
				"down": {"uv": [0, 0, 0, 0.275], "texture": "#0"}
			}
		},
		{
			"name": "sticker1",
			"from": [7.25, 9.46205, 10.20875],
			"to": [7.25, 10.56205, 11.30875],
			"rotation": {"angle": 0, "axis": "y", "origin": [0, 0, 3]},
			"faces": {
				"north": {"uv": [0, 0, 0, 0.275], "texture": "#0"},
				"east": {"uv": [0, 0, 0.275, 0.275], "texture": "#0"},
				"south": {"uv": [0, 0, 0, 0.275], "texture": "#0"},
				"west": {"uv": [0, 0, 0.275, 0.275], "texture": "#0"},
				"up": {"uv": [0, 0, 0, 0.275], "texture": "#0"},
				"down": {"uv": [0, 0, 0, 0.275], "texture": "#0"}
			}
		},
		{
			"name": "sticker2",
			"from": [7.25, 9.36205, 17.40875],
			"to": [7.25, 10.46205, 18.50875],
			"rotation": {"angle": 0, "axis": "y", "origin": [0, 0, 3]},
			"faces": {
				"north": {"uv": [0, 0, 0, 0.275], "texture": "#0"},
				"east": {"uv": [0, 0, 0.275, 0.275], "texture": "#0"},
				"south": {"uv": [0, 0, 0, 0.275], "texture": "#0"},
				"west": {"uv": [0, 0, 0.275, 0.275], "texture": "#0"},
				"up": {"uv": [0, 0, 0, 0.275], "texture": "#0"},
				"down": {"uv": [0, 0, 0, 0.275], "texture": "#0"}
			}
		},
		{
			"name": "scope",
			"from": [6.844, 10.18691, 15.01101],
			"to": [7.5, 10.89091, 17.21901],
			"rotation": {"angle": 0, "axis": "y", "origin": [0, 0, 3]},
			"faces": {
				"north": {"uv": [1, 6.25, 1.1875, 6.4375], "texture": "#0"},
				"east": {"uv": [1, 5.5, 1.5625, 5.6875], "texture": "#0"},
				"south": {"uv": [1.25, 6.25, 1.4375, 6.4375], "texture": "#0"},
				"west": {"uv": [1.75, 5.5, 2.3125, 5.6875], "texture": "#0"},
				"up": {"uv": [4.4375, 5.8125, 4.25, 5.25], "texture": "#0"},
				"down": {"uv": [5.6875, 2.5, 5.5, 3.0625], "texture": "#0"}
			}
		},
		{
			"name": "bolt",
			"from": [7.472, 10.58691, 17.21101],
			"to": [8.528, 11.29091, 18.61901],
			"rotation": {"angle": 0, "axis": "y", "origin": [0, 0, 3]},
			"faces": {
				"north": {"uv": [3.5, 6, 3.75, 6.1875], "texture": "#0"},
				"east": {"uv": [5.75, 4.25, 6.125, 4.4375], "texture": "#0"},
				"south": {"uv": [6, 3.5, 6.25, 3.6875], "texture": "#0"},
				"west": {"uv": [5.75, 4.5, 6.125, 4.6875], "texture": "#0"},
				"up": {"uv": [5.75, 3.625, 5.5, 3.25], "texture": "#0"},
				"down": {"uv": [5.75, 3.75, 5.5, 4.125], "texture": "#0"}
			}
		},
		{
			"name": "bolt",
			"from": [7.472, 10.58691, 12.98701],
			"to": [8.528, 11.29091, 15.09901],
			"rotation": {"angle": 0, "axis": "y", "origin": [0, 0, 3]},
			"faces": {
				"north": {"uv": [6, 5.25, 6.25, 5.4375], "texture": "#0"},
				"east": {"uv": [5.75, 0.5, 6.25, 0.6875], "texture": "#0"},
				"south": {"uv": [5.5, 6, 5.75, 6.1875], "texture": "#0"},
				"west": {"uv": [5.75, 0.75, 6.25, 0.9375], "texture": "#0"},
				"up": {"uv": [4.5, 3.5, 4.25, 3], "texture": "#0"},
				"down": {"uv": [5.5, 3.75, 5.25, 4.25], "texture": "#0"}
			}
		},
		{
			"name": "handle",
			"from": [7.736, 10.58691, 15.09901],
			"to": [8.264, 11.11491, 17.21101],
			"rotation": {"angle": 0, "axis": "y", "origin": [0, 0, 3]},
			"faces": {
				"north": {"uv": [6.5, 0.75, 6.625, 0.875], "texture": "#0"},
				"east": {"uv": [1, 6, 1.5, 6.125], "texture": "#0"},
				"south": {"uv": [1, 6.5, 1.125, 6.625], "texture": "#0"},
				"west": {"uv": [1.5, 6, 2, 6.125], "texture": "#0"},
				"up": {"uv": [6.125, 2.5, 6, 2], "texture": "#0"},
				"down": {"uv": [2.625, 6, 2.5, 6.5], "texture": "#0"}
			}
		},
		{
			"name": "handle",
			"from": [8.264, 10.73691, 16.64901],
			"to": [9.042, 11.01491, 16.92701],
			"rotation": {"angle": 0, "axis": "y", "origin": [0, 0, 3]},
			"faces": {
				"north": {"uv": [6.5, 3, 6.6875, 3.0625], "texture": "#0"},
				"east": {"uv": [6.5, 6, 6.5625, 6.0625], "texture": "#0"},
				"south": {"uv": [3.25, 6.5, 3.4375, 6.5625], "texture": "#0"},
				"west": {"uv": [6.25, 6.5, 6.3125, 6.5625], "texture": "#0"},
				"up": {"uv": [6.6875, 3.3125, 6.5, 3.25], "texture": "#0"},
				"down": {"uv": [3.6875, 6.5, 3.5, 6.5625], "texture": "#0"}
			}
		},
		{
			"name": "handle",
			"from": [8.764, 9.20891, 16.64901],
			"to": [9.042, 10.73691, 16.92701],
			"rotation": {"angle": 0, "axis": "y", "origin": [0, 0, 3]},
			"faces": {
				"north": {"uv": [4.75, 6.25, 4.8125, 6.625], "texture": "#0"},
				"east": {"uv": [5, 6.25, 5.0625, 6.625], "texture": "#0"},
				"south": {"uv": [5.25, 6.25, 5.3125, 6.625], "texture": "#0"},
				"west": {"uv": [6.25, 5.25, 6.3125, 5.625], "texture": "#0"},
				"up": {"uv": [6.5625, 6.3125, 6.5, 6.25], "texture": "#0"},
				"down": {"uv": [6.5625, 6.5, 6.5, 6.5625], "texture": "#0"}
			}
		},
		{
			"name": "handle",
			"from": [8.739, 8.93091, 16.62401],
			"to": [9.067, 9.20891, 16.95201],
			"rotation": {"angle": 0, "axis": "y", "origin": [0, 0, 3]},
			"faces": {
				"north": {"uv": [0, 6.75, 0.0625, 6.8125], "texture": "#0"},
				"east": {"uv": [6.75, 0, 6.8125, 0.0625], "texture": "#0"},
				"south": {"uv": [0.25, 6.75, 0.3125, 6.8125], "texture": "#0"},
				"west": {"uv": [6.75, 0.25, 6.8125, 0.3125], "texture": "#0"},
				"up": {"uv": [6.8125, 0.5625, 6.75, 0.5], "texture": "#0"},
				"down": {"uv": [6.8125, 0.75, 6.75, 0.8125], "texture": "#0"}
			}
		},
		{
			"name": "muzzleflash",
			"from": [7.99, 10.6, -8.9],
			"to": [7.99, 10.6, -8.9],
			"rotation": {"angle": 0, "axis": "y", "origin": [0, 0, 3]},
			"faces": {
				"north": {"uv": [7.25, 5, 7.5625, 5.3125], "texture": "#0"},
				"east": {"uv": [6.75, 7, 7.125, 7.3125], "texture": "#0"},
				"south": {"uv": [7.25, 5.5, 7.5625, 5.8125], "texture": "#0"},
				"west": {"uv": [7.25, 0, 7.625, 0.3125], "texture": "#0"},
				"up": {"uv": [7.5625, 2.625, 7.25, 2.25], "texture": "#0"},
				"down": {"uv": [3.3125, 7.25, 3, 7.625], "texture": "#0"}
			}
		}
	],
	"display": {
		"thirdperson_righthand": {
			"translation": [0, -1.25, -2.25],
			"scale": [0.95, 1.2, 1.1]
		},
		"thirdperson_lefthand": {
			"translation": [0, -1.25, -2.25],
			"scale": [0.95, 1.2, 1.1]
		},
		"firstperson_righthand": {
			"rotation": [0, 5, 12.5],
			"translation": [-6, 3.5, -2.5]
		},
		"firstperson_lefthand": {
			"rotation": [0, 5, 12.5],
			"translation": [-6, 3.5, -2.5]
		},
		"ground": {
			"scale": [0.9, 0.9, 0.9]
		},
		"head": {
			"rotation": [89, -12, -87],
			"translation": [1.75, -14.75, 4.5],
			"scale": [1.7, 1.7, 1.7]
		},
		"fixed": {
			"rotation": [-70, 156, 94],
			"translation": [-10.75, 16, -0.75],
			"scale": [1.85, 1.95, 2]
		},
		"gui": {
			"rotation": [44, -52, 24],
			"translation": [1.5, 0.5, 0],
			"scale": [0.95, 0.95, 0.95]
		}
	},
	"groups": [
		{
			"name": "main",
			"origin": [16.26036, 10.25, 19.20831],
			"color": 0,
			"children": [
				0,
				1,
				2,
				3,
				4,
				5,
				6,
				7,
				8,
				9,
				10,
				11,
				12,
				13,
				14,
				15,
				16,
				17,
				18,
				19,
				20,
				21,
				22,
				{
					"name": "sticker0",
					"origin": [15.25, 10.36205, 13.25875],
					"color": 1,
					"children": [23]
				},
				{
					"name": "sticker1",
					"origin": [15.25, 10.01205, 15.75875],
					"color": 2,
					"children": [24]
				},
				{
					"name": "sticker2",
					"origin": [15.25, 9.91205, 22.95875],
					"color": 3,
					"children": [25]
				},
				{
					"name": "scope",
					"origin": [15.43133, 10.87891, 20.74835],
					"color": 7,
					"children": [
						26,
						{
							"name": "scope_tube",
							"origin": [15.50733, 12.49825, 20.83168],
							"color": 8,
							"children": []
						}
					]
				},
				{
					"name": "bolt",
					"origin": [16.016, 10.88291, 20.09901],
					"color": 9,
					"children": [
						27,
						28,
						{
							"name": "handle",
							"origin": [16.01475, 10.84241, 21.62976],
							"color": 0,
							"children": [29, 30, 31, 32]
						}
					]
				},
				{
					"name": "muzzleflash",
					"origin": [15.99, 10.6, -3.9],
					"color": 1,
					"children": [33]
				}
			]
		}
	]
}