{"credit":"Made by samus2002","textures":{"0":"orc_texture/orc_king","particle":"orc_texture/orc_king"},"elements":[{"from":[7.84618,-5.83213,7.3847],"to":[9.07677,20.01031,8.6153],"rotation":{"angle":0,"axis":"y","origin":[8,8,8]},"faces":{"north":{"uv":[2.1895,5.752,2.3105,8.373],"texture":"#0"},"east":{"uv":[2.377,5.752,2.498,8.373],"texture":"#0"},"south":{"uv":[5.127,5.6895,5.248,8.3105],"texture":"#0"},"west":{"uv":[5.3145,5.6895,5.4355,8.3105],"texture":"#0"},"up":{"uv":[8.248,11.5605,8.127,11.4395],"rotation":180,"texture":"#0"},"down":{"uv":[11.5605,8.1895,11.4395,8.3105],"rotation":180,"texture":"#0"}}},{"from":[8.16152,19.39501,6.15411],"to":[8.76143,25.54797,8.56915],"rotation":{"angle":0,"axis":"y","origin":[8,8,8]},"faces":{"north":{"uv":[8.002,10.5645,8.0605,11.1855],"texture":"#0"},"east":{"uv":[3.127,8.5645,3.373,9.1855],"texture":"#0"},"south":{"uv":[2.627,10.877,2.6855,11.498],"texture":"#0"},"west":{"uv":[6.252,8.877,6.498,9.498],"texture":"#0"},"up":{"uv":[8.5605,1.4355,8.502,1.1895],"texture":"#0"},"down":{"uv":[5.8105,9.377,5.752,9.623],"texture":"#0"}}},{"from":[8.15382,23.50582,-0.4207],"to":[8.76912,26.5823,1.42519],"rotation":{"angle":22.5,"axis":"x","origin":[8,8,8]},"faces":{"north":{"uv":[8.627,9.002,8.6855,9.3105],"texture":"#0"},"east":{"uv":[2.627,10.502,2.8105,10.8105],"texture":"#0"},"south":{"uv":[7.627,9.0645,7.6855,9.373],"texture":"#0"},"west":{"uv":[10.502,3.4395,10.6855,3.748],"texture":"#0"},"up":{"uv":[1.748,11.748,1.6895,11.5645],"texture":"#0"},"down":{"uv":[11.623,1.6895,11.5645,1.873],"texture":"#0"}}},{"from":[8.16152,25.86341,15.18534],"to":[8.76143,27.094,17.64652],"rotation":{"angle":-22.5,"axis":"x","origin":[8,8,8]},"faces":{"north":{"uv":[2.377,11.627,2.4355,11.748],"texture":"#0"},"east":{"uv":[7.4395,4.3145,7.6855,4.4355],"texture":"#0"},"south":{"uv":[11.627,2.377,11.6855,2.498],"texture":"#0"},"west":{"uv":[11.002,4.0645,11.248,4.1855],"texture":"#0"},"up":{"uv":[6.1855,9.9355,6.127,9.6895],"texture":"#0"},"down":{"uv":[4.1855,9.8145,4.127,10.0605],"texture":"#0"}}},{"from":[8.15382,16.91719,1.74659],"to":[8.76912,18.76308,2.97719],"rotation":{"angle":22.5,"axis":"x","origin":[8,8,8]},"faces":{"north":{"uv":[2.627,11.5645,2.6855,11.748],"texture":"#0"},"east":{"uv":[6.127,11.252,6.248,11.4355],"texture":"#0"},"south":{"uv":[2.752,11.5645,2.8105,11.748],"texture":"#0"},"west":{"uv":[6.3145,11.252,6.4355,11.4355],"texture":"#0"},"up":{"uv":[2.5605,11.748,2.502,11.627],"texture":"#0"},"down":{"uv":[11.6855,2.5645,11.627,2.6855],"texture":"#0"}}},{"from":[8.46147,19.39501,4.92352],"to":[8.46147,25.54797,6.76941],"rotation":{"angle":0,"axis":"y","origin":[8,8,8]},"faces":{"north":{"uv":[10.252,11.5645,10.252,12.1855],"texture":"#0"},"east":{"uv":[4.877,6.377,5.0605,6.998],"texture":"#0"},"south":{"uv":[1.377,11.627,1.377,12.248],"texture":"#0"},"west":{"uv":[5.127,9.377,5.3105,9.998],"texture":"#0"},"up":{"uv":[4.252,9.5605,4.252,9.377],"texture":"#0"},"down":{"uv":[9.4395,3.627,9.4395,3.8105],"texture":"#0"}}},{"from":[6.30794,15.8806,7.01935],"to":[8.15382,17.11119,8.86524],"rotation":{"angle":0,"axis":"y","origin":[8,8,8]},"faces":{"north":{"uv":[11.252,6.3145,11.4355,6.4355],"texture":"#0"},"east":{"uv":[11.252,6.502,11.4355,6.623],"texture":"#0"},"south":{"uv":[11.252,6.6895,11.4355,6.8105],"texture":"#0"},"west":{"uv":[6.8145,11.252,6.998,11.373],"texture":"#0"},"up":{"uv":[11.1855,9.8105,11.002,9.627],"texture":"#0"},"down":{"uv":[11.1855,9.877,11.002,10.0605],"texture":"#0"}}},{"from":[6.30794,17.11119,6.71171],"to":[8.15382,18.95708,9.17289],"rotation":{"angle":0,"axis":"y","origin":[8,8,8]},"faces":{"north":{"uv":[10.752,11.002,10.9355,11.1855],"texture":"#0"},"east":{"uv":[10.8145,2.377,11.0605,2.5605],"texture":"#0"},"south":{"uv":[11.002,11.002,11.1855,11.1855],"texture":"#0"},"west":{"uv":[3.0645,10.8145,3.3105,10.998],"texture":"#0"},"up":{"uv":[7.6855,10.998,7.502,10.752],"texture":"#0"},"down":{"uv":[3.5605,10.8145,3.377,11.0605],"texture":"#0"}}},{"from":[7.84618,20.01031,7.3847],"to":[9.07677,24.31738,9.23059],"rotation":{"angle":0,"axis":"y","origin":[8,8,8]},"faces":{"north":{"uv":[4.752,10.5645,4.873,10.998],"texture":"#0"},"east":{"uv":[2.9395,10.0645,3.123,10.498],"texture":"#0"},"south":{"uv":[4.9395,10.5645,5.0605,10.998],"texture":"#0"},"west":{"uv":[5.127,10.0645,5.3105,10.498],"texture":"#0"},"up":{"uv":[6.623,11.4355,6.502,11.252],"texture":"#0"},"down":{"uv":[11.373,6.877,11.252,7.0605],"texture":"#0"}}},{"from":[7.53853,14.85682,11.58814],"to":[8.76912,16.70271,12.81873],"rotation":{"angle":-22.5,"axis":"x","origin":[8,8,8]},"faces":{"north":{"uv":[7.0645,11.252,7.1855,11.4355],"texture":"#0"},"east":{"uv":[11.252,7.127,11.373,7.3105],"texture":"#0"},"south":{"uv":[11.252,7.377,11.373,7.5605],"texture":"#0"},"west":{"uv":[11.252,7.627,11.373,7.8105],"texture":"#0"},"up":{"uv":[8.623,11.5605,8.502,11.4395],"texture":"#0"},"down":{"uv":[8.8105,11.4395,8.6895,11.5605],"texture":"#0"}}},{"from":[7.84618,15.64018,5.77848],"to":[8.46147,16.25548,7.62437],"rotation":{"angle":22.5,"axis":"x","origin":[8,8,8]},"faces":{"north":{"uv":[7.752,11.627,7.8105,11.6855],"texture":"#0"},"east":{"uv":[6.9395,9.377,7.123,9.4355],"texture":"#0"},"south":{"uv":[11.627,7.752,11.6855,7.8105],"texture":"#0"},"west":{"uv":[11.0645,1.3145,11.248,1.373],"texture":"#0"},"up":{"uv":[11.623,3.248,11.5645,3.0645],"texture":"#0"},"down":{"uv":[3.623,11.5645,3.5645,11.748],"texture":"#0"}}},{"from":[7.84618,15.64813,8.35644],"to":[8.46147,16.26343,10.20233],"rotation":{"angle":-22.5,"axis":"x","origin":[8,8,8]},"faces":{"north":{"uv":[11.627,7.877,11.6855,7.9355],"texture":"#0"},"east":{"uv":[11.4395,11.127,11.623,11.1855],"texture":"#0"},"south":{"uv":[11.627,8.002,11.6855,8.0605],"texture":"#0"},"west":{"uv":[11.502,3.9395,11.6855,3.998],"texture":"#0"},"up":{"uv":[4.1855,11.748,4.127,11.5645],"texture":"#0"},"down":{"uv":[4.3105,11.5645,4.252,11.748],"texture":"#0"}}},{"from":[7.53853,14.84887,3.16207],"to":[8.76912,16.69476,4.39266],"rotation":{"angle":22.5,"axis":"x","origin":[8,8,8]},"faces":{"north":{"uv":[11.252,7.877,11.373,8.0605],"texture":"#0"},"east":{"uv":[7.9395,11.252,8.0605,11.4355],"texture":"#0"},"south":{"uv":[11.252,8.127,11.373,8.3105],"texture":"#0"},"west":{"uv":[11.252,9.1895,11.373,9.373],"texture":"#0"},"up":{"uv":[11.5605,9.1855,11.4395,9.0645],"texture":"#0"},"down":{"uv":[11.5605,9.252,11.4395,9.373],"texture":"#0"}}},{"from":[8.15382,16.18825,7.01935],"to":[9.38442,18.64943,8.86524],"rotation":{"angle":0,"axis":"y","origin":[8,8,8]},"faces":{"north":{"uv":[11.0645,5.752,11.1855,5.998],"texture":"#0"},"east":{"uv":[10.8145,6.127,10.998,6.373],"texture":"#0"},"south":{"uv":[11.0645,6.0645,11.1855,6.3105],"texture":"#0"},"west":{"uv":[10.8145,7.3145,10.998,7.5605],"texture":"#0"},"up":{"uv":[11.373,9.8105,11.252,9.627],"texture":"#0"},"down":{"uv":[11.373,9.877,11.252,10.0605],"texture":"#0"}}},{"from":[8.15382,17.26901,8.50625],"to":[8.75374,17.88431,9.12155],"rotation":{"angle":0,"axis":"y","origin":[8,8,8]},"faces":{"north":{"uv":[8.0645,11.627,8.123,11.6855],"texture":"#0"},"east":{"uv":[11.627,8.127,11.6855,8.1855],"texture":"#0"},"south":{"uv":[8.1895,11.627,8.248,11.6855],"texture":"#0"},"west":{"uv":[11.627,8.252,11.6855,8.3105],"texture":"#0"},"up":{"uv":[8.373,11.6855,8.3145,11.627],"texture":"#0"},"down":{"uv":[8.498,11.627,8.4395,11.6855],"texture":"#0"}}},{"from":[8.46147,20.01031,9.23059],"to":[8.46147,24.31738,11.07648],"rotation":{"angle":0,"axis":"y","origin":[8,8,8]},"faces":{"north":{"uv":[3.377,11.627,3.377,12.0605],"texture":"#0"},"east":{"uv":[9.8145,10.0645,9.998,10.498],"texture":"#0"},"south":{"uv":[4.627,11.627,4.627,12.0605],"texture":"#0"},"west":{"uv":[10.0645,10.0645,10.248,10.498],"texture":"#0"},"up":{"uv":[6.502,9.748,6.502,9.5645],"texture":"#0"},"down":{"uv":[2.3145,9.627,2.3145,9.8105],"texture":"#0"}}},{"from":[7.23088,-10.1392,6.76941],"to":[9.69206,-5.83213,9.23059],"rotation":{"angle":0,"axis":"y","origin":[8,8,8]},"faces":{"north":{"uv":[9.502,2.127,9.748,2.5605],"texture":"#0"},"east":{"uv":[2.377,9.502,2.623,9.9355],"texture":"#0"},"south":{"uv":[1.377,9.502,1.623,9.9355],"texture":"#0"},"west":{"uv":[9.502,1.627,9.748,2.0605],"texture":"#0"},"up":{"uv":[10.748,2.4355,10.502,2.1895],"rotation":180,"texture":"#0"},"down":{"uv":[10.748,2.502,10.502,2.748],"rotation":180,"texture":"#0"}}},{"from":[8.46147,-14.44627,6.76941],"to":[8.46147,-10.1392,9.23059],"rotation":{"angle":0,"axis":"y","origin":[8,8,8]},"faces":{"north":{"uv":[7.877,11.627,7.877,12.0605],"texture":"#0"},"east":{"uv":[9.502,3.627,9.748,4.0605],"texture":"#0"},"south":{"uv":[6.9395,11.627,6.9395,12.0605],"texture":"#0"},"west":{"uv":[2.6895,9.502,2.9355,9.9355],"texture":"#0"},"up":{"uv":[0.1895,10.873,0.1895,10.627],"rotation":180,"texture":"#0"},"down":{"uv":[9.3145,10.627,9.3145,10.873],"rotation":180,"texture":"#0"}}},{"from":[8.15382,17.26901,6.85768],"to":[8.75374,17.8843,7.47297],"rotation":{"angle":0,"axis":"y","origin":[8,8,8]},"faces":{"north":{"uv":[8.0645,11.627,8.123,11.6855],"texture":"#0"},"east":{"uv":[11.627,8.127,11.6855,8.1855],"texture":"#0"},"south":{"uv":[8.1895,11.627,8.248,11.6855],"texture":"#0"},"west":{"uv":[11.627,8.252,11.6855,8.3105],"texture":"#0"},"up":{"uv":[8.373,11.6855,8.3145,11.627],"texture":"#0"},"down":{"uv":[8.498,11.627,8.4395,11.6855],"texture":"#0"}}}],"gui_light":"front","display":{"thirdperson_righthand":{"translation":[-0.5,0.5,1.5],"scale":[1.2,1.2,1.2]},"thirdperson_lefthand":{"translation":[0.5,0.5,1.5],"scale":[1.2,1.2,1.2]},"firstperson_righthand":{"translation":[5.75,1.5,-3.25],"scale":[1.2,1.2,1.2]},"firstperson_lefthand":{"translation":[5.75,1.5,-3.25],"scale":[1.2,1.2,1.2]},"ground":{"rotation":[0,0,90],"scale":[1.2,1.2,1.2]},"gui":{"rotation":[-90,-45,-90],"scale":[0.5,0.5,0.5]},"head":{"rotation":[-90,0,0],"translation":[0,-13.75,0],"scale":[2.3,2.3,2.3]},"fixed":{"rotation":[-90,45,90],"scale":[0.6,0.6,0.6]}},"groups":[{"name":"weapon","origin":[8.349,43.95828,-31.78069],"color":0,"boneType":"","children":[0,1,2,3,4,5,6,7,8,9,10,11,12,13,14,15,16,17,18]}]}