{
	"credit": "Made with Blockbench",
	"texture_size": [64, 32],
	"textures": {
		"1": "politmine/item/qualityarmory/plague",
		"particle": "politmine/item/qualityarmory/plague"
	},
	"elements": [
		{
			"from": [0, 9, 0],
			"to": [16, 9, 16],
			"rotation": {"angle": 0, "axis": "y", "origin": [8, 17, 8]},
			"faces": {
				"north": {"uv": [4, 4, 8, 5.5], "texture": "#1"},
				"east": {"uv": [0, 4, 4, 5.5], "texture": "#1"},
				"south": {"uv": [12, 4, 16, 5.5], "texture": "#1"},
				"west": {"uv": [8, 4, 12, 5.5], "texture": "#1"},
				"up": {"uv": [0, 0, 4, 8], "rotation": 180, "texture": "#1"},
				"down": {"uv": [8, 0, 4, 8], "texture": "#1"}
			}
		},
		{
			"from": [4, 9, 4],
			"to": [12, 11, 12],
			"rotation": {"angle": 0, "axis": "y", "origin": [12, 17, 12]},
			"faces": {
				"north": {"uv": [2, 15, 4, 16], "texture": "#1"},
				"east": {"uv": [0, 15, 2, 16], "texture": "#1"},
				"south": {"uv": [6, 15, 8, 16], "texture": "#1"},
				"west": {"uv": [4, 15, 6, 16], "texture": "#1"},
				"up": {"uv": [2, 11, 4, 15], "rotation": 180, "texture": "#1"},
				"down": {"uv": [4, 11, 6, 15], "texture": "#1"}
			}
		},
		{
			"from": [4, 2, 4],
			"to": [12, 9, 4],
			"rotation": {"angle": 0, "axis": "y", "origin": [12, 10, 12]},
			"faces": {
				"north": {"uv": [10, 0, 12, 3.5], "texture": "#1"},
				"east": {"uv": [0, 15, 4, 16], "texture": "#1"},
				"south": {"uv": [12, 0, 10, 3.5], "texture": "#1"},
				"west": {"uv": [8, 15, 12, 16], "texture": "#1"},
				"up": {"uv": [4, 11, 8, 15], "rotation": 180, "texture": "#1"},
				"down": {"uv": [8, 11, 12, 15], "texture": "#1"}
			}
		},
		{
			"from": [7, 2, 0],
			"to": [9, 6, 4],
			"rotation": {"angle": 0, "axis": "y", "origin": [15, 10, 8]},
			"faces": {
				"north": {"uv": [9, 14, 9.5, 16], "texture": "#1"},
				"east": {"uv": [8, 14, 9, 16], "texture": "#1"},
				"south": {"uv": [11, 14, 10.5, 16], "texture": "#1"},
				"west": {"uv": [9.5, 14, 10.5, 16], "texture": "#1"},
				"up": {"uv": [9, 12, 9.5, 14], "rotation": 180, "texture": "#1"},
				"down": {"uv": [9.5, 12, 10, 14], "texture": "#1"}
			}
		},
		{
			"from": [7, 1, -1],
			"to": [9, 5, 1],
			"rotation": {"angle": 0, "axis": "y", "origin": [15, 9, 7]},
			"faces": {
				"north": {"uv": [8.5, 10, 9, 12], "texture": "#1"},
				"east": {"uv": [8, 10, 8.5, 12], "texture": "#1"},
				"south": {"uv": [10, 10, 9.5, 12], "texture": "#1"},
				"west": {"uv": [9, 10, 9.5, 12], "texture": "#1"},
				"up": {"uv": [8.5, 9, 9, 10], "rotation": 180, "texture": "#1"},
				"down": {"uv": [9, 9, 9.5, 10], "texture": "#1"}
			}
		},
		{
			"from": [4, 2, 4],
			"to": [12, 2, 6],
			"rotation": {"angle": 0, "axis": "y", "origin": [12, 10, 12]},
			"faces": {
				"north": {"uv": [10, 0, 12, 3.5], "texture": "#1"},
				"east": {"uv": [0, 15, 4, 16], "texture": "#1"},
				"south": {"uv": [11, 0, 9, 3.5], "texture": "#1"},
				"west": {"uv": [8, 15, 12, 16], "texture": "#1"},
				"up": {"uv": [8, 3.5, 10, 4.5], "texture": "#1"},
				"down": {"uv": [10, 3.5, 8, 4.5], "rotation": 180, "texture": "#1"}
			}
		},
		{
			"from": [4, 2, 12],
			"to": [12, 9, 12],
			"rotation": {"angle": 0, "axis": "y", "origin": [12, 10, 20]},
			"faces": {
				"north": {"uv": [16, 0, 14, 3.5], "texture": "#1"},
				"east": {"uv": [0, 15, 4, 16], "texture": "#1"},
				"south": {"uv": [14, 0, 16, 3.5], "texture": "#1"},
				"west": {"uv": [8, 15, 12, 16], "texture": "#1"},
				"up": {"uv": [4, 11, 8, 15], "rotation": 180, "texture": "#1"},
				"down": {"uv": [8, 11, 12, 15], "texture": "#1"}
			}
		},
		{
			"from": [4, 2, 4],
			"to": [4, 9, 12],
			"rotation": {"angle": 0, "axis": "y", "origin": [12, 10, 12]},
			"faces": {
				"north": {"uv": [9, 0, 11, 3.5], "texture": "#1"},
				"east": {"uv": [14, 0, 12, 3.5], "texture": "#1"},
				"south": {"uv": [11, 0, 9, 3.5], "texture": "#1"},
				"west": {"uv": [12, 0, 14, 3.5], "texture": "#1"},
				"up": {"uv": [4, 11, 8, 15], "rotation": 180, "texture": "#1"},
				"down": {"uv": [8, 11, 12, 15], "texture": "#1"}
			}
		},
		{
			"from": [12, 2, 4],
			"to": [12, 9, 12],
			"rotation": {"angle": 0, "axis": "y", "origin": [20, 10, 12]},
			"faces": {
				"north": {"uv": [9, 0, 11, 3.5], "texture": "#1"},
				"east": {"uv": [8, 0, 10, 3.5], "texture": "#1"},
				"south": {"uv": [11, 0, 9, 3.5], "texture": "#1"},
				"west": {"uv": [10, 0, 8, 3.5], "texture": "#1"},
				"up": {"uv": [4, 11, 8, 15], "rotation": 180, "texture": "#1"},
				"down": {"uv": [8, 11, 12, 15], "texture": "#1"}
			}
		}
	],
	"display": {
		"thirdperson_righthand": {
			"rotation": [18, 0, -16],
			"translation": [0.25, 1.5, -2.25]
		},
		"thirdperson_lefthand": {
			"rotation": [18, 0, -16],
			"translation": [0.25, 1.5, -2.25]
		},
		"firstperson_righthand": {
			"rotation": [-50, 0, 0],
			"translation": [1.25, 0, 0]
		},
		"firstperson_lefthand": {
			"rotation": [-50, 0, 0],
			"translation": [1.25, 0, 0]
		},
		"ground": {
			"translation": [0, 3.25, 0]
		},
		"gui": {
			"rotation": [30, 132, 0],
			"translation": [0, 1.75, 0],
			"scale": [0.85, 0.85, 0.85]
		},
		"head": {
			"translation": [0, 3, 0],
			"scale": [1.9, 1.9, 1.9]
		},
		"fixed": {
			"rotation": [-90, 0, 0],
			"translation": [0, 0.25, -13],
			"scale": [1.58, 1.58, 1.58]
		}
	}
}