{"credit":"Made with Blockbench","textures":{"0":"politmine/item/qualityarmory/rgbsheet1","1":"politmine/item/qualityarmory/glasspanetexture","particle":"politmine/item/qualityarmory/rgbsheet1"},"elements":[{"from":[14,3,8],"to":[15,15,14],"faces":{"north":{"uv":[8,6,9,7],"texture":"#0"},"east":{"uv":[8,6,9,7],"texture":"#0"},"south":{"uv":[8,6,9,7],"texture":"#0"},"west":{"uv":[8,6,9,7],"texture":"#0"},"up":{"uv":[8,6,9,7],"texture":"#0"},"down":{"uv":[8,6,9,7],"texture":"#0"}}},{"from":[14.5,11.25,-6],"to":[16,15.25,6],"faces":{"north":{"uv":[8,6,9,7],"texture":"#0"},"east":{"uv":[8,6,9,7],"texture":"#0"},"south":{"uv":[8,6,9,7],"texture":"#0"},"west":{"uv":[8,6,9,7],"texture":"#0"},"up":{"uv":[8,6,9,7],"texture":"#0"},"down":{"uv":[8,6,9,7],"texture":"#0"}}},{"from":[-0.25,11.25,-6],"to":[1.25,15.25,6],"faces":{"north":{"uv":[8,6,9,7],"texture":"#0"},"east":{"uv":[8,6,9,7],"texture":"#0"},"south":{"uv":[8,6,9,7],"texture":"#0"},"west":{"uv":[8,6,9,7],"texture":"#0"},"up":{"uv":[8,6,9,7],"texture":"#0"},"down":{"uv":[8,6,9,7],"texture":"#0"}}},{"from":[0.75,15.25,-6],"to":[15.25,16.25,6],"faces":{"north":{"uv":[8,6,9,7],"texture":"#0"},"east":{"uv":[8,6,9,7],"texture":"#0"},"south":{"uv":[8,6,9,7],"texture":"#0"},"west":{"uv":[8,6,9,7],"texture":"#0"},"up":{"uv":[8,6,9,7],"texture":"#0"},"down":{"uv":[8,6,9,7],"texture":"#0"}}},{"from":[2,14,2],"to":[14,15,14],"faces":{"north":{"uv":[8,6,9,7],"texture":"#0"},"east":{"uv":[8,6,9,7],"texture":"#0"},"south":{"uv":[8,6,9,7],"texture":"#0"},"west":{"uv":[8,6,9,7],"texture":"#0"},"up":{"uv":[8,6,9,7],"texture":"#0"},"down":{"uv":[8,6,9,7],"texture":"#0"}}},{"from":[2.75,5.75,1.25],"to":[13.25,10,2],"faces":{"north":{"uv":[1,1,14.5,15.25],"texture":"#1"},"east":{"uv":[0,0,11.5,4.25],"texture":"#1"},"south":{"uv":[0,0,11.5,4.25],"texture":"#1"},"west":{"uv":[0,0,11.5,4.25],"texture":"#1"},"up":{"uv":[0,0,11.5,4.25],"texture":"#1"},"down":{"uv":[0,0,11.5,4.25],"texture":"#1"}}},{"from":[13.25,5.75,1.25],"to":[14.75,10.5,2],"faces":{"north":{"uv":[7,15,8,16],"texture":"#0"},"east":{"uv":[7,15,8,16],"texture":"#0"},"south":{"uv":[7,15,8,16],"texture":"#0"},"west":{"uv":[7,15,8,16],"texture":"#0"},"up":{"uv":[7,15,8,16],"texture":"#0"},"down":{"uv":[7,15,8,16],"texture":"#0"}}},{"from":[1.25,5.75,1.25],"to":[2.75,10.5,2],"faces":{"north":{"uv":[7,15,8,16],"texture":"#0"},"east":{"uv":[7,15,8,16],"texture":"#0"},"south":{"uv":[7,15,8,16],"texture":"#0"},"west":{"uv":[7,15,8,16],"texture":"#0"},"up":{"uv":[7,15,8,16],"texture":"#0"},"down":{"uv":[7,15,8,16],"texture":"#0"}}},{"from":[5.25,1,0.5],"to":[10.75,4.75,1.25],"faces":{"north":{"uv":[7,15,8,16],"texture":"#0"},"east":{"uv":[7,15,8,16],"texture":"#0"},"south":{"uv":[7,15,8,16],"texture":"#0"},"west":{"uv":[7,15,8,16],"texture":"#0"},"up":{"uv":[7,15,8,16],"texture":"#0"},"down":{"uv":[7,15,8,16],"texture":"#0"}}},{"from":[1.25,1,1.25],"to":[14.75,5.75,2],"faces":{"north":{"uv":[7,15,8,16],"texture":"#0"},"east":{"uv":[7,15,8,16],"texture":"#0"},"south":{"uv":[7,15,8,16],"texture":"#0"},"west":{"uv":[7,15,8,16],"texture":"#0"},"up":{"uv":[7,15,8,16],"texture":"#0"},"down":{"uv":[7,15,8,16],"texture":"#0"}}},{"from":[1,10,1],"to":[15,15,2],"faces":{"north":{"uv":[8,6,9,7],"texture":"#0"},"east":{"uv":[8,6,9,7],"texture":"#0"},"south":{"uv":[8,6,9,7],"texture":"#0"},"west":{"uv":[8,6,9,7],"texture":"#0"},"up":{"uv":[8,6,9,7],"texture":"#0"},"down":{"uv":[8,6,9,7],"texture":"#0"}}},{"from":[1,3,14],"to":[15,15,15],"faces":{"north":{"uv":[8,6,9,7],"texture":"#0"},"east":{"uv":[8,6,9,7],"texture":"#0"},"south":{"uv":[8,6,9,7],"texture":"#0"},"west":{"uv":[8,6,9,7],"texture":"#0"},"up":{"uv":[8,6,9,7],"texture":"#0"},"down":{"uv":[8,6,9,7],"texture":"#0"}}},{"from":[1,3,8],"to":[2,15,14],"faces":{"north":{"uv":[8,6,9,7],"texture":"#0"},"east":{"uv":[8,6,9,7],"texture":"#0"},"south":{"uv":[8,6,9,7],"texture":"#0"},"west":{"uv":[8,6,9,7],"texture":"#0"},"up":{"uv":[8,6,9,7],"texture":"#0"},"down":{"uv":[8,6,9,7],"texture":"#0"}}},{"from":[1,10,2],"to":[2,15,8],"faces":{"north":{"uv":[8,6,9,7],"texture":"#0"},"east":{"uv":[8,6,9,7],"texture":"#0"},"south":{"uv":[8,6,9,7],"texture":"#0"},"west":{"uv":[8,6,9,7],"texture":"#0"},"up":{"uv":[8,6,9,7],"texture":"#0"},"down":{"uv":[8,6,9,7],"texture":"#0"}}},{"from":[14,10,2],"to":[15,15,8],"faces":{"north":{"uv":[8,6,9,7],"texture":"#0"},"east":{"uv":[8,6,9,7],"texture":"#0"},"south":{"uv":[8,6,9,7],"texture":"#0"},"west":{"uv":[8,6,9,7],"texture":"#0"},"up":{"uv":[8,6,9,7],"texture":"#0"},"down":{"uv":[8,6,9,7],"texture":"#0"}}},{"from":[1,7,4],"to":[1.75,10,8],"faces":{"north":{"uv":[8,6,9,7],"texture":"#0"},"east":{"uv":[8,6,9,7],"texture":"#0"},"south":{"uv":[8,6,9,7],"texture":"#0"},"west":{"uv":[8,6,9,7],"texture":"#0"},"up":{"uv":[8,6,9,7],"texture":"#0"},"down":{"uv":[8,6,9,7],"texture":"#0"}}},{"from":[14.25,7,4],"to":[15,10,8],"faces":{"north":{"uv":[8,6,9,7],"texture":"#0"},"east":{"uv":[8,6,9,7],"texture":"#0"},"south":{"uv":[8,6,9,7],"texture":"#0"},"west":{"uv":[8,6,9,7],"texture":"#0"},"up":{"uv":[8,6,9,7],"texture":"#0"},"down":{"uv":[8,6,9,7],"texture":"#0"}}},{"from":[1.25,1,2],"to":[2,10,8],"faces":{"north":{"uv":[7,15,8,16],"texture":"#0"},"east":{"uv":[7,15,8,16],"texture":"#0"},"south":{"uv":[7,15,8,16],"texture":"#0"},"west":{"uv":[7,15,8,16],"texture":"#0"},"up":{"uv":[7,15,8,16],"texture":"#0"},"down":{"uv":[7,15,8,16],"texture":"#0"}}},{"from":[14,1,2],"to":[14.75,10,8],"faces":{"north":{"uv":[7,15,8,16],"texture":"#0"},"east":{"uv":[7,15,8,16],"texture":"#0"},"south":{"uv":[7,15,8,16],"texture":"#0"},"west":{"uv":[7,15,8,16],"texture":"#0"},"up":{"uv":[7,15,8,16],"texture":"#0"},"down":{"uv":[7,15,8,16],"texture":"#0"}}},{"from":[6.875,0.125,-1.5],"to":[9.125,5.625,0.5],"rotation":{"angle":0,"axis":"z","origin":[8,2.875,0]},"faces":{"north":{"uv":[8,15,9,16],"rotation":90,"texture":"#0"},"east":{"uv":[8,15,9,16],"rotation":270,"texture":"#0"},"south":{"uv":[8,15,9,16],"rotation":270,"texture":"#0"},"west":{"uv":[8,15,9,16],"rotation":270,"texture":"#0"},"up":{"uv":[8,15,9,16],"rotation":270,"texture":"#0"},"down":{"uv":[8,15,9,16],"rotation":270,"texture":"#0"}}},{"from":[5.25,1.75,-1.5],"to":[10.75,4,0.5],"faces":{"north":{"uv":[8,15,9,16],"texture":"#0"},"east":{"uv":[8,15,9,16],"texture":"#0"},"south":{"uv":[8,15,9,16],"texture":"#0"},"west":{"uv":[8,15,9,16],"texture":"#0"},"up":{"uv":[8,15,9,16],"texture":"#0"},"down":{"uv":[8,15,9,16],"texture":"#0"}}},{"from":[5.25,1.75,-1.5],"to":[10.75,4,0.5],"rotation":{"angle":-45,"axis":"z","origin":[8,2.875,0]},"faces":{"north":{"uv":[8,15,9,16],"texture":"#0"},"east":{"uv":[8,15,9,16],"texture":"#0"},"south":{"uv":[8,15,9,16],"texture":"#0"},"west":{"uv":[8,15,9,16],"texture":"#0"},"up":{"uv":[8,15,9,16],"texture":"#0"},"down":{"uv":[8,15,9,16],"texture":"#0"}}},{"from":[5.25,1.75,-1.5],"to":[10.75,4,0.5],"rotation":{"angle":45,"axis":"z","origin":[8,2.875,0]},"faces":{"north":{"uv":[8,15,9,16],"texture":"#0"},"east":{"uv":[8,15,9,16],"texture":"#0"},"south":{"uv":[8,15,9,16],"texture":"#0"},"west":{"uv":[8,15,9,16],"texture":"#0"},"up":{"uv":[8,15,9,16],"texture":"#0"},"down":{"uv":[8,15,9,16],"texture":"#0"}}},{"from":[2.25,16.25,-2],"to":[13.75,16.5,3],"faces":{"north":{"uv":[7,15,8,16],"texture":"#0"},"east":{"uv":[7,15,8,16],"texture":"#0"},"south":{"uv":[7,15,8,16],"texture":"#0"},"west":{"uv":[7,15,8,16],"texture":"#0"},"up":{"uv":[7,15,8,16],"texture":"#0"},"down":{"uv":[7,15,8,16],"texture":"#0"}}},{"from":[0.75,16.25,-3],"to":[2.25,17.25,4],"faces":{"north":{"uv":[8,6,9,7],"texture":"#0"},"east":{"uv":[8,6,9,7],"texture":"#0"},"south":{"uv":[8,6,9,7],"texture":"#0"},"west":{"uv":[8,6,9,7],"texture":"#0"},"up":{"uv":[8,6,9,7],"texture":"#0"},"down":{"uv":[8,6,9,7],"texture":"#0"}}},{"from":[0.75,16.25,-3],"to":[15.25,17.25,-2],"faces":{"north":{"uv":[8,6,9,7],"texture":"#0"},"east":{"uv":[8,6,9,7],"texture":"#0"},"south":{"uv":[8,6,9,7],"texture":"#0"},"west":{"uv":[8,6,9,7],"texture":"#0"},"up":{"uv":[8,6,9,7],"texture":"#0"},"down":{"uv":[8,6,9,7],"texture":"#0"}}},{"from":[0.75,16.25,3],"to":[15.25,17.25,4],"faces":{"north":{"uv":[8,6,9,7],"texture":"#0"},"east":{"uv":[8,6,9,7],"texture":"#0"},"south":{"uv":[8,6,9,7],"texture":"#0"},"west":{"uv":[8,6,9,7],"texture":"#0"},"up":{"uv":[8,6,9,7],"texture":"#0"},"down":{"uv":[8,6,9,7],"texture":"#0"}}},{"from":[13.75,16.25,-3],"to":[15.25,17.25,4],"faces":{"north":{"uv":[8,6,9,7],"texture":"#0"},"east":{"uv":[8,6,9,7],"texture":"#0"},"south":{"uv":[8,6,9,7],"texture":"#0"},"west":{"uv":[8,6,9,7],"texture":"#0"},"up":{"uv":[8,6,9,7],"texture":"#0"},"down":{"uv":[8,6,9,7],"texture":"#0"}}}],"display":{"thirdperson_righthand":{"rotation":[0,45,0],"scale":[0.6,0.6,0.6]},"thirdperson_lefthand":{"scale":[0.6,0.6,0.6]},"firstperson_righthand":{"rotation":[0,135,0],"translation":[0,5.5,0],"scale":[0.6,0.6,0.6]},"firstperson_lefthand":{"scale":[0.6,0.6,0.6]},"gui":{"rotation":[-26,151,-1],"translation":[0,-0.5,0],"scale":[0.5,0.5,0.5]}},"groups":[0,1,2,3,4,5,6,7,8,9,10,11,12,13,14,15,16,17,18,{"name":"group","origin":[8,8,8],"children":[19,20,21,22]},{"name":"group","origin":[8,8,8],"children":[23,24,25,26,27]}]}