{
	"credit": "Made with Blockbench",
	"texture_size": [32, 32],
	"textures": {
		"0": "politmine/item/qualityarmory/chancellor",
		"particle": "politmine/item/qualityarmory/chancellor"
	},
	"elements": [
		{
			"from": [3.5, 7, 2],
			"to": [12.5, 7, 5],
			"rotation": {"angle": -22.5, "axis": "x", "origin": [3.5, 7, 4]},
			"faces": {
				"north": {"uv": [4, 4, 8, 5.5], "texture": "#0"},
				"east": {"uv": [0, 4, 4, 5.5], "texture": "#0"},
				"south": {"uv": [12, 4, 16, 5.5], "texture": "#0"},
				"west": {"uv": [8, 4, 12, 5.5], "texture": "#0"},
				"up": {"uv": [0, 8, 4.5, 9.5], "rotation": 180, "texture": "#0"},
				"down": {"uv": [0, 8, 4.5, 9.5], "texture": "#0"}
			}
		},
		{
			"from": [3.5, 3.5, 12],
			"to": [12.5, 7.5, 12],
			"rotation": {"angle": -22.5, "axis": "x", "origin": [3.5, 6, 12]},
			"faces": {
				"north": {"uv": [9, 8, 4.5, 10], "texture": "#0"},
				"east": {"uv": [0, 4, 4, 5.5], "rotation": 90, "texture": "#0"},
				"south": {"uv": [4.5, 8, 9, 10], "texture": "#0"},
				"west": {"uv": [8, 4, 12, 5.5], "rotation": 270, "texture": "#0"},
				"up": {"uv": [12, 4, 16, 5.5], "texture": "#0"},
				"down": {"uv": [4, 4, 8, 5.5], "rotation": 180, "texture": "#0"}
			}
		},
		{
			"from": [4, 7, 4],
			"to": [12, 10, 12],
			"rotation": {"angle": 0, "axis": "y", "origin": [12, 15, 12]},
			"faces": {
				"north": {"uv": [4, 4, 8, 5.5], "texture": "#0"},
				"east": {"uv": [0, 4, 4, 5.5], "texture": "#0"},
				"south": {"uv": [12, 4, 16, 5.5], "texture": "#0"},
				"west": {"uv": [8, 4, 12, 5.5], "texture": "#0"},
				"up": {"uv": [4, 0, 8, 4], "rotation": 180, "texture": "#0"},
				"down": {"uv": [8, 0, 12, 4], "texture": "#0"}
			}
		},
		{
			"from": [7, 1, 3],
			"to": [9, 4, 4],
			"rotation": {"angle": 0, "axis": "y", "origin": [15, 9, 11]},
			"faces": {
				"north": {"uv": [0, 9.5, 1, 11], "texture": "#0"},
				"east": {"uv": [0, 9.5, 0.5, 11], "texture": "#0"},
				"south": {"uv": [1, 9.5, 2, 11], "texture": "#0"},
				"west": {"uv": [0.5, 9.5, 1, 11], "texture": "#0"},
				"up": {"uv": [0, 9.5, 1, 10], "rotation": 180, "texture": "#0"},
				"down": {"uv": [0, 10.5, 1, 11], "rotation": 180, "texture": "#0"}
			}
		},
		{
			"from": [6.5, 0, 2.5],
			"to": [9.5, 0, 4.5],
			"rotation": {"angle": 0, "axis": "y", "origin": [14.5, 8, 10.5]},
			"faces": {
				"north": {"uv": [0, 11, 1.5, 12], "texture": "#0"},
				"east": {"uv": [1.5, 11, 2.5, 12], "texture": "#0"},
				"south": {"uv": [1.5, 12, 3, 13], "texture": "#0"},
				"west": {"uv": [2.5, 11, 3.5, 12], "texture": "#0"},
				"up": {"uv": [0, 12, 1.5, 13], "rotation": 180, "texture": "#0"},
				"down": {"uv": [1.5, 12, 0, 13], "texture": "#0"}
			}
		},
		{
			"from": [6.5, 0, 2.5],
			"to": [9.5, 2, 2.5],
			"rotation": {"angle": 0, "axis": "y", "origin": [14.5, 8, 10.5]},
			"faces": {
				"north": {"uv": [0, 11, 1.5, 12], "texture": "#0"},
				"east": {"uv": [1.5, 11, 2.5, 12], "texture": "#0"},
				"south": {"uv": [1.5, 12, 3, 13], "texture": "#0"},
				"west": {"uv": [2.5, 11, 3.5, 12], "texture": "#0"},
				"up": {"uv": [0, 9.5, 1, 10], "rotation": 180, "texture": "#0"},
				"down": {"uv": [1.5, 12, 0, 13], "texture": "#0"}
			}
		},
		{
			"from": [6.5, 0, 4.5],
			"to": [9.5, 2, 4.5],
			"rotation": {"angle": 0, "axis": "y", "origin": [14.5, 8, 12.5]},
			"faces": {
				"north": {"uv": [1.5, 12, 3, 13], "texture": "#0"},
				"east": {"uv": [1.5, 11, 2.5, 12], "texture": "#0"},
				"south": {"uv": [1.5, 12, 3, 13], "texture": "#0"},
				"west": {"uv": [2.5, 11, 3.5, 12], "texture": "#0"},
				"up": {"uv": [0, 9.5, 1, 10], "rotation": 180, "texture": "#0"},
				"down": {"uv": [1.5, 12, 0, 13], "texture": "#0"}
			}
		},
		{
			"from": [6.5, 0, 2.5],
			"to": [6.5, 2, 4.5],
			"rotation": {"angle": 0, "axis": "y", "origin": [14.5, 8, 10.5]},
			"faces": {
				"north": {"uv": [0, 11, 1.5, 12], "texture": "#0"},
				"east": {"uv": [2, 12, 3, 13], "texture": "#0"},
				"south": {"uv": [1.5, 12, 3, 13], "texture": "#0"},
				"west": {"uv": [2.5, 11, 3.5, 12], "texture": "#0"},
				"up": {"uv": [0, 9.5, 1, 10], "rotation": 180, "texture": "#0"},
				"down": {"uv": [1.5, 12, 0, 13], "texture": "#0"}
			}
		},
		{
			"from": [9.5, 0, 2.5],
			"to": [9.5, 2, 4.5],
			"rotation": {"angle": 0, "axis": "y", "origin": [17.5, 8, 10.5]},
			"faces": {
				"north": {"uv": [0, 11, 1.5, 12], "texture": "#0"},
				"east": {"uv": [1.5, 11, 2.5, 12], "texture": "#0"},
				"south": {"uv": [1.5, 12, 3, 13], "texture": "#0"},
				"west": {"uv": [2, 12, 3, 13], "texture": "#0"},
				"up": {"uv": [0, 9.5, 1, 10], "rotation": 180, "texture": "#0"},
				"down": {"uv": [1.5, 12, 0, 13], "texture": "#0"}
			}
		},
		{
			"from": [6.5, 10, 8],
			"to": [9.5, 15, 8],
			"rotation": {"angle": 0, "axis": "y", "origin": [14.5, 18, 16]},
			"faces": {
				"north": {"uv": [0, 0, 1.5, 2.5], "texture": "#0"},
				"east": {"uv": [0, 4, 4, 5.5], "texture": "#0"},
				"south": {"uv": [0, 0, 1.5, 2.5], "texture": "#0"},
				"west": {"uv": [8, 4, 12, 5.5], "texture": "#0"},
				"up": {"uv": [4, 0, 8, 4], "rotation": 180, "texture": "#0"},
				"down": {"uv": [6, 2.5, 6.5, 3], "texture": "#0"}
			}
		},
		{
			"from": [8, 10, 6.5],
			"to": [8, 15, 9.5],
			"rotation": {"angle": 0, "axis": "y", "origin": [16, 18, 14.5]},
			"faces": {
				"north": {"uv": [4, 4, 8, 5.5], "texture": "#0"},
				"east": {"uv": [0, 0, 1.5, 2.5], "texture": "#0"},
				"south": {"uv": [12, 4, 16, 5.5], "texture": "#0"},
				"west": {"uv": [0, 0, 1.5, 2.5], "texture": "#0"},
				"up": {"uv": [4, 0, 8, 4], "rotation": 180, "texture": "#0"},
				"down": {"uv": [6, 2.5, 6.5, 3], "texture": "#0"}
			}
		},
		{
			"from": [4, 2, 4],
			"to": [4, 7, 12],
			"rotation": {"angle": 0, "axis": "y", "origin": [12, 10, 12]},
			"faces": {
				"north": {"uv": [4, 4, 8, 5.5], "texture": "#0"},
				"east": {"uv": [12, 5.5, 8, 8], "texture": "#0"},
				"south": {"uv": [12, 4, 16, 5.5], "texture": "#0"},
				"west": {"uv": [8, 5.5, 12, 8], "texture": "#0"},
				"up": {"uv": [4, 0, 8, 4], "rotation": 180, "texture": "#0"},
				"down": {"uv": [6, 2.5, 6.5, 3], "texture": "#0"}
			}
		},
		{
			"from": [4, 2, 4],
			"to": [12, 7, 4],
			"rotation": {"angle": 0, "axis": "y", "origin": [12, 10, 12]},
			"faces": {
				"north": {"uv": [4, 5.5, 8, 8], "texture": "#0"},
				"east": {"uv": [12, 5.5, 8, 6.5], "texture": "#0"},
				"south": {"uv": [4, 5.5, 8, 8], "texture": "#0"},
				"west": {"uv": [8, 5.5, 12, 8], "texture": "#0"},
				"up": {"uv": [4, 0, 8, 4], "rotation": 180, "texture": "#0"},
				"down": {"uv": [6, 2.5, 6.5, 3], "texture": "#0"}
			}
		},
		{
			"from": [4, 5, 12],
			"to": [12, 7, 12],
			"rotation": {"angle": 0, "axis": "y", "origin": [12, 13, 20]},
			"faces": {
				"north": {"uv": [12, 5.5, 16, 6.5], "texture": "#0"},
				"east": {"uv": [0, 4, 4, 5.5], "texture": "#0"},
				"south": {"uv": [12, 5.5, 16, 6.5], "texture": "#0"},
				"west": {"uv": [8, 4, 12, 5.5], "texture": "#0"},
				"up": {"uv": [4, 0, 8, 4], "rotation": 180, "texture": "#0"},
				"down": {"uv": [6, 2.5, 6.5, 3], "texture": "#0"}
			}
		},
		{
			"from": [12, 2, 4],
			"to": [12, 7, 12],
			"rotation": {"angle": 0, "axis": "y", "origin": [20, 10, 12]},
			"faces": {
				"north": {"uv": [4, 4, 8, 5.5], "texture": "#0"},
				"east": {"uv": [0, 5.5, 4, 8], "texture": "#0"},
				"south": {"uv": [12, 4, 16, 5.5], "texture": "#0"},
				"west": {"uv": [4, 5.5, 0, 8], "texture": "#0"},
				"up": {"uv": [4, 0, 8, 4], "rotation": 180, "texture": "#0"},
				"down": {"uv": [6, 2.5, 6.5, 3], "texture": "#0"}
			}
		}
	],
	"display": {
		"thirdperson_righthand": {
			"translation": [0, 3.5, 0.25]
		},
		"thirdperson_lefthand": {
			"translation": [0, 3.5, 0.25]
		},
		"ground": {
			"translation": [0, 1, 0]
		},
		"gui": {
			"rotation": [30, 135, 0],
			"translation": [0, 1.5, 0],
			"scale": [0.95, 0.95, 0.95]
		},
		"head": {
			"translation": [0, 4.5, 0],
			"scale": [1.9, 1.9, 1.9]
		},
		"fixed": {
			"rotation": [-90, 0, 0],
			"translation": [0, 0, -11.75],
			"scale": [1.58, 1.58, 1.58]
		}
	}
}