{
	"credit": "Made with Blockbench",
	"texture_size": [32, 32],
	"textures": {
		"0": "politmine/item/qualityarmory/jewish_ermolka",
		"particle": "politmine/item/qualityarmory/jewish_ermolka"
	},
	"elements": [
		{
			"from": [4, 8, 4],
			"to": [12, 12, 12],
			"rotation": {"angle": 0, "axis": "y", "origin": [12, 17, 12]},
			"faces": {
				"north": {"uv": [4, 0, 8, 2], "texture": "#0"},
				"east": {"uv": [0, 0, 4, 2], "texture": "#0"},
				"south": {"uv": [12, 0, 16, 2], "texture": "#0"},
				"west": {"uv": [8, 0, 12, 2], "texture": "#0"},
				"up": {"uv": [0, 2, 4, 6], "rotation": 180, "texture": "#0"},
				"down": {"uv": [4.5, 4.5, 8.5, 8.5], "texture": "#0"}
			}
		},
		{
			"from": [1, 7, 1],
			"to": [15, 8, 15],
			"rotation": {"angle": 0, "axis": "y", "origin": [10, 15, 10]},
			"faces": {
				"north": {"uv": [0, 12.5, 7, 13], "texture": "#0"},
				"east": {"uv": [0, 6, 0.5, 13], "rotation": 270, "texture": "#0"},
				"south": {"uv": [0, 12.5, 7, 13], "rotation": 180, "texture": "#0"},
				"west": {"uv": [0, 6, 0.5, 13], "rotation": 90, "texture": "#0"},
				"up": {"uv": [0, 6, 7, 13], "texture": "#0"},
				"down": {"uv": [0, 6, 7, 13], "rotation": 180, "texture": "#0"}
			}
		},
		{
			"from": [3, 2, 6],
			"to": [5, 7, 6],
			"rotation": {"angle": 0, "axis": "y", "origin": [13, 17, 11]},
			"faces": {
				"north": {"uv": [4, 2, 5, 4.5], "texture": "#0"},
				"east": {"uv": [7, 2, 8, 4.5], "texture": "#0"},
				"south": {"uv": [5, 2, 4, 4.5], "texture": "#0"},
				"west": {"uv": [5, 2, 6, 4.5], "texture": "#0"},
				"up": {"uv": [5, 2.5, 6, 3], "rotation": 180, "texture": "#0"},
				"down": {"uv": [6, 2.5, 6.5, 3], "texture": "#0"}
			}
		},
		{
			"from": [11, 2, 6],
			"to": [13, 7, 6],
			"rotation": {"angle": 0, "axis": "y", "origin": [13, 17, 11]},
			"faces": {
				"north": {"uv": [4, 2, 5, 4.5], "texture": "#0"},
				"east": {"uv": [7, 2, 8, 4.5], "texture": "#0"},
				"south": {"uv": [5, 2, 4, 4.5], "texture": "#0"},
				"west": {"uv": [5, 2, 6, 4.5], "texture": "#0"},
				"up": {"uv": [5, 2.5, 6, 3], "rotation": 180, "texture": "#0"},
				"down": {"uv": [6, 2.5, 6.5, 3], "texture": "#0"}
			}
		},
		{
			"from": [3, 2, 8],
			"to": [5, 7, 8],
			"rotation": {"angle": 0, "axis": "y", "origin": [13, 17, 11]},
			"faces": {
				"north": {"uv": [7, 2, 6, 4.5], "texture": "#0"},
				"east": {"uv": [7, 2, 8, 4.5], "texture": "#0"},
				"south": {"uv": [6, 2, 7, 4.5], "texture": "#0"},
				"west": {"uv": [5, 2, 6, 4.5], "texture": "#0"},
				"up": {"uv": [5, 2.5, 6, 3], "rotation": 180, "texture": "#0"},
				"down": {"uv": [6, 2.5, 6.5, 3], "texture": "#0"}
			}
		},
		{
			"from": [11, 2, 8],
			"to": [13, 7, 8],
			"rotation": {"angle": 0, "axis": "y", "origin": [13, 17, 11]},
			"faces": {
				"north": {"uv": [7, 2, 6, 4.5], "texture": "#0"},
				"east": {"uv": [7, 2, 8, 4.5], "texture": "#0"},
				"south": {"uv": [6, 2, 7, 4.5], "texture": "#0"},
				"west": {"uv": [5, 2, 6, 4.5], "texture": "#0"},
				"up": {"uv": [5, 2.5, 6, 3], "rotation": 180, "texture": "#0"},
				"down": {"uv": [6, 2.5, 6.5, 3], "texture": "#0"}
			}
		},
		{
			"from": [5, 2, 6],
			"to": [5, 7, 8],
			"rotation": {"angle": 0, "axis": "y", "origin": [13, 17, 11]},
			"faces": {
				"north": {"uv": [4, 2, 5, 4.5], "texture": "#0"},
				"east": {"uv": [7, 2, 8, 4.5], "texture": "#0"},
				"south": {"uv": [6, 2, 7, 4.5], "texture": "#0"},
				"west": {"uv": [8, 2, 7, 4.5], "texture": "#0"},
				"up": {"uv": [5, 2.5, 6, 3], "rotation": 180, "texture": "#0"},
				"down": {"uv": [6, 2.5, 6.5, 3], "texture": "#0"}
			}
		},
		{
			"from": [13, 2, 6],
			"to": [13, 7, 8],
			"rotation": {"angle": 0, "axis": "y", "origin": [13, 17, 11]},
			"faces": {
				"north": {"uv": [4, 2, 5, 4.5], "texture": "#0"},
				"east": {"uv": [7, 2, 8, 4.5], "texture": "#0"},
				"south": {"uv": [6, 2, 7, 4.5], "texture": "#0"},
				"west": {"uv": [8, 2, 7, 4.5], "texture": "#0"},
				"up": {"uv": [5, 2.5, 6, 3], "rotation": 180, "texture": "#0"},
				"down": {"uv": [6, 2.5, 6.5, 3], "texture": "#0"}
			}
		},
		{
			"from": [3, 2, 6],
			"to": [3, 7, 8],
			"rotation": {"angle": 0, "axis": "y", "origin": [13, 17, 11]},
			"faces": {
				"north": {"uv": [4, 2, 5, 4.5], "texture": "#0"},
				"east": {"uv": [6, 2, 5, 4.5], "texture": "#0"},
				"south": {"uv": [6, 2, 7, 4.5], "texture": "#0"},
				"west": {"uv": [5, 2, 6, 4.5], "texture": "#0"},
				"up": {"uv": [5, 2.5, 6, 3], "rotation": 180, "texture": "#0"},
				"down": {"uv": [6, 2.5, 6.5, 3], "texture": "#0"}
			}
		},
		{
			"from": [11, 2, 6],
			"to": [11, 7, 8],
			"rotation": {"angle": 0, "axis": "y", "origin": [13, 17, 11]},
			"faces": {
				"north": {"uv": [4, 2, 5, 4.5], "texture": "#0"},
				"east": {"uv": [6, 2, 5, 4.5], "texture": "#0"},
				"south": {"uv": [6, 2, 7, 4.5], "texture": "#0"},
				"west": {"uv": [5, 2, 6, 4.5], "texture": "#0"},
				"up": {"uv": [5, 2.5, 6, 3], "rotation": 180, "texture": "#0"},
				"down": {"uv": [6, 2.5, 6.5, 3], "texture": "#0"}
			}
		}
	],
	"display": {
		"thirdperson_righthand": {
			"rotation": [-8.5, -180, 0]
		},
		"thirdperson_lefthand": {
			"rotation": [-8.5, -180, 0]
		},
		"ground": {
			"translation": [0, 2, 0]
		},
		"gui": {
			"rotation": [30, 132, 0],
			"translation": [0, -0.75, 0],
			"scale": [0.75, 0.75, 0.75]
		},
		"head": {
			"translation": [0, 5, 0],
			"scale": [1.9, 1.9, 1.9]
		},
		"fixed": {
			"rotation": [-90, 0, 0],
			"translation": [0, 0, -1.5],
			"scale": [1.58, 1.58, 1.58]
		}
	}
}