{
	"credit": "Made with Blockbench",
	"texture_size": [32, 32],
	"textures": {
		"1": "politmine/item/qualityarmory/kabuto",
		"particle": "politmine/item/qualityarmory/kabuto"
	},
	"elements": [
		{
			"from": [4, 11, 4],
			"to": [12, 15, 12],
			"rotation": {"angle": 0, "axis": "y", "origin": [12, 15, 12]},
			"faces": {
				"north": {"uv": [4, 0, 8, 2], "texture": "#1"},
				"east": {"uv": [0, 0, 4, 2], "texture": "#1"},
				"south": {"uv": [12, 0, 16, 2], "texture": "#1"},
				"west": {"uv": [8, 0, 12, 2], "texture": "#1"},
				"up": {"uv": [0, 2, 4, 6], "rotation": 180, "texture": "#1"},
				"down": {"uv": [4, 2, 8, 6], "texture": "#1"}
			}
		},
		{
			"from": [4, 10.5, 4],
			"to": [12, 12.5, 4],
			"rotation": {"angle": 22.5, "axis": "x", "origin": [12, 12.5, 4]},
			"faces": {
				"north": {"uv": [4, 6, 8, 7], "texture": "#1"},
				"east": {"uv": [6, 13.5, 4.5, 16], "texture": "#1"},
				"south": {"uv": [8, 6, 4, 7], "texture": "#1"},
				"west": {"uv": [4.5, 13.5, 6, 16], "texture": "#1"},
				"up": {"uv": [0, 0, 0, 0], "texture": "#1"},
				"down": {"uv": [0, 0, 0, 0], "texture": "#1"}
			}
		},
		{
			"from": [0, 11.5, 3.75],
			"to": [16, 17.5, 3.75],
			"rotation": {"angle": 0, "axis": "y", "origin": [11, 19.5, 10.75]},
			"faces": {
				"north": {"uv": [0, 13, 8, 16], "texture": "#1"},
				"east": {"uv": [6, 13.5, 4.5, 16], "texture": "#1"},
				"south": {"uv": [0, 13, 8, 16], "texture": "#1"},
				"west": {"uv": [4.5, 13.5, 6, 16], "texture": "#1"},
				"up": {"uv": [0, 0, 0, 0], "texture": "#1"},
				"down": {"uv": [0, 0, 0, 0], "texture": "#1"}
			}
		},
		{
			"from": [12, 6, 4],
			"to": [12, 11, 12],
			"rotation": {"angle": 22.5, "axis": "z", "origin": [12, 11, 12]},
			"faces": {
				"north": {"uv": [0, 13.5, 4.5, 16], "texture": "#1"},
				"east": {"uv": [12, 2, 8, 4.5], "texture": "#1"},
				"south": {"uv": [0, 0, 0, 0], "texture": "#1"},
				"west": {"uv": [8, 2, 12, 4.5], "texture": "#1"},
				"up": {"uv": [0, 0, 0, 0], "texture": "#1"},
				"down": {"uv": [0, 0, 0, 0], "texture": "#1"}
			}
		},
		{
			"from": [4, 6, 4],
			"to": [4, 11, 12],
			"rotation": {"angle": -22.5, "axis": "z", "origin": [4, 11, 12]},
			"faces": {
				"north": {"uv": [0, 13.5, 4.5, 16], "texture": "#1"},
				"east": {"uv": [12, 2, 8, 4.5], "texture": "#1"},
				"south": {"uv": [0, 0, 0, 0], "texture": "#1"},
				"west": {"uv": [8, 2, 12, 4.5], "texture": "#1"},
				"up": {"uv": [0, 0, 0, 0], "texture": "#1"},
				"down": {"uv": [0, 0, 0, 0], "texture": "#1"}
			}
		},
		{
			"from": [4, 6, 12],
			"to": [12, 11, 12],
			"rotation": {"angle": -22.5, "axis": "x", "origin": [12.5, 11, 12]},
			"faces": {
				"north": {"uv": [8, 4.5, 12, 7], "texture": "#1"},
				"east": {"uv": [6, 13.5, 4.5, 16], "texture": "#1"},
				"south": {"uv": [12, 4.5, 8, 7], "texture": "#1"},
				"west": {"uv": [4.5, 13.5, 6, 16], "texture": "#1"},
				"up": {"uv": [0, 0, 0, 0], "texture": "#1"},
				"down": {"uv": [0, 0, 0, 0], "texture": "#1"}
			}
		}
	],
	"display": {
		"thirdperson_righthand": {
			"rotation": [-33, 7, -9],
			"translation": [-0.5, -2.75, -1.5]
		},
		"thirdperson_lefthand": {
			"rotation": [-33, 7, -9],
			"translation": [-0.5, -2.75, -1.5]
		},
		"firstperson_righthand": {
			"rotation": [-20, 0, 0],
			"translation": [0, -3, 0]
		},
		"firstperson_lefthand": {
			"rotation": [-20, 0, 0],
			"translation": [0, -3, 0]
		},
		"ground": {
			"translation": [0, -1.5, 0]
		},
		"gui": {
			"rotation": [30, 135, 0],
			"translation": [0.75, -2.75, 0]
		},
		"head": {
			"translation": [0, -5, 0],
			"scale": [1.9, 1.9, 1.9]
		},
		"fixed": {
			"rotation": [-90, 0, 0],
			"translation": [0, 0, -1.5],
			"scale": [1.58, 1.58, 1.58]
		}
	}
}