{
	"credit": "Made with Blockbench, a free, modern block model editor by JannisX11",
	"textures": {
		"0": "politmine/item/qualityarmory/rgbsheet1",
		"particle": "politmine/item/qualityarmory/rgbsheet1"
	},
	"elements": [
		{
			"from": [13.25, 5.75, 1.25],
			"to": [14.75, 14.5, 2],
			"faces": {
				"north": {"uv": [7, 15, 8, 16], "texture": "#0"},
				"east": {"uv": [7, 15, 8, 16], "texture": "#0"},
				"south": {"uv": [7, 15, 8, 16], "texture": "#0"},
				"west": {"uv": [7, 15, 8, 16], "texture": "#0"},
				"up": {"uv": [7, 15, 8, 16], "texture": "#0"},
				"down": {"uv": [7, 15, 8, 16], "texture": "#0"}
			}
		},
		{
			"from": [5.75, 5.75, 1.25],
			"to": [10.25, 14.5, 2],
			"faces": {
				"north": {"uv": [7, 15, 8, 16], "texture": "#0"},
				"east": {"uv": [7, 15, 8, 16], "texture": "#0"},
				"south": {"uv": [7, 15, 8, 16], "texture": "#0"},
				"west": {"uv": [7, 15, 8, 16], "texture": "#0"},
				"up": {"uv": [7, 15, 8, 16], "texture": "#0"},
				"down": {"uv": [7, 15, 8, 16], "texture": "#0"}
			}
		},
		{
			"from": [2.75, 8.5, 1.25],
			"to": [5.75, 14, 2],
			"faces": {
				"north": {"uv": [7, 15, 8, 16], "texture": "#0"},
				"east": {"uv": [7, 15, 8, 16], "texture": "#0"},
				"south": {"uv": [7, 15, 8, 16], "texture": "#0"},
				"west": {"uv": [7, 15, 8, 16], "texture": "#0"},
				"up": {"uv": [7, 15, 8, 16], "texture": "#0"},
				"down": {"uv": [7, 15, 8, 16], "texture": "#0"}
			}
		},
		{
			"from": [10.25, 8.5, 1.25],
			"to": [13.25, 14, 2],
			"faces": {
				"north": {"uv": [7, 15, 8, 16], "texture": "#0"},
				"east": {"uv": [7, 15, 8, 16], "texture": "#0"},
				"south": {"uv": [7, 15, 8, 16], "texture": "#0"},
				"west": {"uv": [7, 15, 8, 16], "texture": "#0"},
				"up": {"uv": [7, 15, 8, 16], "texture": "#0"},
				"down": {"uv": [7, 15, 8, 16], "texture": "#0"}
			}
		},
		{
			"from": [10.25, 5.75, 1.25],
			"to": [13.25, 6.5, 2],
			"faces": {
				"north": {"uv": [7, 15, 8, 16], "texture": "#0"},
				"east": {"uv": [7, 15, 8, 16], "texture": "#0"},
				"south": {"uv": [7, 15, 8, 16], "texture": "#0"},
				"west": {"uv": [7, 15, 8, 16], "texture": "#0"},
				"up": {"uv": [7, 15, 8, 16], "texture": "#0"},
				"down": {"uv": [7, 15, 8, 16], "texture": "#0"}
			}
		},
		{
			"from": [2.75, 5.75, 1.25],
			"to": [5.75, 6.5, 2],
			"faces": {
				"north": {"uv": [7, 15, 8, 16], "texture": "#0"},
				"east": {"uv": [7, 15, 8, 16], "texture": "#0"},
				"south": {"uv": [7, 15, 8, 16], "texture": "#0"},
				"west": {"uv": [7, 15, 8, 16], "texture": "#0"},
				"up": {"uv": [7, 15, 8, 16], "texture": "#0"},
				"down": {"uv": [7, 15, 8, 16], "texture": "#0"}
			}
		},
		{
			"from": [1.25, 5.75, 1.25],
			"to": [2.75, 14.5, 2],
			"faces": {
				"north": {"uv": [7, 15, 8, 16], "texture": "#0"},
				"east": {"uv": [7, 15, 8, 16], "texture": "#0"},
				"south": {"uv": [7, 15, 8, 16], "texture": "#0"},
				"west": {"uv": [7, 15, 8, 16], "texture": "#0"},
				"up": {"uv": [7, 15, 8, 16], "texture": "#0"},
				"down": {"uv": [7, 15, 8, 16], "texture": "#0"}
			}
		},
		{
			"from": [1.5, 14, 1.25],
			"to": [14.25, 14.75, 14.5],
			"faces": {
				"north": {"uv": [7, 15, 8, 16], "texture": "#0"},
				"east": {"uv": [7, 15, 8, 16], "texture": "#0"},
				"south": {"uv": [7, 15, 8, 16], "texture": "#0"},
				"west": {"uv": [7, 15, 8, 16], "texture": "#0"},
				"up": {"uv": [7, 15, 8, 16], "texture": "#0"},
				"down": {"uv": [8, 15, 9, 16], "texture": "#0"}
			}
		},
		{
			"from": [1.25, 1, 14],
			"to": [14.75, 14, 14.75],
			"faces": {
				"north": {"uv": [8, 15, 9, 16], "texture": "#0"},
				"east": {"uv": [7, 15, 8, 16], "texture": "#0"},
				"south": {"uv": [7, 15, 8, 16], "texture": "#0"},
				"west": {"uv": [7, 15, 8, 16], "texture": "#0"},
				"up": {"uv": [7, 15, 8, 16], "texture": "#0"},
				"down": {"uv": [7, 15, 8, 16], "texture": "#0"}
			}
		},
		{
			"from": [1.25, 1, 2],
			"to": [2, 14, 14],
			"faces": {
				"north": {"uv": [7, 15, 8, 16], "texture": "#0"},
				"east": {"uv": [8, 15, 9, 16], "texture": "#0"},
				"south": {"uv": [7, 15, 8, 16], "texture": "#0"},
				"west": {"uv": [7, 15, 8, 16], "texture": "#0"},
				"up": {"uv": [7, 15, 8, 16], "texture": "#0"},
				"down": {"uv": [7, 15, 8, 16], "texture": "#0"}
			}
		},
		{
			"from": [14, 1, 2],
			"to": [14.75, 14, 14],
			"faces": {
				"north": {"uv": [7, 15, 8, 16], "texture": "#0"},
				"east": {"uv": [7, 15, 8, 16], "texture": "#0"},
				"south": {"uv": [7, 15, 8, 16], "texture": "#0"},
				"west": {"uv": [8, 15, 9, 16], "texture": "#0"},
				"up": {"uv": [7, 15, 8, 16], "texture": "#0"},
				"down": {"uv": [7, 15, 8, 16], "texture": "#0"}
			}
		},
		{
			"from": [1.25, 1, 1.25],
			"to": [5.75, 5.75, 2],
			"faces": {
				"north": {"uv": [7, 15, 8, 16], "texture": "#0"},
				"east": {"uv": [7, 15, 8, 16], "texture": "#0"},
				"south": {"uv": [7, 15, 8, 16], "texture": "#0"},
				"west": {"uv": [7, 15, 8, 16], "texture": "#0"},
				"up": {"uv": [7, 15, 8, 16], "texture": "#0"},
				"down": {"uv": [7, 15, 8, 16], "texture": "#0"}
			}
		},
		{
			"from": [10.25, 1, 1.25],
			"to": [14.75, 5.75, 2],
			"faces": {
				"north": {"uv": [7, 15, 8, 16], "texture": "#0"},
				"east": {"uv": [7, 15, 8, 16], "texture": "#0"},
				"south": {"uv": [7, 15, 8, 16], "texture": "#0"},
				"west": {"uv": [7, 15, 8, 16], "texture": "#0"},
				"up": {"uv": [7, 15, 8, 16], "texture": "#0"},
				"down": {"uv": [7, 15, 8, 16], "texture": "#0"}
			}
		},
		{
			"from": [1.25, 4.25, 1.25],
			"to": [14.75, 5.75, 2],
			"faces": {
				"north": {"uv": [7, 15, 8, 16], "texture": "#0"},
				"east": {"uv": [7, 15, 8, 16], "texture": "#0"},
				"south": {"uv": [7, 15, 8, 16], "texture": "#0"},
				"west": {"uv": [7, 15, 8, 16], "texture": "#0"},
				"up": {"uv": [7, 15, 8, 16], "texture": "#0"},
				"down": {"uv": [7, 15, 8, 16], "texture": "#0"}
			}
		},
		{
			"from": [1.25, 1, 1.25],
			"to": [14.75, 2.5, 2],
			"faces": {
				"north": {"uv": [7, 15, 8, 16], "texture": "#0"},
				"east": {"uv": [7, 15, 8, 16], "texture": "#0"},
				"south": {"uv": [7, 15, 8, 16], "texture": "#0"},
				"west": {"uv": [7, 15, 8, 16], "texture": "#0"},
				"up": {"uv": [7, 15, 8, 16], "texture": "#0"},
				"down": {"uv": [7, 15, 8, 16], "texture": "#0"}
			}
		}
	],
	"display": {
		"thirdperson_righthand": {
			"rotation": [0, 45, 0],
			"translation": [0, 0, 0],
			"scale": [0.6, 0.6, 0.6]
		},
		"gui": {
			"rotation": [0, 146, 0],
			"translation": [0, -1, 0],
			"scale": [0.6, 0.6, 0.6]
		},
		"firstperson_righthand": {
			"rotation": [0, 135, 0],
			"translation": [0, 5.5, 0],
			"scale": [0.6, 0.6, 0.6]
		},
		"firstperson_lefthand": {
			"scale": [0.6, 0.6, 0.6]
		},
		"thirdperson_lefthand": {
			"scale": [0.6, 0.6, 0.6]
		}
	},
	"groups": [0, 1, 2, 3, 4, 5, 6, 7, 8, 9, 10,
		{
			"name": "group",
			"isOpen": true,
			"shade": true,
			"display": {
				"visibility": true,
				"autouv": true
			},
			"children": []
		},
		{
			"name": "group",
			"isOpen": true,
			"shade": true,
			"display": {
				"visibility": true,
				"autouv": true
			},
			"children": []
		},
		{
			"name": "group",
			"isOpen": true,
			"shade": true,
			"display": {
				"visibility": true,
				"autouv": true
			},
			"children": []
		},
		{
			"name": "group",
			"isOpen": true,
			"shade": true,
			"display": {
				"visibility": true,
				"autouv": true
			},
			"children": []
		},
		{
			"name": "group",
			"isOpen": true,
			"shade": true,
			"display": {
				"visibility": true,
				"autouv": true
			},
			"children": [11, 12, 13, 14]
		}
	]
}