{"sources":[{"type":"directory","source":"politmine","prefix":"politmine/"},{"type":"directory","source":"ttp","prefix":"ttp/"},{"type":"directory","source":"weapons","prefix":"weapons/"},{"type":"directory","source":"battlepass","prefix":"battlepass/"},{"type":"single","resource":"entity/trident"},{"type":"directory","source":"default","prefix":"default/"},{"type":"directory","source":"drop","prefix":"drop/"},{"type":"directory","source":"orc_texture","prefix":"orc_texture/"},{"type":"single","resource":"minecraft:orc_texture/orc_crossbow","sprite":"minecraft:orc_texture/orc_crossbow"}]}