{"credit":"Made with Blockbench, a free, modern block model editor by JannisX11","textures":{"0":"ttp/qualityarmory/rgbsheet1","particle":"ttp/qualityarmory/rgbsheet1"},"elements":[{"from":[1.75,11.25,4],"to":[5.5,11.375,4.5],"faces":{"north":{"uv":[8,15,9,16],"texture":"#0"},"east":{"uv":[8,15,9,16],"texture":"#0"},"south":{"uv":[8,15,9,16],"texture":"#0"},"west":{"uv":[8,15,9,16],"texture":"#0"},"up":{"uv":[8,15,9,16],"texture":"#0"},"down":{"uv":[8,15,9,16],"texture":"#0"}}},{"from":[-0.8125,9.3125,3.75],"to":[-0.3125,11.3125,4.75],"rotation":{"angle":0,"axis":"z","origin":[-1.0625,9.5625,3.75]},"faces":{"north":{"uv":[7,15,8,16],"texture":"#0"},"east":{"uv":[7,15,8,16],"texture":"#0"},"south":{"uv":[7,15,8,16],"texture":"#0"},"west":{"uv":[7,15,8,16],"texture":"#0"},"up":{"uv":[7,15,8,16],"texture":"#0"},"down":{"uv":[7,15,8,16],"texture":"#0"}}},{"from":[2.4375,8.5625,4],"to":[3.6875,8.8125,4.5],"rotation":{"angle":0,"axis":"z","origin":[2.9375,8.3125,3.75]},"faces":{"north":{"uv":[7,15,8,16],"texture":"#0"},"east":{"uv":[7,15,8,16],"texture":"#0"},"south":{"uv":[7,15,8,16],"texture":"#0"},"west":{"uv":[7,15,8,16],"texture":"#0"},"up":{"uv":[7,15,8,16],"texture":"#0"},"down":{"uv":[7,15,8,16],"texture":"#0"}}},{"from":[3.6875,8.8125,4],"to":[3.9375,10.0625,4.5],"rotation":{"angle":0,"axis":"z","origin":[2.9375,8.3125,3.75]},"faces":{"north":{"uv":[7,15,8,16],"texture":"#0"},"east":{"uv":[7,15,8,16],"texture":"#0"},"south":{"uv":[7,15,8,16],"texture":"#0"},"west":{"uv":[7,15,8,16],"texture":"#0"},"up":{"uv":[7,15,8,16],"texture":"#0"},"down":{"uv":[7,15,8,16],"texture":"#0"}}},{"from":[0.9375,7.5625,3.75],"to":[2.6875,10.5625,4.75],"rotation":{"angle":-22.5,"axis":"z","origin":[1.6875,8.5625,3.75]},"faces":{"north":{"uv":[8,15,9,16],"texture":"#0"},"east":{"uv":[8,15,9,16],"texture":"#0"},"south":{"uv":[8,15,9,16],"texture":"#0"},"west":{"uv":[8,15,9,16],"texture":"#0"},"up":{"uv":[8,15,9,16],"texture":"#0"},"down":{"uv":[8,15,9,16],"texture":"#0"}}},{"from":[0.9375,9.125,3.75],"to":[1.875,10.875,4.75],"rotation":{"angle":22.5,"axis":"z","origin":[0.9375,10.875,3.75]},"faces":{"north":{"uv":[8,15,9,16],"texture":"#0"},"east":{"uv":[8,15,9,16],"texture":"#0"},"south":{"uv":[8,15,9,16],"texture":"#0"},"west":{"uv":[8,15,9,16],"texture":"#0"},"up":{"uv":[8,15,9,16],"texture":"#0"},"down":{"uv":[8,15,9,16],"texture":"#0"}}},{"from":[2,10.5,3.749],"to":[4,10.75,4.769],"faces":{"north":{"uv":[8,15,9,16],"texture":"#0"},"east":{"uv":[8,15,9,16],"texture":"#0"},"south":{"uv":[8,15,9,16],"texture":"#0"},"west":{"uv":[8,15,9,16],"texture":"#0"},"up":{"uv":[8,15,9,16],"texture":"#0"},"down":{"uv":[8,15,9,16],"texture":"#0"}}},{"from":[4,10.5,3.8],"to":[4.75,10.75,4.7],"faces":{"north":{"uv":[10,15,11,16],"texture":"#0"},"east":{"uv":[10,15,11,16],"texture":"#0"},"south":{"uv":[10,15,11,16],"texture":"#0"},"west":{"uv":[10,15,11,16],"texture":"#0"},"up":{"uv":[10,15,11,16],"texture":"#0"},"down":{"uv":[10,15,11,16],"texture":"#0"}}},{"from":[4.75,10.5,3.749],"to":[5.5,10.75,4.769],"faces":{"north":{"uv":[8,15,9,16],"texture":"#0"},"east":{"uv":[8,15,9,16],"texture":"#0"},"south":{"uv":[8,15,9,16],"texture":"#0"},"west":{"uv":[8,15,9,16],"texture":"#0"},"up":{"uv":[8,15,9,16],"texture":"#0"},"down":{"uv":[8,15,9,16],"texture":"#0"}}},{"from":[1.75,9.5,3.749],"to":[5.5,10.5,4.769],"faces":{"north":{"uv":[8,15,9,16],"texture":"#0"},"east":{"uv":[8,15,9,16],"texture":"#0"},"south":{"uv":[8,15,9,16],"texture":"#0"},"west":{"uv":[8,15,9,16],"texture":"#0"},"up":{"uv":[8,15,9,16],"texture":"#0"},"down":{"uv":[8,15,9,16],"texture":"#0"}}},{"name":"barrwel","from":[13,9.5,4],"to":[13.5,10,4.5],"faces":{"north":{"uv":[8,15,9,16],"texture":"#0"},"east":{"uv":[8,15,9,16],"texture":"#0"},"south":{"uv":[8,15,9,16],"texture":"#0"},"west":{"uv":[8,15,9,16],"texture":"#0"},"up":{"uv":[8,15,9,16],"texture":"#0"},"down":{"uv":[8,15,9,16],"texture":"#0"}}},{"name":"barrwel","from":[13,10.5,4],"to":[14,11,4.5],"faces":{"north":{"uv":[8,15,9,16],"texture":"#0"},"east":{"uv":[8,15,9,16],"texture":"#0"},"south":{"uv":[8,15,9,16],"texture":"#0"},"west":{"uv":[8,15,9,16],"texture":"#0"},"up":{"uv":[8,15,9,16],"texture":"#0"},"down":{"uv":[8,15,9,16],"texture":"#0"}}},{"name":"Silverstuff","from":[7.5,9.25,3.5],"to":[9.75,10.75,5],"faces":{"north":{"uv":[6,3,7,4],"texture":"#0"},"east":{"uv":[6,3,7,4],"texture":"#0"},"south":{"uv":[6,3,7,4],"texture":"#0"},"west":{"uv":[6,3,7,4],"texture":"#0"},"up":{"uv":[6,3,7,4],"texture":"#0"},"down":{"uv":[6,3,7,4],"texture":"#0"}}},{"name":"Silverstuff","from":[6.5,10.75,3.75],"to":[13,11.25,4.75],"faces":{"north":{"uv":[7,15,8,16],"texture":"#0"},"east":{"uv":[7,15,8,16],"texture":"#0"},"south":{"uv":[7,15,8,16],"texture":"#0"},"west":{"uv":[7,15,8,16],"texture":"#0"},"up":{"uv":[7,15,8,16],"texture":"#0"},"down":{"uv":[7,15,8,16],"texture":"#0"}}},{"name":"Silverstuff","from":[5.5,11.25,4],"to":[13,11.35,4.5],"faces":{"north":{"uv":[7,15,8,16],"texture":"#0"},"east":{"uv":[7,15,8,16],"texture":"#0"},"south":{"uv":[7,15,8,16],"texture":"#0"},"west":{"uv":[7,15,8,16],"texture":"#0"},"up":{"uv":[7,15,8,16],"texture":"#0"},"down":{"uv":[7,15,8,16],"texture":"#0"}}},{"name":"Silverstuff","from":[5.5,9.5,3.75],"to":[7.5,11.25,4.75],"faces":{"north":{"uv":[6,3,7,4],"texture":"#0"},"east":{"uv":[6,3,7,4],"texture":"#0"},"south":{"uv":[6,3,7,4],"texture":"#0"},"west":{"uv":[6,3,7,4],"texture":"#0"},"up":{"uv":[6,3,7,4],"texture":"#0"},"down":{"uv":[6,3,7,4],"texture":"#0"}}},{"name":"green","from":[6.5,8,3.51],"to":[7.5,11.5,5.03],"rotation":{"angle":-22.5,"axis":"z","origin":[5.875,9.625,4.25]},"faces":{"north":{"uv":[6,3,7,4],"texture":"#0"},"east":{"uv":[6,3,7,4],"texture":"#0"},"south":{"uv":[6,3,7,4],"texture":"#0"},"west":{"uv":[6,3,7,4],"texture":"#0"},"up":{"uv":[6,3,7,4],"texture":"#0"},"down":{"uv":[6,3,7,4],"texture":"#0"}}},{"name":"green","from":[5.251,7.75,3.51],"to":[6.501,11.501,4.99],"faces":{"north":{"uv":[6,3,7,4],"texture":"#0"},"east":{"uv":[6,3,7,4],"texture":"#0"},"south":{"uv":[6,3,7,4],"texture":"#0"},"west":{"uv":[6,3,7,4],"texture":"#0"},"up":{"uv":[6,3,7,4],"texture":"#0"},"down":{"uv":[6,3,7,4],"texture":"#0"}}},{"name":"green","from":[3,10.75,3.5],"to":[5.25,11.24,5],"faces":{"north":{"uv":[6,3,7,4],"texture":"#0"},"east":{"uv":[6,3,7,4],"texture":"#0"},"south":{"uv":[6,3,7,4],"texture":"#0"},"west":{"uv":[6,3,7,4],"texture":"#0"},"up":{"uv":[6,3,7,4],"texture":"#0"},"down":{"uv":[6,3,7,4],"texture":"#0"}}},{"name":"green","from":[-0.75,10.75,3.5],"to":[0,11.25,5],"faces":{"north":{"uv":[6,3,7,4],"texture":"#0"},"east":{"uv":[6,3,7,4],"texture":"#0"},"south":{"uv":[6,3,7,4],"texture":"#0"},"west":{"uv":[6,3,7,4],"texture":"#0"},"up":{"uv":[6,3,7,4],"texture":"#0"},"down":{"uv":[6,3,7,4],"texture":"#0"}}},{"name":"green","from":[0,10.75,3.5],"to":[3,11.5,5],"faces":{"north":{"uv":[6,3,7,4],"texture":"#0"},"east":{"uv":[6,3,7,4],"texture":"#0"},"south":{"uv":[6,3,7,4],"texture":"#0"},"west":{"uv":[6,3,7,4],"texture":"#0"},"up":{"uv":[6,3,7,4],"texture":"#0"},"down":{"uv":[6,3,7,4],"texture":"#0"}}},{"name":"green","from":[0.25,12.5,3.5],"to":[7.5,13.25,5],"faces":{"north":{"uv":[6,3,7,4],"texture":"#0"},"east":{"uv":[6,3,7,4],"texture":"#0"},"south":{"uv":[6,3,7,4],"texture":"#0"},"west":{"uv":[6,3,7,4],"texture":"#0"},"up":{"uv":[6,3,7,4],"texture":"#0"},"down":{"uv":[6,3,7,4],"texture":"#0"}}},{"name":"green","from":[0,11,3.51],"to":[0.75,13.25,4.99],"rotation":{"angle":-22.5,"axis":"z","origin":[-0.125,12.625,4.25]},"faces":{"north":{"uv":[6,3,7,4],"texture":"#0","rotation":90},"east":{"uv":[6,3,7,4],"texture":"#0","rotation":90},"south":{"uv":[6,3,7,4],"texture":"#0","rotation":90},"west":{"uv":[6,3,7,4],"texture":"#0","rotation":90},"up":{"uv":[6,3,7,4],"texture":"#0","rotation":90},"down":{"uv":[6,3,7,4],"texture":"#0","rotation":90}}},{"name":"green","from":[7,10.5,3.51],"to":[7.75,12.75,4.99],"rotation":{"angle":22.5,"axis":"z","origin":[6.875,12.125,4.25]},"faces":{"north":{"uv":[6,3,7,4],"texture":"#0","rotation":90},"east":{"uv":[6,3,7,4],"texture":"#0","rotation":90},"south":{"uv":[6,3,7,4],"texture":"#0","rotation":90},"west":{"uv":[6,3,7,4],"texture":"#0","rotation":90},"up":{"uv":[6,3,7,4],"texture":"#0","rotation":90},"down":{"uv":[6,3,7,4],"texture":"#0","rotation":90}}},{"name":"green","from":[5.25,10.75,3.5],"to":[8.5,11.5,5],"faces":{"north":{"uv":[6,3,7,4],"texture":"#0"},"east":{"uv":[6,3,7,4],"texture":"#0"},"south":{"uv":[6,3,7,4],"texture":"#0"},"west":{"uv":[6,3,7,4],"texture":"#0"},"up":{"uv":[6,3,7,4],"texture":"#0"},"down":{"uv":[6,3,7,4],"texture":"#0"}}},{"name":"Silverstuff","from":[12.25,9.25,3.75],"to":[12.5,10.75,4.75],"faces":{"north":{"uv":[7,15,8,16],"texture":"#0"},"east":{"uv":[7,15,8,16],"texture":"#0"},"south":{"uv":[7,15,8,16],"texture":"#0"},"west":{"uv":[7,15,8,16],"texture":"#0"},"up":{"uv":[7,15,8,16],"texture":"#0"},"down":{"uv":[7,15,8,16],"texture":"#0"}}},{"name":"Silverstuff","from":[12.5,9.25,3.5],"to":[13,10.75,5],"faces":{"north":{"uv":[7,15,8,16],"texture":"#0"},"east":{"uv":[7,15,8,16],"texture":"#0"},"south":{"uv":[7,15,8,16],"texture":"#0"},"west":{"uv":[7,15,8,16],"texture":"#0"},"up":{"uv":[7,15,8,16],"texture":"#0"},"down":{"uv":[7,15,8,16],"texture":"#0"}}},{"name":"Silverstuff","from":[11.5,9.25,3.75],"to":[11.75,10.75,4.75],"faces":{"north":{"uv":[7,15,8,16],"texture":"#0"},"east":{"uv":[7,15,8,16],"texture":"#0"},"south":{"uv":[7,15,8,16],"texture":"#0"},"west":{"uv":[7,15,8,16],"texture":"#0"},"up":{"uv":[7,15,8,16],"texture":"#0"},"down":{"uv":[7,15,8,16],"texture":"#0"}}},{"name":"Silverstuff","from":[11.75,9.25,3.5],"to":[12.25,10.75,5],"faces":{"north":{"uv":[7,15,8,16],"texture":"#0"},"east":{"uv":[7,15,8,16],"texture":"#0"},"south":{"uv":[7,15,8,16],"texture":"#0"},"west":{"uv":[7,15,8,16],"texture":"#0"},"up":{"uv":[7,15,8,16],"texture":"#0"},"down":{"uv":[7,15,8,16],"texture":"#0"}}},{"name":"Silverstuff","from":[10.75,9.25,3.75],"to":[11,10.75,4.75],"faces":{"north":{"uv":[7,15,8,16],"texture":"#0"},"east":{"uv":[7,15,8,16],"texture":"#0"},"south":{"uv":[7,15,8,16],"texture":"#0"},"west":{"uv":[7,15,8,16],"texture":"#0"},"up":{"uv":[7,15,8,16],"texture":"#0"},"down":{"uv":[7,15,8,16],"texture":"#0"}}},{"name":"Silverstuff","from":[11,9.25,3.5],"to":[11.5,10.75,5],"faces":{"north":{"uv":[7,15,8,16],"texture":"#0"},"east":{"uv":[7,15,8,16],"texture":"#0"},"south":{"uv":[7,15,8,16],"texture":"#0"},"west":{"uv":[7,15,8,16],"texture":"#0"},"up":{"uv":[7,15,8,16],"texture":"#0"},"down":{"uv":[7,15,8,16],"texture":"#0"}}},{"name":"Silverstuff","from":[10,9.25,3.75],"to":[10.25,10.75,4.75],"faces":{"north":{"uv":[7,15,8,16],"texture":"#0"},"east":{"uv":[7,15,8,16],"texture":"#0"},"south":{"uv":[7,15,8,16],"texture":"#0"},"west":{"uv":[7,15,8,16],"texture":"#0"},"up":{"uv":[7,15,8,16],"texture":"#0"},"down":{"uv":[7,15,8,16],"texture":"#0"}}},{"name":"Silverstuff","from":[9.75,9.25,3.5],"to":[10,10.75,5],"faces":{"north":{"uv":[7,15,8,16],"texture":"#0"},"east":{"uv":[7,15,8,16],"texture":"#0"},"south":{"uv":[7,15,8,16],"texture":"#0"},"west":{"uv":[7,15,8,16],"texture":"#0"},"up":{"uv":[7,15,8,16],"texture":"#0"},"down":{"uv":[7,15,8,16],"texture":"#0"}}},{"name":"Silverstuff","from":[10.25,9.25,3.5],"to":[10.75,10.75,5],"faces":{"north":{"uv":[7,15,8,16],"texture":"#0"},"east":{"uv":[7,15,8,16],"texture":"#0"},"south":{"uv":[7,15,8,16],"texture":"#0"},"west":{"uv":[7,15,8,16],"texture":"#0"},"up":{"uv":[7,15,8,16],"texture":"#0"},"down":{"uv":[7,15,8,16],"texture":"#0"}}}],"display":{"thirdperson_righthand":{"rotation":[-34,86,31],"translation":[5.29,-3.4,-5.48],"scale":[1.17,1.51,1.57]},"thirdperson_lefthand":{"rotation":[28,-78,31],"translation":[-8.623,-3.399,-2.697],"scale":[1.17,1.51,1.57]},"firstperson_righthand":{"rotation":[0,87,-4],"translation":[-1.7,2.27,2.27],"scale":[1.0347,0.9651,1.0347]},"firstperson_lefthand":{"rotation":[0,-103,3],"translation":[-7.56,2.27,1.13]},"gui":{"rotation":[-20,-29,22],"translation":[0.4516,1.13,0],"scale":[0.7913,1.1273,0.8755]},"head":{"rotation":[0,-1,45],"translation":[6.43,-14.36,11.15],"scale":[2,2,2]},"ground":{"rotation":[18,-37,18],"translation":[0.76,-0.57,4.91],"scale":[1.4,1.4,1.4]},"fixed":{"rotation":[0,-180,40],"translation":[-2.65,-0.19,-4.72],"scale":[1.23,1.2,1.13]}},"groups":[0,1,2,3,4,5,6,7,8,9,10,11,12,13,14,15,16,17,18,19,20,21,22,23,24,{"name":"group","isOpen":true,"shade":true,"display":{"visibility":true,"autouv":true},"children":[25,26,27,28,29,30,31,32,33]}]}