{
	"credit": "Made with Blockbench",
	"textures": {
		"0": "ttp/qualityarmory/rgbsheet1",
		"1": "ttp/qualityarmory/glasspanetexture",
		"2": "ttp/qualityarmory/texturedmaterials1",
		"particle": "ttp/qualityarmory/rgbsheet1"
	},
	"elements": [
		{
			"name": "Cube",
			"from": [7.25, 3.75, 7],
			"to": [8.75, 4, 13],
			"faces": {
				"north": {"uv": [8, 8, 11, 10], "texture": "#2"},
				"east": {"uv": [8, 8, 11, 10], "texture": "#2"},
				"south": {"uv": [8, 8, 11, 10], "texture": "#2"},
				"west": {"uv": [8, 8, 11, 10], "texture": "#2"},
				"up": {"uv": [8, 8, 11, 10], "texture": "#2"},
				"down": {"uv": [8, 8, 11, 10], "texture": "#2"}
			}
		},
		{
			"name": "Cube",
			"from": [7, 2, 7],
			"to": [9, 3.75, 13],
			"faces": {
				"north": {"uv": [8, 8, 11, 10], "texture": "#2"},
				"east": {"uv": [8, 8, 11, 10], "texture": "#2"},
				"south": {"uv": [8, 8, 11, 10], "texture": "#2"},
				"west": {"uv": [8, 8, 11, 10], "texture": "#2"},
				"up": {"uv": [8, 8, 11, 10], "texture": "#2"},
				"down": {"uv": [8, 8, 11, 10], "texture": "#2"}
			}
		},
		{
			"name": "ReloadBit",
			"from": [9, 3, 9],
			"to": [9.1, 3.5, 12],
			"faces": {
				"north": {"uv": [8, 15, 9, 16], "texture": "#0"},
				"east": {"uv": [8, 15, 9, 16], "texture": "#0"},
				"south": {"uv": [8, 15, 9, 16], "texture": "#0"},
				"west": {"uv": [8, 15, 9, 16], "texture": "#0"},
				"up": {"uv": [8, 15, 9, 16], "texture": "#0"},
				"down": {"uv": [8, 15, 9, 16], "texture": "#0"}
			}
		},
		{
			"name": "nob",
			"from": [9, 3, 11],
			"to": [9.5, 3.5, 11.5],
			"faces": {
				"north": {"uv": [8, 15, 9, 16], "texture": "#0"},
				"east": {"uv": [8, 15, 9, 16], "texture": "#0"},
				"south": {"uv": [8, 15, 9, 16], "texture": "#0"},
				"west": {"uv": [8, 15, 9, 16], "texture": "#0"},
				"up": {"uv": [8, 15, 9, 16], "texture": "#0"},
				"down": {"uv": [8, 15, 9, 16], "texture": "#0"}
			}
		},
		{
			"name": "leffsidereload",
			"from": [6.65, 3, 9],
			"to": [7, 4, 12],
			"faces": {
				"north": {"uv": [8, 8, 11, 10], "texture": "#2"},
				"east": {"uv": [8, 8, 11, 10], "texture": "#2"},
				"south": {"uv": [8, 8, 11, 10], "texture": "#2"},
				"west": {"uv": [8, 8, 11, 10], "texture": "#2"},
				"up": {"uv": [8, 8, 11, 10], "texture": "#2"},
				"down": {"uv": [8, 8, 11, 10], "texture": "#2"}
			}
		},
		{
			"name": "glass",
			"from": [7.05, 5, 7.15],
			"to": [9.05, 6, 7.2],
			"faces": {
				"north": {"uv": [1, 1, 11, 6], "texture": "#1"},
				"east": {"uv": [1, 1, 11, 6], "texture": "#1"},
				"south": {"uv": [1, 1, 11, 6], "texture": "#1"},
				"west": {"uv": [1, 1, 11, 6], "texture": "#1"},
				"up": {"uv": [1, 1, 11, 6], "texture": "#1"},
				"down": {"uv": [1, 1, 11, 6], "texture": "#1"}
			}
		},
		{
			"name": "PartOfCross",
			"from": [7.95, 4.5, 8],
			"to": [8.05, 5.35, 8],
			"faces": {
				"north": {"uv": [12, 13, 13, 14.1], "texture": "#0"},
				"east": {"uv": [12, 13, 13, 14.1], "texture": "#0"},
				"south": {"uv": [12, 13, 13, 14.1], "texture": "#0"},
				"west": {"uv": [12, 13, 13, 14.1], "texture": "#0"},
				"up": {"uv": [12, 13, 13, 14.1], "texture": "#0"},
				"down": {"uv": [12, 13, 13, 14.1], "texture": "#0"}
			}
		},
		{
			"name": "PartOfCross",
			"from": [8.2, 5.5, 8],
			"to": [9, 5.6, 8],
			"faces": {
				"north": {"uv": [12, 13, 13, 14.1], "texture": "#0"},
				"east": {"uv": [12, 13, 13, 14.1], "texture": "#0"},
				"south": {"uv": [12, 13, 13, 14.1], "texture": "#0"},
				"west": {"uv": [12, 13, 13, 14.1], "texture": "#0"},
				"up": {"uv": [12, 13, 13, 14.1], "texture": "#0"},
				"down": {"uv": [12, 13, 13, 14.1], "texture": "#0"}
			}
		},
		{
			"name": "PartOfCross",
			"from": [7, 5.5, 8],
			"to": [7.8, 5.6, 8],
			"faces": {
				"north": {"uv": [12, 13, 13, 14.1], "texture": "#0"},
				"east": {"uv": [12, 13, 13, 14.1], "texture": "#0"},
				"south": {"uv": [12, 13, 13, 14.1], "texture": "#0"},
				"west": {"uv": [12, 13, 13, 14.1], "texture": "#0"},
				"up": {"uv": [12, 13, 13, 14.1], "texture": "#0"},
				"down": {"uv": [12, 13, 13, 14.1], "texture": "#0"}
			}
		},
		{
			"name": "glass",
			"from": [7.5, 4.5, 7.3],
			"to": [8.5, 6.5, 7.35],
			"faces": {
				"north": {"uv": [1, 1, 6, 11], "texture": "#1"},
				"east": {"uv": [1, 1, 6, 11], "texture": "#1"},
				"south": {"uv": [1, 1, 6, 11], "texture": "#1"},
				"west": {"uv": [1, 1, 6, 11], "texture": "#1"},
				"up": {"uv": [1, 1, 6, 11], "texture": "#1"},
				"down": {"uv": [1, 1, 6, 11], "texture": "#1"}
			}
		},
		{
			"name": "Cube",
			"from": [7.35, 1.45, 14.15],
			"to": [8.65, 1.75, 19.15],
			"rotation": {"angle": 22.5, "axis": "x", "origin": [8, 1.6, 16.525]},
			"faces": {
				"north": {"uv": [0, 9, 3, 11], "texture": "#2"},
				"east": {"uv": [0, 9, 3, 11], "texture": "#2"},
				"south": {"uv": [0, 9, 3, 11], "texture": "#2"},
				"west": {"uv": [0, 9, 3, 11], "texture": "#2"},
				"up": {"uv": [0, 9, 3, 11], "texture": "#2"},
				"down": {"uv": [0, 9, 3, 11], "texture": "#2"}
			}
		},
		{
			"name": "Cube",
			"from": [7.35, 1.45, 16.4],
			"to": [8.65, 3.75, 16.9],
			"faces": {
				"north": {"uv": [0, 9, 1.3, 11.3], "texture": "#2"},
				"east": {"uv": [0, 9, 0.5, 11.3], "texture": "#2"},
				"south": {"uv": [0, 9, 1.3, 11.3], "texture": "#2"},
				"west": {"uv": [0, 9, 0.5, 11.3], "texture": "#2"},
				"up": {"uv": [0, 9, 1.3, 9.5], "texture": "#2"},
				"down": {"uv": [0, 9, 1.3, 9.5], "texture": "#2"}
			}
		},
		{
			"name": "Cube",
			"from": [7.35, 0.45, 18.9],
			"to": [8.65, 3.75, 19.4],
			"faces": {
				"north": {"uv": [0, 9, 3, 11], "texture": "#2"},
				"east": {"uv": [0, 9, 3, 11], "texture": "#2"},
				"south": {"uv": [0, 9, 3, 11], "texture": "#2"},
				"west": {"uv": [0, 9, 3, 11], "texture": "#2"},
				"up": {"uv": [0, 9, 3, 11], "texture": "#2"},
				"down": {"uv": [0, 9, 3, 11], "texture": "#2"}
			}
		},
		{
			"name": "Cube",
			"from": [7.35, 3.45, 14.4],
			"to": [8.65, 3.75, 19.15],
			"faces": {
				"north": {"uv": [0, 9, 1.3, 9.3], "texture": "#2"},
				"east": {"uv": [0, 9, 4.75, 9.3], "texture": "#2"},
				"south": {"uv": [0, 9, 1.3, 9.3], "texture": "#2"},
				"west": {"uv": [0, 9, 4.75, 9.3], "texture": "#2"},
				"up": {"uv": [0, 9, 4.75, 10.3], "rotation": 90, "texture": "#2"},
				"down": {"uv": [0, 9, 1.3, 13.75], "texture": "#2"}
			}
		},
		{
			"name": "Cube",
			"from": [7.35, 2.45, 12.4],
			"to": [8.65, 3.75, 14.4],
			"faces": {
				"north": {"uv": [0, 9, 3, 11], "texture": "#2"},
				"east": {"uv": [0, 9, 3, 11], "texture": "#2"},
				"south": {"uv": [0, 9, 3, 11], "texture": "#2"},
				"west": {"uv": [0, 9, 3, 11], "texture": "#2"},
				"up": {"uv": [0, 9, 3, 11], "texture": "#2"},
				"down": {"uv": [0, 9, 3, 11], "texture": "#2"}
			}
		},
		{
			"name": "handle",
			"from": [7.35, -0.05, 12.65],
			"to": [8.65, 2.25, 12.9],
			"faces": {
				"north": {"uv": [0, 9, 3, 11], "texture": "#2"},
				"east": {"uv": [0, 9, 3, 11], "texture": "#2"},
				"south": {"uv": [0, 9, 3, 11], "texture": "#2"},
				"west": {"uv": [0, 9, 3, 11], "texture": "#2"},
				"up": {"uv": [0, 9, 3, 11], "texture": "#2"},
				"down": {"uv": [0, 9, 3, 11], "texture": "#2"}
			}
		},
		{
			"name": "handle",
			"from": [7.1, -0.55, 11.15],
			"to": [8.9, 2.25, 12.65],
			"faces": {
				"north": {"uv": [0, 9, 3, 11], "texture": "#2"},
				"east": {"uv": [0, 9, 3, 11], "texture": "#2"},
				"south": {"uv": [0, 9, 3, 11], "rotation": 90, "texture": "#2"},
				"west": {"uv": [0, 9, 1.5, 11.8], "rotation": 90, "texture": "#2"},
				"up": {"uv": [0, 9, 3, 11], "texture": "#2"},
				"down": {"uv": [0, 9, 3, 11], "texture": "#2"}
			}
		},
		{
			"name": "Scopeswitch",
			"from": [8.85, 6.25, 9],
			"to": [9.25, 6.75, 9.5],
			"rotation": {"angle": -45, "axis": "z", "origin": [7.75, 8.75, 8]},
			"faces": {
				"north": {"uv": [8, 8, 11, 10], "texture": "#2"},
				"east": {"uv": [8, 8, 11, 10], "texture": "#2"},
				"south": {"uv": [8, 8, 11, 10], "texture": "#2"},
				"west": {"uv": [8, 8, 11, 10], "texture": "#2"},
				"up": {"uv": [8, 8, 11, 10], "texture": "#2"},
				"down": {"uv": [8, 8, 11, 10], "texture": "#2"}
			}
		},
		{
			"name": "SightBottom",
			"from": [7.75, 4.5, 7],
			"to": [8.25, 4.6, 13],
			"rotation": {"angle": -22.5, "axis": "z", "origin": [8, 5.5, 8]},
			"faces": {
				"north": {"uv": [8, 8, 11, 10], "texture": "#2"},
				"east": {"uv": [8, 8, 11, 10], "texture": "#2"},
				"south": {"uv": [8, 8, 11, 10], "texture": "#2"},
				"west": {"uv": [8, 8, 11, 10], "texture": "#2"},
				"up": {"uv": [8, 8, 11, 10], "texture": "#2"},
				"down": {"uv": [8, 8, 11, 10], "texture": "#2"}
			}
		},
		{
			"name": "SightBottom",
			"from": [7, 5.25, 7],
			"to": [7.1, 5.75, 13],
			"rotation": {"angle": 45, "axis": "z", "origin": [8, 5.5, 8]},
			"faces": {
				"north": {"uv": [8, 8, 11, 10], "rotation": 90, "texture": "#2"},
				"east": {"uv": [8, 8, 11, 10], "rotation": 90, "texture": "#2"},
				"south": {"uv": [8, 8, 11, 10], "rotation": 90, "texture": "#2"},
				"west": {"uv": [8, 8, 11, 10], "rotation": 90, "texture": "#2"},
				"up": {"uv": [8, 8, 11, 10], "rotation": 90, "texture": "#2"},
				"down": {"uv": [8, 8, 11, 10], "rotation": 90, "texture": "#2"}
			}
		},
		{
			"name": "SightBottom",
			"from": [7, 5.25, 7],
			"to": [7.1, 5.75, 13],
			"rotation": {"angle": 22.5, "axis": "z", "origin": [8, 5.5, 8]},
			"faces": {
				"north": {"uv": [8, 8, 11, 10], "rotation": 90, "texture": "#2"},
				"east": {"uv": [8, 8, 11, 10], "rotation": 90, "texture": "#2"},
				"south": {"uv": [8, 8, 11, 10], "rotation": 90, "texture": "#2"},
				"west": {"uv": [8, 8, 11, 10], "rotation": 90, "texture": "#2"},
				"up": {"uv": [8, 8, 11, 10], "rotation": 90, "texture": "#2"},
				"down": {"uv": [8, 8, 11, 10], "rotation": 90, "texture": "#2"}
			}
		},
		{
			"name": "SightBottom",
			"from": [7, 5.25, 7],
			"to": [7.1, 5.75, 13],
			"faces": {
				"north": {"uv": [8, 8, 11, 10], "rotation": 90, "texture": "#2"},
				"east": {"uv": [8, 8, 11, 10], "rotation": 90, "texture": "#2"},
				"south": {"uv": [8, 8, 11, 10], "rotation": 90, "texture": "#2"},
				"west": {"uv": [8, 8, 11, 10], "rotation": 90, "texture": "#2"},
				"up": {"uv": [8, 8, 11, 10], "rotation": 90, "texture": "#2"},
				"down": {"uv": [8, 8, 11, 10], "rotation": 90, "texture": "#2"}
			}
		},
		{
			"name": "SightBottom",
			"from": [7, 5.25, 7],
			"to": [7.1, 5.75, 13],
			"rotation": {"angle": -22.5, "axis": "z", "origin": [8, 5.5, 8]},
			"faces": {
				"north": {"uv": [8, 8, 11, 10], "rotation": 90, "texture": "#2"},
				"east": {"uv": [8, 8, 11, 10], "rotation": 90, "texture": "#2"},
				"south": {"uv": [8, 8, 11, 10], "rotation": 90, "texture": "#2"},
				"west": {"uv": [8, 8, 11, 10], "rotation": 90, "texture": "#2"},
				"up": {"uv": [8, 8, 11, 10], "rotation": 90, "texture": "#2"},
				"down": {"uv": [8, 8, 11, 10], "rotation": 90, "texture": "#2"}
			}
		},
		{
			"name": "SightBottom",
			"from": [7.75, 6.4, 7],
			"to": [8.25, 6.5, 13],
			"rotation": {"angle": 45, "axis": "z", "origin": [8, 5.5, 8]},
			"faces": {
				"north": {"uv": [8, 8, 11, 10], "rotation": 180, "texture": "#2"},
				"east": {"uv": [8, 8, 11, 10], "rotation": 180, "texture": "#2"},
				"south": {"uv": [8, 8, 11, 10], "rotation": 180, "texture": "#2"},
				"west": {"uv": [8, 8, 11, 10], "rotation": 180, "texture": "#2"},
				"up": {"uv": [8, 8, 11, 10], "rotation": 180, "texture": "#2"},
				"down": {"uv": [8, 8, 11, 10], "rotation": 180, "texture": "#2"}
			}
		},
		{
			"name": "SightBottom",
			"from": [7.75, 6.4, 7],
			"to": [8.25, 6.5, 13],
			"rotation": {"angle": 22.5, "axis": "z", "origin": [8, 5.5, 8]},
			"faces": {
				"north": {"uv": [8, 8, 11, 10], "rotation": 180, "texture": "#2"},
				"east": {"uv": [8, 8, 11, 10], "rotation": 180, "texture": "#2"},
				"south": {"uv": [8, 8, 11, 10], "rotation": 180, "texture": "#2"},
				"west": {"uv": [8, 8, 11, 10], "rotation": 180, "texture": "#2"},
				"up": {"uv": [8, 8, 11, 10], "rotation": 180, "texture": "#2"},
				"down": {"uv": [8, 8, 11, 10], "rotation": 180, "texture": "#2"}
			}
		},
		{
			"name": "SightBottom",
			"from": [7.75, 6.4, 7],
			"to": [8.25, 6.5, 13],
			"faces": {
				"north": {"uv": [8, 8, 11, 10], "rotation": 180, "texture": "#2"},
				"east": {"uv": [8, 8, 11, 10], "rotation": 180, "texture": "#2"},
				"south": {"uv": [8, 8, 11, 10], "rotation": 180, "texture": "#2"},
				"west": {"uv": [8, 8, 11, 10], "rotation": 180, "texture": "#2"},
				"up": {"uv": [8, 8, 11, 10], "rotation": 180, "texture": "#2"},
				"down": {"uv": [8, 8, 11, 10], "rotation": 180, "texture": "#2"}
			}
		},
		{
			"name": "SightBottom",
			"from": [7.75, 6.4, 7],
			"to": [8.25, 6.5, 13],
			"rotation": {"angle": -22.5, "axis": "z", "origin": [8, 5.5, 8]},
			"faces": {
				"north": {"uv": [8, 8, 11, 10], "rotation": 180, "texture": "#2"},
				"east": {"uv": [8, 8, 11, 10], "rotation": 180, "texture": "#2"},
				"south": {"uv": [8, 8, 11, 10], "rotation": 180, "texture": "#2"},
				"west": {"uv": [8, 8, 11, 10], "rotation": 180, "texture": "#2"},
				"up": {"uv": [8, 8, 11, 10], "rotation": 180, "texture": "#2"},
				"down": {"uv": [8, 8, 11, 10], "rotation": 180, "texture": "#2"}
			}
		},
		{
			"name": "SightBottom",
			"from": [8.9, 5.25, 7],
			"to": [9, 5.75, 13],
			"rotation": {"angle": 45, "axis": "z", "origin": [8, 5.5, 8]},
			"faces": {
				"north": {"uv": [8, 8, 11, 10], "rotation": 270, "texture": "#2"},
				"east": {"uv": [8, 8, 11, 10], "rotation": 270, "texture": "#2"},
				"south": {"uv": [8, 8, 11, 10], "rotation": 270, "texture": "#2"},
				"west": {"uv": [8, 8, 11, 10], "rotation": 270, "texture": "#2"},
				"up": {"uv": [8, 8, 11, 10], "rotation": 270, "texture": "#2"},
				"down": {"uv": [8, 8, 11, 10], "rotation": 270, "texture": "#2"}
			}
		},
		{
			"name": "SightBottom",
			"from": [8.9, 5.25, 7],
			"to": [9, 5.75, 13],
			"rotation": {"angle": 22.5, "axis": "z", "origin": [8, 5.5, 8]},
			"faces": {
				"north": {"uv": [8, 8, 11, 10], "rotation": 270, "texture": "#2"},
				"east": {"uv": [8, 8, 11, 10], "rotation": 270, "texture": "#2"},
				"south": {"uv": [8, 8, 11, 10], "rotation": 270, "texture": "#2"},
				"west": {"uv": [8, 8, 11, 10], "rotation": 270, "texture": "#2"},
				"up": {"uv": [8, 8, 11, 10], "rotation": 270, "texture": "#2"},
				"down": {"uv": [8, 8, 11, 10], "rotation": 270, "texture": "#2"}
			}
		},
		{
			"name": "SightBottom",
			"from": [8.9, 5.25, 7],
			"to": [9, 5.75, 13],
			"faces": {
				"north": {"uv": [8, 8, 11, 10], "rotation": 270, "texture": "#2"},
				"east": {"uv": [8, 8, 11, 10], "rotation": 270, "texture": "#2"},
				"south": {"uv": [8, 8, 11, 10], "rotation": 270, "texture": "#2"},
				"west": {"uv": [8, 8, 11, 10], "rotation": 270, "texture": "#2"},
				"up": {"uv": [8, 8, 11, 10], "rotation": 270, "texture": "#2"},
				"down": {"uv": [8, 8, 11, 10], "rotation": 270, "texture": "#2"}
			}
		},
		{
			"name": "SightBottom",
			"from": [8.9, 5.25, 7],
			"to": [9, 5.75, 13],
			"rotation": {"angle": -22.5, "axis": "z", "origin": [8, 5.5, 8]},
			"faces": {
				"north": {"uv": [8, 8, 11, 10], "rotation": 270, "texture": "#2"},
				"east": {"uv": [8, 8, 11, 10], "rotation": 270, "texture": "#2"},
				"south": {"uv": [8, 8, 11, 10], "rotation": 270, "texture": "#2"},
				"west": {"uv": [8, 8, 11, 10], "rotation": 270, "texture": "#2"},
				"up": {"uv": [8, 8, 11, 10], "rotation": 270, "texture": "#2"},
				"down": {"uv": [8, 8, 11, 10], "rotation": 270, "texture": "#2"}
			}
		},
		{
			"name": "SightBottom",
			"from": [7.75, 4.5, 7],
			"to": [8.25, 4.6, 13],
			"rotation": {"angle": 45, "axis": "z", "origin": [8, 5.5, 8]},
			"faces": {
				"north": {"uv": [8, 8, 11, 10], "texture": "#2"},
				"east": {"uv": [8, 8, 11, 10], "texture": "#2"},
				"south": {"uv": [8, 8, 11, 10], "texture": "#2"},
				"west": {"uv": [8, 8, 11, 10], "texture": "#2"},
				"up": {"uv": [8, 8, 11, 10], "texture": "#2"},
				"down": {"uv": [8, 8, 11, 10], "texture": "#2"}
			}
		},
		{
			"name": "SightBottom",
			"from": [7.75, 4.5, 7],
			"to": [8.25, 4.6, 13],
			"rotation": {"angle": 22.5, "axis": "z", "origin": [8, 5.5, 8]},
			"faces": {
				"north": {"uv": [8, 8, 11, 10], "texture": "#2"},
				"east": {"uv": [8, 8, 11, 10], "texture": "#2"},
				"south": {"uv": [8, 8, 11, 10], "texture": "#2"},
				"west": {"uv": [8, 8, 11, 10], "texture": "#2"},
				"up": {"uv": [8, 8, 11, 10], "texture": "#2"},
				"down": {"uv": [8, 8, 11, 10], "texture": "#2"}
			}
		},
		{
			"name": "SightBottom",
			"from": [7.75, 4.5, 7],
			"to": [8.25, 4.6, 13],
			"faces": {
				"north": {"uv": [8, 8, 11, 10], "texture": "#2"},
				"east": {"uv": [8, 8, 11, 10], "texture": "#2"},
				"south": {"uv": [8, 8, 11, 10], "texture": "#2"},
				"west": {"uv": [8, 8, 11, 10], "texture": "#2"},
				"up": {"uv": [8, 8, 11, 10], "texture": "#2"},
				"down": {"uv": [8, 8, 11, 10], "texture": "#2"}
			}
		},
		{
			"name": "Stand 4",
			"from": [6.9, 4, 11.5],
			"to": [7, 5.5, 12],
			"faces": {
				"north": {"uv": [8, 8, 11, 10], "texture": "#2"},
				"east": {"uv": [8, 8, 11, 10], "texture": "#2"},
				"south": {"uv": [8, 8, 11, 10], "texture": "#2"},
				"west": {"uv": [8, 8, 11, 10], "texture": "#2"},
				"up": {"uv": [8, 8, 11, 10], "texture": "#2"},
				"down": {"uv": [8, 8, 11, 10], "texture": "#2"}
			}
		},
		{
			"name": "Stand 3",
			"from": [6.9, 4, 9],
			"to": [7, 5.5, 9.5],
			"faces": {
				"north": {"uv": [8, 8, 11, 10], "texture": "#2"},
				"east": {"uv": [8, 8, 11, 10], "texture": "#2"},
				"south": {"uv": [8, 8, 11, 10], "texture": "#2"},
				"west": {"uv": [8, 8, 11, 10], "texture": "#2"},
				"up": {"uv": [8, 8, 11, 10], "texture": "#2"},
				"down": {"uv": [8, 8, 11, 10], "texture": "#2"}
			}
		},
		{
			"name": "Stand 1",
			"from": [6.75, 4.5, 12],
			"to": [7.25, 5, 12.25],
			"faces": {
				"north": {"uv": [8, 8, 11, 10], "texture": "#2"},
				"east": {"uv": [8, 8, 11, 10], "texture": "#2"},
				"south": {"uv": [8, 8, 11, 10], "texture": "#2"},
				"west": {"uv": [8, 8, 11, 10], "texture": "#2"},
				"up": {"uv": [8, 8, 11, 10], "texture": "#2"},
				"down": {"uv": [8, 8, 11, 10], "texture": "#2"}
			}
		},
		{
			"name": "mag",
			"from": [7.35, -2.05, 7.4],
			"to": [8.65, 2.7, 9.9],
			"faces": {
				"north": {"uv": [2, 1, 3, 2], "texture": "#2"},
				"east": {"uv": [2, 1, 3, 2], "texture": "#2"},
				"south": {"uv": [2, 1, 3, 2], "texture": "#2"},
				"west": {"uv": [2, 1, 3, 2], "texture": "#2"},
				"up": {"uv": [2, 1, 3, 2], "texture": "#2"},
				"down": {"uv": [2, 1, 3, 2], "texture": "#2"}
			}
		},
		{
			"name": "MAG-GROVE-RIGHt-START",
			"from": [8.65, -2.05, 7.8],
			"to": [8.75, 2, 8],
			"faces": {
				"north": {"uv": [4, 1, 5, 2], "texture": "#0"},
				"east": {"uv": [4, 1, 5, 2], "texture": "#0"},
				"south": {"uv": [4, 1, 5, 2], "texture": "#0"},
				"west": {"uv": [4, 1, 5, 2], "texture": "#0"},
				"up": {"uv": [4, 1, 5, 2], "texture": "#0"},
				"down": {"uv": [4, 1, 5, 2], "texture": "#0"}
			}
		},
		{
			"name": "Cube",
			"from": [8.65, -2.05, 8.4],
			"to": [8.75, 2, 8.6],
			"faces": {
				"north": {"uv": [4, 1, 5, 2], "texture": "#0"},
				"east": {"uv": [4, 1, 5, 2], "texture": "#0"},
				"south": {"uv": [4, 1, 5, 2], "texture": "#0"},
				"west": {"uv": [4, 1, 5, 2], "texture": "#0"},
				"up": {"uv": [4, 1, 5, 2], "texture": "#0"},
				"down": {"uv": [4, 1, 5, 2], "texture": "#0"}
			}
		},
		{
			"name": "Cube",
			"from": [8.65, -2.05, 9],
			"to": [8.75, 2, 9.2],
			"faces": {
				"north": {"uv": [4, 1, 5, 2], "texture": "#0"},
				"east": {"uv": [4, 1, 5, 2], "texture": "#0"},
				"south": {"uv": [4, 1, 5, 2], "texture": "#0"},
				"west": {"uv": [4, 1, 5, 2], "texture": "#0"},
				"up": {"uv": [4, 1, 5, 2], "texture": "#0"},
				"down": {"uv": [4, 1, 5, 2], "texture": "#0"}
			}
		},
		{
			"name": "RIGHT_GROVE_END",
			"from": [8.65, -2.05, 9.5],
			"to": [8.75, 2, 9.7],
			"faces": {
				"north": {"uv": [4, 1, 5, 2], "texture": "#0"},
				"east": {"uv": [4, 1, 5, 2], "texture": "#0"},
				"south": {"uv": [4, 1, 5, 2], "texture": "#0"},
				"west": {"uv": [4, 1, 5, 2], "texture": "#0"},
				"up": {"uv": [4, 1, 5, 2], "texture": "#0"},
				"down": {"uv": [4, 1, 5, 2], "texture": "#0"}
			}
		},
		{
			"name": "GROVE-LEFT-END",
			"from": [7.25, -2.05, 7.8],
			"to": [7.35, 2, 8],
			"faces": {
				"north": {"uv": [4, 1, 5, 2], "texture": "#0"},
				"east": {"uv": [4, 1, 5, 2], "texture": "#0"},
				"south": {"uv": [4, 1, 5, 2], "texture": "#0"},
				"west": {"uv": [4, 1, 5, 2], "texture": "#0"},
				"up": {"uv": [4, 1, 5, 2], "texture": "#0"},
				"down": {"uv": [4, 1, 5, 2], "texture": "#0"}
			}
		},
		{
			"name": "Cube",
			"from": [7.25, -2.05, 8.4],
			"to": [7.35, 2, 8.6],
			"faces": {
				"north": {"uv": [4, 1, 5, 2], "texture": "#0"},
				"east": {"uv": [4, 1, 5, 2], "texture": "#0"},
				"south": {"uv": [4, 1, 5, 2], "texture": "#0"},
				"west": {"uv": [4, 1, 5, 2], "texture": "#0"},
				"up": {"uv": [4, 1, 5, 2], "texture": "#0"},
				"down": {"uv": [4, 1, 5, 2], "texture": "#0"}
			}
		},
		{
			"name": "Cube",
			"from": [7.25, -2.05, 9],
			"to": [7.35, 2, 9.2],
			"faces": {
				"north": {"uv": [4, 1, 5, 2], "texture": "#0"},
				"east": {"uv": [4, 1, 5, 2], "texture": "#0"},
				"south": {"uv": [4, 1, 5, 2], "texture": "#0"},
				"west": {"uv": [4, 1, 5, 2], "texture": "#0"},
				"up": {"uv": [4, 1, 5, 2], "texture": "#0"},
				"down": {"uv": [4, 1, 5, 2], "texture": "#0"}
			}
		},
		{
			"name": "MAG-GROVE-START",
			"from": [7.25, -2.05, 9.6],
			"to": [7.35, 2, 9.8],
			"faces": {
				"north": {"uv": [4, 1, 5, 2], "texture": "#0"},
				"east": {"uv": [4, 1, 5, 2], "texture": "#0"},
				"south": {"uv": [4, 1, 5, 2], "texture": "#0"},
				"west": {"uv": [4, 1, 5, 2], "texture": "#0"},
				"up": {"uv": [4, 1, 5, 2], "texture": "#0"},
				"down": {"uv": [4, 1, 5, 2], "texture": "#0"}
			}
		},
		{
			"name": "Cube",
			"from": [7.25, 3.75, 2.25],
			"to": [8.75, 4, 7],
			"faces": {
				"north": {"uv": [0, 9, 4.75, 10.5], "rotation": 180, "texture": "#2"},
				"east": {"uv": [0, 9, 4.75, 10.5], "rotation": 180, "texture": "#2"},
				"south": {"uv": [0, 9, 4.75, 10.5], "rotation": 180, "texture": "#2"},
				"west": {"uv": [0, 9, 4.75, 10.5], "rotation": 180, "texture": "#2"},
				"up": {"uv": [0, 9, 4.75, 10.5], "rotation": 180, "texture": "#2"},
				"down": {"uv": [0, 9, 4.75, 10.5], "rotation": 180, "texture": "#2"}
			}
		},
		{
			"name": "Cube",
			"from": [7, 2.25, 4.25],
			"to": [9, 2.5, 7],
			"faces": {
				"north": {"uv": [0, 9, 3, 11], "texture": "#2"},
				"east": {"uv": [0, 9, 3, 11], "texture": "#2"},
				"south": {"uv": [0, 9, 3, 11], "texture": "#2"},
				"west": {"uv": [0, 9, 3, 11], "texture": "#2"},
				"up": {"uv": [0, 9, 3, 11], "texture": "#2"},
				"down": {"uv": [0, 9, 3, 11], "texture": "#2"}
			}
		},
		{
			"name": "Cube",
			"from": [7, 2.5, 3],
			"to": [9, 2.75, 7],
			"faces": {
				"north": {"uv": [0, 9, 3, 11], "texture": "#2"},
				"east": {"uv": [0, 9, 3, 11], "texture": "#2"},
				"south": {"uv": [0, 9, 3, 11], "texture": "#2"},
				"west": {"uv": [0, 9, 3, 11], "texture": "#2"},
				"up": {"uv": [0, 9, 3, 11], "texture": "#2"},
				"down": {"uv": [0, 9, 3, 11], "texture": "#2"}
			}
		},
		{
			"name": "Cube",
			"from": [7, 2.75, 2.25],
			"to": [9, 3.75, 7],
			"faces": {
				"north": {"uv": [0, 9, 3, 11], "texture": "#2"},
				"east": {"uv": [0, 9, 3, 11], "texture": "#2"},
				"south": {"uv": [0, 9, 3, 11], "texture": "#2"},
				"west": {"uv": [0, 9, 4.75, 10], "rotation": 90, "texture": "#2"},
				"up": {"uv": [0, 9, 3, 11], "texture": "#2"},
				"down": {"uv": [0, 9, 3, 11], "texture": "#2"}
			}
		},
		{
			"name": "nuzzle",
			"from": [7.3, 3.05, -4.6],
			"to": [7.55, 3.55, 2.2],
			"rotation": {"angle": -45, "axis": "z", "origin": [8.05, 3.325, -1.2]},
			"faces": {
				"north": {"uv": [8, 8, 11, 10], "texture": "#2"},
				"east": {"uv": [8, 8, 11, 10], "texture": "#2"},
				"south": {"uv": [8, 8, 11, 10], "texture": "#2"},
				"west": {"uv": [8, 8, 11, 10], "texture": "#2"},
				"up": {"uv": [8, 8, 11, 10], "texture": "#2"},
				"down": {"uv": [8, 8, 11, 10], "texture": "#2"}
			}
		},
		{
			"name": "nuzzle",
			"from": [8.55, 3.05, -4.6],
			"to": [8.8, 3.55, 2.2],
			"rotation": {"angle": -45, "axis": "z", "origin": [8.05, 3.325, -1.2]},
			"faces": {
				"north": {"uv": [8, 8, 11, 10], "texture": "#2"},
				"east": {"uv": [8, 8, 11, 10], "texture": "#2"},
				"south": {"uv": [8, 8, 11, 10], "texture": "#2"},
				"west": {"uv": [8, 8, 11, 10], "texture": "#2"},
				"up": {"uv": [8, 8, 11, 10], "texture": "#2"},
				"down": {"uv": [8, 8, 11, 10], "texture": "#2"}
			}
		},
		{
			"name": "nuzzle",
			"from": [7.775, 2.575, -4.6],
			"to": [8.275, 2.825, 2.2],
			"faces": {
				"north": {"uv": [8, 8, 11, 10], "rotation": 90, "texture": "#2"},
				"east": {"uv": [8, 8, 11, 10], "rotation": 90, "texture": "#2"},
				"south": {"uv": [8, 8, 11, 10], "rotation": 90, "texture": "#2"},
				"west": {"uv": [8, 8, 11, 10], "rotation": 90, "texture": "#2"},
				"up": {"uv": [8, 8, 11, 10], "rotation": 90, "texture": "#2"},
				"down": {"uv": [8, 8, 11, 10], "rotation": 90, "texture": "#2"}
			}
		},
		{
			"name": "black",
			"from": [7.525, 2.825, -3.6],
			"to": [8.525, 3.825, -2.8],
			"rotation": {"angle": 0, "axis": "y", "origin": [8, 8.25, 8]},
			"faces": {
				"north": {"uv": [9, 5, 12, 7], "rotation": 90, "texture": "#2"},
				"east": {"uv": [9, 5, 12, 7], "rotation": 90, "texture": "#2"},
				"south": {"uv": [9, 5, 12, 7], "rotation": 90, "texture": "#2"},
				"west": {"uv": [9, 5, 12, 7], "rotation": 90, "texture": "#2"},
				"up": {"uv": [9, 5, 12, 7], "rotation": 90, "texture": "#2"},
				"down": {"uv": [9, 5, 12, 7], "rotation": 90, "texture": "#2"}
			}
		},
		{
			"name": "nuzzle",
			"from": [7.775, 3.825, -4.6],
			"to": [8.275, 4.075, 2.2],
			"faces": {
				"north": {"uv": [8, 8, 11, 10], "rotation": 90, "texture": "#2"},
				"east": {"uv": [8, 8, 11, 10], "rotation": 90, "texture": "#2"},
				"south": {"uv": [8, 8, 11, 10], "rotation": 90, "texture": "#2"},
				"west": {"uv": [8, 8, 11, 10], "rotation": 90, "texture": "#2"},
				"up": {"uv": [8, 8, 11, 10], "rotation": 90, "texture": "#2"},
				"down": {"uv": [8, 8, 11, 10], "rotation": 90, "texture": "#2"}
			}
		},
		{
			"name": "nuzzle",
			"from": [8.55, 3.05, -4.6],
			"to": [8.8, 3.55, 2.2],
			"rotation": {"angle": 45, "axis": "z", "origin": [8.05, 3.325, -1.2]},
			"faces": {
				"north": {"uv": [8, 8, 11, 10], "texture": "#2"},
				"east": {"uv": [8, 8, 11, 10], "texture": "#2"},
				"south": {"uv": [8, 8, 11, 10], "texture": "#2"},
				"west": {"uv": [8, 8, 11, 10], "texture": "#2"},
				"up": {"uv": [8, 8, 11, 10], "texture": "#2"},
				"down": {"uv": [8, 8, 11, 10], "texture": "#2"}
			}
		},
		{
			"name": "nuzzle",
			"from": [7.3, 3.05, -4.6],
			"to": [7.55, 3.55, 2.2],
			"rotation": {"angle": 45, "axis": "z", "origin": [8.05, 3.325, -1.2]},
			"faces": {
				"north": {"uv": [8, 8, 11, 10], "texture": "#2"},
				"east": {"uv": [8, 8, 11, 10], "texture": "#2"},
				"south": {"uv": [8, 8, 11, 10], "texture": "#2"},
				"west": {"uv": [8, 8, 11, 10], "texture": "#2"},
				"up": {"uv": [8, 8, 11, 10], "texture": "#2"},
				"down": {"uv": [8, 8, 11, 10], "texture": "#2"}
			}
		},
		{
			"name": "nuzzle",
			"from": [7.3, 3.05, -4.6],
			"to": [7.55, 3.55, 2.2],
			"faces": {
				"north": {"uv": [8, 8, 11, 10], "texture": "#2"},
				"east": {"uv": [8, 8, 11, 10], "texture": "#2"},
				"south": {"uv": [8, 8, 11, 10], "texture": "#2"},
				"west": {"uv": [8, 8, 11, 10], "texture": "#2"},
				"up": {"uv": [8, 8, 11, 10], "texture": "#2"},
				"down": {"uv": [8, 8, 11, 10], "texture": "#2"}
			}
		},
		{
			"name": "nuzzle",
			"from": [8.55, 3.05, -4.6],
			"to": [8.8, 3.55, 2.2],
			"faces": {
				"north": {"uv": [8, 8, 11, 10], "texture": "#2"},
				"east": {"uv": [8, 8, 11, 10], "texture": "#2"},
				"south": {"uv": [8, 8, 11, 10], "texture": "#2"},
				"west": {"uv": [8, 8, 11, 10], "texture": "#2"},
				"up": {"uv": [8, 8, 11, 10], "texture": "#2"},
				"down": {"uv": [8, 8, 11, 10], "texture": "#2"}
			}
		}
	],
	"display": {
		"thirdperson_righthand": {
			"rotation": [-7, -2, -10],
			"translation": [0, 4, -2]
		},
		"thirdperson_lefthand": {
			"rotation": [-7, 1, 11],
			"translation": [-13, 4, -1.5]
		},
		"firstperson_righthand": {
			"rotation": [0, -2, 0],
			"translation": [0, 12, 0],
			"scale": [2, 2, 2]
		},
		"firstperson_lefthand": {
			"translation": [-8.9, 13.25, 5],
			"scale": [2, 2, 0.7]
		},
		"ground": {
			"rotation": [0, 0, -23],
			"translation": [0, 4.5, 0]
		},
		"gui": {
			"rotation": [59, -41, 48],
			"translation": [-2.5, 2.8, 3],
			"scale": [0.8, 0.8, 0.8]
		},
		"fixed": {
			"rotation": [-90, 132, 89],
			"translation": [3.75, 4.25, -1.25]
		}
	},
	"groups": [0, 1, 2, 3, 4,
		{
			"name": "group",
			"origin": [8, 8, 8],
			"children": [5, 6, 7, 8, 9]
		},
		{
			"name": "group",
			"origin": [8, 8, 8],
			"children": [10, 11, 12, 13, 14, 15, 16]
		},
		{
			"name": "group",
			"origin": [8, 8, 8],
			"children": [17, 18, 19, 20, 21, 22, 23, 24, 25, 26, 27, 28, 29, 30, 31, 32, 33, 34, 35, 36]
		},
		{
			"name": "group",
			"origin": [8, 8, 8],
			"children": [37, 38, 39, 40, 41, 42, 43, 44, 45]
		},
		{
			"name": "group",
			"origin": [8, 8, 8],
			"children": [46, 47, 48, 49]
		},
		{
			"name": "group",
			"origin": [8, 8, 8],
			"children": [50, 51, 52, 53, 54, 55, 56, 57, 58]
		}
	]
}