{"credit":"Made with Blockbench, a free, modern block model editor by JannisX11","textures":{"0":"ttp/qualityarmory/rgbsheet1","particle":"ttp/qualityarmory/rgbsheet1"},"elements":[{"from":[3,5.5,4.12],"to":[5.375,5.55,4.88],"faces":{"north":{"uv":[12,14,13,15],"texture":"#0"},"east":{"uv":[12,14,13,15],"texture":"#0"},"south":{"uv":[12,14,13,15],"texture":"#0"},"west":{"uv":[12,14,13,15],"texture":"#0"},"up":{"uv":[12,14,13,15],"texture":"#0"},"down":{"uv":[12,14,13,15],"texture":"#0"}}},{"from":[3,5.25,4.12],"to":[5.375,5.3,4.88],"faces":{"north":{"uv":[12,14,13,15],"texture":"#0"},"east":{"uv":[12,14,13,15],"texture":"#0"},"south":{"uv":[12,14,13,15],"texture":"#0"},"west":{"uv":[12,14,13,15],"texture":"#0"},"up":{"uv":[12,14,13,15],"texture":"#0"},"down":{"uv":[12,14,13,15],"texture":"#0"}}},{"from":[3,5.375,4.12],"to":[5.375,5.425,4.88],"faces":{"north":{"uv":[12,14,13,15],"texture":"#0"},"east":{"uv":[12,14,13,15],"texture":"#0"},"south":{"uv":[12,14,13,15],"texture":"#0"},"west":{"uv":[12,14,13,15],"texture":"#0"},"up":{"uv":[12,14,13,15],"texture":"#0"},"down":{"uv":[12,14,13,15],"texture":"#0"}}},{"from":[3,5.125,4.175],"to":[5.625,5.645,4.845],"faces":{"north":{"uv":[12,14,13,15],"texture":"#0"},"east":{"uv":[12,14,13,15],"texture":"#0"},"south":{"uv":[12,14,13,15],"texture":"#0"},"west":{"uv":[12,14,13,15],"texture":"#0"},"up":{"uv":[12,14,13,15],"texture":"#0"},"down":{"uv":[12,14,13,15],"texture":"#0"}}},{"from":[3,5.375,4.155],"to":[4.975,5.685,4.851],"faces":{"north":{"uv":[12,14,13,15],"texture":"#0"},"east":{"uv":[12,14,13,15],"texture":"#0"},"south":{"uv":[12,14,13,15],"texture":"#0"},"west":{"uv":[12,14,13,15],"texture":"#0"},"up":{"uv":[12,14,13,15],"texture":"#0"},"down":{"uv":[12,14,13,15],"texture":"#0"}}},{"from":[5.5,5.125,4.0625],"to":[7.625,5.625,4.9375],"faces":{"north":{"uv":[12,14,13,15],"texture":"#0"},"east":{"uv":[12,14,13,15],"texture":"#0"},"south":{"uv":[12,14,13,15],"texture":"#0"},"west":{"uv":[12,14,13,15],"texture":"#0"},"up":{"uv":[12,14,13,15],"texture":"#0"},"down":{"uv":[12,14,13,15],"texture":"#0"}}},{"from":[3,5.68,4.1875],"to":[4.9,5.93,4.8125],"faces":{"north":{"uv":[12,14,13,15],"texture":"#0"},"east":{"uv":[12,14,13,15],"texture":"#0"},"south":{"uv":[12,14,13,15],"texture":"#0"},"west":{"uv":[12,14,13,15],"texture":"#0"},"up":{"uv":[12,14,13,15],"texture":"#0"},"down":{"uv":[12,14,13,15],"texture":"#0"}}},{"from":[3,5.93,4.2875],"to":[4.75,6.03,4.6925],"faces":{"north":{"uv":[12,14,13,15],"texture":"#0"},"east":{"uv":[12,14,13,15],"texture":"#0"},"south":{"uv":[12,14,13,15],"texture":"#0"},"west":{"uv":[12,14,13,15],"texture":"#0"},"up":{"uv":[12,14,13,15],"texture":"#0"},"down":{"uv":[12,14,13,15],"texture":"#0"}}},{"from":[4.75,5.94,4.2875],"to":[4.9,5.99,4.7125],"faces":{"north":{"uv":[12,14,13,15],"texture":"#0"},"east":{"uv":[12,14,13,15],"texture":"#0"},"south":{"uv":[12,14,13,15],"texture":"#0"},"west":{"uv":[12,14,13,15],"texture":"#0"},"up":{"uv":[12,14,13,15],"texture":"#0"},"down":{"uv":[12,14,13,15],"texture":"#0"}}},{"from":[6.625,4.9375,4.125],"to":[7.375,5.1875,4.875],"faces":{"north":{"uv":[12,14,13,15],"texture":"#0"},"east":{"uv":[12,14,13,15],"texture":"#0"},"south":{"uv":[12,14,13,15],"texture":"#0"},"west":{"uv":[12,14,13,15],"texture":"#0"},"up":{"uv":[12,14,13,15],"texture":"#0"},"down":{"uv":[12,14,13,15],"texture":"#0"}}},{"from":[6.5622,2.9375,4.24],"to":[7.2499,5,4.8225],"rotation":{"angle":22.5,"axis":"z","origin":[6.5622,5,4.24]},"faces":{"north":{"uv":[11,14,12,15],"texture":"#0"},"east":{"uv":[11,14,12,15],"texture":"#0"},"south":{"uv":[11,14,12,15],"texture":"#0"},"west":{"uv":[11,14,12,15],"texture":"#0"},"up":{"uv":[11,14,12,15],"texture":"#0"},"down":{"uv":[11,14,12,15],"texture":"#0"}}},{"from":[7.3125,4.9375,4.1875],"to":[8,5.4375,4.8125],"rotation":{"angle":-45,"axis":"z","origin":[7.3125,5.4375,4.1875]},"faces":{"north":{"uv":[12,14,13,15],"texture":"#0"},"east":{"uv":[12,14,13,15],"texture":"#0"},"south":{"uv":[12,14,13,15],"texture":"#0"},"west":{"uv":[12,14,13,15],"texture":"#0"},"up":{"uv":[12,14,13,15],"texture":"#0"},"down":{"uv":[12,14,13,15],"texture":"#0"}}},{"from":[6.125,4.375,4.375],"to":[6.875,4.5,4.625],"faces":{"north":{"uv":[12,14,13,15],"texture":"#0"},"east":{"uv":[12,14,13,15],"texture":"#0"},"south":{"uv":[12,14,13,15],"texture":"#0"},"west":{"uv":[12,14,13,15],"texture":"#0"},"up":{"uv":[12,14,13,15],"texture":"#0"},"down":{"uv":[12,14,13,15],"texture":"#0"}}},{"from":[6.0625,4.4375,4.375],"to":[6.1875,4.9375,4.625],"faces":{"north":{"uv":[12,14,13,15],"texture":"#0"},"east":{"uv":[12,14,13,15],"texture":"#0"},"south":{"uv":[12,14,13,15],"texture":"#0"},"west":{"uv":[12,14,13,15],"texture":"#0"},"up":{"uv":[12,14,13,15],"texture":"#0"},"down":{"uv":[12,14,13,15],"texture":"#0"}}},{"from":[7.375,4.875,4.3125],"to":[8.0625,4.9375,4.625],"faces":{"north":{"uv":[11,14,12,15],"texture":"#0"},"east":{"uv":[11,14,12,15],"texture":"#0"},"south":{"uv":[11,14,12,15],"texture":"#0"},"west":{"uv":[11,14,12,15],"texture":"#0"},"up":{"uv":[11,14,12,15],"texture":"#0"},"down":{"uv":[11,14,12,15],"texture":"#0"}}},{"from":[5.5,5.5,4.1875],"to":[7.5,5.75,4.8125],"faces":{"north":{"uv":[12,14,13,15],"texture":"#0"},"east":{"uv":[12,14,13,15],"texture":"#0"},"south":{"uv":[12,14,13,15],"texture":"#0"},"west":{"uv":[12,14,13,15],"texture":"#0"},"up":{"uv":[12,14,13,15],"texture":"#0"},"down":{"uv":[12,14,13,15],"texture":"#0"}}},{"from":[4,4.875,4.1875],"to":[6.8125,5.125,4.8125],"faces":{"north":{"uv":[12,14,13,15],"texture":"#0"},"east":{"uv":[12,14,13,15],"texture":"#0"},"south":{"uv":[12,14,13,15],"texture":"#0"},"west":{"uv":[12,14,13,15],"texture":"#0"},"up":{"uv":[12,14,13,15],"texture":"#0"},"down":{"uv":[12,14,13,15],"texture":"#0"}}},{"from":[7.25,4.5625,4.25],"to":[7.5625,5.125,4.8125],"faces":{"north":{"uv":[12,14,13,15],"texture":"#0"},"east":{"uv":[12,14,13,15],"texture":"#0"},"south":{"uv":[12,14,13,15],"texture":"#0"},"west":{"uv":[12,14,13,15],"texture":"#0"},"up":{"uv":[12,14,13,15],"texture":"#0"},"down":{"uv":[12,14,13,15],"texture":"#0"}}},{"from":[7.5,4.5625,4.3125],"to":[8,4.625,4.625],"rotation":{"angle":45,"axis":"z","origin":[7.5,4.625,4.3125]},"faces":{"north":{"uv":[12,14,13,15],"texture":"#0"},"east":{"uv":[12,14,13,15],"texture":"#0"},"south":{"uv":[12,14,13,15],"texture":"#0"},"west":{"uv":[12,14,13,15],"texture":"#0"},"up":{"uv":[12,14,13,15],"texture":"#0"},"down":{"uv":[12,14,13,15],"texture":"#0"}}},{"from":[2.8125,5.3775,4.3125],"to":[3.0625,5.665,4.65],"faces":{"north":{"uv":[11,14,12,15],"texture":"#0"},"east":{"uv":[11,14,12,15],"texture":"#0"},"south":{"uv":[11,14,12,15],"texture":"#0"},"west":{"uv":[11,14,12,15],"texture":"#0"},"up":{"uv":[11,14,12,15],"texture":"#0"},"down":{"uv":[11,14,12,15],"texture":"#0"}}},{"from":[7.3125,4.9375,4.1875],"to":[7.75,5.3125,4.8125],"faces":{"north":{"uv":[12,14,13,15],"texture":"#0"},"east":{"uv":[12,14,13,15],"texture":"#0"},"south":{"uv":[12,14,13,15],"texture":"#0"},"west":{"uv":[12,14,13,15],"texture":"#0"},"up":{"uv":[12,14,13,15],"texture":"#0"},"down":{"uv":[12,14,13,15],"texture":"#0"}}}],"display":{"thirdperson_righthand":{"rotation":[-7,-88,-10],"translation":[-7.244,7.4956,3.97],"scale":[2.2,2.24,1.89]},"thirdperson_lefthand":{"rotation":[-7,89,11],"translation":[-5.48,7.37,4.35],"scale":[2.2,2.24,1.89]},"firstperson_righthand":{"rotation":[0,-92,0],"translation":[-8.129,9.2669,7.4956],"scale":[1,1.1043,0.9304]},"firstperson_lefthand":{"rotation":[0,90,0],"translation":[-5.491,9.2669,7.4956],"scale":[1.1391,1.1739,1.0695]},"gui":{"rotation":[0,140,0],"translation":[2.27,9.07,0],"scale":[3,3,3]},"ground":{"rotation":[0,0,-23],"translation":[3.59,-0.94,6.05],"scale":[2,2,2]},"fixed":{"rotation":[-1,3,-41],"translation":[12.28,3.4,10.39],"scale":[3.37,3.37,3.4]}}}