{"credit":"Made with Blockbench","textures":{"0":"ttp/qualityarmory/rgbsheet1","1":"ttp/qualityarmory/texturedmaterials1","particle":"ttp/qualityarmory/rgbsheet1"},"elements":[{"from":[5,11.25,9],"to":[5.25,11.5,10],"faces":{"north":{"uv":[0,8,7,12],"texture":"#1"},"east":{"uv":[0,8,7,12],"texture":"#1"},"south":{"uv":[0,8,7,12],"texture":"#1"},"west":{"uv":[0,8,7,12],"texture":"#1"},"up":{"uv":[0,8,7,12],"texture":"#1"},"down":{"uv":[0,8,7,12],"texture":"#1"}}},{"from":[4.25,10.5,9],"to":[4.5,11.5,10],"faces":{"north":{"uv":[0,8,7,12],"texture":"#1"},"east":{"uv":[0,8,7,12],"texture":"#1"},"south":{"uv":[0,8,7,12],"texture":"#1"},"west":{"uv":[0,8,7,12],"texture":"#1"},"up":{"uv":[0,8,7,12],"texture":"#1"},"down":{"uv":[0,8,7,12],"texture":"#1"}}},{"from":[4.5,10.5,9],"to":[6.25,11.25,10],"faces":{"north":{"uv":[0,8,7,12],"texture":"#1"},"east":{"uv":[0,8,7,12],"texture":"#1"},"south":{"uv":[0,8,7,12],"texture":"#1"},"west":{"uv":[0,8,7,12],"texture":"#1"},"up":{"uv":[0,8,7,12],"texture":"#1"},"down":{"uv":[0,8,7,12],"texture":"#1"}}},{"from":[9.25,9.75,15],"to":[11.25,11.25,16],"faces":{"north":{"uv":[0,8,7,12],"texture":"#1"},"east":{"uv":[0,8,7,12],"texture":"#1"},"south":{"uv":[0,8,7,12],"texture":"#1"},"west":{"uv":[0,8,7,12],"texture":"#1"},"up":{"uv":[0,8,7,12],"texture":"#1"},"down":{"uv":[0,8,7,12],"texture":"#1"}}},{"from":[9.75,9.75,5],"to":[11.25,11.25,6],"faces":{"north":{"uv":[0,8,7,12],"texture":"#1"},"east":{"uv":[0,8,7,12],"texture":"#1"},"south":{"uv":[0,8,7,12],"texture":"#1"},"west":{"uv":[0,8,7,12],"texture":"#1"},"up":{"uv":[0,8,7,12],"texture":"#1"},"down":{"uv":[0,8,7,12],"texture":"#1"}}},{"from":[9.75,9.75,12],"to":[11.25,11.25,13],"faces":{"north":{"uv":[0,8,7,12],"texture":"#1"},"east":{"uv":[0,8,7,12],"texture":"#1"},"south":{"uv":[0,8,7,12],"texture":"#1"},"west":{"uv":[0,8,7,12],"texture":"#1"},"up":{"uv":[0,8,7,12],"texture":"#1"},"down":{"uv":[0,8,7,12],"texture":"#1"}}},{"from":[5.75,11.25,23],"to":[10.25,12,23.75],"faces":{"north":{"uv":[0,8,7,12],"texture":"#1"},"east":{"uv":[0,8,7,12],"texture":"#1"},"south":{"uv":[0,8,7,12],"texture":"#1"},"west":{"uv":[0,8,7,12],"texture":"#1"},"up":{"uv":[0,8,7,12],"texture":"#1"},"down":{"uv":[0,8,7,12],"texture":"#1"}}},{"from":[5.25,12.5,23],"to":[10.75,13.25,23.75],"faces":{"north":{"uv":[0,8,7,12],"texture":"#1"},"east":{"uv":[0,8,7,12],"texture":"#1"},"south":{"uv":[0,8,7,12],"texture":"#1"},"west":{"uv":[0,8,7,12],"texture":"#1"},"up":{"uv":[0,8,7,12],"texture":"#1"},"down":{"uv":[0,8,7,12],"texture":"#1"}}},{"from":[7,11,22],"to":[9,12.5,23.75],"faces":{"north":{"uv":[11,15,12,16],"texture":"#0"},"east":{"uv":[11,15,12,16],"texture":"#0"},"south":{"uv":[11,15,12,16],"texture":"#0"},"west":{"uv":[11,15,12,16],"texture":"#0"},"up":{"uv":[11,15,12,16],"texture":"#0"},"down":{"uv":[11,15,12,16],"texture":"#0"}}},{"from":[6,10.25,23],"to":[10,13,24],"faces":{"north":{"uv":[0,8,7,12],"texture":"#1"},"east":{"uv":[0,8,7,12],"texture":"#1"},"south":{"uv":[0,8,7,12],"texture":"#1"},"west":{"uv":[0,8,7,12],"texture":"#1"},"up":{"uv":[0,8,7,12],"texture":"#1"},"down":{"uv":[0,8,7,12],"texture":"#1"}}},{"from":[7,9,-1],"to":[9,10,9],"faces":{"north":{"uv":[0,8,7,12],"texture":"#1"},"east":{"uv":[0,8,7,12],"texture":"#1"},"south":{"uv":[0,8,7,12],"texture":"#1"},"west":{"uv":[0,8,7,12],"texture":"#1"},"up":{"uv":[0,8,7,12],"texture":"#1"},"down":{"uv":[0,8,7,12],"texture":"#1"}}},{"from":[7,6,9],"to":[9,10,10],"faces":{"north":{"uv":[0,8,7,12],"texture":"#1"},"east":{"uv":[0,8,7,12],"texture":"#1"},"south":{"uv":[0,8,7,12],"texture":"#1"},"west":{"uv":[0,8,7,12],"texture":"#1"},"up":{"uv":[0,8,7,12],"texture":"#1"},"down":{"uv":[0,8,7,12],"texture":"#1"}}},{"from":[7,10,-3],"to":[9,10.25,10],"rotation":{"angle":-45,"axis":"z","origin":[8,12.5,-7.5]},"faces":{"north":{"uv":[0,8,7,12],"texture":"#1"},"east":{"uv":[0,8,7,12],"texture":"#1"},"south":{"uv":[0,8,7,12],"texture":"#1"},"west":{"uv":[0,8,7,12],"texture":"#1"},"up":{"uv":[0,8,7,12],"texture":"#1"},"down":{"uv":[0,8,7,12],"texture":"#1"}}},{"from":[7,10,10],"to":[9,10.25,24],"rotation":{"angle":-45,"axis":"z","origin":[8,12.5,6.5]},"faces":{"north":{"uv":[0,8,8,10],"rotation":90,"texture":"#1"},"east":{"uv":[0,8,8,10],"rotation":90,"texture":"#1"},"south":{"uv":[0,8,8,10],"rotation":90,"texture":"#1"},"west":{"uv":[0,8,8,10],"rotation":90,"texture":"#1"},"up":{"uv":[0,8,8,10],"rotation":90,"texture":"#1"},"down":{"uv":[0,8,8,10],"rotation":90,"texture":"#1"}}},{"from":[7,10,-3],"to":[9,10.25,24],"rotation":{"angle":45,"axis":"z","origin":[8,12.5,6.5]},"faces":{"north":{"uv":[0,8,7,12],"texture":"#1"},"east":{"uv":[0,8,7,12],"texture":"#1"},"south":{"uv":[0,8,7,12],"texture":"#1"},"west":{"uv":[0,8,7,12],"texture":"#1"},"up":{"uv":[0,8,7,12],"texture":"#1"},"down":{"uv":[0,8,7,12],"texture":"#1"}}},{"from":[7,10,-3],"to":[9,10.25,24],"faces":{"north":{"uv":[0,8,2,8.25],"texture":"#1"},"east":{"uv":[0,8,16,8.25],"texture":"#1"},"south":{"uv":[0,8,2,8.25],"texture":"#1"},"west":{"uv":[0,8,16,8.25],"texture":"#1"},"up":{"uv":[0,8,8,10],"rotation":90,"texture":"#1"},"down":{"uv":[0,8,2,24],"texture":"#1"}}},{"from":[10.25,13,-3],"to":[10.75,13.25,24],"faces":{"north":{"uv":[0,8,8,9.5],"rotation":90,"texture":"#1"},"east":{"uv":[0,8,8,9.5],"rotation":90,"texture":"#1"},"south":{"uv":[0,8,8,9.5],"rotation":90,"texture":"#1"},"west":{"uv":[0,8,8,9.5],"rotation":90,"texture":"#1"},"up":{"uv":[0,8,8,9.5],"rotation":90,"texture":"#1"},"down":{"uv":[0,8,8,9.5],"rotation":90,"texture":"#1"}}},{"from":[10.25,11.5,4],"to":[10.5,13,5],"faces":{"north":{"uv":[0,8,7,12],"texture":"#1"},"east":{"uv":[0,8,7,12],"texture":"#1"},"south":{"uv":[0,8,7,12],"texture":"#1"},"west":{"uv":[0,8,7,12],"texture":"#1"},"up":{"uv":[0,8,7,12],"texture":"#1"},"down":{"uv":[0,8,7,12],"texture":"#1"}}},{"from":[5.5,11.5,4],"to":[5.75,13,5],"faces":{"north":{"uv":[0,8,7,12],"texture":"#1"},"east":{"uv":[0,8,7,12],"texture":"#1"},"south":{"uv":[0,8,7,12],"texture":"#1"},"west":{"uv":[0,8,7,12],"texture":"#1"},"up":{"uv":[0,8,7,12],"texture":"#1"},"down":{"uv":[0,8,7,12],"texture":"#1"}}},{"from":[5.25,13,-3],"to":[5.75,13.25,24],"faces":{"north":{"uv":[0,8,8,9.5],"rotation":90,"texture":"#1"},"east":{"uv":[0,8,8,9.5],"rotation":90,"texture":"#1"},"south":{"uv":[0,8,8,9.5],"rotation":90,"texture":"#1"},"west":{"uv":[0,8,8,9.5],"rotation":90,"texture":"#1"},"up":{"uv":[0,8,8,9.5],"rotation":90,"texture":"#1"},"down":{"uv":[0,8,8,9.5],"rotation":90,"texture":"#1"}}},{"from":[10.25,11.5,-3],"to":[10.5,13,-2.75],"faces":{"north":{"uv":[0,8,7,12],"texture":"#1"},"east":{"uv":[0,8,7,12],"texture":"#1"},"south":{"uv":[0,8,7,12],"texture":"#1"},"west":{"uv":[0,8,7,12],"texture":"#1"},"up":{"uv":[0,8,7,12],"texture":"#1"},"down":{"uv":[0,8,7,12],"texture":"#1"}}},{"from":[5.5,11.5,-3],"to":[5.75,13,-2.75],"faces":{"north":{"uv":[0,8,7,12],"texture":"#1"},"east":{"uv":[0,8,7,12],"texture":"#1"},"south":{"uv":[0,8,7,12],"texture":"#1"},"west":{"uv":[0,8,7,12],"texture":"#1"},"up":{"uv":[0,8,7,12],"texture":"#1"},"down":{"uv":[0,8,7,12],"texture":"#1"}}},{"from":[7.75,10.75,17.75],"to":[8.25,12.25,18],"rotation":{"angle":-22.5,"axis":"z","origin":[8,11.5,17.875]},"faces":{"north":{"uv":[1,2,2,3],"rotation":180,"texture":"#0"},"east":{"uv":[1,2,2,3],"rotation":180,"texture":"#0"},"south":{"uv":[1,2,2,3],"rotation":180,"texture":"#0"},"west":{"uv":[1,2,2,3],"rotation":180,"texture":"#0"},"up":{"uv":[1,2,2,3],"rotation":180,"texture":"#0"},"down":{"uv":[1,2,2,3],"rotation":180,"texture":"#0"}}},{"from":[7.25,11.25,17.75],"to":[8.75,11.75,18],"rotation":{"angle":45,"axis":"z","origin":[8,11.5,17.875]},"faces":{"north":{"uv":[1,2,2,3],"rotation":90,"texture":"#0"},"east":{"uv":[1,2,2,3],"rotation":90,"texture":"#0"},"south":{"uv":[1,2,2,3],"rotation":90,"texture":"#0"},"west":{"uv":[1,2,2,3],"rotation":90,"texture":"#0"},"up":{"uv":[1,2,2,3],"rotation":90,"texture":"#0"},"down":{"uv":[1,2,2,3],"rotation":90,"texture":"#0"}}},{"from":[7.25,11.25,17.75],"to":[8.75,11.75,18],"rotation":{"angle":22.5,"axis":"z","origin":[8,11.5,17.875]},"faces":{"north":{"uv":[1,2,2,3],"rotation":90,"texture":"#0"},"east":{"uv":[1,2,2,3],"rotation":90,"texture":"#0"},"south":{"uv":[1,2,2,3],"rotation":90,"texture":"#0"},"west":{"uv":[1,2,2,3],"rotation":90,"texture":"#0"},"up":{"uv":[1,2,2,3],"rotation":90,"texture":"#0"},"down":{"uv":[1,2,2,3],"rotation":90,"texture":"#0"}}},{"from":[7.25,11.25,17.75],"to":[8.75,11.75,18],"faces":{"north":{"uv":[1,2,2,3],"rotation":90,"texture":"#0"},"east":{"uv":[1,2,2,3],"rotation":90,"texture":"#0"},"south":{"uv":[1,2,2,3],"rotation":90,"texture":"#0"},"west":{"uv":[1,2,2,3],"rotation":90,"texture":"#0"},"up":{"uv":[1,2,2,3],"rotation":90,"texture":"#0"},"down":{"uv":[1,2,2,3],"rotation":90,"texture":"#0"}}},{"from":[7.25,11.25,17.75],"to":[8.75,11.75,18],"rotation":{"angle":-22.5,"axis":"z","origin":[8,11.5,17.875]},"faces":{"north":{"uv":[1,2,2,3],"rotation":90,"texture":"#0"},"east":{"uv":[1,2,2,3],"rotation":90,"texture":"#0"},"south":{"uv":[1,2,2,3],"rotation":90,"texture":"#0"},"west":{"uv":[1,2,2,3],"rotation":90,"texture":"#0"},"up":{"uv":[1,2,2,3],"rotation":90,"texture":"#0"},"down":{"uv":[1,2,2,3],"rotation":90,"texture":"#0"}}},{"from":[7.75,10.75,17.75],"to":[8.25,12.25,18],"rotation":{"angle":22.5,"axis":"z","origin":[8,11.5,17.875]},"faces":{"north":{"uv":[1,2,2,3],"texture":"#0"},"east":{"uv":[1,2,2,3],"texture":"#0"},"south":{"uv":[1,2,2,3],"texture":"#0"},"west":{"uv":[1,2,2,3],"texture":"#0"},"up":{"uv":[1,2,2,3],"texture":"#0"},"down":{"uv":[1,2,2,3],"texture":"#0"}}},{"from":[7.75,10.75,17.75],"to":[8.25,12.25,18],"faces":{"north":{"uv":[1,2,2,3],"texture":"#0"},"east":{"uv":[1,2,2,3],"texture":"#0"},"south":{"uv":[1,2,2,3],"texture":"#0"},"west":{"uv":[1,2,2,3],"texture":"#0"},"up":{"uv":[1,2,2,3],"texture":"#0"},"down":{"uv":[1,2,2,3],"texture":"#0"}}},{"from":[7.5,11.25,17.25],"to":[8.5,11.75,18],"faces":{"north":{"uv":[1,2,2,3],"rotation":270,"texture":"#0"},"east":{"uv":[1,2,2,3],"rotation":270,"texture":"#0"},"south":{"uv":[1,2,2,3],"rotation":270,"texture":"#0"},"west":{"uv":[1,2,2,3],"rotation":270,"texture":"#0"},"up":{"uv":[1,2,2,3],"rotation":270,"texture":"#0"},"down":{"uv":[1,2,2,3],"rotation":270,"texture":"#0"}}},{"from":[7.75,11,17.25],"to":[8.25,12,18],"rotation":{"angle":-45,"axis":"z","origin":[8,11.5,17.5]},"faces":{"north":{"uv":[1,2,2,3],"texture":"#0"},"east":{"uv":[1,2,2,3],"texture":"#0"},"south":{"uv":[1,2,2,3],"texture":"#0"},"west":{"uv":[1,2,2,3],"texture":"#0"},"up":{"uv":[1,2,2,3],"texture":"#0"},"down":{"uv":[1,2,2,3],"texture":"#0"}}},{"from":[7.75,10.75,17.75],"to":[8.25,12.25,18],"rotation":{"angle":45,"axis":"z","origin":[8,11.5,17.875]},"faces":{"north":{"uv":[1,2,2,3],"texture":"#0"},"east":{"uv":[1,2,2,3],"texture":"#0"},"south":{"uv":[1,2,2,3],"texture":"#0"},"west":{"uv":[1,2,2,3],"texture":"#0"},"up":{"uv":[1,2,2,3],"texture":"#0"},"down":{"uv":[1,2,2,3],"texture":"#0"}}},{"from":[7.75,11,17.25],"to":[8.25,12,18],"rotation":{"angle":45,"axis":"z","origin":[8,11.5,17.5]},"faces":{"north":{"uv":[1,2,2,3],"texture":"#0"},"east":{"uv":[1,2,2,3],"texture":"#0"},"south":{"uv":[1,2,2,3],"texture":"#0"},"west":{"uv":[1,2,2,3],"texture":"#0"},"up":{"uv":[1,2,2,3],"texture":"#0"},"down":{"uv":[1,2,2,3],"texture":"#0"}}},{"from":[7.75,11,17.25],"to":[8.25,12,18],"faces":{"north":{"uv":[1,2,2,3],"texture":"#0"},"east":{"uv":[1,2,2,3],"texture":"#0"},"south":{"uv":[1,2,2,3],"texture":"#0"},"west":{"uv":[1,2,2,3],"texture":"#0"},"up":{"uv":[1,2,2,3],"texture":"#0"},"down":{"uv":[1,2,2,3],"texture":"#0"}}},{"from":[10.25,9.75,3],"to":[10.5,11,15],"faces":{"north":{"uv":[1,3,2,4],"rotation":270,"texture":"#0"},"east":{"uv":[1,3,2,4],"rotation":270,"texture":"#0"},"south":{"uv":[1,3,2,4],"rotation":270,"texture":"#0"},"west":{"uv":[1,3,2,4],"rotation":270,"texture":"#0"},"up":{"uv":[1,3,2,4],"rotation":270,"texture":"#0"},"down":{"uv":[1,3,2,4],"rotation":270,"texture":"#0"}}},{"from":[10.25,9.75,3],"to":[10.5,11,15],"rotation":{"angle":-22.5,"axis":"z","origin":[10.375,10.375,9]},"faces":{"north":{"uv":[1,3,2,4],"rotation":270,"texture":"#0"},"east":{"uv":[1,3,2,4],"rotation":270,"texture":"#0"},"south":{"uv":[1,3,2,4],"rotation":270,"texture":"#0"},"west":{"uv":[1,3,2,4],"rotation":270,"texture":"#0"},"up":{"uv":[1,3,2,4],"rotation":270,"texture":"#0"},"down":{"uv":[1,3,2,4],"rotation":270,"texture":"#0"}}},{"from":[9.75,10.25,3],"to":[11,10.5,15],"rotation":{"angle":45,"axis":"z","origin":[10.375,10.375,9]},"faces":{"north":{"uv":[1,3,2,4],"texture":"#0"},"east":{"uv":[1,3,2,4],"texture":"#0"},"south":{"uv":[1,3,2,4],"texture":"#0"},"west":{"uv":[1,3,2,4],"texture":"#0"},"up":{"uv":[1,3,2,4],"texture":"#0"},"down":{"uv":[1,3,2,4],"texture":"#0"}}},{"from":[9.75,10.25,3],"to":[11,10.5,15],"rotation":{"angle":22.5,"axis":"z","origin":[10.375,10.375,9]},"faces":{"north":{"uv":[1,3,2,4],"texture":"#0"},"east":{"uv":[1,3,2,4],"texture":"#0"},"south":{"uv":[1,3,2,4],"texture":"#0"},"west":{"uv":[1,3,2,4],"texture":"#0"},"up":{"uv":[1,3,2,4],"texture":"#0"},"down":{"uv":[1,3,2,4],"texture":"#0"}}},{"from":[9.75,10.25,3],"to":[11,10.5,15],"faces":{"north":{"uv":[1,3,2,4],"texture":"#0"},"east":{"uv":[1,3,2,4],"texture":"#0"},"south":{"uv":[1,3,2,4],"texture":"#0"},"west":{"uv":[1,3,2,4],"texture":"#0"},"up":{"uv":[1,3,2,4],"texture":"#0"},"down":{"uv":[1,3,2,4],"texture":"#0"}}},{"from":[9.75,10.25,3],"to":[11,10.5,15],"rotation":{"angle":-22.5,"axis":"z","origin":[10.375,10.375,9]},"faces":{"north":{"uv":[1,3,2,4],"texture":"#0"},"east":{"uv":[1,3,2,4],"texture":"#0"},"south":{"uv":[1,3,2,4],"texture":"#0"},"west":{"uv":[1,3,2,4],"texture":"#0"},"up":{"uv":[1,3,2,4],"texture":"#0"},"down":{"uv":[1,3,2,4],"texture":"#0"}}},{"from":[10.25,9.75,3],"to":[10.5,11,15],"rotation":{"angle":22.5,"axis":"z","origin":[10.375,10.375,9]},"faces":{"north":{"uv":[1,3,2,4],"rotation":270,"texture":"#0"},"east":{"uv":[1,3,2,4],"rotation":270,"texture":"#0"},"south":{"uv":[1,3,2,4],"rotation":270,"texture":"#0"},"west":{"uv":[1,3,2,4],"rotation":270,"texture":"#0"},"up":{"uv":[1,3,2,4],"rotation":270,"texture":"#0"},"down":{"uv":[1,3,2,4],"rotation":270,"texture":"#0"}}},{"from":[9.75,10.25,3],"to":[11,10.5,15],"rotation":{"angle":-45,"axis":"z","origin":[10.375,10.375,9]},"faces":{"north":{"uv":[1,3,2,4],"texture":"#0"},"east":{"uv":[1,3,2,4],"texture":"#0"},"south":{"uv":[1,3,2,4],"texture":"#0"},"west":{"uv":[1,3,2,4],"texture":"#0"},"up":{"uv":[1,3,2,4],"texture":"#0"},"down":{"uv":[1,3,2,4],"texture":"#0"}}},{"from":[7.5,10.5,18],"to":[8.5,12.5,22],"faces":{"north":{"uv":[5,4,6,5],"texture":"#0"},"east":{"uv":[5,4,6,5],"texture":"#0"},"south":{"uv":[5,4,6,5],"texture":"#0"},"west":{"uv":[5,4,6,5],"texture":"#0"},"up":{"uv":[5,4,6,5],"texture":"#0"},"down":{"uv":[5,4,6,5],"texture":"#0"}}},{"from":[7.5,10.5,18],"to":[8.5,12.5,22],"rotation":{"angle":45,"axis":"z","origin":[8,11.5,20]},"faces":{"north":{"uv":[5,4,6,5],"texture":"#0"},"east":{"uv":[5,4,6,5],"texture":"#0"},"south":{"uv":[5,4,6,5],"texture":"#0"},"west":{"uv":[5,4,6,5],"texture":"#0"},"up":{"uv":[5,4,6,5],"texture":"#0"},"down":{"uv":[5,4,6,5],"texture":"#0"}}},{"from":[7,11,18],"to":[9,12,22],"faces":{"north":{"uv":[5,4,6,5],"rotation":270,"texture":"#0"},"east":{"uv":[5,4,6,5],"rotation":270,"texture":"#0"},"south":{"uv":[5,4,6,5],"rotation":270,"texture":"#0"},"west":{"uv":[5,4,6,5],"rotation":270,"texture":"#0"},"up":{"uv":[5,4,6,5],"rotation":270,"texture":"#0"},"down":{"uv":[5,4,6,5],"rotation":270,"texture":"#0"}}},{"from":[7.5,10.5,18],"to":[8.5,12.5,22],"rotation":{"angle":-45,"axis":"z","origin":[8,11.5,20]},"faces":{"north":{"uv":[5,4,6,5],"texture":"#0"},"east":{"uv":[5,4,6,5],"texture":"#0"},"south":{"uv":[5,4,6,5],"texture":"#0"},"west":{"uv":[5,4,6,5],"texture":"#0"},"up":{"uv":[5,4,6,5],"texture":"#0"},"down":{"uv":[5,4,6,5],"texture":"#0"}}}],"display":{"thirdperson_righthand":{"rotation":[76,0,0],"translation":[1,2.5,9.5]},"firstperson_righthand":{"rotation":[18,0,0],"translation":[0,5,2.5]},"gui":{"rotation":[47,-56,3],"translation":[1,-1.5,0],"scale":[1,1,0.525]},"fixed":{"rotation":[-97,132,99],"translation":[-4.75,-1.75,-0.75]}},"groups":[0,1,2,3,4,5,6,7,8,9,10,11,12,13,14,15,16,17,18,19,20,21,22,23,24,25,26,27,28,29,30,31,32,33,{"name":"group","origin":[8,8,8],"children":[34,35,36,37,38,39,40,41]},{"name":"group","origin":[8,8,8],"children":[42,43,44,45]}]}