{
	"credit": "Made with Blockbench",
	"textures": {
		"0": "ttp/qualityarmory/rgbsheet1",
		"1": "ttp/qualityarmory/texturedmaterials1",
		"particle": "ttp/qualityarmory/rgbsheet1"
	},
	"elements": [
		{
			"from": [4, 5.125, 4.0625],
			"to": [7.625, 5.625, 4.9375],
			"faces": {
				"north": {"uv": [1, 12, 6, 15], "texture": "#1"},
				"east": {"uv": [1, 12, 6, 15], "texture": "#1"},
				"south": {"uv": [1, 12, 6, 15], "texture": "#1"},
				"west": {"uv": [1, 12, 6, 15], "texture": "#1"},
				"up": {"uv": [1, 12, 6, 15], "texture": "#1"},
				"down": {"uv": [1, 12, 6, 15], "texture": "#1"}
			}
		},
		{
			"from": [4, 5.5, 4.1875],
			"to": [6, 5.75, 4.8125],
			"faces": {
				"north": {"uv": [1, 12, 6, 15], "texture": "#1"},
				"east": {"uv": [1, 12, 6, 15], "texture": "#1"},
				"south": {"uv": [1, 12, 6, 15], "texture": "#1"},
				"west": {"uv": [1, 12, 6, 15], "texture": "#1"},
				"up": {"uv": [1, 12, 6, 15], "texture": "#1"},
				"down": {"uv": [1, 12, 6, 15], "texture": "#1"}
			}
		},
		{
			"from": [6.625, 4.9375, 4.125],
			"to": [7.375, 5.1875, 4.875],
			"faces": {
				"north": {"uv": [3, 5, 4, 6], "texture": "#0"},
				"east": {"uv": [3, 5, 4, 6], "texture": "#0"},
				"south": {"uv": [3, 5, 4, 6], "texture": "#0"},
				"west": {"uv": [3, 5, 4, 6], "texture": "#0"},
				"up": {"uv": [3, 5, 4, 6], "texture": "#0"},
				"down": {"uv": [3, 5, 4, 6], "texture": "#0"}
			}
		},
		{
			"from": [6.5625, 2.9375, 4.25],
			"to": [7.25, 5, 4.8125],
			"rotation": {"angle": 22.5, "axis": "z", "origin": [6.5625, 5, 4.25]},
			"faces": {
				"north": {"uv": [3, 5, 4, 6], "texture": "#0"},
				"east": {"uv": [3, 5, 4, 6], "texture": "#0"},
				"south": {"uv": [3, 5, 4, 6], "texture": "#0"},
				"west": {"uv": [3, 5, 4, 6], "texture": "#0"},
				"up": {"uv": [3, 5, 4, 6], "texture": "#0"},
				"down": {"uv": [3, 5, 4, 6], "texture": "#0"}
			}
		},
		{
			"from": [7.3125, 4.9375, 4.1875],
			"to": [8, 5.4375, 4.8125],
			"rotation": {"angle": -45, "axis": "z", "origin": [7.3125, 5.4375, 4.1875]},
			"faces": {
				"north": {"uv": [3, 5, 4, 6], "texture": "#0"},
				"east": {"uv": [3, 5, 4, 6], "texture": "#0"},
				"south": {"uv": [3, 5, 4, 6], "texture": "#0"},
				"west": {"uv": [3, 5, 4, 6], "texture": "#0"},
				"up": {"uv": [3, 5, 4, 6], "texture": "#0"},
				"down": {"uv": [3, 5, 4, 6], "texture": "#0"}
			}
		},
		{
			"from": [6.125, 4.375, 4.375],
			"to": [6.875, 4.5, 4.625],
			"faces": {
				"north": {"uv": [3, 5, 4, 6], "texture": "#0"},
				"east": {"uv": [3, 5, 4, 6], "texture": "#0"},
				"south": {"uv": [3, 5, 4, 6], "texture": "#0"},
				"west": {"uv": [3, 5, 4, 6], "texture": "#0"},
				"up": {"uv": [3, 5, 4, 6], "texture": "#0"},
				"down": {"uv": [3, 5, 4, 6], "texture": "#0"}
			}
		},
		{
			"from": [6.0625, 4.4375, 4.375],
			"to": [6.1875, 4.9375, 4.625],
			"faces": {
				"north": {"uv": [3, 5, 4, 6], "texture": "#0"},
				"east": {"uv": [3, 5, 4, 6], "texture": "#0"},
				"south": {"uv": [3, 5, 4, 6], "texture": "#0"},
				"west": {"uv": [3, 5, 4, 6], "texture": "#0"},
				"up": {"uv": [3, 5, 4, 6], "texture": "#0"},
				"down": {"uv": [3, 5, 4, 6], "texture": "#0"}
			}
		},
		{
			"from": [7.375, 4.875, 4.3125],
			"to": [8.0625, 4.9375, 4.625],
			"faces": {
				"north": {"uv": [1, 12, 6, 15], "texture": "#1"},
				"east": {"uv": [1, 12, 6, 15], "texture": "#1"},
				"south": {"uv": [1, 12, 6, 15], "texture": "#1"},
				"west": {"uv": [1, 12, 6, 15], "texture": "#1"},
				"up": {"uv": [1, 12, 6, 15], "texture": "#1"},
				"down": {"uv": [1, 12, 6, 15], "texture": "#1"}
			}
		},
		{
			"from": [6.5, 5.5, 4.1875],
			"to": [7.5, 5.75, 4.8125],
			"faces": {
				"north": {"uv": [1, 12, 6, 15], "texture": "#1"},
				"east": {"uv": [1, 12, 6, 15], "texture": "#1"},
				"south": {"uv": [1, 12, 6, 15], "texture": "#1"},
				"west": {"uv": [1, 12, 6, 15], "texture": "#1"},
				"up": {"uv": [1, 12, 6, 15], "texture": "#1"},
				"down": {"uv": [1, 12, 6, 15], "texture": "#1"}
			}
		},
		{
			"from": [4, 4.875, 4.1875],
			"to": [6.8125, 5.125, 4.8125],
			"faces": {
				"north": {"uv": [3, 5, 4, 6], "texture": "#0"},
				"east": {"uv": [3, 5, 4, 6], "texture": "#0"},
				"south": {"uv": [3, 5, 4, 6], "texture": "#0"},
				"west": {"uv": [3, 5, 4, 6], "texture": "#0"},
				"up": {"uv": [3, 5, 4, 6], "texture": "#0"},
				"down": {"uv": [3, 5, 4, 6], "texture": "#0"}
			}
		},
		{
			"from": [7.25, 4.5625, 4.25],
			"to": [7.5625, 5.125, 4.8125],
			"faces": {
				"north": {"uv": [3, 5, 4, 6], "texture": "#0"},
				"east": {"uv": [3, 5, 4, 6], "texture": "#0"},
				"south": {"uv": [3, 5, 4, 6], "texture": "#0"},
				"west": {"uv": [3, 5, 4, 6], "texture": "#0"},
				"up": {"uv": [3, 5, 4, 6], "texture": "#0"},
				"down": {"uv": [3, 5, 4, 6], "texture": "#0"}
			}
		},
		{
			"from": [7.5, 4.5625, 4.3125],
			"to": [8, 4.625, 4.625],
			"rotation": {"angle": 45, "axis": "z", "origin": [7.5, 4.625, 4.3125]},
			"faces": {
				"north": {"uv": [1, 12, 6, 15], "texture": "#1"},
				"east": {"uv": [1, 12, 6, 15], "texture": "#1"},
				"south": {"uv": [1, 12, 6, 15], "texture": "#1"},
				"west": {"uv": [1, 12, 6, 15], "texture": "#1"},
				"up": {"uv": [1, 12, 6, 15], "texture": "#1"},
				"down": {"uv": [1, 12, 6, 15], "texture": "#1"}
			}
		},
		{
			"from": [3.8125, 5.1875, 4.3125],
			"to": [4.0625, 5.625, 4.75],
			"faces": {
				"north": {"uv": [1, 12, 6, 15], "texture": "#1"},
				"east": {"uv": [1, 12, 6, 15], "texture": "#1"},
				"south": {"uv": [1, 12, 6, 15], "texture": "#1"},
				"west": {"uv": [1, 12, 6, 15], "texture": "#1"},
				"up": {"uv": [1, 12, 6, 15], "texture": "#1"},
				"down": {"uv": [1, 12, 6, 15], "texture": "#1"}
			}
		},
		{
			"from": [7.3125, 4.9375, 4.1875],
			"to": [7.75, 5.3125, 4.8125],
			"faces": {
				"north": {"uv": [3, 5, 4, 6], "texture": "#0"},
				"east": {"uv": [3, 5, 4, 6], "texture": "#0"},
				"south": {"uv": [3, 5, 4, 6], "texture": "#0"},
				"west": {"uv": [3, 5, 4, 6], "texture": "#0"},
				"up": {"uv": [3, 5, 4, 6], "texture": "#0"},
				"down": {"uv": [3, 5, 4, 6], "texture": "#0"}
			}
		}
	],
	"display": {
		"thirdperson_righthand": {
			"rotation": [-7, -90, -10],
			"translation": [-7.244, 7.4956, 3.97],
			"scale": [2.2, 2.24, 1.89]
		},
		"thirdperson_lefthand": {
			"rotation": [-7, 89, 11],
			"translation": [-5.48, 7.37, 4.35],
			"scale": [2.2, 2.24, 1.89]
		},
		"firstperson_righthand": {
			"rotation": [0, -92, 0],
			"translation": [-8.129, 9.2669, 7.4956],
			"scale": [1, 1.1043, 0.9304]
		},
		"firstperson_lefthand": {
			"rotation": [0, 90, 0],
			"translation": [-5.25, 10.5, 10.5],
			"scale": [1.1391, 1.1739, 1.0695]
		},
		"ground": {
			"rotation": [0, 0, -23],
			"translation": [3.59, -0.94, 6.05],
			"scale": [2, 2, 2]
		},
		"gui": {
			"rotation": [0, 140, 0],
			"translation": [2.27, 9.07, 0],
			"scale": [3, 3, 3]
		},
		"fixed": {
			"rotation": [-1, 3, -41],
			"translation": [12.28, 3.4, 10.39],
			"scale": [3.37, 3.37, 3.4]
		}
	}
}