{"credit":"Made with Blockbench","textures":{"0":"ttp/qualityarmory/rgbsheet1","particle":"ttp/qualityarmory/rgbsheet1"},"elements":[{"name":"barr","from":[3.75,3.5,8],"to":[4.75,8.25,9],"faces":{"north":{"uv":[9,15,10,16],"texture":"#0"},"east":{"uv":[9,15,10,16],"texture":"#0"},"south":{"uv":[9,15,10,16],"texture":"#0"},"west":{"uv":[9,15,10,16],"texture":"#0"},"up":{"uv":[9,15,10,16],"texture":"#0"},"down":{"uv":[9,15,10,16],"texture":"#0"}}},{"name":"barr","from":[-4.25,6,7.75],"to":[-3,7.5,9.25],"faces":{"north":{"uv":[9,15,10,16],"texture":"#0"},"east":{"uv":[9,15,10,16],"texture":"#0"},"south":{"uv":[9,15,10,16],"texture":"#0"},"west":{"uv":[9,15,10,16],"texture":"#0"},"up":{"uv":[9,15,10,16],"texture":"#0"},"down":{"uv":[9,15,10,16],"texture":"#0"}}},{"name":"barr","from":[-4.5,3.5,8],"to":[-3.5,8.25,9],"faces":{"north":{"uv":[9,15,10,16],"texture":"#0"},"east":{"uv":[9,15,10,16],"texture":"#0"},"south":{"uv":[9,15,10,16],"texture":"#0"},"west":{"uv":[9,15,10,16],"texture":"#0"},"up":{"uv":[9,15,10,16],"texture":"#0"},"down":{"uv":[9,15,10,16],"texture":"#0"}}},{"name":"barr","from":[-4.5,7.5,7.5],"to":[6.75,9,9.5],"faces":{"north":{"uv":[9,15,10,16],"texture":"#0"},"east":{"uv":[9,15,10,16],"texture":"#0"},"south":{"uv":[9,15,10,16],"texture":"#0"},"west":{"uv":[9,15,10,16],"texture":"#0"},"up":{"uv":[9,15,10,16],"texture":"#0"},"down":{"uv":[9,15,10,16],"texture":"#0"}}},{"name":"barr","from":[7.5,8.25,7.75],"to":[10.25,9.25,9.25],"faces":{"north":{"uv":[7,15,8,16],"rotation":180,"texture":"#0"},"east":{"uv":[7,15,8,16],"rotation":270,"texture":"#0"},"south":{"uv":[7,15,8,16],"texture":"#0"},"west":{"uv":[7,15,8,16],"rotation":90,"texture":"#0"},"up":{"uv":[7,15,8,16],"rotation":180,"texture":"#0"},"down":{"uv":[7,15,8,16],"texture":"#0"}}},{"name":"barr","from":[7.5,8,8],"to":[10.25,9.5,9],"faces":{"north":{"uv":[7,15,8,16],"texture":"#0"},"east":{"uv":[7,15,8,16],"texture":"#0"},"south":{"uv":[7,15,8,16],"texture":"#0"},"west":{"uv":[7,15,8,16],"texture":"#0"},"up":{"uv":[7,15,8,16],"texture":"#0"},"down":{"uv":[7,15,8,16],"texture":"#0"}}},{"name":"barr","from":[-4.69086,7.22119,8.25],"to":[-4.44086,8.47119,8.5],"faces":{"north":{"uv":[10,14,11,15],"texture":"#0"},"east":{"uv":[10,14,11,15],"texture":"#0"},"south":{"uv":[10,14,11,15],"texture":"#0"},"west":{"uv":[10,14,11,15],"texture":"#0"},"up":{"uv":[10,14,11,15],"texture":"#0"},"down":{"uv":[10,14,11,15],"texture":"#0"}}},{"name":"barr","from":[-5.25,4.75,8.25],"to":[-5,5,9.75],"rotation":{"angle":-22.5,"axis":"z","origin":[1,4.5,10]},"faces":{"north":{"uv":[10,14,11,15],"texture":"#0"},"east":{"uv":[10,14,11,15],"texture":"#0"},"south":{"uv":[10,14,11,15],"texture":"#0"},"west":{"uv":[10,14,11,15],"texture":"#0"},"up":{"uv":[10,14,11,15],"texture":"#0"},"down":{"uv":[10,14,11,15],"texture":"#0"}}},{"name":"barr","from":[-5,4.75,9.5],"to":[-3.25,5,9.75],"rotation":{"angle":-22.5,"axis":"z","origin":[1,4.5,10]},"faces":{"north":{"uv":[10,14,11,15],"texture":"#0"},"east":{"uv":[10,14,11,15],"texture":"#0"},"south":{"uv":[10,14,11,15],"texture":"#0"},"west":{"uv":[10,14,11,15],"texture":"#0"},"up":{"uv":[10,14,11,15],"texture":"#0"},"down":{"uv":[10,14,11,15],"texture":"#0"}}},{"name":"barr","from":[-5,8.25,8],"to":[10,9.25,9],"faces":{"north":{"uv":[9,15,10,16],"texture":"#0"},"east":{"uv":[9,15,10,16],"texture":"#0"},"south":{"uv":[9,15,10,16],"texture":"#0"},"west":{"uv":[9,15,10,16],"texture":"#0"},"up":{"uv":[9,15,10,16],"texture":"#0"},"down":{"uv":[9,15,10,16],"texture":"#0"}}},{"name":"barr","from":[-3.625,5.125,7.5],"to":[3.375,6.875,9.5],"rotation":{"angle":-22.5,"axis":"z","origin":[-2.125,6.5,8.625]},"faces":{"north":{"uv":[3,6,4,7],"rotation":90,"texture":"#0"},"east":{"uv":[3,6,4,7],"rotation":270,"texture":"#0"},"south":{"uv":[3,6,4,7],"rotation":270,"texture":"#0"},"west":{"uv":[3,6,4,7],"rotation":270,"texture":"#0"},"up":{"uv":[3,6,4,7],"rotation":270,"texture":"#0"},"down":{"uv":[3,6,4,7],"rotation":270,"texture":"#0"}}},{"name":"barr","from":[-3.625,4.875,7.75],"to":[3.375,7.125,9.25],"rotation":{"angle":-22.5,"axis":"z","origin":[-2.125,6.5,8.625]},"faces":{"north":{"uv":[3,6,4,7],"rotation":90,"texture":"#0"},"east":{"uv":[3,6,4,7],"rotation":270,"texture":"#0"},"south":{"uv":[3,6,4,7],"rotation":270,"texture":"#0"},"west":{"uv":[3,6,4,7],"rotation":270,"texture":"#0"},"up":{"uv":[3,6,4,7],"rotation":270,"texture":"#0"},"down":{"uv":[3,6,4,7],"rotation":270,"texture":"#0"}}}],"display":{"thirdperson_righthand":{"rotation":[0,90,45],"translation":[-2,6,-4],"scale":[1.2,1.2,1.2]},"thirdperson_lefthand":{"rotation":[98,-90,31],"translation":[-10,7,-1],"scale":[1.2,1.2,1.2]},"firstperson_righthand":{"rotation":[0,86,0],"translation":[0,4.5,-5]},"firstperson_lefthand":{"rotation":[0,-87,3],"translation":[-18,5.5,-4]},"ground":{"rotation":[18,-37,18],"translation":[0.76,-0.57,4.91]},"gui":{"rotation":[-18,-28,31],"translation":[3,2.5,2],"scale":[0.7,0.9,0.9]},"head":{"rotation":[0,-1,45],"translation":[10.5,-9.5,5.5],"scale":[2,2,2]},"fixed":{"rotation":[0,-180,40],"translation":[-2.65,5.5,-0.25],"scale":[1.23,1.2,1.13]}},"groups":[0,1,2,3,4,5,6,7,8,9,{"name":"group","origin":[8,8,8],"children":[10,11]}]}