{"credit":"Made with Blockbench","textures":{"texture":"ttp/qualityarmory/fnfal"},"elements":[{"from":[-1.125,7.875,7.0625],"to":[1.25,8.25,7.375],"faces":{"north":{"uv":[0.75,3,1.75,3.5],"texture":"#texture"},"east":{"uv":[2.5,3.25,3,3.75],"texture":"#texture"},"south":{"uv":[0.75,3,1.75,3.5],"texture":"#texture"},"west":{"uv":[2.5,3.25,3,3.75],"texture":"#texture"},"up":{"uv":[0.75,3,1.75,3.5],"texture":"#texture"},"down":{"uv":[0.75,3,1.75,3.5],"texture":"#texture"}}},{"from":[1.25,7.5,7],"to":[1.5625,9,7.5],"faces":{"north":{"uv":[3.75,1.5,4.25,2.75],"texture":"#texture"},"east":{"uv":[3.75,1.75,4.25,3.25],"texture":"#texture"},"south":{"uv":[3.75,1.5,4.25,2.75],"texture":"#texture"},"west":{"uv":[3.75,1.75,4.25,3.25],"texture":"#texture"},"up":{"uv":[4,2.25,4.5,2.75],"texture":"#texture"},"down":{"uv":[4,2.25,4.5,2.75],"texture":"#texture"}}},{"from":[1.5,7.5,6.9375],"to":[5,8.75,7.5625],"faces":{"north":{"uv":[4.5,2,9.5,4],"texture":"#texture"},"east":{"uv":[9,2.5,9.5,4],"texture":"#texture"},"south":{"uv":[4.5,2,9.5,4],"texture":"#texture"},"west":{"uv":[9,2.5,9.5,4],"texture":"#texture"},"up":{"uv":[4.5,3,9.5,4],"texture":"#texture"},"down":{"uv":[4.5,3.5,9.5,4],"texture":"#texture"}}},{"from":[1.5,7.5,6.75],"to":[5,8.5,7.75],"faces":{"north":{"uv":[9.5,2.5,4.5,4],"texture":"#texture"},"east":{"uv":[8.75,2.5,9.5,4],"texture":"#texture"},"south":{"uv":[4.5,2.5,9.5,4],"texture":"#texture"},"west":{"uv":[8.75,2.5,9.5,4],"texture":"#texture"},"up":{"uv":[4.5,2.5,9.5,3],"texture":"#texture"},"down":{"uv":[4.5,3.5,9.5,4],"texture":"#texture"}}},{"from":[5,7.5,7],"to":[9.25,8.75,7.5],"faces":{"north":{"uv":[1.25,6,6.75,6.5],"texture":"#texture"},"east":{"uv":[6.5,6,7,6.5],"texture":"#texture"},"south":{"uv":[1.25,6,6.75,6.5],"texture":"#texture"},"west":{"uv":[6.5,6,7,6.5],"texture":"#texture"},"up":{"uv":[1.5,6,7,6.5],"texture":"#texture"},"down":{"uv":[1.5,6,7,6.5],"texture":"#texture"}}},{"from":[5,7.5,7.5],"to":[9.25,8.5,7.75],"faces":{"north":{"uv":[1,5.75,7,7],"texture":"#texture"},"east":{"uv":[6.75,5.5,7,7],"texture":"#texture"},"south":{"uv":[1,5.75,7,7],"texture":"#texture"},"west":{"uv":[6.75,5.5,7,7],"texture":"#texture"},"up":{"uv":[1,5.75,7,7],"texture":"#texture"},"down":{"uv":[1,5.75,7,7],"texture":"#texture"}}},{"from":[5,7.5,6.75],"to":[9.25,8.5,7],"faces":{"north":{"uv":[1,5.75,7,7],"texture":"#texture"},"east":{"uv":[6.75,5.5,7,7],"texture":"#texture"},"south":{"uv":[1,5.75,7,7],"texture":"#texture"},"west":{"uv":[6.75,5.5,7,7],"texture":"#texture"},"up":{"uv":[1,6,7,7],"texture":"#texture"},"down":{"uv":[1,6,7,7],"texture":"#texture"}}},{"from":[5.5,7,7],"to":[8.875,7.5,7.5],"faces":{"north":{"uv":[1,9,5,10],"texture":"#texture"},"east":{"uv":[4.5,9,5,10],"texture":"#texture"},"south":{"uv":[1,9,5,10],"texture":"#texture"},"west":{"uv":[4.5,9,5,10],"texture":"#texture"},"up":{"uv":[1,9,5,10],"texture":"#texture"},"down":{"uv":[1,9.5,5,10],"texture":"#texture"}}},{"from":[5,6.75,7],"to":[5.5,7.5,7.5],"rotation":{"angle":45,"axis":"z","origin":[5,7.5,7]},"faces":{"north":{"uv":[1,9,5,10],"texture":"#texture"},"east":{"uv":[4.5,9,5,10],"texture":"#texture"},"south":{"uv":[1,9,5,10],"texture":"#texture"},"west":{"uv":[4.5,9.5,5,10],"texture":"#texture"},"up":{"uv":[1,9,5,10],"texture":"#texture"},"down":{"uv":[1,9.5,5,10],"texture":"#texture"}}},{"from":[1.5,8.3125,6.75],"to":[5,8.5,7.0625],"rotation":{"angle":-45,"axis":"x","origin":[1.5,8.5,6.75]},"faces":{"north":{"uv":[7.5,2.5,9.5,3],"texture":"#texture"},"east":{"uv":[8.75,2.5,9,2.75],"texture":"#texture"},"south":{"uv":[7.5,2.5,9.5,3],"texture":"#texture"},"west":{"uv":[8.75,2.5,9,2.75],"texture":"#texture"},"up":{"uv":[7.75,2.5,9.25,2.75],"texture":"#texture"},"down":{"uv":[7.75,2.5,9.25,2.75],"texture":"#texture"}}},{"from":[5,8.25,6.75],"to":[9.25,8.5,7.0625],"rotation":{"angle":-45,"axis":"x","origin":[5,8.5,6.75]},"faces":{"north":{"uv":[1,5.5,7,6],"texture":"#texture"},"east":{"uv":[6.75,5.75,7,6],"texture":"#texture"},"south":{"uv":[1,5.5,7,6],"texture":"#texture"},"west":{"uv":[6.75,5.75,7,6],"texture":"#texture"},"up":{"uv":[1,5.5,7,6],"texture":"#texture"},"down":{"uv":[1,5.5,7,6],"texture":"#texture"}}},{"from":[1.5,8.25,7.4375],"to":[4.9375,8.4375,7.6875],"rotation":{"angle":-45,"axis":"x","origin":[1.5,8.4375,7.4375]},"faces":{"north":{"uv":[7.5,2.5,9.5,3],"texture":"#texture"},"east":{"uv":[8.75,2.5,9,2.75],"texture":"#texture"},"south":{"uv":[7.5,2.5,9.5,3],"texture":"#texture"},"west":{"uv":[8.75,2.5,9,2.75],"texture":"#texture"},"up":{"uv":[7.75,2.5,9.25,2.75],"texture":"#texture"},"down":{"uv":[7.75,2.5,9.25,2.75],"texture":"#texture"}}},{"from":[5,8.5,7.5],"to":[9.25,8.75,7.875],"rotation":{"angle":45,"axis":"x","origin":[5,8.75,7.5]},"faces":{"north":{"uv":[1,5.5,7,6],"texture":"#texture"},"east":{"uv":[6.75,5.5,7,5.75],"texture":"#texture"},"south":{"uv":[1,5.5,7,6],"texture":"#texture"},"west":{"uv":[6.75,5.5,7,5.75],"texture":"#texture"},"up":{"uv":[1,5.5,7,6],"texture":"#texture"},"down":{"uv":[1,5.5,7,6],"texture":"#texture"}}},{"from":[5.625,5.25,7.0625],"to":[6.75,7,7.4375],"faces":{"north":{"uv":[8,7,10,10],"texture":"#texture"},"east":{"uv":[8,7,8.5,10],"texture":"#texture"},"south":{"uv":[8,7,10,10],"texture":"#texture"},"west":{"uv":[8,7,8.5,10],"texture":"#texture"},"up":{"uv":[8,7,10,10],"texture":"#texture"},"down":{"uv":[8,7,8.5,9.5],"texture":"#texture"}}},{"from":[5,7.5625,7.4375],"to":[9.25,7.8125,7.875],"rotation":{"angle":45,"axis":"x","origin":[5,7.8125,7.4375]},"faces":{"north":{"uv":[1,6.5,7,7],"texture":"#texture"},"east":{"uv":[6.75,6.75,7,7],"texture":"#texture"},"south":{"uv":[1,6.5,7,7],"texture":"#texture"},"west":{"uv":[6.75,6.75,7,7],"texture":"#texture"},"up":{"uv":[1,6.5,7,7],"texture":"#texture"},"down":{"uv":[1,6.5,7,7],"texture":"#texture"}}},{"from":[5,7.25,6.75],"to":[9.25,7.5,7.0625],"rotation":{"angle":-45,"axis":"x","origin":[5,7.5,6.75]},"faces":{"north":{"uv":[1,6.5,7,7],"texture":"#texture"},"east":{"uv":[6.5,6.75,6.75,7],"texture":"#texture"},"south":{"uv":[1,6.5,7,7],"texture":"#texture"},"west":{"uv":[6.5,6.75,6.75,7],"texture":"#texture"},"up":{"uv":[1,6.5,7,7],"texture":"#texture"},"down":{"uv":[1,6.5,7,7],"texture":"#texture"}}},{"from":[7.625,5.4375,7.0625],"to":[8.3125,7,7.375],"rotation":{"angle":22.5,"axis":"z","origin":[7.625,7,7.0625]},"faces":{"north":{"uv":[12,6.5,12.75,7.5],"texture":"#texture"},"east":{"uv":[12,6.5,13,7.5],"texture":"#texture"},"south":{"uv":[12,6.5,12.75,7.5],"texture":"#texture"},"west":{"uv":[12,6.5,13,7.5],"texture":"#texture"},"up":{"uv":[12.25,6.5,13,7.5],"texture":"#texture"},"down":{"uv":[12.25,6.5,13,7.5],"texture":"#texture"}}},{"from":[6.75,6.125,7.0625],"to":[8.25,6.375,7.3125],"faces":{"north":{"uv":[12,7.75,13.5,8],"texture":"#texture"},"east":{"uv":[12.25,7.5,13.25,7.75],"texture":"#texture"},"south":{"uv":[12,7.75,13.5,8],"texture":"#texture"},"west":{"uv":[12.25,7.5,13.25,7.75],"texture":"#texture"},"up":{"uv":[12,6.5,13.5,7.5],"texture":"#texture"},"down":{"uv":[12,6.5,13.5,7.5],"texture":"#texture"}}},{"from":[9.25,7.5,7],"to":[10,8.75,7.5],"faces":{"north":{"uv":[1.5,12.5,4.5,14],"texture":"#texture"},"east":{"uv":[1.5,12.5,2,14],"texture":"#texture"},"south":{"uv":[1.5,12.5,4.5,14],"texture":"#texture"},"west":{"uv":[1.5,12.5,2,14],"texture":"#texture"},"up":{"uv":[1.5,12.5,4,14],"texture":"#texture"},"down":{"uv":[1.5,12.5,4,14],"texture":"#texture"}}},{"from":[9.9375,7.625,7],"to":[13,8.75,7.5],"rotation":{"angle":-22.5,"axis":"z","origin":[9.9375,8.75,7]},"faces":{"north":{"uv":[1.5,12.5,4.5,14],"texture":"#texture"},"east":{"uv":[1.5,12.5,2,14],"texture":"#texture"},"south":{"uv":[1.5,12.5,4.5,14],"texture":"#texture"},"west":{"uv":[1.5,12.5,2,14],"texture":"#texture"},"up":{"uv":[1.5,12.5,4,14],"texture":"#texture"},"down":{"uv":[1.5,13.5,4,14],"texture":"#texture"}}},{"from":[10.5625,7.5,7],"to":[13.125,8.3125,7.5],"faces":{"north":{"uv":[1.5,12.5,4.25,13.5],"texture":"#texture"},"east":{"uv":[1.5,12.5,2,13.5],"texture":"#texture"},"south":{"uv":[1.5,12.5,4.25,13.5],"texture":"#texture"},"west":{"uv":[1.5,12.5,2,13.5],"texture":"#texture"},"up":{"uv":[1.5,12.5,4,13.5],"texture":"#texture"},"down":{"uv":[1.5,12.5,4,13.5],"texture":"#texture"}}},{"from":[13.125,6.5,7],"to":[13.4375,8.3125,7.5],"faces":{"north":{"uv":[1,7,4,7.5],"texture":"#texture"},"east":{"uv":[1,7,1.5,7.5],"texture":"#texture"},"south":{"uv":[1,7,4,7.5],"texture":"#texture"},"west":{"uv":[1,7,1.5,7.5],"texture":"#texture"},"up":{"uv":[1,7.25,3.5,7.5],"texture":"#texture"},"down":{"uv":[1,7.25,3.5,7.5],"texture":"#texture"}}},{"from":[12.125,6.5625,7],"to":[13.125,7.875,7.5],"faces":{"north":{"uv":[1.5,12.5,4.5,14],"texture":"#texture"},"east":{"uv":[1.5,12.5,2,14],"texture":"#texture"},"south":{"uv":[1.5,12.5,4.5,14],"texture":"#texture"},"west":{"uv":[1.5,12.5,2,14],"texture":"#texture"},"up":{"uv":[1.5,12.5,4,14],"texture":"#texture"},"down":{"uv":[1.5,12.5,4,14],"texture":"#texture"}}},{"from":[8.25,8.75,7],"to":[9.25,9,7.5],"faces":{"north":{"uv":[5.75,6.5,6.75,6.75],"texture":"#texture"},"east":{"uv":[6,6.5,6.5,6.75],"texture":"#texture"},"south":{"uv":[5.75,6.5,6.75,6.75],"texture":"#texture"},"west":{"uv":[6,6.5,6.5,6.75],"texture":"#texture"},"up":{"uv":[6,6.5,7,7],"texture":"#texture"},"down":{"uv":[6,6.5,7,7],"texture":"#texture"}}},{"from":[8.75,9,7],"to":[9.25,9.25,7.5],"faces":{"north":{"uv":[5.75,7,6.75,7.25],"texture":"#texture"},"east":{"uv":[5.75,7,6.25,7.25],"texture":"#texture"},"south":{"uv":[5.75,7,6.75,7.25],"texture":"#texture"},"west":{"uv":[5.75,7,6.25,7.25],"texture":"#texture"},"up":{"uv":[6,7,7,7.5],"texture":"#texture"},"down":{"uv":[6,7,7,7.5],"texture":"#texture"}}},{"from":[9,9.25,7.1875],"to":[9.25,9.375,7.3125],"faces":{"north":{"uv":[5.75,7,6.75,7.25],"texture":"#texture"},"east":{"uv":[5.75,7,6.25,7.25],"texture":"#texture"},"south":{"uv":[5.75,7,6.75,7.25],"texture":"#texture"},"west":{"uv":[5.75,7,6.25,7.25],"texture":"#texture"},"up":{"uv":[6,7,7,7.5],"texture":"#texture"},"down":{"uv":[6,7,7,7.5],"texture":"#texture"}}},{"from":[8.625,6.875,7.0625],"to":[9.3125,7.25,7.4375],"rotation":{"angle":45,"axis":"z","origin":[8.625,7.25,7.0625]},"faces":{"north":{"uv":[5,9.75,1,9],"texture":"#texture"},"east":{"uv":[4.5,9.75,5,9],"texture":"#texture"},"south":{"uv":[5,9.75,1,9],"texture":"#texture"},"west":{"uv":[4.5,9.75,5,9],"texture":"#texture"},"up":{"uv":[1,9,5,10],"texture":"#texture"},"down":{"uv":[1,9.5,5,10],"texture":"#texture"}}},{"from":[5.0625,8.75,7.125],"to":[8.4375,8.875,7.375],"faces":{"north":{"uv":[1.5,6,7,6.5],"texture":"#texture"},"east":{"uv":[6.5,6,7,6.5],"texture":"#texture"},"south":{"uv":[1.5,6,7,6.5],"texture":"#texture"},"west":{"uv":[6.5,6,7,6.5],"texture":"#texture"},"up":{"uv":[1.5,6.5,7,6],"texture":"#texture"},"down":{"uv":[1.5,6.5,7,6],"texture":"#texture"}}},{"from":[1.5,8.6875,7.125],"to":[5.0625,8.875,7.375],"faces":{"north":{"uv":[4.5,2,9.5,2.5],"texture":"#texture"},"east":{"uv":[8,14.25,8.5,14.75],"texture":"#texture"},"south":{"uv":[4.5,2,9.5,2.5],"texture":"#texture"},"west":{"uv":[8,14.25,8.5,14.75],"texture":"#texture"},"up":{"uv":[4.5,2.5,9.5,2],"texture":"#texture"},"down":{"uv":[4.5,2.5,9.5,2],"texture":"#texture"}}},{"from":[-0.75,7.75,7],"to":[0.0625,8.3125,7.4375],"faces":{"north":{"uv":[0.75,3,1.75,3.5],"texture":"#texture"},"east":{"uv":[2.5,3.25,3,3.75],"texture":"#texture"},"south":{"uv":[0.75,3,1.75,3.5],"texture":"#texture"},"west":{"uv":[2.5,3.25,3,3.75],"texture":"#texture"},"up":{"uv":[0.75,3,1.75,3.5],"texture":"#texture"},"down":{"uv":[0.75,3,1.75,3.5],"texture":"#texture"}}},{"from":[1.25,8.8125,7.125],"to":[1.5625,9.5,7.375],"faces":{"north":{"uv":[3.75,1.5,4.25,2.75],"texture":"#texture"},"east":{"uv":[3.75,1.75,4.25,3.25],"texture":"#texture"},"south":{"uv":[3.75,1.5,4.25,2.75],"texture":"#texture"},"west":{"uv":[3.75,1.75,4.25,3.25],"texture":"#texture"},"up":{"uv":[4,2.25,4.5,2.75],"texture":"#texture"},"down":{"uv":[4,2.25,4.5,2.75],"texture":"#texture"}}}],"display":{"thirdperson_righthand":{"rotation":[-90,-90,-90],"translation":[-2.08,1.32,1.13],"scale":[1.6,1.64,1.65]},"thirdperson_lefthand":{"rotation":[108,95,-101],"translation":[0.19,0.76,1.12],"scale":[1.6,1.64,1.65]},"firstperson_righthand":{"rotation":[0,-96,0],"translation":[-4.54,4.2856,4.35],"scale":[0.98,1.26,1.35]},"firstperson_lefthand":{"rotation":[0,91,0],"translation":[-2.198,4.1739,4.34],"scale":[0.98,1.26,1.35]},"ground":{"rotation":[0,-92,-18],"translation":[2.08,-0.57,-2.27],"scale":[1.23,0.98,1.13]},"gui":{"rotation":[4,166,-38],"translation":[-1.89,-1.32,0],"scale":[1.17,1.07,1.64]},"head":{"rotation":[-3,-3,-34],"translation":[1.89,-15.12,6.99],"scale":[2.5,2.5,2.5]},"fixed":{"rotation":[-4,4,-37],"translation":[3,-0.9,0.2],"scale":[1.5,1.5,1.5]}}}