{"credit":"Made with Blockbench","textures":{"0":"ttp/qualityarmory/rgbsheet1","1":"ttp/qualityarmory/texturedmaterials2","2":"ttp/qualityarmory/texturedmaterials1","particle":"ttp/qualityarmory/rgbsheet1"},"elements":[{"from":[6.25,9.25,11.25],"to":[7.75,11.25,17.5],"faces":{"north":{"uv":[8,12,16,16],"texture":"#1"},"east":{"uv":[8,12,16,16],"texture":"#1"},"south":{"uv":[8,12,16,16],"texture":"#1"},"west":{"uv":[8,12,16,16],"texture":"#1"},"up":{"uv":[8,12,16,16],"texture":"#1"},"down":{"uv":[8,12,16,16],"texture":"#1"}}},{"from":[7,7,12.25],"to":[10,8,13.5],"faces":{"north":{"uv":[8,12,16,16],"texture":"#1"},"east":{"uv":[8,12,16,16],"texture":"#1"},"south":{"uv":[8,12,16,16],"texture":"#1"},"west":{"uv":[8,12,16,16],"texture":"#1"},"up":{"uv":[8,12,16,16],"texture":"#1"},"down":{"uv":[8,12,16,16],"texture":"#1"}}},{"from":[7,7.25,8.25],"to":[10,8,12.25],"faces":{"north":{"uv":[2,12,6,15],"texture":"#2"},"east":{"uv":[2,12,6,15],"texture":"#2"},"south":{"uv":[2,12,6,15],"texture":"#2"},"west":{"uv":[2,12,6,15],"texture":"#2"},"up":{"uv":[2,12,6,15],"texture":"#2"},"down":{"uv":[2,12,6,15],"texture":"#2"}}},{"from":[7,7,7],"to":[10,8,8.25],"faces":{"north":{"uv":[8,12,16,16],"texture":"#1"},"east":{"uv":[8,12,16,16],"texture":"#1"},"south":{"uv":[8,12,16,16],"texture":"#1"},"west":{"uv":[8,12,16,16],"texture":"#1"},"up":{"uv":[8,12,16,16],"texture":"#1"},"down":{"uv":[8,12,16,16],"texture":"#1"}}},{"from":[7.5,6.5,18.75],"to":[9.75,8.5,24.75],"rotation":{"angle":-45,"axis":"x","origin":[8.625,7.5,21.75]},"faces":{"north":{"uv":[9,12,15,16],"texture":"#2"},"east":{"uv":[9,12,15,16],"texture":"#2"},"south":{"uv":[9,12,15,16],"texture":"#2"},"west":{"uv":[9,12,15,16],"texture":"#2"},"up":{"uv":[9,12,15,16],"texture":"#2"},"down":{"uv":[9,12,15,16],"texture":"#2"}}},{"from":[7.5,5.5,15.75],"to":[9.75,7.5,21.75],"rotation":{"angle":22.5,"axis":"x","origin":[8.625,6.5,18.75]},"faces":{"north":{"uv":[9,12,15,16],"texture":"#2"},"east":{"uv":[9,12,15,16],"texture":"#2"},"south":{"uv":[9,12,15,16],"texture":"#2"},"west":{"uv":[9,12,15,16],"texture":"#2"},"up":{"uv":[9,12,15,16],"texture":"#2"},"down":{"uv":[9,12,15,16],"texture":"#2"}}},{"from":[8.875,12.375,13],"to":[9.375,12.625,17.75],"rotation":{"angle":45,"axis":"z","origin":[9.125,12.5,15.375]},"faces":{"north":{"uv":[2,12,6,15],"rotation":270,"texture":"#2"},"east":{"uv":[2,12,6,15],"rotation":270,"texture":"#2"},"south":{"uv":[2,12,6,15],"rotation":270,"texture":"#2"},"west":{"uv":[2,12,6,15],"rotation":270,"texture":"#2"},"up":{"uv":[2,12,6,15],"rotation":270,"texture":"#2"},"down":{"uv":[2,12,6,15],"rotation":270,"texture":"#2"}}},{"from":[8.875,12.375,13],"to":[9.375,12.625,17.75],"faces":{"north":{"uv":[2,12,6,15],"rotation":270,"texture":"#2"},"east":{"uv":[2,12,6,15],"rotation":270,"texture":"#2"},"south":{"uv":[2,12,6,15],"rotation":270,"texture":"#2"},"west":{"uv":[2,12,6,15],"rotation":270,"texture":"#2"},"up":{"uv":[2,12,6,15],"rotation":270,"texture":"#2"},"down":{"uv":[2,12,6,15],"rotation":270,"texture":"#2"}}},{"from":[9,12.25,13],"to":[9.25,12.75,17.75],"rotation":{"angle":45,"axis":"z","origin":[9.125,12.5,15.375]},"faces":{"north":{"uv":[2,12,6,15],"texture":"#2"},"east":{"uv":[2,12,6,15],"texture":"#2"},"south":{"uv":[2,12,6,15],"texture":"#2"},"west":{"uv":[2,12,6,15],"texture":"#2"},"up":{"uv":[2,12,6,15],"texture":"#2"},"down":{"uv":[2,12,6,15],"texture":"#2"}}},{"from":[9,12.25,13],"to":[9.25,12.75,17.75],"faces":{"north":{"uv":[2,12,6,15],"texture":"#2"},"east":{"uv":[2,12,6,15],"texture":"#2"},"south":{"uv":[2,12,6,15],"texture":"#2"},"west":{"uv":[2,12,6,15],"texture":"#2"},"up":{"uv":[2,12,6,15],"texture":"#2"},"down":{"uv":[2,12,6,15],"texture":"#2"}}},{"from":[8.5,6,15.25],"to":[8.75,7.25,16],"faces":{"north":{"uv":[9,12,15,16],"texture":"#2"},"east":{"uv":[9,12,15,16],"texture":"#2"},"south":{"uv":[9,12,15,16],"texture":"#2"},"west":{"uv":[9,12,15,16],"texture":"#2"},"up":{"uv":[9,12,15,16],"texture":"#2"},"down":{"uv":[9,12,15,16],"texture":"#2"}}},{"from":[7.5,7.25,13.5],"to":[9.75,8,16.75],"faces":{"north":{"uv":[9,12,15,16],"texture":"#2"},"east":{"uv":[9,12,15,16],"texture":"#2"},"south":{"uv":[9,12,15,16],"texture":"#2"},"west":{"uv":[9,12,15,16],"texture":"#2"},"up":{"uv":[9,12,15,16],"texture":"#2"},"down":{"uv":[9,12,15,16],"texture":"#2"}}},{"from":[7.5,8,18],"to":[9.75,10.5,24.75],"faces":{"north":{"uv":[9,12,15,16],"texture":"#2"},"east":{"uv":[9,12,15,16],"texture":"#2"},"south":{"uv":[9,12,15,16],"texture":"#2"},"west":{"uv":[9,12,15,16],"texture":"#2"},"up":{"uv":[9,12,15,16],"texture":"#2"},"down":{"uv":[9,12,15,16],"texture":"#2"}}},{"from":[7,9.5,7],"to":[8.25,10.75,11.25],"faces":{"north":{"uv":[8,12,16,16],"texture":"#1"},"east":{"uv":[8,12,16,16],"texture":"#1"},"south":{"uv":[8,12,16,16],"texture":"#1"},"west":{"uv":[8,12,16,16],"texture":"#1"},"up":{"uv":[8,12,16,16],"texture":"#1"},"down":{"uv":[8,12,16,16],"texture":"#1"}}},{"from":[8.25,9.5,7],"to":[10,10.75,11.25],"faces":{"north":{"uv":[11,15,12,16],"texture":"#0"},"east":{"uv":[11,15,12,16],"texture":"#0"},"south":{"uv":[11,15,12,16],"texture":"#0"},"west":{"uv":[11,15,12,16],"texture":"#0"},"up":{"uv":[11,15,12,16],"texture":"#0"},"down":{"uv":[11,15,12,16],"texture":"#0"}}},{"from":[7,8,7],"to":[10,9.5,11.25],"faces":{"north":{"uv":[8,12,16,16],"texture":"#1"},"east":{"uv":[8,12,16,16],"texture":"#1"},"south":{"uv":[8,12,16,16],"texture":"#1"},"west":{"uv":[8,12,16,16],"texture":"#1"},"up":{"uv":[8,12,16,16],"texture":"#1"},"down":{"uv":[8,12,16,16],"texture":"#1"}}},{"from":[7,8,11.25],"to":[10,11,18],"faces":{"north":{"uv":[8,12,16,16],"texture":"#1"},"east":{"uv":[8,12,16,16],"texture":"#1"},"south":{"uv":[8,12,16,16],"texture":"#1"},"west":{"uv":[8,12,16,16],"texture":"#1"},"up":{"uv":[8,12,16,16],"texture":"#1"},"down":{"uv":[8,12,16,16],"texture":"#1"}}},{"from":[7.75,9.25,-3.25],"to":[9.25,9.75,-2.25],"faces":{"north":{"uv":[12,14,13,15],"texture":"#0"},"east":{"uv":[12,14,13,15],"texture":"#0"},"south":{"uv":[12,14,13,15],"texture":"#0"},"west":{"uv":[12,14,13,15],"texture":"#0"},"up":{"uv":[12,14,13,15],"texture":"#0"},"down":{"uv":[12,14,13,15],"texture":"#0"}}},{"from":[7.75,8.5,-2.5],"to":[9.25,10.5,-2.25],"faces":{"north":{"uv":[12,14,13,15],"texture":"#0"},"east":{"uv":[12,14,13,15],"texture":"#0"},"south":{"uv":[12,14,13,15],"texture":"#0"},"west":{"uv":[12,14,13,15],"texture":"#0"},"up":{"uv":[12,14,13,15],"texture":"#0"},"down":{"uv":[12,14,13,15],"texture":"#0"}}},{"from":[7.5,8,-3.5],"to":[9.5,8.5,-2.25],"faces":{"north":{"uv":[1,1,7,3],"texture":"#1"},"east":{"uv":[1,1,7,3],"texture":"#1"},"south":{"uv":[1,1,7,3],"texture":"#1"},"west":{"uv":[1,1,7,3],"texture":"#1"},"up":{"uv":[1,1,7,3],"texture":"#1"},"down":{"uv":[1,1,7,3],"texture":"#1"}}},{"from":[7.5,10.5,-3.5],"to":[9.5,11,-2.25],"faces":{"north":{"uv":[1,1,7,3],"texture":"#1"},"east":{"uv":[1,1,7,3],"texture":"#1"},"south":{"uv":[1,1,7,3],"texture":"#1"},"west":{"uv":[1,1,7,3],"texture":"#1"},"up":{"uv":[1,1,7,3],"texture":"#1"},"down":{"uv":[1,1,7,3],"texture":"#1"}}},{"from":[8,10,-3],"to":[9,10.5,-2.25],"faces":{"north":{"uv":[1,2,2,3],"texture":"#0"},"east":{"uv":[1,2,2,3],"texture":"#0"},"south":{"uv":[1,2,2,3],"texture":"#0"},"west":{"uv":[1,2,2,3],"texture":"#0"},"up":{"uv":[1,2,2,3],"texture":"#0"},"down":{"uv":[1,2,2,3],"texture":"#0"}}},{"from":[8,8.5,-3],"to":[9,9,-2.25],"faces":{"north":{"uv":[1,2,2,3],"texture":"#0"},"east":{"uv":[1,2,2,3],"texture":"#0"},"south":{"uv":[1,2,2,3],"texture":"#0"},"west":{"uv":[1,2,2,3],"texture":"#0"},"up":{"uv":[1,2,2,3],"texture":"#0"},"down":{"uv":[1,2,2,3],"texture":"#0"}}},{"from":[7,8.5,-3.5],"to":[7.75,10.5,-2.25],"faces":{"north":{"uv":[1,1,7,3],"texture":"#1"},"east":{"uv":[1,1,7,3],"texture":"#1"},"south":{"uv":[1,1,7,3],"texture":"#1"},"west":{"uv":[1,1,7,3],"texture":"#1"},"up":{"uv":[1,1,7,3],"texture":"#1"},"down":{"uv":[1,1,7,3],"texture":"#1"}}},{"from":[9.25,8.5,-3.5],"to":[10,10.5,-2.25],"faces":{"north":{"uv":[1,1,7,3],"texture":"#1"},"east":{"uv":[1,1,7,3],"texture":"#1"},"south":{"uv":[1,1,7,3],"texture":"#1"},"west":{"uv":[1,1,7,3],"texture":"#1"},"up":{"uv":[1,1,7,3],"texture":"#1"},"down":{"uv":[1,1,7,3],"texture":"#1"}}},{"from":[7,8,-2.25],"to":[10,11,0],"faces":{"north":{"uv":[1,1,7,3],"texture":"#1"},"east":{"uv":[1,1,7,3],"texture":"#1"},"south":{"uv":[1,1,7,3],"texture":"#1"},"west":{"uv":[1,1,7,3],"texture":"#1"},"up":{"uv":[1,1,7,3],"texture":"#1"},"down":{"uv":[1,1,7,3],"texture":"#1"}}},{"from":[7,7.65,2.5],"to":[10,8,7],"faces":{"north":{"uv":[2,12,6,15],"texture":"#2"},"east":{"uv":[2,12,6,15],"texture":"#2"},"south":{"uv":[2,12,6,15],"texture":"#2"},"west":{"uv":[2,12,6,15],"texture":"#2"},"up":{"uv":[2,12,6,15],"texture":"#2"},"down":{"uv":[2,12,6,15],"texture":"#2"}}},{"from":[7,7.5,1.75],"to":[10,8,2.5],"faces":{"north":{"uv":[15,0,16,1],"texture":"#0"},"east":{"uv":[15,0,16,1],"texture":"#0"},"south":{"uv":[15,0,16,1],"texture":"#0"},"west":{"uv":[15,0,16,1],"texture":"#0"},"up":{"uv":[15,0,16,1],"texture":"#0"},"down":{"uv":[15,0,16,1],"texture":"#0"}}},{"from":[8,11.75,13.25],"to":[8.25,13,16],"rotation":{"angle":-22.5,"axis":"z","origin":[8.125,12.375,14.625]},"faces":{"north":{"uv":[2,12,6,15],"texture":"#2"},"east":{"uv":[2,12,6,15],"texture":"#2"},"south":{"uv":[2,12,6,15],"texture":"#2"},"west":{"uv":[2,12,6,15],"texture":"#2"},"up":{"uv":[2,12,6,15],"texture":"#2"},"down":{"uv":[2,12,6,15],"texture":"#2"}}},{"from":[9,11.75,13.25],"to":[9.25,13,16],"rotation":{"angle":22.5,"axis":"z","origin":[9.125,12.375,14.625]},"faces":{"north":{"uv":[2,12,6,15],"texture":"#2"},"east":{"uv":[2,12,6,15],"texture":"#2"},"south":{"uv":[2,12,6,15],"texture":"#2"},"west":{"uv":[2,12,6,15],"texture":"#2"},"up":{"uv":[2,12,6,15],"texture":"#2"},"down":{"uv":[2,12,6,15],"texture":"#2"}}},{"from":[8.25,11.75,13.25],"to":[9,13,15.75],"faces":{"north":{"uv":[2,12,6,15],"texture":"#2"},"east":{"uv":[2,12,6,15],"texture":"#2"},"south":{"uv":[2,12,6,15],"texture":"#2"},"west":{"uv":[2,12,6,15],"texture":"#2"},"up":{"uv":[2,12,6,15],"texture":"#2"},"down":{"uv":[2,12,6,15],"texture":"#2"}}},{"from":[7.75,10.75,13.25],"to":[9.5,12,16],"faces":{"north":{"uv":[2,12,6,15],"texture":"#2"},"east":{"uv":[2,12,6,15],"texture":"#2"},"south":{"uv":[2,12,6,15],"texture":"#2"},"west":{"uv":[2,12,6,15],"texture":"#2"},"up":{"uv":[2,12,6,15],"texture":"#2"},"down":{"uv":[2,12,6,15],"texture":"#2"}}},{"from":[7.25,10.75,0],"to":[9.75,11.25,18],"faces":{"north":{"uv":[8,12,16,16],"texture":"#1"},"east":{"uv":[8,12,16,16],"texture":"#1"},"south":{"uv":[8,12,16,16],"texture":"#1"},"west":{"uv":[8,12,16,16],"texture":"#1"},"up":{"uv":[8,12,16,16],"texture":"#1"},"down":{"uv":[8,12,16,16],"texture":"#1"}}},{"from":[7,8,0],"to":[10,11,7],"faces":{"north":{"uv":[8,12,16,16],"texture":"#1"},"east":{"uv":[8,12,16,16],"texture":"#1"},"south":{"uv":[8,12,16,16],"texture":"#1"},"west":{"uv":[8,12,16,16],"texture":"#1"},"up":{"uv":[8,12,16,16],"texture":"#1"},"down":{"uv":[8,12,16,16],"texture":"#1"}}},{"from":[5.875,10.125,15.75],"to":[7.875,10.875,16.75],"rotation":{"angle":45,"axis":"z","origin":[6.875,10.5,16.875]},"faces":{"north":{"uv":[12,14,13,15],"rotation":270,"texture":"#0"},"east":{"uv":[12,14,13,15],"rotation":270,"texture":"#0"},"south":{"uv":[12,14,13,15],"rotation":270,"texture":"#0"},"west":{"uv":[12,14,13,15],"rotation":270,"texture":"#0"},"up":{"uv":[12,14,13,15],"rotation":270,"texture":"#0"},"down":{"uv":[12,14,13,15],"rotation":270,"texture":"#0"}}},{"from":[5.875,10.125,15.75],"to":[7.875,10.875,16.75],"faces":{"north":{"uv":[12,14,13,15],"rotation":270,"texture":"#0"},"east":{"uv":[12,14,13,15],"rotation":270,"texture":"#0"},"south":{"uv":[12,14,13,15],"rotation":270,"texture":"#0"},"west":{"uv":[12,14,13,15],"rotation":270,"texture":"#0"},"up":{"uv":[12,14,13,15],"rotation":270,"texture":"#0"},"down":{"uv":[12,14,13,15],"rotation":270,"texture":"#0"}}},{"from":[6.5,9.5,15.75],"to":[7.25,11.5,16.75],"rotation":{"angle":45,"axis":"z","origin":[6.875,10.5,16.875]},"faces":{"north":{"uv":[12,14,13,15],"texture":"#0"},"east":{"uv":[12,14,13,15],"texture":"#0"},"south":{"uv":[12,14,13,15],"texture":"#0"},"west":{"uv":[12,14,13,15],"texture":"#0"},"up":{"uv":[12,14,13,15],"texture":"#0"},"down":{"uv":[12,14,13,15],"texture":"#0"}}},{"from":[6.5,9.5,15.75],"to":[7.25,11.5,16.75],"faces":{"north":{"uv":[12,14,13,15],"texture":"#0"},"east":{"uv":[12,14,13,15],"texture":"#0"},"south":{"uv":[12,14,13,15],"texture":"#0"},"west":{"uv":[12,14,13,15],"texture":"#0"},"up":{"uv":[12,14,13,15],"texture":"#0"},"down":{"uv":[12,14,13,15],"texture":"#0"}}},{"from":[5.875,10.125,13.5],"to":[7.875,10.875,15.75],"rotation":{"angle":45,"axis":"z","origin":[6.875,10.5,14.625]},"faces":{"north":{"uv":[3,5,4,6],"rotation":270,"texture":"#0"},"east":{"uv":[3,5,4,6],"rotation":270,"texture":"#0"},"south":{"uv":[3,5,4,6],"rotation":270,"texture":"#0"},"west":{"uv":[3,5,4,6],"rotation":270,"texture":"#0"},"up":{"uv":[3,5,4,6],"rotation":270,"texture":"#0"},"down":{"uv":[3,5,4,6],"rotation":270,"texture":"#0"}}},{"from":[5.875,10.125,13.5],"to":[7.875,10.875,15.75],"faces":{"north":{"uv":[3,5,4,6],"rotation":270,"texture":"#0"},"east":{"uv":[3,5,4,6],"rotation":270,"texture":"#0"},"south":{"uv":[3,5,4,6],"rotation":270,"texture":"#0"},"west":{"uv":[3,5,4,6],"rotation":270,"texture":"#0"},"up":{"uv":[3,5,4,6],"rotation":270,"texture":"#0"},"down":{"uv":[3,5,4,6],"rotation":270,"texture":"#0"}}},{"from":[6.5,9.5,13.5],"to":[7.25,11.5,15.75],"rotation":{"angle":45,"axis":"z","origin":[6.875,10.5,14.625]},"faces":{"north":{"uv":[3,5,4,6],"texture":"#0"},"east":{"uv":[3,5,4,6],"texture":"#0"},"south":{"uv":[3,5,4,6],"texture":"#0"},"west":{"uv":[3,5,4,6],"texture":"#0"},"up":{"uv":[3,5,4,6],"texture":"#0"},"down":{"uv":[3,5,4,6],"texture":"#0"}}},{"from":[6.5,9.5,13.5],"to":[7.25,11.5,15.75],"faces":{"north":{"uv":[3,5,4,6],"texture":"#0"},"east":{"uv":[3,5,4,6],"texture":"#0"},"south":{"uv":[3,5,4,6],"texture":"#0"},"west":{"uv":[3,5,4,6],"texture":"#0"},"up":{"uv":[3,5,4,6],"texture":"#0"},"down":{"uv":[3,5,4,6],"texture":"#0"}}}],"display":{"thirdperson_righthand":{"rotation":[0,-1,0],"translation":[-1.5,1,-5.5],"scale":[0.75,0.75,0.75]},"gui":{"rotation":[61,-48,25],"translation":[1.5,1,0],"scale":[0.7,0.7,0.65]},"fixed":{"rotation":[-97,132,99],"translation":[-4,3.25,-0.75]}}}