{
	"credit": "Made with Blockbench",
	"textures": {
		"2": "ttp/qualityarmory/texturedmaterials1",
		"particle": "ttp/qualityarmory/rgbsheet1"
	},
	"elements": [
		{
			"name": "back",
			"from": [7.99, 8.65271, 15.81429],
			"to": [9.01, 9.30271, 18.06429],
			"faces": {
				"north": {"uv": [8, 0, 16, 4], "texture": "#2"},
				"east": {"uv": [8, 0, 16, 4], "texture": "#2"},
				"south": {"uv": [8, 0, 16, 4], "texture": "#2"},
				"west": {"uv": [8, 0, 16, 4], "texture": "#2"},
				"up": {"uv": [8, 0, 16, 4], "texture": "#2"},
				"down": {"uv": [8, 0, 16, 4], "texture": "#2"}
			}
		},
		{
			"name": "back",
			"from": [7.99, 11.65271, 14.31429],
			"to": [9.01, 12.80271, 18.06429],
			"rotation": {"angle": 22.5, "axis": "x", "origin": [8, 11, 8]},
			"faces": {
				"north": {"uv": [8, 0, 16, 4], "texture": "#2"},
				"east": {"uv": [8, 0, 16, 4], "texture": "#2"},
				"south": {"uv": [8, 0, 16, 4], "texture": "#2"},
				"west": {"uv": [8, 0, 16, 4], "texture": "#2"},
				"up": {"uv": [8, 0, 16, 4], "texture": "#2"},
				"down": {"uv": [8, 0, 16, 4], "texture": "#2"}
			}
		},
		{
			"name": "back",
			"from": [7.99, 8.90271, 13.06429],
			"to": [9.01, 9.30271, 14.06429],
			"faces": {
				"north": {"uv": [8, 0, 16, 4], "texture": "#2"},
				"east": {"uv": [8, 0, 16, 4], "texture": "#2"},
				"south": {"uv": [8, 0, 16, 4], "texture": "#2"},
				"west": {"uv": [8, 0, 16, 4], "texture": "#2"},
				"up": {"uv": [8, 0, 16, 4], "texture": "#2"},
				"down": {"uv": [8, 0, 16, 4], "texture": "#2"}
			}
		},
		{
			"name": "back",
			"from": [7.99, 9.15271, 13.06429],
			"to": [9.01, 10.80271, 18.06429],
			"faces": {
				"north": {"uv": [8, 0, 16, 4], "texture": "#2"},
				"east": {"uv": [8, 0, 16, 4], "texture": "#2"},
				"south": {"uv": [8, 0, 16, 4], "texture": "#2"},
				"west": {"uv": [8, 0, 16, 4], "texture": "#2"},
				"up": {"uv": [8, 0, 16, 4], "texture": "#2"},
				"down": {"uv": [8, 0, 16, 4], "texture": "#2"}
			}
		},
		{
			"name": "pipe",
			"from": [8, 11, -5.75],
			"to": [9, 11.54, -2.25],
			"rotation": {"angle": 0, "axis": "y", "origin": [8, 8.25, 8]},
			"faces": {
				"north": {"uv": [0, 4, 6, 7], "texture": "#2"},
				"east": {"uv": [0, 4, 6, 7], "texture": "#2"},
				"south": {"uv": [0, 4, 6, 7], "texture": "#2"},
				"west": {"uv": [0, 4, 6, 7], "texture": "#2"},
				"up": {"uv": [0, 4, 6, 7], "texture": "#2"},
				"down": {"uv": [0, 4, 6, 7], "texture": "#2"}
			}
		},
		{
			"name": "pipe",
			"from": [8.25, 10.5, -5.75],
			"to": [8.75, 11.75, -2],
			"faces": {
				"north": {"uv": [0, 4, 6, 7], "texture": "#2"},
				"east": {"uv": [0, 4, 6, 7], "texture": "#2"},
				"south": {"uv": [0, 4, 6, 7], "texture": "#2"},
				"west": {"uv": [0, 4, 6, 7], "texture": "#2"},
				"up": {"uv": [0, 4, 6, 7], "texture": "#2"},
				"down": {"uv": [0, 4, 6, 7], "texture": "#2"}
			}
		},
		{
			"name": "woodholder",
			"from": [8, 10, 3.75],
			"to": [9, 10.25, 11],
			"faces": {
				"north": {"uv": [8, 0, 16, 4], "texture": "#2"},
				"east": {"uv": [8, 0, 16, 4], "texture": "#2"},
				"south": {"uv": [8, 0, 16, 4], "texture": "#2"},
				"west": {"uv": [8, 0, 16, 4], "texture": "#2"},
				"up": {"uv": [8, 0, 16, 4], "texture": "#2"},
				"down": {"uv": [8, 0, 16, 4], "texture": "#2"}
			}
		},
		{
			"name": "woodholder",
			"from": [7.75, 10.25, 1.75],
			"to": [9.25, 11.25, 11],
			"faces": {
				"north": {"uv": [8, 0, 16, 4], "texture": "#2"},
				"east": {"uv": [8, 0, 16, 4], "texture": "#2"},
				"south": {"uv": [8, 0, 16, 4], "texture": "#2"},
				"west": {"uv": [8, 0, 16, 4], "texture": "#2"},
				"up": {"uv": [8, 0, 16, 4], "texture": "#2"},
				"down": {"uv": [8, 0, 16, 4], "texture": "#2"}
			}
		},
		{
			"name": "woodholder",
			"from": [7.75, 10.75, -2.25],
			"to": [9.25, 11.5, 1.5],
			"rotation": {"angle": 0, "axis": "y", "origin": [8, 8.5, 4]},
			"faces": {
				"north": {"uv": [8, 0, 16, 4], "texture": "#2"},
				"east": {"uv": [8, 0, 16, 4], "texture": "#2"},
				"south": {"uv": [8, 0, 16, 4], "texture": "#2"},
				"west": {"uv": [8, 0, 16, 4], "texture": "#2"},
				"up": {"uv": [8, 0, 16, 4], "texture": "#2"},
				"down": {"uv": [8, 0, 16, 4], "texture": "#2"}
			}
		},
		{
			"name": "woodholder",
			"from": [8, 10.5, -2.25],
			"to": [9, 11.75, 1.5],
			"rotation": {"angle": 0, "axis": "y", "origin": [8, 9.25, 4]},
			"faces": {
				"north": {"uv": [8, 0, 16, 4], "texture": "#2"},
				"east": {"uv": [8, 0, 16, 4], "texture": "#2"},
				"south": {"uv": [8, 0, 16, 4], "texture": "#2"},
				"west": {"uv": [8, 0, 16, 4], "texture": "#2"},
				"up": {"uv": [8, 0, 16, 4], "texture": "#2"},
				"down": {"uv": [8, 0, 16, 4], "texture": "#2"}
			}
		},
		{
			"name": "woodholder",
			"from": [7.75, 10.75, 1.75],
			"to": [9.25, 11.5, 7.25],
			"rotation": {"angle": 0, "axis": "y", "origin": [8, 8.5, 8]},
			"faces": {
				"north": {"uv": [8, 0, 16, 4], "texture": "#2"},
				"east": {"uv": [8, 0, 16, 4], "texture": "#2"},
				"south": {"uv": [8, 0, 16, 4], "texture": "#2"},
				"west": {"uv": [8, 0, 16, 4], "texture": "#2"},
				"up": {"uv": [8, 0, 16, 4], "texture": "#2"},
				"down": {"uv": [8, 0, 16, 4], "texture": "#2"}
			}
		},
		{
			"name": "woodholder",
			"from": [8, 11.5, 1.75],
			"to": [9, 11.75, 7.25],
			"rotation": {"angle": 0, "axis": "y", "origin": [8, 9.25, 8]},
			"faces": {
				"north": {"uv": [8, 0, 16, 4], "texture": "#2"},
				"east": {"uv": [8, 0, 16, 4], "texture": "#2"},
				"south": {"uv": [8, 0, 16, 4], "texture": "#2"},
				"west": {"uv": [8, 0, 16, 4], "texture": "#2"},
				"up": {"uv": [8, 0, 16, 4], "texture": "#2"},
				"down": {"uv": [8, 0, 16, 4], "texture": "#2"}
			}
		},
		{
			"name": "woodholder",
			"from": [7.75, 10.75, 1.5],
			"to": [9.25, 11.5, 1.75],
			"rotation": {"angle": 0, "axis": "y", "origin": [8, 8.5, 7.75]},
			"faces": {
				"north": {"uv": [0, 12, 8, 16], "texture": "#2"},
				"east": {"uv": [0, 12, 8, 16], "texture": "#2"},
				"south": {"uv": [0, 12, 8, 16], "texture": "#2"},
				"west": {"uv": [0, 12, 8, 16], "texture": "#2"},
				"up": {"uv": [0, 12, 8, 16], "texture": "#2"},
				"down": {"uv": [0, 12, 8, 16], "texture": "#2"}
			}
		},
		{
			"name": "woodholder",
			"from": [8, 11.5, 1.5],
			"to": [9, 11.75, 1.75],
			"rotation": {"angle": 0, "axis": "y", "origin": [8, 9.25, 7.75]},
			"faces": {
				"north": {"uv": [0, 12, 8, 16], "texture": "#2"},
				"east": {"uv": [0, 12, 8, 16], "texture": "#2"},
				"south": {"uv": [0, 12, 8, 16], "texture": "#2"},
				"west": {"uv": [0, 12, 8, 16], "texture": "#2"},
				"up": {"uv": [0, 12, 8, 16], "texture": "#2"},
				"down": {"uv": [0, 12, 8, 16], "texture": "#2"}
			}
		},
		{
			"name": "stock",
			"from": [8, 11.5, 11],
			"to": [9, 12.5, 14],
			"rotation": {"angle": 22.5, "axis": "x", "origin": [8.5, 12.5, 8]},
			"faces": {
				"north": {"uv": [8, 0, 16, 4], "texture": "#2"},
				"east": {"uv": [8, 0, 16, 4], "texture": "#2"},
				"south": {"uv": [8, 0, 16, 4], "texture": "#2"},
				"west": {"uv": [8, 0, 16, 4], "texture": "#2"},
				"up": {"uv": [8, 0, 16, 4], "texture": "#2"},
				"down": {"uv": [8, 0, 16, 4], "texture": "#2"}
			}
		},
		{
			"name": "scopestand 1",
			"from": [8, 11.75, 5],
			"to": [9, 12, 6],
			"faces": {
				"north": {"uv": [0, 4, 6, 7], "texture": "#2"},
				"east": {"uv": [0, 4, 6, 7], "texture": "#2"},
				"south": {"uv": [0, 4, 6, 7], "texture": "#2"},
				"west": {"uv": [0, 4, 6, 7], "texture": "#2"},
				"up": {"uv": [0, 4, 6, 7], "texture": "#2"},
				"down": {"uv": [0, 4, 6, 7], "texture": "#2"}
			}
		},
		{
			"name": "ScopeStand2",
			"from": [8, 11.5, 10.25],
			"to": [9, 12, 11],
			"rotation": {"angle": 0, "axis": "y", "origin": [8, 8, 10]},
			"faces": {
				"north": {"uv": [0, 12, 6, 15], "texture": "#2"},
				"east": {"uv": [0, 12, 6, 15], "texture": "#2"},
				"south": {"uv": [0, 12, 6, 15], "texture": "#2"},
				"west": {"uv": [0, 12, 6, 15], "texture": "#2"},
				"up": {"uv": [0, 12, 6, 15], "texture": "#2"},
				"down": {"uv": [0, 12, 6, 15], "texture": "#2"}
			}
		},
		{
			"name": "ScopeStand3",
			"from": [8, 11.25, 7.25],
			"to": [9, 11.75, 10.75],
			"rotation": {"angle": 0, "axis": "y", "origin": [8, 7.75, 7.25]},
			"faces": {
				"north": {"uv": [0, 8, 6, 11], "texture": "#2"},
				"east": {"uv": [0, 8, 6, 11], "texture": "#2"},
				"south": {"uv": [0, 8, 6, 11], "texture": "#2"},
				"west": {"uv": [0, 8, 6, 11], "texture": "#2"},
				"up": {"uv": [0, 8, 6, 11], "texture": "#2"},
				"down": {"uv": [0, 8, 6, 11], "texture": "#2"}
			}
		}
	],
	"display": {
		"thirdperson_righthand": {
			"translation": [-1.5, -2.5, 0]
		},
		"thirdperson_lefthand": {
			"translation": [-12, -1.5, -1]
		},
		"firstperson_righthand": {
			"rotation": [0, -2, 0],
			"translation": [-3.25, 0.25, 0],
			"scale": [1.6, 1.6, 1.6]
		},
		"firstperson_lefthand": {
			"translation": [-7.5, -5.5, 4.25],
			"scale": [3, 3, 0.59]
		},
		"ground": {
			"rotation": [0, 0, -23],
			"translation": [3.59, -0.94, 6.05]
		},
		"gui": {
			"rotation": [-66, -130, -117],
			"translation": [-1, 0.5, 0],
			"scale": [0.9, 0.9, 0.9]
		},
		"fixed": {
			"rotation": [-97, 132, 99],
			"translation": [-1.25, -1.75, -0.75]
		}
	},
	"groups": [0, 1, 2, 3, 4, 5, 6, 7, 8, 9, 10, 11, 12, 13, 14, 15, 16, 17,
		{
			"name": "group",
			"origin": [8, 8, 8],
			"children": []
		}
	]
}