{"credit":"Made with Blockbench","texture_size":[32,32],"textures":{"0":"ttp/qualityarmory/revolver","particle":"ttp/qualityarmory/revolver"},"elements":[{"from":[6,0,22],"to":[10,2.5,27],"rotation":{"angle":0,"axis":"y","origin":[0,0,11]},"faces":{"north":{"uv":[0,8.5,2,9.5],"texture":"#0"},"east":{"uv":[0,7.5,1,8.5],"texture":"#0"},"west":{"uv":[0.5,7.5,1,8.5],"texture":"#0"},"down":{"uv":[0,9,2,9.5],"texture":"#0"}}},{"from":[6,7.6967,29.16726],"to":[10,9.1967,30.91726],"rotation":{"angle":-45,"axis":"x","origin":[8,-2.8033,33.66726]},"faces":{"east":{"uv":[0,7.5,0.5,8],"texture":"#0"},"west":{"uv":[0,7.5,0.5,8],"texture":"#0"},"up":{"uv":[0,8.5,2,9],"texture":"#0"}}},{"from":[6,1.93934,28.68198],"to":[10,3.93934,31.68198],"rotation":{"angle":-45,"axis":"x","origin":[8,-1.06066,30.18198]},"faces":{"east":{"uv":[0,8,2.5,8.5],"texture":"#0"},"west":{"uv":[0,8,2.5,8.5],"texture":"#0"},"down":{"uv":[0,9,2,9.5],"texture":"#0"}}},{"from":[5.99,0.78401,22.3982],"to":[10.01,10.78401,27.3982],"rotation":{"angle":-22.5,"axis":"x","origin":[8,5.78401,24.8982]},"faces":{"north":{"uv":[4,4,6,8.5],"texture":"#0"},"east":{"uv":[2.5,4,0,8.5],"texture":"#0"},"south":{"uv":[2,4,4,8.5],"texture":"#0"},"west":{"uv":[0,4,2.5,8.5],"texture":"#0"},"up":{"uv":[0,0,4,5],"texture":"#missing"},"down":{"uv":[0,0,4,5],"texture":"#missing"}}},{"from":[6.01,7.03401,20.1482],"to":[9.99,9.03401,23.1482],"rotation":{"angle":0,"axis":"x","origin":[8,5.78401,24.8982]},"faces":{"north":{"uv":[4,8,6,8.5],"texture":"#0"},"east":{"uv":[4,8,4.5,8.5],"texture":"#0"},"west":{"uv":[4,8,4.5,8.5],"texture":"#0"},"up":{"uv":[0,0,4,3],"texture":"#missing"},"down":{"uv":[4,8,6,8.5],"texture":"#0"}}},{"from":[6,8.80357,19.30672],"to":[10,10.80357,22.30672],"rotation":{"angle":22.5,"axis":"x","origin":[8,6.80357,20.30672]},"faces":{"north":{"uv":[4,4,4.5,4.5],"texture":"#0"},"east":{"uv":[4,4,4.5,4.5],"texture":"#0"},"west":{"uv":[4,4,4.5,4.5],"texture":"#0"},"down":{"uv":[0,0,4,3],"texture":"#missing"}}},{"from":[6,7.57521,21.37238],"to":[10,10.57521,24.37238],"rotation":{"angle":-22.5,"axis":"x","origin":[8,9.57521,20.37238]},"faces":{"east":{"uv":[4,4,4.5,4.5],"texture":"#0"},"west":{"uv":[4,4,4.5,4.5],"texture":"#0"},"up":{"uv":[4,4,4.5,4.5],"texture":"#0"}}},{"from":[6,9.02982,23.68521],"to":[10,12.02982,25.68521],"rotation":{"angle":0,"axis":"x","origin":[8,10.02982,17.68521]},"faces":{"east":{"uv":[4,4,4.5,4.5],"texture":"#0"},"west":{"uv":[4,4,4.5,4.5],"texture":"#0"},"up":{"uv":[4,4,4.5,4.5],"texture":"#0"}}},{"from":[6,10.56782,25.68521],"to":[10,12.02982,27.68521],"rotation":{"angle":0,"axis":"x","origin":[8,10.56782,14.68521]},"faces":{"east":{"uv":[4,4,4.5,4.5],"texture":"#0"},"south":{"uv":[4,4,6,4.5],"texture":"#0"},"west":{"uv":[4,4,4.5,4.5],"texture":"#0"},"up":{"uv":[4,4,4.5,4.5],"texture":"#0"}}},{"from":[6,10.52976,25.49387],"to":[10,11.77976,27.49387],"rotation":{"angle":-22.5,"axis":"x","origin":[8,11.02976,27.49387]},"faces":{"east":{"uv":[4,4,4.5,4.5],"texture":"#0"},"west":{"uv":[4,4,4.5,4.5],"texture":"#0"},"down":{"uv":[4,4,6,4.5],"texture":"#0"}}},{"from":[6.5,10.6004,27.5473],"to":[9.5,11.6004,28.5473],"rotation":{"angle":-22.5,"axis":"x","origin":[0,10.30042,27.2973]},"faces":{"east":{"uv":[1.5,9.5,3.5,11.5],"texture":"#0"},"south":{"uv":[0,0,3,1],"texture":"#missing"},"west":{"uv":[1.5,9.5,3.5,11.5],"texture":"#0"},"down":{"uv":[1.5,9.5,3.5,11.5],"texture":"#0"}}},{"from":[6.5,10.7113,24.06988],"to":[9.5,12.7113,28.06988],"rotation":{"angle":22.5,"axis":"x","origin":[8,10.2113,29.06988]},"faces":{"east":{"uv":[2,14.5,0,15.5],"texture":"#0"},"south":{"uv":[1.5,14.5,2,15.5],"texture":"#0"},"west":{"uv":[0,14.5,2,15.5],"texture":"#0"},"up":{"uv":[1.5,11.5,3,13.5],"texture":"#0"}}},{"from":[6.5,11.7113,23.06988],"to":[9.5,13.7113,27.06988],"rotation":{"angle":0,"axis":"x","origin":[8,10.2113,29.06988]},"faces":{"east":{"uv":[1.5,9.5,3.5,11.5],"texture":"#0"},"west":{"uv":[1.5,9.5,3.5,11.5],"texture":"#0"}}},{"from":[6.5,6.49046,18.53092],"to":[9.5,10.49046,22.53092],"rotation":{"angle":45,"axis":"x","origin":[8,7.99046,28.53092]},"faces":{"north":{"uv":[0,0,3,4],"rotation":180,"texture":"#missing"},"east":{"uv":[1.5,9.5,3.5,11.5],"texture":"#0"},"west":{"uv":[1.5,9.5,3.5,11.5],"texture":"#0"},"up":{"uv":[1.5,9.5,3.5,11.5],"texture":"#0"}}},{"from":[6.49,7.32929,19.72761],"to":[9.51,16.82929,23.22761],"rotation":{"angle":0,"axis":"x","origin":[8,14.82929,21.22761]},"faces":{"north":{"uv":[0,12.5,0.5,14.5],"texture":"#0"},"east":{"uv":[0,14.5,1.5,9.75],"rotation":180,"texture":"#0"},"south":{"uv":[1.5,14.5,1,9.75],"rotation":180,"texture":"#0"},"west":{"uv":[1.5,14.5,0,9.75],"rotation":180,"texture":"#0"},"up":{"uv":[0,9.5,1.5,10],"rotation":180,"texture":"#0"},"down":{"uv":[2,2.5,4,4],"texture":"#0"}}},{"from":[6.49,11.32929,23.22761],"to":[9.51,14.32929,25.22761],"rotation":{"angle":0,"axis":"x","origin":[8,14.82929,21.22761]},"faces":{"east":{"uv":[0.5,12.5,1.5,11],"rotation":180,"texture":"#0"},"south":{"uv":[1,12.5,1.5,11],"rotation":180,"texture":"#0"},"west":{"uv":[1.5,12.5,0.5,11],"rotation":180,"texture":"#0"},"up":{"uv":[0.5,11,1.5,11.5],"rotation":90,"texture":"#0"}}},{"from":[6.5,10.47,16.01703],"to":[9.5,10.97,16.76703],"rotation":{"angle":-22.5,"axis":"x","origin":[8,16.97,26.01703]},"faces":{"north":{"uv":[0,0,3,0.5],"rotation":180,"texture":"#missing"},"east":{"uv":[2,2.5,4,4],"texture":"#0"},"west":{"uv":[2,2.5,4,4],"texture":"#0"},"up":{"uv":[2,2.5,4,4],"texture":"#0"},"down":{"uv":[2,2.5,4,4],"texture":"#0"}}},{"from":[6.5,7.13795,15.26567],"to":[9.5,7.63795,19.26567],"rotation":{"angle":0,"axis":"x","origin":[8,13.63795,30.26567]},"faces":{"east":{"uv":[2,2.5,4,4],"texture":"#0"},"south":{"uv":[0,0,3,0.5],"rotation":180,"texture":"#missing"},"west":{"uv":[2,2.5,4,4],"texture":"#0"},"up":{"uv":[2,2.5,4,4],"texture":"#0"},"down":{"uv":[2,2.5,4,4],"texture":"#0"}}},{"from":[6.5,7.31026,14.39941],"to":[9.5,7.81026,15.39941],"rotation":{"angle":22.5,"axis":"x","origin":[8,7.56026,14.89941]},"faces":{"north":{"uv":[0,0,3,0.5],"rotation":180,"texture":"#missing"},"east":{"uv":[2,2.5,4,4],"texture":"#0"},"west":{"uv":[2,2.5,4,4],"texture":"#0"},"up":{"uv":[2,2.5,4,4],"texture":"#0"},"down":{"uv":[2,2.5,4,4],"texture":"#0"}}},{"from":[6.5,7.57825,14.13142],"to":[9.5,8.57825,14.63142],"rotation":{"angle":-22.5,"axis":"x","origin":[8,8.07825,14.38142]},"faces":{"north":{"uv":[2,2.5,4,4],"texture":"#0"},"east":{"uv":[2,2.5,4,4],"texture":"#0"},"south":{"uv":[2,2.5,4,4],"texture":"#0"},"west":{"uv":[2,2.5,4,4],"texture":"#0"},"down":{"uv":[0,0,3,0.5],"rotation":180,"texture":"#missing"}}},{"from":[6.5,8.44452,13.95911],"to":[9.5,11.44452,14.45911],"rotation":{"angle":0,"axis":"x","origin":[8,8.94452,14.20911]},"faces":{"north":{"uv":[2,2.5,4,4],"texture":"#0"},"east":{"uv":[2,2.5,4,4],"texture":"#0"},"south":{"uv":[2,2.5,4,4],"texture":"#0"},"west":{"uv":[2,2.5,4,4],"texture":"#0"}}},{"from":[7,16.45711,18.70711],"to":[7.5,18.45711,20.70711],"rotation":{"angle":0,"axis":"y","origin":[0,-0.29289,-15.29289]},"faces":{"north":{"uv":[2,8.5,2.5,9],"rotation":90,"texture":"#0"},"east":{"uv":[3,8.5,2,9.5],"texture":"#0"},"west":{"uv":[2,8.5,3,9.5],"texture":"#0"},"up":{"uv":[2,8.5,3,9],"rotation":90,"texture":"#0"}}},{"from":[8.5,16.45711,18.70711],"to":[9,18.45711,20.70711],"rotation":{"angle":0,"axis":"y","origin":[0,-0.29289,-15.29289]},"faces":{"north":{"uv":[2,8.5,2.5,9],"rotation":90,"texture":"#0"},"east":{"uv":[3,8.5,2,9.5],"texture":"#0"},"west":{"uv":[2,8.5,3,9.5],"texture":"#0"},"up":{"uv":[2,8.5,3,9],"rotation":90,"texture":"#0"}}},{"from":[8.5,15.54289,19.70711],"to":[9,18.04289,21.70711],"rotation":{"angle":-45,"axis":"x","origin":[8.75,17.04289,20.70711]},"faces":{"east":{"uv":[2.5,8.5,3,9],"texture":"#0"},"south":{"uv":[2.5,8.5,3,9],"texture":"#0"},"west":{"uv":[2.5,8.5,3,9],"texture":"#0"}}},{"from":[7,15.54289,19.70711],"to":[7.5,18.04289,21.70711],"rotation":{"angle":-45,"axis":"x","origin":[8.75,17.04289,20.70711]},"faces":{"east":{"uv":[2.5,8.5,3,9],"texture":"#0"},"south":{"uv":[2.5,8.5,3,9],"texture":"#0"},"west":{"uv":[2.5,8.5,3,9],"texture":"#0"}}},{"from":[6,11,12],"to":[10,12,20],"rotation":{"angle":0,"axis":"y","origin":[0,0,11]},"faces":{"east":{"uv":[2,2.5,4,4],"texture":"#0"},"west":{"uv":[2,2.5,4,4],"texture":"#0"},"up":{"uv":[2,2.5,4,4],"texture":"#0"},"down":{"uv":[3,16,5,12],"texture":"#0"}}},{"from":[7.5,9.5,18],"to":[8.5,11.5,19],"rotation":{"angle":0,"axis":"y","origin":[0,0,11]},"faces":{"north":{"uv":[2,2.5,4,4],"texture":"#0"},"east":{"uv":[2,2.5,4,4],"texture":"#0"},"south":{"uv":[2,2.5,4,4],"texture":"#0"},"west":{"uv":[2,2.5,4,4],"texture":"#0"}}},{"from":[7.5,8.43934,16.43934],"to":[8.5,8.93934,17.93934],"rotation":{"angle":0,"axis":"x","origin":[8,8.93934,17.93934]},"faces":{"north":{"uv":[2,2.5,4,4],"texture":"#0"},"east":{"uv":[2,2.5,4,4],"texture":"#0"},"west":{"uv":[2,2.5,4,4],"texture":"#0"},"up":{"uv":[2,2.5,4,4],"texture":"#0"},"down":{"uv":[2,2.5,4,4],"texture":"#0"}}},{"from":[7.5,8.35355,18.4],"to":[8.5,9.85355,19.2],"rotation":{"angle":45,"axis":"x","origin":[8,9.85355,18.64645]},"faces":{"north":{"uv":[2,2.5,4,4],"texture":"#0"},"east":{"uv":[2,2.5,4,4],"texture":"#0"},"south":{"uv":[2,2.5,4,4],"texture":"#0"},"west":{"uv":[2,2.5,4,4],"texture":"#0"},"up":{"uv":[0,0,1,1],"texture":"#missing"},"down":{"uv":[0,0,1,1],"texture":"#missing"}}},{"from":[6,10.88686,10.43121],"to":[10,13.63686,12.43121],"rotation":{"angle":-22.5,"axis":"x","origin":[8,14.88686,10.93121]},"faces":{"north":{"uv":[2,2.5,4,4],"texture":"#0"},"east":{"uv":[2,2.5,4,4],"texture":"#0"},"south":{"uv":[2,2.5,4,4],"texture":"#0"},"west":{"uv":[2,2.5,4,4],"texture":"#0"}}},{"from":[7.5,11.42702,3.86941],"to":[8.5,12.42702,11.86941],"rotation":{"angle":0,"axis":"x","origin":[8,12.92702,10.11941]},"faces":{"north":{"uv":[3,0,7,0.5],"texture":"#0"},"east":{"uv":[3,0,7,0.5],"texture":"#0"},"west":{"uv":[3,0,7,0.5],"texture":"#0"},"up":{"uv":[3,0,7,0.5],"texture":"#0"},"down":{"uv":[3,0,7,0.5],"texture":"#0"}}},{"from":[6,11.95711,11.95711],"to":[10,16.45711,13.70211],"rotation":{"angle":0,"axis":"y","origin":[0,-0.29289,-0.29289]},"faces":{"east":{"uv":[8,0,9,2.25],"texture":"#0"},"south":{"uv":[8,0,9,2.25],"texture":"#0"},"west":{"uv":[8,0,9,2.25],"texture":"#0"}}},{"from":[6,13.45711,-4.29289],"to":[10,16.45711,11.95711],"rotation":{"angle":0,"axis":"y","origin":[0,-1.29289,-5.29289]},"faces":{"north":{"uv":[0,2.5,2,4],"texture":"#0"},"east":{"uv":[8,1,0,2.5],"texture":"#0"},"west":{"uv":[0,1,8,2.5],"texture":"#0"},"up":{"uv":[0,0,2,8.125],"texture":"#missing"},"down":{"uv":[0,0,2,8.125],"texture":"#missing"}}},{"from":[6,11.70711,19.70711],"to":[10,16.45711,20.70711],"rotation":{"angle":0,"axis":"y","origin":[0,-0.29289,-0.29289]},"faces":{"north":{"uv":[8,0,9,2.25],"texture":"#0"},"east":{"uv":[8,0,9,2.25],"texture":"#0"},"south":{"uv":[8,0,9,2.25],"texture":"#0"},"west":{"uv":[8,0,9,2.25],"texture":"#0"},"up":{"uv":[0,0,4,1],"texture":"#missing"}}},{"from":[7,16.45711,-4.29289],"to":[9,17.45711,20.70711],"rotation":{"angle":0,"axis":"y","origin":[0,-0.29289,-13.29289]},"faces":{"north":{"uv":[0,2.5,0.5,3],"texture":"#0"},"east":{"uv":[0,2.5,0.5,3],"texture":"#0"},"south":{"uv":[0,1,8,1.5],"rotation":180,"texture":"#0"},"west":{"uv":[0,2.5,0.5,3],"texture":"#0"},"up":{"uv":[0,1,8,1.5],"texture":"#0"},"down":{"uv":[0,0,1,12.5],"texture":"#missing"}}},{"from":[7.5,17.45711,-3.29289],"to":[8,18.45711,-0.29289],"rotation":{"angle":0,"axis":"y","origin":[0,-0.29289,-13.29289]},"faces":{"north":{"uv":[0,1,0.25,1.5],"texture":"#0"},"east":{"uv":[0,1,1.5,1.5],"texture":"#0"},"south":{"uv":[0,1,0.25,1.5],"texture":"#0"},"west":{"uv":[0,1,1.5,1.5],"texture":"#0"},"up":{"uv":[0,1,0.25,2.5],"texture":"#0"}}},{"from":[7,12.45711,-4.29289],"to":[9,13.45711,11.95711],"rotation":{"angle":0,"axis":"y","origin":[0,-1.29289,-13.29289]},"faces":{"north":{"uv":[0,2,8,2.5],"texture":"#0"},"down":{"uv":[0,2,8,2.5],"texture":"#0"}}},{"from":[5.5,15.66421,-4.2928],"to":[6.915,16.66421,20.6972],"rotation":{"angle":45,"axis":"z","origin":[6,17.16421,1.70711]},"faces":{"north":{"uv":[0,2.5,0.5,3],"texture":"#0"},"east":{"uv":[0,0,16,1],"texture":"#missing"},"south":{"uv":[0,1,8,1.5],"rotation":180,"texture":"#0"},"west":{"uv":[0,1,8,1.5],"rotation":180,"texture":"#0"},"up":{"uv":[0,1,8,1.5],"texture":"#0"},"down":{"uv":[0,0,1.415,16],"texture":"#missing"}}},{"from":[0.84315,10.32107,-4.29289],"to":[1.84315,11.73107,12.70711],"rotation":{"angle":45,"axis":"z","origin":[1.34315,18.82107,1.70711]},"faces":{"north":{"uv":[0,2,8,2.5],"texture":"#0"},"south":{"uv":[0,0,0.5,0.705],"texture":"#missing"},"west":{"uv":[0,2,8,2.5],"texture":"#0"},"up":{"uv":[0,2,8,2.5],"texture":"#0"}}},{"from":[8.64496,12.60417,-4.29289],"to":[9.64496,14.01417,12.70711],"rotation":{"angle":-45,"axis":"z","origin":[9.14496,13.30917,5.70711]},"faces":{"north":{"uv":[0,2,8,2.5],"texture":"#0"},"east":{"uv":[0,2,8,2.5],"texture":"#0"},"south":{"uv":[0,0,0.5,0.705],"texture":"#missing"},"up":{"uv":[0,2,8,2.5],"texture":"#0"}}},{"from":[8.43922,16.10328,-4.2928],"to":[9.85422,17.10328,20.6972],"rotation":{"angle":-45,"axis":"z","origin":[9.14672,16.60328,1.70711]},"faces":{"north":{"uv":[0,2.5,0.5,3],"texture":"#0"},"east":{"uv":[0,1,8,1.5],"rotation":180,"texture":"#0"},"south":{"uv":[0,1,8,1.5],"rotation":180,"texture":"#0"},"up":{"uv":[0,1,8,1.5],"texture":"#0"},"down":{"uv":[0,0,1.415,16],"texture":"#missing"}}},{"from":[6,7.15076,30.70711],"to":[10,8.15076,31.70711],"rotation":{"angle":-45,"axis":"x","origin":[0,-3.84924,20.70711]},"faces":{"east":{"uv":[2,2.5,4,4],"texture":"#0"},"west":{"uv":[2,2.5,4,4],"texture":"#0"},"up":{"uv":[2,2.5,4,4],"texture":"#0"},"down":{"uv":[2,2.5,4,4],"texture":"#0"}}},{"from":[5.16728,10.74799,13.7],"to":[6.93428,11.74799,19.7],"rotation":{"angle":45,"axis":"z","origin":[5.87896,15.86513,16.75]},"faces":{"north":{"uv":[0,0.5,0.5,1],"rotation":90,"texture":"#0"},"east":{"uv":[0,0,6,1],"texture":"#missing"},"south":{"uv":[2.5,0.5,3,1],"rotation":270,"texture":"#0"},"down":{"uv":[0,0,3,1],"rotation":270,"texture":"#0"}}},{"from":[8.45258,15.70566,13.7],"to":[10.21958,16.70566,19.7],"rotation":{"angle":45,"axis":"z","origin":[9.16505,12.58016,16.75]},"faces":{"north":{"uv":[2.5,0.5,3,0],"rotation":180,"texture":"#0"},"south":{"uv":[2.5,0.5,3,0],"rotation":180,"texture":"#0"},"west":{"uv":[0,0,6,1],"texture":"#missing"},"up":{"uv":[3,1,0,0],"rotation":270,"texture":"#0"}}},{"from":[4.99571,15.1622,13.7],"to":[5.99571,16.9292,19.7],"rotation":{"angle":45,"axis":"z","origin":[10.1216,15.86513,16.75]},"faces":{"north":{"uv":[2.5,0.5,3,1],"rotation":90,"texture":"#0"},"south":{"uv":[2.5,0.5,3,1],"rotation":270,"texture":"#0"},"west":{"uv":[0,0,3,1],"texture":"#0"},"up":{"uv":[0,0,6,1],"rotation":90,"texture":"#missing"}}},{"from":[10.24571,11.16956,13.7],"to":[11.24571,12.93656,19.7],"rotation":{"angle":45,"axis":"z","origin":[6.12896,11.87249,16.75]},"faces":{"north":{"uv":[0,0.5,0.5,1],"rotation":90,"texture":"#0"},"east":{"uv":[0,0,3,1],"texture":"#0"},"south":{"uv":[2.5,0.5,3,0],"rotation":180,"texture":"#0"}}},{"from":[6.9941,11.74353,13.7],"to":[8.9941,16.24353,19.7],"rotation":{"angle":0,"axis":"z","origin":[8.00028,13.99381,16.75]},"faces":{"south":{"uv":[2.5,0.5,3,1],"rotation":270,"texture":"#0"},"up":{"uv":[0,0,3,1],"rotation":270,"texture":"#0"}}},{"from":[5.7441,12.99353,13.7],"to":[10.2441,14.99353,19.7],"rotation":{"angle":0,"axis":"z","origin":[8.00028,13.99381,16.75]},"faces":{"north":{"uv":[2.5,1,3,0],"rotation":180,"texture":"#0"},"east":{"uv":[0,0,3,1],"rotation":180,"texture":"#0"},"south":{"uv":[2.5,1,3,0],"rotation":180,"texture":"#0"},"west":{"uv":[3,1,0,0],"rotation":180,"texture":"#0"},"down":{"uv":[0,0,6,4],"rotation":90,"texture":"#missing"}}},{"from":[7.5,15.72075,25.2372],"to":[8.5,16.72075,27.7372],"rotation":{"angle":-22.5,"axis":"x","origin":[8,15.73878,25.41907]},"faces":{"east":{"uv":[1.5,9.5,3.5,11.5],"texture":"#0"},"south":{"uv":[1.5,9.5,3.5,11.5],"texture":"#0"},"west":{"uv":[1.5,9.5,3.5,11.5],"texture":"#0"},"up":{"uv":[1.5,9.5,3.5,11.5],"texture":"#0"}}},{"from":[7.5,14.83501,25.05384],"to":[8.5,15.83501,27.55384],"rotation":{"angle":-45,"axis":"x","origin":[8,15.73878,25.41907]},"faces":{"north":{"uv":[0,0,1,1],"rotation":180,"texture":"#missing"},"east":{"uv":[1.5,9.5,3.5,11.5],"texture":"#0"},"west":{"uv":[1.5,9.5,3.5,11.5],"texture":"#0"},"down":{"uv":[1.5,9.5,3.5,11.5],"texture":"#0"}}},{"from":[7.5,14.44701,24.13212],"to":[8.5,16.19701,25.38212],"rotation":{"angle":-22.5,"axis":"x","origin":[8,15.73878,25.41907]},"faces":{"east":{"uv":[1.5,9.5,3.5,11.5],"texture":"#0"},"south":{"uv":[1.5,9.5,3.5,11.5],"texture":"#0"},"west":{"uv":[1.5,9.5,3.5,11.5],"texture":"#0"}}},{"from":[7.5,15.65252,23.75794],"to":[8.5,16.65252,25.25794],"rotation":{"angle":0,"axis":"x","origin":[8,15.73878,25.41907]},"faces":{"north":{"uv":[0,0,1,1],"rotation":180,"texture":"#missing"},"east":{"uv":[1.5,9.5,3.5,11.5],"texture":"#0"},"west":{"uv":[1.5,9.5,3.5,11.5],"texture":"#0"},"up":{"uv":[1.5,9.5,3.5,11.5],"texture":"#0"}}},{"from":[7.5,13.55948,23.89059],"to":[8.5,17.55948,24.89059],"rotation":{"angle":-45,"axis":"x","origin":[8,15.73878,25.41907]},"faces":{"east":{"uv":[1.5,9.5,3.5,11.5],"rotation":270,"texture":"#0"},"south":{"uv":[1.5,9.5,3.5,11.5],"texture":"#0"},"west":{"uv":[1.5,9.5,3.5,11.5],"rotation":90,"texture":"#0"},"up":{"uv":[1.5,9.5,3.5,11.5],"rotation":180,"texture":"#0"}}}],"gui_light":"front","overrides":[{"predicate":{"pulling":1},"model":"item/crossbow_pulling_0"},{"predicate":{"pulling":1,"pull":0.58},"model":"item/crossbow_pulling_1"},{"predicate":{"pulling":1,"pull":1},"model":"item/crossbow_pulling_2"},{"predicate":{"charged":1},"model":"item/crossbow_arrow"},{"predicate":{"charged":1,"firework":1},"model":"item/crossbow_firework"}],"display":{"thirdperson_righthand":{"translation":[0,-0.25,-3.75],"scale":[0.32,0.32,0.32]},"thirdperson_lefthand":{"translation":[-11.5,-5.75,-2.5],"scale":[0.22,0.22,0.22]},"firstperson_righthand":{"translation":[0,0,-5.5],"scale":[0.5,0.5,0.5]},"firstperson_lefthand":{"translation":[0,0,-5.5],"scale":[0,0,0]},"ground":{"translation":[0,1,-2],"scale":[0.4,0.4,0.4]},"gui":{"rotation":[-40,-135,-45],"translation":[3,0.5,0],"scale":[0.5,0.5,0.5]},"head":{"translation":[0,14.25,-13.75],"scale":[0,0,0]},"fixed":{"rotation":[0,90,0],"translation":[-2.25,-2.5,-0.25],"scale":[0.55,0.55,0.55]}},"groups":[{"name":"Grip","origin":[8,8,8],"color":0,"children":[0,1,2,3,4,5,6,7,8,9]},{"name":"Back","origin":[8,8,8],"color":0,"children":[10,11,12,13,14,15,16,17,18,19,20,21,22,23,24]},{"name":"Pewpart","origin":[8,8,8],"color":0,"children":[25,26,27,28,29,30,31,32,33,34,35,36,37,38,39,40,41]},{"name":"Revolving","origin":[8,8,8],"color":0,"children":[42,43,44,45,46,47]},{"name":"hammer","origin":[8,8,8],"color":0,"children":[48,49,50,51,52]}]}