{"credit":"Made with Blockbench","textures":{"0":"ttp/qualityarmory/rgbsheet1","1":"ttp/qualityarmory/texturedmaterials1","particle":"ttp/qualityarmory/rgbsheet1"},"elements":[{"from":[-5,11.5,4],"to":[5,12,4.5625],"faces":{"north":{"uv":[0,4,8,8],"texture":"#1"},"east":{"uv":[0,4,8,8],"texture":"#1"},"south":{"uv":[0,4,8,8],"texture":"#1"},"west":{"uv":[0,4,8,8],"texture":"#1"},"up":{"uv":[0,4,8,8],"texture":"#1"},"down":{"uv":[0,4,8,8],"texture":"#1"}}},{"from":[2.0625,11.25,4],"to":[4.0625,11.75,4.5625],"rotation":{"angle":45,"axis":"z","origin":[2.0625,11.75,4]},"faces":{"north":{"uv":[0,4,8,8],"texture":"#1"},"east":{"uv":[0,4,8,8],"texture":"#1"},"south":{"uv":[0,4,8,8],"texture":"#1"},"west":{"uv":[0,4,8,8],"texture":"#1"},"up":{"uv":[0,4,8,8],"texture":"#1"},"down":{"uv":[0,4,8,8],"texture":"#1"}}},{"from":[3.375,12.5625,4],"to":[5,13.125,4.5625],"faces":{"north":{"uv":[0,4,8,8],"texture":"#1"},"east":{"uv":[0,4,8,8],"texture":"#1"},"south":{"uv":[0,4,8,8],"texture":"#1"},"west":{"uv":[0,4,8,8],"texture":"#1"},"up":{"uv":[0,4,8,8],"texture":"#1"},"down":{"uv":[0,4,8,8],"texture":"#1"}}},{"from":[-4.625,12,4],"to":[-4.3125,12.75,4.5625],"faces":{"north":{"uv":[0,4,8,8],"texture":"#1"},"east":{"uv":[0,4,8,8],"texture":"#1"},"south":{"uv":[0,4,8,8],"texture":"#1"},"west":{"uv":[0,4,8,8],"texture":"#1"},"up":{"uv":[0,4,8,8],"texture":"#1"},"down":{"uv":[0,4,8,8],"texture":"#1"}}},{"from":[-4.5625,11.6875,4],"to":[-4.25,12.625,4.5625],"rotation":{"angle":45,"axis":"z","origin":[-4.5625,12.625,4]},"faces":{"north":{"uv":[0,4,8,8],"texture":"#1"},"east":{"uv":[0,4,8,8],"texture":"#1"},"south":{"uv":[0,4,8,8],"texture":"#1"},"west":{"uv":[0,4,8,8],"texture":"#1"},"up":{"uv":[0,4,8,8],"texture":"#1"},"down":{"uv":[0,4,8,8],"texture":"#1"}}},{"from":[5.0625,12.375,3.8125],"to":[8.0625,13.375,4.75],"faces":{"north":{"uv":[0,0,8,4],"texture":"#1"},"east":{"uv":[0,0,8,4],"texture":"#1"},"south":{"uv":[0,0,8,4],"texture":"#1"},"west":{"uv":[0,0,8,4],"texture":"#1"},"up":{"uv":[0,0,8,4],"texture":"#1"},"down":{"uv":[0,0,8,4],"texture":"#1"}}},{"from":[7.0625,11.375,3.5],"to":[8.9375,12.4375,5],"faces":{"north":{"uv":[0,4,8,8],"texture":"#1"},"east":{"uv":[0,4,8,8],"texture":"#1"},"south":{"uv":[0,4,8,8],"texture":"#1"},"west":{"uv":[0,4,8,8],"texture":"#1"},"up":{"uv":[0,4,8,8],"texture":"#1"},"down":{"uv":[0,4,8,8],"texture":"#1"}}},{"from":[8.0625,12.5,3.875],"to":[9.3125,13.5,4.6875],"faces":{"north":{"uv":[0,4,8,8],"texture":"#1"},"east":{"uv":[0,4,8,8],"texture":"#1"},"south":{"uv":[0,4,8,8],"texture":"#1"},"west":{"uv":[0,4,8,8],"texture":"#1"},"up":{"uv":[0,4,8,8],"texture":"#1"},"down":{"uv":[0,4,8,8],"texture":"#1"}}},{"from":[9.3125,12.5,3.8125],"to":[14,13.375,4.75],"faces":{"north":{"uv":[0,4,8,8],"rotation":180,"texture":"#1"},"east":{"uv":[0,4,8,8],"rotation":180,"texture":"#1"},"south":{"uv":[0,4,8,8],"rotation":180,"texture":"#1"},"west":{"uv":[0,4,8,8],"rotation":180,"texture":"#1"},"up":{"uv":[0,4,8,8],"rotation":180,"texture":"#1"},"down":{"uv":[0,4,8,8],"rotation":180,"texture":"#1"}}},{"from":[8.9375,11.4375,3.5],"to":[14.625,12.5,5],"faces":{"north":{"uv":[0,4,8,8],"texture":"#1"},"east":{"uv":[0,4,8,8],"texture":"#1"},"south":{"uv":[0,4,8,8],"texture":"#1"},"west":{"uv":[0,4,8,8],"texture":"#1"},"up":{"uv":[0,4,8,8],"texture":"#1"},"down":{"uv":[0,4,8,8],"texture":"#1"}}},{"from":[13,10.1875,3.75],"to":[13.375,11.5625,4.75],"rotation":{"angle":22.5,"axis":"z","origin":[13,11.5625,3.75]},"faces":{"north":{"uv":[0,4,8,8],"texture":"#1"},"east":{"uv":[0,4,8,8],"texture":"#1"},"south":{"uv":[0,4,8,8],"texture":"#1"},"west":{"uv":[0,4,8,8],"texture":"#1"},"up":{"uv":[0,4,8,8],"texture":"#1"},"down":{"uv":[0,4,8,8],"texture":"#1"}}},{"from":[13.4375,9.625,3.75],"to":[14.375,11.5625,4.75],"rotation":{"angle":22.5,"axis":"z","origin":[13.4375,11.5625,3.75]},"faces":{"north":{"uv":[0,4,8,8],"texture":"#1"},"east":{"uv":[0,4,8,8],"texture":"#1"},"south":{"uv":[0,4,8,8],"texture":"#1"},"west":{"uv":[0,4,8,8],"texture":"#1"},"up":{"uv":[0,4,8,8],"texture":"#1"},"down":{"uv":[0,4,8,8],"texture":"#1"}}},{"from":[5,11.375,3.5],"to":[7.0625,12.375,5],"faces":{"north":{"uv":[0,0,8,4],"texture":"#1"},"east":{"uv":[0,0,8,4],"texture":"#1"},"south":{"uv":[0,0,8,4],"texture":"#1"},"west":{"uv":[0,0,8,4],"texture":"#1"},"up":{"uv":[0,0,8,4],"texture":"#1"},"down":{"uv":[0,0,8,4],"texture":"#1"}}},{"from":[14.125,9.5,3.75],"to":[15.125,9.75,4.75],"rotation":{"angle":22.5,"axis":"z","origin":[14.125,9.75,3.75]},"faces":{"north":{"uv":[6,15,7,16],"texture":"#0"},"east":{"uv":[6,15,7,16],"texture":"#0"},"south":{"uv":[6,15,7,16],"texture":"#0"},"west":{"uv":[6,15,7,16],"texture":"#0"},"up":{"uv":[6,15,7,16],"texture":"#0"},"down":{"uv":[6,15,7,16],"texture":"#0"}}},{"from":[13.5625,12,3.8125],"to":[14.0625,13,4.75],"rotation":{"angle":45,"axis":"z","origin":[13.5625,13,3.8125]},"faces":{"north":{"uv":[0,4,8,8],"rotation":180,"texture":"#1"},"east":{"uv":[0,4,8,8],"rotation":180,"texture":"#1"},"south":{"uv":[0,4,8,8],"rotation":180,"texture":"#1"},"west":{"uv":[0,4,8,8],"rotation":180,"texture":"#1"},"up":{"uv":[0,4,8,8],"rotation":180,"texture":"#1"},"down":{"uv":[0,4,8,8],"rotation":180,"texture":"#1"}}},{"from":[14.5625,11.625,3.8125],"to":[16,12.625,4.8125],"faces":{"north":{"uv":[0,4,8,8],"texture":"#1"},"east":{"uv":[0,4,8,8],"texture":"#1"},"south":{"uv":[0,4,8,8],"texture":"#1"},"west":{"uv":[0,4,8,8],"texture":"#1"},"up":{"uv":[0,4,8,8],"texture":"#1"},"down":{"uv":[0,4,8,8],"texture":"#1"}}},{"from":[15.875,11.5625,3.8125],"to":[19.5,12.0625,4.8125],"rotation":{"angle":-22.5,"axis":"z","origin":[15.875,12.0625,3.8125]},"faces":{"north":{"uv":[0,0,8,4],"texture":"#1"},"east":{"uv":[0,0,8,4],"texture":"#1"},"south":{"uv":[0,0,8,4],"texture":"#1"},"west":{"uv":[0,0,8,4],"texture":"#1"},"up":{"uv":[0,0,8,4],"texture":"#1"},"down":{"uv":[0,0,8,4],"texture":"#1"}}},{"from":[16,11.875,3.8125],"to":[19.625,12.375,4.8125],"rotation":{"angle":-22.5,"axis":"z","origin":[16,12.375,3.8125]},"faces":{"north":{"uv":[0,0,8,4],"texture":"#1"},"east":{"uv":[0,0,8,4],"texture":"#1"},"south":{"uv":[0,0,8,4],"texture":"#1"},"west":{"uv":[0,0,8,4],"texture":"#1"},"up":{"uv":[0,0,8,4],"texture":"#1"},"down":{"uv":[0,0,8,4],"texture":"#1"}}},{"from":[15.6875,11.375,3.875],"to":[19.3125,12.5625,4.75],"faces":{"north":{"uv":[0,0,8,4],"texture":"#1"},"east":{"uv":[0,0,8,4],"texture":"#1"},"south":{"uv":[0,0,8,4],"texture":"#1"},"west":{"uv":[0,0,8,4],"texture":"#1"},"up":{"uv":[0,0,8,4],"texture":"#1"},"down":{"uv":[0,0,8,4],"texture":"#1"}}},{"from":[18.25,10.875,3.875],"to":[19.3125,11.4375,4.75],"faces":{"north":{"uv":[0,0,8,4],"texture":"#1"},"east":{"uv":[0,0,8,4],"texture":"#1"},"south":{"uv":[0,0,8,4],"texture":"#1"},"west":{"uv":[0,0,8,4],"texture":"#1"},"up":{"uv":[0,0,8,4],"texture":"#1"},"down":{"uv":[0,0,8,4],"texture":"#1"}}},{"from":[-4.5625,12.625,4.125],"to":[-4.3125,13.6875,4.5],"faces":{"north":{"uv":[0,4,8,8],"texture":"#1"},"east":{"uv":[0,4,8,8],"texture":"#1"},"south":{"uv":[0,4,8,8],"texture":"#1"},"west":{"uv":[0,4,8,8],"texture":"#1"},"up":{"uv":[0,4,8,8],"texture":"#1"},"down":{"uv":[0,4,8,8],"texture":"#1"}}},{"name":"drum","from":[9.98701,8.4784,3.75],"to":[11.42451,11.8534,4.75],"rotation":{"angle":-22.5,"axis":"z","origin":[10.70576,10.1659,4.25]},"faces":{"north":{"uv":[0,4,8,8],"texture":"#1"},"east":{"uv":[0,4,8,8],"texture":"#1"},"south":{"uv":[0,4,8,8],"texture":"#1"},"west":{"uv":[0,4,8,8],"texture":"#1"},"up":{"uv":[0,4,8,8],"texture":"#1"},"down":{"uv":[0,4,8,8],"texture":"#1"}}},{"name":"drum","from":[9.98701,9.2284,3],"to":[11.42451,11.1034,5.5],"rotation":{"angle":-22.5,"axis":"z","origin":[10.70576,10.1659,4.25]},"faces":{"north":{"uv":[0,4,8,8],"texture":"#1"},"east":{"uv":[0,4,8,8],"texture":"#1"},"south":{"uv":[0,4,8,8],"texture":"#1"},"west":{"uv":[0,4,8,8],"texture":"#1"},"up":{"uv":[0,4,8,8],"texture":"#1"},"down":{"uv":[0,4,8,8],"texture":"#1"}}},{"name":"drum","from":[9.98701,8.9784,3.25],"to":[11.42451,11.3534,5.25],"rotation":{"angle":-22.5,"axis":"z","origin":[10.70576,10.1659,4.25]},"faces":{"north":{"uv":[0,4,8,8],"texture":"#1"},"east":{"uv":[0,4,8,8],"texture":"#1"},"south":{"uv":[0,4,8,8],"texture":"#1"},"west":{"uv":[0,4,8,8],"texture":"#1"},"up":{"uv":[0,4,8,8],"texture":"#1"},"down":{"uv":[0,4,8,8],"texture":"#1"}}},{"name":"drum","from":[9.98701,8.7284,3.5],"to":[11.42451,11.6034,5],"rotation":{"angle":-22.5,"axis":"z","origin":[10.70576,10.1659,4.25]},"faces":{"north":{"uv":[0,4,8,8],"texture":"#1"},"east":{"uv":[0,4,8,8],"texture":"#1"},"south":{"uv":[0,4,8,8],"texture":"#1"},"west":{"uv":[0,4,8,8],"texture":"#1"},"up":{"uv":[0,4,8,8],"texture":"#1"},"down":{"uv":[0,4,8,8],"texture":"#1"}}},{"name":"stand2","from":[-4.625,8,4],"to":[-4.3125,11.75,4.5625],"rotation":{"angle":-22.5,"axis":"x","origin":[-4.46875,11.375,4.28125]},"faces":{"north":{"uv":[0,4,8,8],"texture":"#1"},"east":{"uv":[0,4,8,8],"texture":"#1"},"south":{"uv":[0,4,8,8],"texture":"#1"},"west":{"uv":[0,4,8,8],"texture":"#1"},"up":{"uv":[0,4,8,8],"texture":"#1"},"down":{"uv":[0,4,8,8],"texture":"#1"}}},{"name":"stand1","from":[-4.625,8,4],"to":[-4.3125,11.75,4.5625],"rotation":{"angle":22.5,"axis":"x","origin":[-4.46875,11.375,4.28125]},"faces":{"north":{"uv":[0,4,8,8],"texture":"#1"},"east":{"uv":[0,4,8,8],"texture":"#1"},"south":{"uv":[0,4,8,8],"texture":"#1"},"west":{"uv":[0,4,8,8],"texture":"#1"},"up":{"uv":[0,4,8,8],"texture":"#1"},"down":{"uv":[0,4,8,8],"texture":"#1"}}}],"display":{"thirdperson_righthand":{"rotation":[90,-90,90],"translation":[-6.75,-5,-5.67],"scale":[1.4,1.4,1.4]},"thirdperson_lefthand":{"rotation":[-113,85,115],"translation":[4.72,-3.97,-5.67],"scale":[1.4,1.4,1.4]},"firstperson_righthand":{"rotation":[0,-95,0],"translation":[-5.67,0.38,0.94],"scale":[0.85,1.07,0.82]},"firstperson_lefthand":{"rotation":[0,83,0],"translation":[-0.046,0.5706,2.1343],"scale":[0.85,1.07,0.82]},"ground":{"rotation":[0,-7,-41],"translation":[-1.89,-3.02,2.27]},"gui":{"rotation":[-27,133,3],"translation":[3.4,-3.21,0]},"head":{"rotation":[-7,6,-51],"translation":[-8.13,-14.36,12.85],"scale":[2,2,2]},"fixed":{"rotation":[0,0,-34],"translation":[-3.4,-0.9,2.8]}}}