{"credit":"Made with Blockbench","textures":{"0":"ttp/qualityarmory/rgbsheet1","1":"ttp/qualityarmory/texturedmaterials1","particle":"ttp/qualityarmory/rgbsheet1"},"elements":[{"name":"Metal","from":[7.05,3.5,7.75],"to":[9.05,5.5,8],"faces":{"north":{"uv":[0,4,3,7],"texture":"#1"},"east":{"uv":[0,4,3,7],"texture":"#1"},"south":{"uv":[0,4,3,7],"texture":"#1"},"west":{"uv":[0,4,3,7],"texture":"#1"},"up":{"uv":[0,4,3,7],"texture":"#1"},"down":{"uv":[0,4,3,7],"texture":"#1"}}},{"name":"Metal","from":[7.05,1.25,8.25],"to":[9.05,5.5,10.25],"faces":{"north":{"uv":[2,0,3,1],"texture":"#0"},"east":{"uv":[2,0,3,1],"texture":"#0"},"south":{"uv":[2,0,3,1],"texture":"#0"},"west":{"uv":[2,0,3,1],"texture":"#0"},"up":{"uv":[2,0,3,1],"texture":"#0"},"down":{"uv":[2,0,3,1],"texture":"#0"}}},{"name":"Metal","from":[7.05,3,7.25],"to":[9.05,3.25,8.25],"faces":{"north":{"uv":[0,4,3,7],"texture":"#1"},"east":{"uv":[0,4,3,7],"texture":"#1"},"south":{"uv":[0,4,3,7],"texture":"#1"},"west":{"uv":[0,4,3,7],"texture":"#1"},"up":{"uv":[0,4,3,7],"texture":"#1"},"down":{"uv":[0,4,3,7],"texture":"#1"}}},{"name":"Metal","from":[7.05,3.25,7],"to":[9.05,5.5,7.25],"faces":{"north":{"uv":[0,4,3,7],"texture":"#1"},"east":{"uv":[0,4,3,7],"texture":"#1"},"south":{"uv":[0,4,3,7],"texture":"#1"},"west":{"uv":[0,4,3,7],"texture":"#1"},"up":{"uv":[0,4,3,7],"texture":"#1"},"down":{"uv":[0,4,3,7],"texture":"#1"}}},{"name":"Metal","from":[7.8,5.75,-1.25],"to":[8.3,6.25,1.5],"faces":{"north":{"uv":[0,4,3,7],"texture":"#1"},"east":{"uv":[0,4,3,7],"texture":"#1"},"south":{"uv":[0,4,3,7],"texture":"#1"},"west":{"uv":[0,4,3,7],"texture":"#1"},"up":{"uv":[0,4,3,7],"texture":"#1"},"down":{"uv":[0,4,3,7],"texture":"#1"}}},{"name":"Metal","from":[8.3,7,0.75],"to":[8.55,7.5,2.25],"faces":{"north":{"uv":[0,4,3,7],"texture":"#1"},"east":{"uv":[0,4,3,7],"texture":"#1"},"south":{"uv":[0,4,3,7],"texture":"#1"},"west":{"uv":[0,4,3,7],"texture":"#1"},"up":{"uv":[0,4,3,7],"texture":"#1"},"down":{"uv":[0,4,3,7],"texture":"#1"}}},{"name":"Metal","from":[7.55,7,0.75],"to":[7.8,7.5,2.25],"faces":{"north":{"uv":[0,4,3,7],"texture":"#1"},"east":{"uv":[0,4,3,7],"texture":"#1"},"south":{"uv":[0,4,3,7],"texture":"#1"},"west":{"uv":[0,4,3,7],"texture":"#1"},"up":{"uv":[0,4,3,7],"texture":"#1"},"down":{"uv":[0,4,3,7],"texture":"#1"}}},{"name":"Metal","from":[7.55,6.75,0.75],"to":[8.55,7,2.25],"faces":{"north":{"uv":[0,4,3,7],"texture":"#1"},"east":{"uv":[0,4,3,7],"texture":"#1"},"south":{"uv":[0,4,3,7],"texture":"#1"},"west":{"uv":[0,4,3,7],"texture":"#1"},"up":{"uv":[0,4,3,7],"texture":"#1"},"down":{"uv":[0,4,3,7],"texture":"#1"}}},{"name":"Metal","from":[7.55,5.75,5],"to":[8.55,7,6.5],"faces":{"north":{"uv":[0,4,3,7],"texture":"#1"},"east":{"uv":[0,4,3,7],"texture":"#1"},"south":{"uv":[0,4,3,7],"texture":"#1"},"west":{"uv":[0,4,3,7],"texture":"#1"},"up":{"uv":[0,4,3,7],"texture":"#1"},"down":{"uv":[0,4,3,7],"texture":"#1"}}},{"name":"Metal","from":[6.8,5.75,3],"to":[7.8,6.5,3.75],"faces":{"north":{"uv":[0,4,3,7],"texture":"#1"},"east":{"uv":[0,4,3,7],"texture":"#1"},"south":{"uv":[0,4,3,7],"texture":"#1"},"west":{"uv":[0,4,3,7],"texture":"#1"},"up":{"uv":[0,4,3,7],"texture":"#1"},"down":{"uv":[0,4,3,7],"texture":"#1"}}},{"name":"Metal","from":[7.05,5.5,0.75],"to":[9.05,6.75,11],"faces":{"north":{"uv":[0,4,3,7],"texture":"#1"},"east":{"uv":[0,4,7.25,5.25],"texture":"#1"},"south":{"uv":[0,4,3,7],"texture":"#1"},"west":{"uv":[0,4,1.25,7.25],"rotation":90,"texture":"#1"},"up":{"uv":[0,4,7.25,6],"rotation":90,"texture":"#1"},"down":{"uv":[0,4,3,7],"texture":"#1"}}},{"name":"Metal","from":[6.8,5.5,10],"to":[9.3,6.75,10.25],"faces":{"north":{"uv":[0,4,3,7],"texture":"#1"},"east":{"uv":[0,4,3,7],"texture":"#1"},"south":{"uv":[0,4,3,7],"texture":"#1"},"west":{"uv":[0,4,3,7],"texture":"#1"},"up":{"uv":[0,4,3,7],"texture":"#1"},"down":{"uv":[0,4,3,7],"texture":"#1"}}},{"name":"Metal","from":[6.8,5.5,10.5],"to":[9.3,6.75,10.75],"faces":{"north":{"uv":[0,4,3,7],"texture":"#1"},"east":{"uv":[0,4,3,7],"texture":"#1"},"south":{"uv":[0,4,3,7],"texture":"#1"},"west":{"uv":[0,4,3,7],"texture":"#1"},"up":{"uv":[0,4,3,7],"texture":"#1"},"down":{"uv":[0,4,3,7],"texture":"#1"}}},{"name":"Metal","from":[6.8,5.5,11],"to":[9.3,6.75,12.25],"faces":{"north":{"uv":[0,4,3,7],"texture":"#1"},"east":{"uv":[0,4,3,7],"texture":"#1"},"south":{"uv":[0,4,3,7],"texture":"#1"},"west":{"uv":[0,4,3,7],"texture":"#1"},"up":{"uv":[0,4,3,7],"texture":"#1"},"down":{"uv":[0,4,3,7],"texture":"#1"}}},{"name":"Metal","from":[6.95,6,12.25],"to":[7.3,6.25,13.5],"faces":{"north":{"uv":[0,4,3,7],"texture":"#1"},"east":{"uv":[0,4,3,7],"texture":"#1"},"south":{"uv":[0,4,3,7],"texture":"#1"},"west":{"uv":[0,4,3,7],"texture":"#1"},"up":{"uv":[0,4,3,7],"texture":"#1"},"down":{"uv":[0,4,3,7],"texture":"#1"}}},{"name":"Metal","from":[6.95,3,13.5],"to":[7.3,6.25,13.75],"faces":{"north":{"uv":[0,4,3,7],"texture":"#1"},"east":{"uv":[0,4,3,7],"texture":"#1"},"south":{"uv":[0,4,3,7],"texture":"#1"},"west":{"uv":[0,4,3,7],"texture":"#1"},"up":{"uv":[0,4,3,7],"texture":"#1"},"down":{"uv":[0,4,3,7],"texture":"#1"}}},{"name":"Metal","from":[7.55,1,4],"to":[8.8,5.5,5.25],"rotation":{"angle":22.5,"axis":"x","origin":[8.175,3.5,5]},"faces":{"north":{"uv":[1,8,4.25,11.5],"texture":"#1"},"east":{"uv":[1,8,4.25,11.5],"texture":"#1"},"south":{"uv":[1,8,4.25,11.5],"texture":"#1"},"west":{"uv":[1,8,4.25,11.5],"texture":"#1"},"up":{"uv":[1,8,4.25,11.5],"texture":"#1"},"down":{"uv":[1,8,4.25,11.5],"texture":"#1"}}},{"name":"Metal","from":[7.04,4.25,6.5],"to":[9.06,5.5,10.75],"faces":{"north":{"uv":[2,9,4,11],"texture":"#1"},"east":{"uv":[2,9,4,11],"texture":"#1"},"south":{"uv":[2,9,4,11],"texture":"#1"},"west":{"uv":[2,9,6.25,10.25],"texture":"#1"},"up":{"uv":[2,9,4,11],"texture":"#1"},"down":{"uv":[2,9,4,11],"texture":"#1"}}},{"name":"Metal","from":[6.8,4.25,3.5],"to":[9.3,5.5,6.5],"faces":{"north":{"uv":[0,4,3,7],"texture":"#1"},"east":{"uv":[0,4,3,7],"texture":"#1"},"south":{"uv":[0,4,3,7],"texture":"#1"},"west":{"uv":[0,4,3,7],"texture":"#1"},"up":{"uv":[0,4,3,7],"texture":"#1"},"down":{"uv":[0,4,3,7],"texture":"#1"}}},{"name":"Metal","from":[8.3,7,10.75],"to":[8.55,7.5,12.25],"faces":{"north":{"uv":[0,4,3,7],"texture":"#1"},"east":{"uv":[0,4,3,7],"texture":"#1"},"south":{"uv":[0,4,3,7],"texture":"#1"},"west":{"uv":[0,4,3,7],"texture":"#1"},"up":{"uv":[0,4,3,7],"texture":"#1"},"down":{"uv":[0,4,3,7],"texture":"#1"}}},{"name":"Metal","from":[7.55,7,10.75],"to":[7.8,7.5,12.25],"faces":{"north":{"uv":[0,4,3,7],"texture":"#1"},"east":{"uv":[0,4,3,7],"texture":"#1"},"south":{"uv":[0,4,3,7],"texture":"#1"},"west":{"uv":[0,4,3,7],"texture":"#1"},"up":{"uv":[0,4,3,7],"texture":"#1"},"down":{"uv":[0,4,3,7],"texture":"#1"}}},{"name":"Metal","from":[7.55,6.75,10.75],"to":[8.55,7,12.25],"faces":{"north":{"uv":[0,4,3,7],"texture":"#1"},"east":{"uv":[0,4,3,7],"texture":"#1"},"south":{"uv":[0,4,3,7],"texture":"#1"},"west":{"uv":[0,4,3,7],"texture":"#1"},"up":{"uv":[0,4,3,7],"texture":"#1"},"down":{"uv":[0,4,3,7],"texture":"#1"}}},{"name":"Metal","from":[8.7,6,12.25],"to":[9.05,6.25,13.5],"faces":{"north":{"uv":[0,4,3,7],"texture":"#1"},"east":{"uv":[0,4,3,7],"texture":"#1"},"south":{"uv":[0,4,3,7],"texture":"#1"},"west":{"uv":[0,4,3,7],"texture":"#1"},"up":{"uv":[0,4,3,7],"texture":"#1"},"down":{"uv":[0,4,3,7],"texture":"#1"}}},{"name":"Metal","from":[7.2,3,13.5],"to":[8.8,3.25,13.75],"faces":{"north":{"uv":[0,4,3,7],"texture":"#1"},"east":{"uv":[0,4,3,7],"texture":"#1"},"south":{"uv":[0,4,3,7],"texture":"#1"},"west":{"uv":[0,4,3,7],"texture":"#1"},"up":{"uv":[0,4,3,7],"texture":"#1"},"down":{"uv":[0,4,3,7],"texture":"#1"}}},{"name":"Metal","from":[8.7,3,13.5],"to":[9.05,6.25,13.75],"faces":{"north":{"uv":[0,4,3,7],"texture":"#1"},"east":{"uv":[0,4,3,7],"texture":"#1"},"south":{"uv":[0,4,3,7],"texture":"#1"},"west":{"uv":[0,4,3,7],"texture":"#1"},"up":{"uv":[0,4,3,7],"texture":"#1"},"down":{"uv":[0,4,3,7],"texture":"#1"}}}],"display":{"thirdperson_righthand":{"rotation":[-7,-2,-3],"translation":[0,1.5,-2],"scale":[0.7,0.7,0.7]},"thirdperson_lefthand":{"rotation":[-7,1,1],"translation":[-12,2.5,-2],"scale":[0.7,0.7,0.7]},"firstperson_righthand":{"rotation":[0,-2,0],"translation":[0,5,0]},"firstperson_lefthand":{"translation":[-9,9,7],"scale":[1,1,0.35]},"ground":{"rotation":[0,0,-23],"translation":[3.59,-0.94,6.05]},"gui":{"rotation":[0,-130,0],"translation":[0,5,0]},"fixed":{"rotation":[-97,132,99],"translation":[3.5,3.25,-0.75]}}}