{
	"credit": "Made with Blockbench",
	"textures": {
		"0": "ttp/qualityarmory/rgbsheet1",
		"1": "ttp/qualityarmory/texturedmaterials1",
		"particle": "ttp/qualityarmory/rgbsheet1"
	},
	"elements": [
		{
			"name": "Handle",
			"from": [6.99, -0.25, 8],
			"to": [9.01, 0, 10],
			"rotation": {"angle": -22.5, "axis": "x", "origin": [8, 8, 8]},
			"faces": {
				"north": {"uv": [0, 4, 8, 8], "texture": "#1"},
				"east": {"uv": [0, 4, 8, 8], "texture": "#1"},
				"south": {"uv": [0, 4, 8, 8], "texture": "#1"},
				"west": {"uv": [0, 4, 8, 8], "texture": "#1"},
				"up": {"uv": [0, 4, 8, 8], "texture": "#1"},
				"down": {"uv": [0, 4, 8, 8], "texture": "#1"}
			}
		},
		{
			"name": "Handle",
			"from": [6.99, 0, 8],
			"to": [9.01, 4, 10],
			"rotation": {"angle": -22.5, "axis": "x", "origin": [8, 8, 8]},
			"faces": {
				"north": {"uv": [3, 1, 7, 4], "texture": "#1"},
				"east": {"uv": [3, 1, 7, 4], "texture": "#1"},
				"south": {"uv": [3, 1, 7, 4], "texture": "#1"},
				"west": {"uv": [3, 1, 7, 4], "texture": "#1"},
				"up": {"uv": [3, 1, 7, 4], "texture": "#1"},
				"down": {"uv": [3, 1, 7, 4], "texture": "#1"}
			}
		},
		{
			"name": "Metal",
			"from": [7.05, 2.75, 7.25],
			"to": [9.05, 3, 10.5],
			"faces": {
				"north": {"uv": [0, 4, 8, 8], "texture": "#1"},
				"east": {"uv": [0, 4, 8, 8], "texture": "#1"},
				"south": {"uv": [0, 4, 8, 8], "texture": "#1"},
				"west": {"uv": [0, 4, 8, 8], "texture": "#1"},
				"up": {"uv": [0, 4, 8, 8], "texture": "#1"},
				"down": {"uv": [0, 4, 8, 8], "texture": "#1"}
			}
		},
		{
			"name": "Metal",
			"from": [7.05, 3.25, 9],
			"to": [9.05, 5.5, 9.25],
			"faces": {
				"north": {"uv": [10, 15, 11, 16], "texture": "#0"},
				"east": {"uv": [10, 15, 11, 16], "texture": "#0"},
				"south": {"uv": [10, 15, 11, 16], "texture": "#0"},
				"west": {"uv": [10, 15, 11, 16], "texture": "#0"},
				"up": {"uv": [10, 15, 11, 16], "texture": "#0"},
				"down": {"uv": [10, 15, 11, 16], "texture": "#0"}
			}
		},
		{
			"name": "Metal",
			"from": [7.05, 3.25, 8],
			"to": [9.05, 5.5, 8.25],
			"faces": {
				"north": {"uv": [10, 15, 11, 16], "texture": "#0"},
				"east": {"uv": [10, 15, 11, 16], "texture": "#0"},
				"south": {"uv": [10, 15, 11, 16], "texture": "#0"},
				"west": {"uv": [10, 15, 11, 16], "texture": "#0"},
				"up": {"uv": [10, 15, 11, 16], "texture": "#0"},
				"down": {"uv": [10, 15, 11, 16], "texture": "#0"}
			}
		},
		{
			"name": "Metal",
			"from": [7.05, 3, 7],
			"to": [9.05, 5.5, 7.25],
			"faces": {
				"north": {"uv": [0, 4, 8, 8], "texture": "#1"},
				"east": {"uv": [0, 4, 8, 8], "texture": "#1"},
				"south": {"uv": [0, 4, 8, 8], "texture": "#1"},
				"west": {"uv": [0, 4, 8, 8], "texture": "#1"},
				"up": {"uv": [0, 4, 8, 8], "texture": "#1"},
				"down": {"uv": [0, 4, 8, 8], "texture": "#1"}
			}
		},
		{
			"name": "Metal",
			"from": [6.65, 6.25, 6],
			"to": [6.85, 6.4, 10],
			"faces": {
				"north": {"uv": [0, 0, 1, 1], "texture": "#0"},
				"east": {"uv": [0, 0, 1, 1], "texture": "#0"},
				"south": {"uv": [0, 0, 1, 1], "texture": "#0"},
				"west": {"uv": [0, 0, 1, 1], "texture": "#0"},
				"up": {"uv": [0, 0, 1, 1], "texture": "#0"},
				"down": {"uv": [0, 0, 1, 1], "texture": "#0"}
			}
		},
		{
			"name": "Metal",
			"from": [6.65, 6.4, 6],
			"to": [6.85, 6.5, 10],
			"faces": {
				"north": {"uv": [0, 4, 8, 8], "texture": "#1"},
				"east": {"uv": [0, 4, 8, 8], "texture": "#1"},
				"south": {"uv": [0, 4, 8, 8], "texture": "#1"},
				"west": {"uv": [0, 4, 8, 8], "texture": "#1"},
				"up": {"uv": [0, 4, 8, 8], "texture": "#1"},
				"down": {"uv": [0, 4, 8, 8], "texture": "#1"}
			}
		},
		{
			"name": "Metal",
			"from": [6.55, 6.25, 6],
			"to": [6.65, 6.5, 10],
			"faces": {
				"north": {"uv": [0, 4, 8, 8], "texture": "#1"},
				"east": {"uv": [0, 4, 8, 8], "texture": "#1"},
				"south": {"uv": [0, 4, 8, 8], "texture": "#1"},
				"west": {"uv": [0, 4, 8, 8], "texture": "#1"},
				"up": {"uv": [0, 4, 8, 8], "texture": "#1"},
				"down": {"uv": [0, 4, 8, 8], "texture": "#1"}
			}
		},
		{
			"name": "Metal",
			"from": [6.3, 4.75, 6],
			"to": [6.8, 6.25, 10],
			"faces": {
				"north": {"uv": [0, 4, 8, 8], "texture": "#1"},
				"east": {"uv": [0, 4, 8, 8], "texture": "#1"},
				"south": {"uv": [0, 4, 8, 8], "texture": "#1"},
				"west": {"uv": [0, 4, 8, 8], "texture": "#1"},
				"up": {"uv": [0, 4, 8, 8], "texture": "#1"},
				"down": {"uv": [0, 4, 8, 8], "texture": "#1"}
			}
		},
		{
			"name": "Metal",
			"from": [6.8, 4.25, 5],
			"to": [9.3, 6.75, 10.5],
			"faces": {
				"north": {"uv": [0, 4, 8, 8], "texture": "#1"},
				"east": {"uv": [0, 4, 8, 8], "texture": "#1"},
				"south": {"uv": [0, 4, 8, 8], "texture": "#1"},
				"west": {"uv": [0, 4, 8, 8], "texture": "#1"},
				"up": {"uv": [0, 4, 8, 8], "texture": "#1"},
				"down": {"uv": [0, 4, 8, 8], "texture": "#1"}
			}
		},
		{
			"name": "Muzzle",
			"from": [7.25, 6.75, 10.5],
			"to": [8.75, 7.5, 11.25],
			"faces": {
				"north": {"uv": [0, 4, 8, 8], "rotation": 270, "texture": "#1"},
				"east": {"uv": [0, 4, 8, 8], "rotation": 270, "texture": "#1"},
				"south": {"uv": [0, 4, 8, 8], "rotation": 270, "texture": "#1"},
				"west": {"uv": [0, 4, 8, 8], "rotation": 270, "texture": "#1"},
				"up": {"uv": [0, 4, 8, 8], "rotation": 270, "texture": "#1"},
				"down": {"uv": [0, 4, 8, 8], "rotation": 270, "texture": "#1"}
			}
		},
		{
			"name": "Muzzle",
			"from": [7.75, 7.25, 0.25],
			"to": [8.25, 7.75, 0.5],
			"faces": {
				"north": {"uv": [9, 5, 13, 7], "rotation": 270, "texture": "#1"},
				"east": {"uv": [9, 5, 13, 7], "rotation": 270, "texture": "#1"},
				"south": {"uv": [9, 5, 13, 7], "rotation": 270, "texture": "#1"},
				"west": {"uv": [9, 5, 13, 7], "rotation": 270, "texture": "#1"},
				"up": {"uv": [9, 5, 13, 7], "rotation": 270, "texture": "#1"},
				"down": {"uv": [9, 5, 13, 7], "rotation": 270, "texture": "#1"}
			}
		},
		{
			"name": "Muzzle",
			"from": [7.5, 7.25, 0],
			"to": [8.5, 7.5, 10.5],
			"faces": {
				"north": {"uv": [0, 4, 8, 8], "rotation": 270, "texture": "#1"},
				"east": {"uv": [0, 4, 8, 8], "rotation": 270, "texture": "#1"},
				"south": {"uv": [0, 4, 8, 8], "rotation": 270, "texture": "#1"},
				"west": {"uv": [0, 4, 8, 8], "rotation": 270, "texture": "#1"},
				"up": {"uv": [0, 4, 8, 8], "rotation": 270, "texture": "#1"},
				"down": {"uv": [0, 4, 8, 8], "rotation": 270, "texture": "#1"}
			}
		},
		{
			"name": "Muzzle",
			"from": [7.75, 6.25, 0.75],
			"to": [8.25, 7, 5.5],
			"faces": {
				"north": {"uv": [8, 15, 9, 16], "rotation": 270, "texture": "#0"},
				"east": {"uv": [8, 15, 9, 16], "rotation": 270, "texture": "#0"},
				"south": {"uv": [8, 15, 9, 16], "rotation": 270, "texture": "#0"},
				"west": {"uv": [8, 15, 9, 16], "rotation": 270, "texture": "#0"},
				"up": {"uv": [8, 15, 9, 16], "rotation": 270, "texture": "#0"},
				"down": {"uv": [8, 15, 9, 16], "rotation": 270, "texture": "#0"}
			}
		},
		{
			"name": "Muzzle",
			"from": [7.75, 6, 0],
			"to": [8.25, 6.25, 10.5],
			"faces": {
				"north": {"uv": [9, 5, 13, 7], "rotation": 270, "texture": "#1"},
				"east": {"uv": [9, 5, 13, 7], "rotation": 270, "texture": "#1"},
				"south": {"uv": [9, 5, 13, 7], "rotation": 270, "texture": "#1"},
				"west": {"uv": [9, 5, 13, 7], "rotation": 270, "texture": "#1"},
				"up": {"uv": [9, 5, 13, 7], "rotation": 270, "texture": "#1"},
				"down": {"uv": [9, 5, 13, 7], "rotation": 270, "texture": "#1"}
			}
		},
		{
			"name": "Muzzle",
			"from": [7.75, 7, 0],
			"to": [8.25, 7.25, 10.5],
			"faces": {
				"north": {"uv": [9, 5, 13, 7], "rotation": 270, "texture": "#1"},
				"east": {"uv": [9, 5, 13, 7], "rotation": 270, "texture": "#1"},
				"south": {"uv": [9, 5, 13, 7], "rotation": 270, "texture": "#1"},
				"west": {"uv": [9, 5, 13, 7], "rotation": 270, "texture": "#1"},
				"up": {"uv": [9, 5, 13, 7], "rotation": 270, "texture": "#1"},
				"down": {"uv": [9, 5, 13, 7], "rotation": 270, "texture": "#1"}
			}
		},
		{
			"name": "Muzzle",
			"from": [8.25, 6, 0],
			"to": [9, 7.25, 10.5],
			"faces": {
				"north": {"uv": [0, 4, 8, 8], "rotation": 270, "texture": "#1"},
				"east": {"uv": [0, 4, 8, 8], "rotation": 270, "texture": "#1"},
				"south": {"uv": [0, 4, 8, 8], "rotation": 270, "texture": "#1"},
				"west": {"uv": [0, 4, 8, 8], "rotation": 270, "texture": "#1"},
				"up": {"uv": [0, 4, 8, 8], "rotation": 270, "texture": "#1"},
				"down": {"uv": [0, 4, 8, 8], "rotation": 270, "texture": "#1"}
			}
		},
		{
			"name": "Muzzle",
			"from": [7, 6, 0],
			"to": [7.75, 7.25, 10.5],
			"faces": {
				"north": {"uv": [0, 4, 8, 8], "rotation": 270, "texture": "#1"},
				"east": {"uv": [0, 4, 8, 8], "rotation": 270, "texture": "#1"},
				"south": {"uv": [0, 4, 8, 8], "rotation": 270, "texture": "#1"},
				"west": {"uv": [0, 4, 8, 8], "rotation": 270, "texture": "#1"},
				"up": {"uv": [0, 4, 8, 8], "rotation": 270, "texture": "#1"},
				"down": {"uv": [0, 4, 8, 8], "rotation": 270, "texture": "#1"}
			}
		},
		{
			"name": "Underbit",
			"from": [7.3, 4.5, 3.25],
			"to": [8.8, 6, 5],
			"faces": {
				"north": {"uv": [0, 4, 8, 8], "texture": "#1"},
				"east": {"uv": [0, 4, 8, 8], "texture": "#1"},
				"south": {"uv": [0, 4, 8, 8], "texture": "#1"},
				"west": {"uv": [0, 4, 8, 8], "texture": "#1"},
				"up": {"uv": [0, 4, 8, 8], "texture": "#1"},
				"down": {"uv": [0, 4, 8, 8], "texture": "#1"}
			}
		},
		{
			"name": "Underbit",
			"from": [7.8, 5.5, 1],
			"to": [8.3, 6, 3.25],
			"faces": {
				"north": {"uv": [9, 5, 13, 7], "texture": "#1"},
				"east": {"uv": [9, 5, 13, 7], "texture": "#1"},
				"south": {"uv": [9, 5, 13, 7], "texture": "#1"},
				"west": {"uv": [9, 5, 13, 7], "texture": "#1"},
				"up": {"uv": [9, 5, 13, 7], "texture": "#1"},
				"down": {"uv": [9, 5, 13, 7], "texture": "#1"}
			}
		},
		{
			"name": "Back",
			"from": [7, 4, 10.5],
			"to": [9, 6.8, 11.5],
			"faces": {
				"north": {"uv": [0, 4, 8, 8], "texture": "#1"},
				"east": {"uv": [0, 4, 8, 8], "texture": "#1"},
				"south": {"uv": [0, 4, 8, 8], "texture": "#1"},
				"west": {"uv": [0, 4, 8, 8], "texture": "#1"},
				"up": {"uv": [0, 4, 8, 8], "texture": "#1"},
				"down": {"uv": [0, 4, 8, 8], "texture": "#1"}
			}
		}
	],
	"display": {
		"thirdperson_righthand": {
			"rotation": [-7, -2, -3],
			"translation": [0, 1.5, -2],
			"scale": [0.7, 0.7, 0.7]
		},
		"thirdperson_lefthand": {
			"rotation": [-7, 1, 1],
			"translation": [-12, 2.5, -2],
			"scale": [0.7, 0.7, 0.7]
		},
		"firstperson_righthand": {
			"rotation": [0, -2, 0],
			"translation": [0, 5, 0]
		},
		"firstperson_lefthand": {
			"translation": [-9, 7.5, 6],
			"scale": [1, 1, 0.175]
		},
		"ground": {
			"rotation": [0, 0, -23],
			"translation": [3.59, -0.94, 6.05]
		},
		"gui": {
			"rotation": [0, -130, 0],
			"translation": [0, 5, 0]
		},
		"fixed": {
			"rotation": [-97, 132, 99],
			"translation": [3.5, 3.25, -0.75]
		}
	}
}