{"credit":"Made with Blockbench","textures":{"0":"ttp/qualityarmory/rgbsheet1","1":"ttp/qualityarmory/texturedmaterials1","particle":"ttp/qualityarmory/rgbsheet1"},"elements":[{"name":"Metal","from":[7.05,3.5,7.75],"to":[9.05,5.5,8],"faces":{"north":{"uv":[0,4,2,6],"texture":"#1"},"east":{"uv":[0,4,0.25,6],"texture":"#1"},"south":{"uv":[0,4,2,6],"texture":"#1"},"west":{"uv":[0,4,0.25,6],"texture":"#1"},"up":{"uv":[0,4,2,4.25],"texture":"#1"},"down":{"uv":[0,4,2,4.25],"texture":"#1"}}},{"name":"Metal","from":[7.05,1.25,8.25],"to":[9.05,5.5,10.5],"faces":{"north":{"uv":[0,4,2,7.25],"texture":"#1"},"east":{"uv":[0,4,2,7.25],"texture":"#1"},"south":{"uv":[0,4,2,7.25],"texture":"#1"},"west":{"uv":[0,4,2,7.25],"texture":"#1"},"up":{"uv":[0,4,2,7.25],"texture":"#1"},"down":{"uv":[0,4,2,7.25],"texture":"#1"}}},{"name":"Metal","from":[7.3,-4.25,8.5],"to":[8.8,1.5,10.25],"faces":{"north":{"uv":[0,9,5.75,10.75],"rotation":90,"texture":"#1"},"east":{"uv":[0,9,5.75,10.75],"rotation":90,"texture":"#1"},"south":{"uv":[0,9,5.75,10.75],"rotation":90,"texture":"#1"},"west":{"uv":[0,9,5.75,10.75],"rotation":90,"texture":"#1"},"up":{"uv":[0,9,5.75,10.75],"rotation":90,"texture":"#1"},"down":{"uv":[0,9,5.75,10.75],"rotation":90,"texture":"#1"}}},{"name":"Metal","from":[7.05,3,7.25],"to":[9.05,3.25,8.25],"faces":{"north":{"uv":[0,4,2,4.25],"texture":"#1"},"east":{"uv":[0,4,1,4.25],"texture":"#1"},"south":{"uv":[0,4,2,4.25],"texture":"#1"},"west":{"uv":[0,4,1,4.25],"texture":"#1"},"up":{"uv":[0,4,2,5],"texture":"#1"},"down":{"uv":[0,4,2,5],"texture":"#1"}}},{"name":"Metal","from":[7.05,3.25,7],"to":[9.05,5.5,7.25],"faces":{"north":{"uv":[0,4,2,6.25],"texture":"#1"},"east":{"uv":[0,4,0.25,6.25],"texture":"#1"},"south":{"uv":[0,4,2,6.25],"texture":"#1"},"west":{"uv":[0,4,0.25,6.25],"texture":"#1"},"up":{"uv":[0,4,2,4.25],"texture":"#1"},"down":{"uv":[0,4,2,4.25],"texture":"#1"}}},{"name":"Metal","from":[7.55,5.5,-3.76],"to":[8.55,6,1.49],"faces":{"north":{"uv":[7,15,8,16],"texture":"#0"},"east":{"uv":[7,15,8,16],"texture":"#0"},"south":{"uv":[7,15,8,16],"texture":"#0"},"west":{"uv":[7,15,8,16],"texture":"#0"},"up":{"uv":[7,15,8,16],"texture":"#0"},"down":{"uv":[7,15,8,16],"texture":"#0"}}},{"name":"Metal","from":[7.8,5.25,-3.75],"to":[8.3,6.25,1.5],"faces":{"north":{"uv":[7,15,8,16],"texture":"#0"},"east":{"uv":[7,15,8,16],"texture":"#0"},"south":{"uv":[7,15,8,16],"texture":"#0"},"west":{"uv":[7,15,8,16],"texture":"#0"},"up":{"uv":[7,15,8,16],"texture":"#0"},"down":{"uv":[7,15,8,16],"texture":"#0"}}},{"name":"Metal","from":[8.3,7,0.75],"to":[8.55,7.5,2.25],"faces":{"north":{"uv":[0,4,0.25,4.5],"texture":"#1"},"east":{"uv":[0,4,1.5,4.5],"texture":"#1"},"south":{"uv":[0,4,0.25,4.5],"texture":"#1"},"west":{"uv":[0,4,1.5,4.5],"texture":"#1"},"up":{"uv":[0,4,0.25,5.5],"texture":"#1"},"down":{"uv":[0,4,0.25,5.5],"texture":"#1"}}},{"name":"Metal","from":[7.55,7,0.75],"to":[7.8,7.5,2.25],"faces":{"north":{"uv":[0,4,0.25,4.5],"texture":"#1"},"east":{"uv":[0,4,1.5,4.5],"texture":"#1"},"south":{"uv":[0,4,0.25,4.5],"texture":"#1"},"west":{"uv":[0,4,1.5,4.5],"texture":"#1"},"up":{"uv":[0,4,0.25,5.5],"texture":"#1"},"down":{"uv":[0,4,0.25,5.5],"texture":"#1"}}},{"name":"Metal","from":[7.55,6.75,0.75],"to":[8.55,7,2.25],"faces":{"north":{"uv":[0,4,1,4.25],"texture":"#1"},"east":{"uv":[0,4,1.5,4.25],"texture":"#1"},"south":{"uv":[0,4,1,4.25],"texture":"#1"},"west":{"uv":[0,4,1.5,4.25],"texture":"#1"},"up":{"uv":[0,4,1,5.5],"texture":"#1"},"down":{"uv":[0,4,1,5.5],"texture":"#1"}}},{"name":"Metal","from":[7.55,5.75,5],"to":[8.55,7,6.5],"faces":{"north":{"uv":[0,4,1,5.25],"texture":"#1"},"east":{"uv":[0,4,1.5,5.25],"texture":"#1"},"south":{"uv":[0,4,1,5.25],"texture":"#1"},"west":{"uv":[0,4,1.5,5.25],"texture":"#1"},"up":{"uv":[0,4,1,5.5],"texture":"#1"},"down":{"uv":[0,4,1,5.5],"texture":"#1"}}},{"name":"Metal","from":[6.8,4.25,6.5],"to":[9.3,5.5,10.5],"faces":{"north":{"uv":[0,4,2.5,5.25],"texture":"#1"},"east":{"uv":[0,4,4,5.25],"texture":"#1"},"south":{"uv":[0,4,2.5,5.25],"texture":"#1"},"west":{"uv":[0,4,4,5.25],"texture":"#1"},"up":{"uv":[0,4,2.5,8],"texture":"#1"},"down":{"uv":[0,4,2.5,8],"texture":"#1"}}},{"name":"Metal","from":[8.3,7,10.75],"to":[8.55,7.5,12.25],"faces":{"north":{"uv":[0,4,0.25,4.5],"texture":"#1"},"east":{"uv":[0,4,1.5,4.5],"texture":"#1"},"south":{"uv":[0,4,0.25,4.5],"texture":"#1"},"west":{"uv":[0,4,1.5,4.5],"texture":"#1"},"up":{"uv":[0,4,0.25,5.5],"texture":"#1"},"down":{"uv":[0,4,0.25,5.5],"texture":"#1"}}},{"name":"Metal","from":[7.55,7,10.75],"to":[7.8,7.5,12.25],"faces":{"north":{"uv":[0,4,0.25,4.5],"texture":"#1"},"east":{"uv":[0,4,1.5,4.5],"texture":"#1"},"south":{"uv":[0,4,0.25,4.5],"texture":"#1"},"west":{"uv":[0,4,1.5,4.5],"texture":"#1"},"up":{"uv":[0,4,0.25,5.5],"texture":"#1"},"down":{"uv":[0,4,0.25,5.5],"texture":"#1"}}},{"name":"Metal","from":[7.55,6.75,10.75],"to":[8.55,7,12.25],"faces":{"north":{"uv":[0,4,1,4.25],"texture":"#1"},"east":{"uv":[0,4,1.5,4.25],"texture":"#1"},"south":{"uv":[0,4,1,4.25],"texture":"#1"},"west":{"uv":[0,4,1.5,4.25],"texture":"#1"},"up":{"uv":[0,4,1,5.5],"texture":"#1"},"down":{"uv":[0,4,1,5.5],"texture":"#1"}}},{"name":"uzicorn","from":[6.55,4.5,4.75],"to":[9.55,6.75,13.75],"faces":{"north":{"uv":[15,14,16,15],"rotation":90,"texture":"#0"},"east":{"uv":[15,14,16,15],"rotation":90,"texture":"#0"},"south":{"uv":[15,14,16,15],"rotation":90,"texture":"#0"},"west":{"uv":[15,14,16,15],"rotation":90,"texture":"#0"},"up":{"uv":[15,14,16,15],"rotation":90,"texture":"#0"},"down":{"uv":[15,14,16,15],"rotation":90,"texture":"#0"}}},{"name":"uzicorn","from":[7.55,3,13.75],"to":[8.55,6.25,14.5],"faces":{"north":{"uv":[5,6,6,7],"rotation":90,"texture":"#0"},"east":{"uv":[5,6,6,7],"rotation":90,"texture":"#0"},"south":{"uv":[5,6,6,7],"rotation":90,"texture":"#0"},"west":{"uv":[5,6,6,7],"rotation":90,"texture":"#0"},"up":{"uv":[5,6,6,7],"rotation":90,"texture":"#0"},"down":{"uv":[5,6,6,7],"rotation":90,"texture":"#0"}}},{"name":"uzicorn","from":[6.8,5.25,3.75],"to":[8.55,6.5,4.75],"faces":{"north":{"uv":[15,14,16,15],"rotation":90,"texture":"#0"},"east":{"uv":[15,14,16,15],"rotation":90,"texture":"#0"},"south":{"uv":[15,14,16,15],"rotation":90,"texture":"#0"},"west":{"uv":[15,14,16,15],"rotation":90,"texture":"#0"},"up":{"uv":[15,14,16,15],"rotation":90,"texture":"#0"},"down":{"uv":[15,14,16,15],"rotation":90,"texture":"#0"}}},{"name":"uzicorn","from":[6.3,4.5,0.5],"to":[9.8,7,3.75],"faces":{"north":{"uv":[14,14,15,15],"rotation":90,"texture":"#0"},"east":{"uv":[14,14,15,15],"rotation":90,"texture":"#0"},"south":{"uv":[14,14,15,15],"rotation":90,"texture":"#0"},"west":{"uv":[14,14,15,15],"rotation":90,"texture":"#0"},"up":{"uv":[14,14,15,15],"rotation":90,"texture":"#0"},"down":{"uv":[14,14,15,15],"rotation":90,"texture":"#0"}}},{"name":"uzicorn","from":[7.55,4.5,2.5],"to":[8.55,7.25,3.25],"faces":{"north":{"uv":[15,14,16,15],"rotation":90,"texture":"#0"},"east":{"uv":[15,14,16,15],"rotation":90,"texture":"#0"},"south":{"uv":[15,14,16,15],"rotation":90,"texture":"#0"},"west":{"uv":[15,14,16,15],"rotation":90,"texture":"#0"},"up":{"uv":[15,14,16,15],"rotation":90,"texture":"#0"},"down":{"uv":[15,14,16,15],"rotation":90,"texture":"#0"}}},{"name":"uzicorn","from":[8,7.25,2.75],"to":[8.1,7.5,3],"faces":{"north":{"uv":[3,6,4,7],"rotation":90,"texture":"#0"},"east":{"uv":[3,6,4,7],"rotation":90,"texture":"#0"},"south":{"uv":[3,6,4,7],"rotation":90,"texture":"#0"},"west":{"uv":[3,6,4,7],"rotation":90,"texture":"#0"},"up":{"uv":[3,6,4,7],"rotation":90,"texture":"#0"},"down":{"uv":[3,6,4,7],"rotation":90,"texture":"#0"}}},{"name":"uzicorn","from":[8,8.25,2.75],"to":[8.1,8.5,3],"faces":{"north":{"uv":[1,4,2,5],"rotation":90,"texture":"#0"},"east":{"uv":[1,4,2,5],"rotation":90,"texture":"#0"},"south":{"uv":[1,4,2,5],"rotation":90,"texture":"#0"},"west":{"uv":[1,4,2,5],"rotation":90,"texture":"#0"},"up":{"uv":[1,4,2,5],"rotation":90,"texture":"#0"},"down":{"uv":[1,4,2,5],"rotation":90,"texture":"#0"}}},{"name":"uzicorn","from":[8,7.75,2.75],"to":[8.1,8,3],"faces":{"north":{"uv":[4,4,5,5],"rotation":90,"texture":"#0"},"east":{"uv":[4,4,5,5],"rotation":90,"texture":"#0"},"south":{"uv":[4,4,5,5],"rotation":90,"texture":"#0"},"west":{"uv":[4,4,5,5],"rotation":90,"texture":"#0"},"up":{"uv":[4,4,5,5],"rotation":90,"texture":"#0"},"down":{"uv":[4,4,5,5],"rotation":90,"texture":"#0"}}},{"name":"uzicorn","from":[8,7.5,2.75],"to":[8.1,7.75,3],"faces":{"north":{"uv":[10,5,11,6],"rotation":90,"texture":"#0"},"east":{"uv":[10,5,11,6],"rotation":90,"texture":"#0"},"south":{"uv":[10,5,11,6],"rotation":90,"texture":"#0"},"west":{"uv":[10,5,11,6],"rotation":90,"texture":"#0"},"up":{"uv":[10,5,11,6],"rotation":90,"texture":"#0"},"down":{"uv":[10,5,11,6],"rotation":90,"texture":"#0"}}},{"name":"uzicorn","from":[8,8.5,2.75],"to":[8.1,8.75,3],"faces":{"north":{"uv":[9,4,10,5],"rotation":90,"texture":"#0"},"east":{"uv":[9,4,10,5],"rotation":90,"texture":"#0"},"south":{"uv":[9,4,10,5],"rotation":90,"texture":"#0"},"west":{"uv":[9,4,10,5],"rotation":90,"texture":"#0"},"up":{"uv":[9,4,10,5],"rotation":90,"texture":"#0"},"down":{"uv":[9,4,10,5],"rotation":90,"texture":"#0"}}},{"name":"uzicorn","from":[8,8,2.75],"to":[8.1,8.25,3],"faces":{"north":{"uv":[7,5,8,6],"rotation":90,"texture":"#0"},"east":{"uv":[7,5,8,6],"rotation":90,"texture":"#0"},"south":{"uv":[7,5,8,6],"rotation":90,"texture":"#0"},"west":{"uv":[7,5,8,6],"rotation":90,"texture":"#0"},"up":{"uv":[7,5,8,6],"rotation":90,"texture":"#0"},"down":{"uv":[7,5,8,6],"rotation":90,"texture":"#0"}}},{"name":"uzicorn","from":[7.05,5.25,-0.75],"to":[9.05,6.5,0.75],"faces":{"north":{"uv":[15,14,16,15],"rotation":90,"texture":"#0"},"east":{"uv":[15,14,16,15],"rotation":90,"texture":"#0"},"south":{"uv":[15,14,16,15],"rotation":90,"texture":"#0"},"west":{"uv":[15,14,16,15],"rotation":90,"texture":"#0"},"up":{"uv":[15,14,16,15],"rotation":90,"texture":"#0"},"down":{"uv":[15,14,16,15],"rotation":90,"texture":"#0"}}},{"name":"uzicorn","from":[7.05,4.5,-0.75],"to":[9.05,5,0.75],"faces":{"north":{"uv":[15,14,16,15],"rotation":90,"texture":"#0"},"east":{"uv":[15,14,16,15],"rotation":90,"texture":"#0"},"south":{"uv":[15,14,16,15],"rotation":90,"texture":"#0"},"west":{"uv":[15,14,16,15],"rotation":90,"texture":"#0"},"up":{"uv":[15,14,16,15],"rotation":90,"texture":"#0"},"down":{"uv":[15,14,16,15],"rotation":90,"texture":"#0"}}},{"name":"uzicorn","from":[6.05,5.75,2],"to":[10.05,6.5,3],"faces":{"north":{"uv":[2,13,3,14],"rotation":90,"texture":"#0"},"east":{"uv":[2,13,3,14],"rotation":90,"texture":"#0"},"south":{"uv":[2,13,3,14],"rotation":90,"texture":"#0"},"west":{"uv":[2,13,3,14],"rotation":90,"texture":"#0"},"up":{"uv":[2,13,3,14],"rotation":90,"texture":"#0"},"down":{"uv":[2,13,3,14],"rotation":90,"texture":"#0"}}},{"name":"uzicorn","from":[6.05,0.5,5.75],"to":[7.05,5.5,7.25],"faces":{"north":{"uv":[15,14,16,15],"rotation":90,"texture":"#0"},"east":{"uv":[15,14,16,15],"rotation":90,"texture":"#0"},"south":{"uv":[15,14,16,15],"rotation":90,"texture":"#0"},"west":{"uv":[15,14,16,15],"rotation":90,"texture":"#0"},"up":{"uv":[15,14,16,15],"rotation":90,"texture":"#0"},"down":{"uv":[15,14,16,15],"rotation":90,"texture":"#0"}}},{"name":"uzicorn","from":[6.05,-0.25,5.75],"to":[7.05,0.5,7.25],"faces":{"north":{"uv":[5,7,6,8],"rotation":90,"texture":"#0"},"east":{"uv":[5,7,6,8],"rotation":90,"texture":"#0"},"south":{"uv":[5,7,6,8],"rotation":90,"texture":"#0"},"west":{"uv":[5,7,6,8],"rotation":90,"texture":"#0"},"up":{"uv":[5,7,6,8],"rotation":90,"texture":"#0"},"down":{"uv":[5,7,6,8],"rotation":90,"texture":"#0"}}},{"name":"uzicorn","from":[6.05,0.5,10.75],"to":[7.05,5.5,12.25],"faces":{"north":{"uv":[15,14,16,15],"rotation":90,"texture":"#0"},"east":{"uv":[15,14,16,15],"rotation":90,"texture":"#0"},"south":{"uv":[15,14,16,15],"rotation":90,"texture":"#0"},"west":{"uv":[15,14,16,15],"rotation":90,"texture":"#0"},"up":{"uv":[15,14,16,15],"rotation":90,"texture":"#0"},"down":{"uv":[15,14,16,15],"rotation":90,"texture":"#0"}}},{"name":"uzicorn","from":[6.05,-0.25,10.75],"to":[7.05,0.5,12.25],"faces":{"north":{"uv":[5,7,6,8],"rotation":90,"texture":"#0"},"east":{"uv":[5,7,6,8],"rotation":90,"texture":"#0"},"south":{"uv":[5,7,6,8],"rotation":90,"texture":"#0"},"west":{"uv":[5,7,6,8],"rotation":90,"texture":"#0"},"up":{"uv":[5,7,6,8],"rotation":90,"texture":"#0"},"down":{"uv":[5,7,6,8],"rotation":90,"texture":"#0"}}},{"name":"uzicorn","from":[9.05,0.5,5.75],"to":[10.05,5.5,7.25],"faces":{"north":{"uv":[15,14,16,15],"rotation":90,"texture":"#0"},"east":{"uv":[15,14,16,15],"rotation":90,"texture":"#0"},"south":{"uv":[15,14,16,15],"rotation":90,"texture":"#0"},"west":{"uv":[15,14,16,15],"rotation":90,"texture":"#0"},"up":{"uv":[15,14,16,15],"rotation":90,"texture":"#0"},"down":{"uv":[15,14,16,15],"rotation":90,"texture":"#0"}}},{"name":"uzicorn","from":[9.05,-0.25,5.75],"to":[10.05,0.5,7.25],"faces":{"north":{"uv":[5,7,6,8],"rotation":90,"texture":"#0"},"east":{"uv":[5,7,6,8],"rotation":90,"texture":"#0"},"south":{"uv":[5,7,6,8],"rotation":90,"texture":"#0"},"west":{"uv":[5,7,6,8],"rotation":90,"texture":"#0"},"up":{"uv":[5,7,6,8],"rotation":90,"texture":"#0"},"down":{"uv":[5,7,6,8],"rotation":90,"texture":"#0"}}},{"name":"uzicorn","from":[9.05,0.5,10.75],"to":[10.05,5.5,12.25],"faces":{"north":{"uv":[15,14,16,15],"rotation":90,"texture":"#0"},"east":{"uv":[15,14,16,15],"rotation":90,"texture":"#0"},"south":{"uv":[15,14,16,15],"rotation":90,"texture":"#0"},"west":{"uv":[15,14,16,15],"rotation":90,"texture":"#0"},"up":{"uv":[15,14,16,15],"rotation":90,"texture":"#0"},"down":{"uv":[15,14,16,15],"rotation":90,"texture":"#0"}}},{"name":"uzicorn","from":[9.05,-0.25,10.75],"to":[10.05,0.5,12.25],"faces":{"north":{"uv":[5,7,6,8],"rotation":90,"texture":"#0"},"east":{"uv":[5,7,6,8],"rotation":90,"texture":"#0"},"south":{"uv":[5,7,6,8],"rotation":90,"texture":"#0"},"west":{"uv":[5,7,6,8],"rotation":90,"texture":"#0"},"up":{"uv":[5,7,6,8],"rotation":90,"texture":"#0"},"down":{"uv":[5,7,6,8],"rotation":90,"texture":"#0"}}}],"display":{"thirdperson_righthand":{"rotation":[-7,-2,-3],"translation":[0,1.5,-2],"scale":[0.7,0.7,0.7]},"thirdperson_lefthand":{"rotation":[-7,1,1],"translation":[-12,2.5,-2],"scale":[0.7,0.7,0.7]},"firstperson_righthand":{"rotation":[0,-2,0],"translation":[0,5,0]},"firstperson_lefthand":{"translation":[-9,8.5,6.25],"scale":[1,1,0.35]},"ground":{"rotation":[0,0,-23],"translation":[3.59,-0.94,6.05]},"gui":{"rotation":[0,-130,0],"translation":[0,5,0]},"fixed":{"rotation":[-97,132,99],"translation":[3.5,3.25,-0.75]}},"groups":[0,1,2,3,4,5,6,7,8,9,10,11,12,13,14,{"name":"group","origin":[8,8,8],"children":[15,16,17,18,19,20,21,22,23,24,25,26,27,28,29,30,31,32,33,34,35,36]}]}