{"credit":"Made with Blockbench","texture_size":[32,32],"textures":{"0":"ttp/weapons/glock","particle":"ttp/weapons/glock"},"elements":[{"from":[7,2.15951,6.35658],"to":[9,2.78451,9.85658],"rotation":{"angle":0,"axis":"y","origin":[7,-5.21549,1.73158]},"faces":{"north":{"uv":[8.5,3.5,9.5,4],"texture":"#0"},"east":{"uv":[10,2,8,2.5],"texture":"#0"},"south":{"uv":[4.5,8.5,5.5,9],"texture":"#0"},"west":{"uv":[8,2,10,2.5],"texture":"#0"},"up":{"uv":[8,3,7,1],"texture":"#0"},"down":{"uv":[8,1,7,3],"texture":"#0"}}},{"from":[7.25,2.78451,6.60658],"to":[8.75,7.40951,9.60658],"rotation":{"angle":0,"axis":"y","origin":[7,-5.21549,1.73158]},"faces":{"north":{"uv":[8.5,3.5,9.5,4],"texture":"#0"},"east":{"uv":[10,2,8,2.5],"texture":"#0"},"south":{"uv":[4.5,8.5,5.5,9],"texture":"#0"},"west":{"uv":[8,2,10,2.5],"texture":"#0"},"up":{"uv":[8,3,7,1],"texture":"#0"},"down":{"uv":[8,1,7,3],"texture":"#0"}}}],"gui_light":"front","display":{"thirdperson_righthand":{"translation":[-1,-1,-0.75],"scale":[0.55,0.55,0.55]},"thirdperson_lefthand":{"translation":[-1,-1,-0.75],"scale":[0.55,0.55,0.55]},"firstperson_righthand":{"rotation":[-0.1,3.68,10.5],"translation":[-4.12,0.95,-2.37],"scale":[0.67,0.67,0.67]},"firstperson_lefthand":{"rotation":[-0.1,3.68,10.5],"translation":[-4.12,0.95,-2.37],"scale":[0.67,0.67,0.67]},"ground":{"rotation":[21.07,-16.64,-41.75],"translation":[0,2,0],"scale":[0.5,0.5,0.5]},"gui":{"rotation":[90,-45,90],"translation":[1.25,-0.25,0],"scale":[0.86,0.86,0.86]},"fixed":{"rotation":[0,90,0]}}}