{"credit":"Made with Blockbench","texture_size":[32,32],"textures":{"0":"ttp/weapons/glock","particle":"ttp/weapons/glock"},"elements":[{"from":[6.875,11,0],"to":[9.125,13,15],"rotation":{"angle":0,"axis":"y","origin":[7,0,0]},"faces":{"north":{"uv":[7.5,7.5,8.5,8.5],"texture":"#0","cullface":"north"},"east":{"uv":[10.5,0,3,1],"texture":"#0"},"south":{"uv":[8,1,9,2],"texture":"#0"},"west":{"uv":[3,0,10.5,1],"texture":"#0"},"up":{"uv":[4,8.5,3,1],"texture":"#0"},"down":{"uv":[5,1,4,8.5],"texture":"#0"}}},{"from":[7.5,11.5,-0.0025],"to":[8.5,12.5,-0.0025],"rotation":{"angle":0,"axis":"y","origin":[7,0,0]},"faces":{"north":{"uv":[0,9,0.5,9.5],"texture":"#0","cullface":"north"}}},{"from":[6.75,10,3.375],"to":[9.25,11,15.375],"rotation":{"angle":0,"axis":"y","origin":[7,0,0]},"faces":{"north":{"uv":[6,8,7.5,8.5],"texture":"#0"},"east":{"uv":[12.5,5.5,6.5,6],"texture":"#0"},"south":{"uv":[1.5,8.5,3,9],"texture":"#0"},"west":{"uv":[6.5,5.5,12.5,6],"texture":"#0"},"up":{"uv":[1.5,6,0,0],"texture":"#0"},"down":{"uv":[3,0,1.5,6],"texture":"#0"}}},{"from":[6.75,9,9.25],"to":[9.25,10,14],"rotation":{"angle":0,"axis":"y","origin":[7,0,0]},"faces":{"north":{"uv":[1.5,8,3,8.5],"texture":"#0"},"east":{"uv":[10,7,7.5,7.5],"texture":"#0"},"south":{"uv":[8,2.5,9.5,3],"texture":"#0"},"west":{"uv":[7.5,7,10,7.5],"texture":"#0"}}},{"from":[8,6.875,4.625],"to":[8,10,10.25],"rotation":{"angle":0,"axis":"y","origin":[7,0,0]},"faces":{"east":{"uv":[9.5,4,6.5,5.5],"texture":"#0"},"west":{"uv":[6.5,4,9.5,5.5],"texture":"#0"}}},{"from":[6.75,2.78451,11.35658],"to":[9.25,4.78451,15.73158],"rotation":{"angle":0,"axis":"y","origin":[7,-5.21549,1.73158]},"faces":{"north":{"uv":[7,3,8.5,4],"texture":"#0"},"east":{"uv":[8.5,6,6.5,7],"texture":"#0"},"south":{"uv":[6,7,7.5,8],"texture":"#0"},"west":{"uv":[6.5,6,8.5,7],"texture":"#0"},"down":{"uv":[3,6,1.5,8],"texture":"#0"}}},{"from":[6.7525,3.57193,9.26056],"to":[9.2475,9.94693,13.63556],"rotation":{"angle":-22.5,"axis":"x","origin":[8,9.44693,11.63556]},"faces":{"north":{"uv":[5,4,6.5,7],"texture":"#0"},"east":{"uv":[7,1,5,4],"texture":"#0"},"south":{"uv":[0,6,1.5,9],"texture":"#0"},"west":{"uv":[5,1,7,4],"texture":"#0"}}},{"from":[7.125,10,0],"to":[8.875,11,3.375],"rotation":{"angle":0,"axis":"y","origin":[7,0,0]},"faces":{"north":{"uv":[8.5,3,9.5,3.5],"texture":"#0","cullface":"north"},"east":{"uv":[4.5,8.5,3,9],"texture":"#0"},"west":{"uv":[3,8.5,4.5,9],"texture":"#0"},"down":{"uv":[6,7,5,8.5],"texture":"#0"}}},{"from":[6.875,13,13.375],"to":[7.625,13.5,14],"rotation":{"angle":0,"axis":"y","origin":[7,0,0]},"faces":{"north":{"uv":[5.5,8.5,6,9],"texture":"#0"},"east":{"uv":[8.5,6,9,6.5],"texture":"#0"},"south":{"uv":[6,8.5,6.5,9],"texture":"#0"},"west":{"uv":[8.5,6,9,6.5],"texture":"#0"},"up":{"uv":[7,9,6.5,8.5],"texture":"#0"}}},{"from":[8.375,13,13.375],"to":[9.125,13.5,14],"rotation":{"angle":0,"axis":"y","origin":[9,0,0]},"faces":{"north":{"uv":[6,8.5,5.5,9],"texture":"#0"},"east":{"uv":[9,6,8.5,6.5],"texture":"#0"},"south":{"uv":[6.5,8.5,6,9],"texture":"#0"},"west":{"uv":[9,6,8.5,6.5],"texture":"#0"},"up":{"uv":[6.5,9,7,8.5],"texture":"#0"}}},{"from":[7.75,13,0],"to":[8.25,13.5,0.625],"rotation":{"angle":0,"axis":"y","origin":[7,0,0]},"faces":{"north":{"uv":[8.5,6.5,9,7],"texture":"#0","cullface":"north"},"east":{"uv":[7.5,8.5,8,9],"texture":"#0"},"south":{"uv":[7,8.5,7.5,9],"texture":"#0"},"west":{"uv":[7.5,8.5,8,9],"texture":"#0"},"up":{"uv":[9,8,8.5,7.5],"texture":"#0"}}}],"gui_light":"front","display":{"thirdperson_righthand":{"rotation":[12.4,16.63,-11.26],"translation":[-1.5,-1,-0.5],"scale":[0.55,0.55,0.55]},"thirdperson_lefthand":{"rotation":[12.4,16.63,-11.26],"translation":[-1.5,-1,-0.5],"scale":[0.55,0.55,0.55]},"firstperson_righthand":{"rotation":[29.23,10.02,-41.92],"translation":[-2.62,2.7,-4.12],"scale":[0.67,0.67,0.67]},"firstperson_lefthand":{"rotation":[29.23,10.02,-41.92],"translation":[-2.62,2.7,-4.12],"scale":[0.67,0.67,0.67]},"ground":{"translation":[0,2,0],"scale":[0.5,0.5,0.5]},"gui":{"rotation":[90,-45,90],"translation":[1.25,-0.25,0],"scale":[0.86,0.86,0.86]},"fixed":{"rotation":[0,90,0]}}}