{ "credit": "Made with Blockbench", "textures": { "0": "ttp/i/c/a/dvaheadset" }, "elements": [ { "from": [0.25099, 12.49118, 10.25667], "to": [17.36194, 13.62115, 13.0476], "rotation": {"angle": 0, "axis": "y", "origin": [7.99935, 8.07326, 7.83531]}, "faces": { "north": {"uv": [1, 6, 2.4, 6.7], "texture": "#0"}, "east": {"uv": [1, 6, 2.4, 6.7], "texture": "#0"}, "south": {"uv": [1, 6, 2.4, 6.7], "texture": "#0"}, "up": {"uv": [1, 6, 2.4, 6.7], "texture": "#0"}, "down": {"uv": [1, 6, 2.4, 6.7], "texture": "#0"} } }, { "from": [-0.55613, 12.97546, 10.09524], "to": [16.55482, 14.26685, 13.26425], "rotation": {"angle": 0, "axis": "y", "origin": [7.99935, 8.07326, 7.83531]}, "faces": { "north": {"uv": [1, 1, 3, 3], "texture": "#0"}, "east": {"uv": [1, 1, 3, 3], "texture": "#0"}, "south": {"uv": [1, 1, 3, 3], "texture": "#0"}, "west": {"uv": [1, 1, 3, 3], "texture": "#0"}, "up": {"uv": [1, 1, 3, 3], "texture": "#0"}, "down": {"uv": [1, 1, 3, 3], "texture": "#0"} } }, { "from": [0.04462, 13.35581, 10.52004], "to": [15.96612, 14.59198, 13.37045], "rotation": {"angle": 0, "axis": "y", "origin": [8.11157, 8.07554, 8.26011]}, "faces": { "north": {"uv": [1, 6, 3, 8], "texture": "#0"}, "south": {"uv": [1, 6, 3, 8], "texture": "#0"}, "west": {"uv": [1, 6, 3, 8], "texture": "#0"}, "up": {"uv": [1, 6, 3, 8], "texture": "#0"}, "down": {"uv": [1, 6, 3, 8], "texture": "#0"} } }, { "from": [2.80582, 12.82481, 9.98904], "to": [13.62972, 14.59198, 13.37045], "rotation": {"angle": 0, "axis": "y", "origin": [8.11157, 8.07554, 8.26011]}, "faces": { "north": {"uv": [1, 6, 3, 8], "texture": "#0"}, "east": {"uv": [1, 6, 3, 8], "texture": "#0"}, "south": {"uv": [1, 6, 3, 8], "texture": "#0"}, "west": {"uv": [1, 6, 3, 8], "texture": "#0"}, "up": {"uv": [1, 6, 3, 8], "texture": "#0"}, "down": {"uv": [1, 6, 3, 8], "texture": "#0"} } }, { "from": [-0.96398, 9.19771, 10.52004], "to": [1.55509, 10.4891, 13.37045], "rotation": {"angle": 22.5, "axis": "z", "origin": [-9.51945, 8.71344, 7.83531]}, "faces": { "north": {"uv": [1, 6, 3, 8], "texture": "#0"}, "east": {"uv": [1, 6, 3, 8], "texture": "#0"}, "south": {"uv": [1, 6, 3, 8], "texture": "#0"}, "west": {"uv": [1, 6, 3, 8], "texture": "#0"}, "up": {"uv": [1, 6, 3, 8], "texture": "#0"}, "down": {"uv": [1, 6, 3, 8], "texture": "#0"} } }, { "from": [-2.71472, 9.84832, 10.20144], "to": [-1.58475, 11.94683, 13.37045], "rotation": {"angle": 0, "axis": "y", "origin": [7.99935, 8.07326, 7.83531]}, "faces": { "north": {"uv": [1, 6, 3, 8], "rotation": 270, "texture": "#0"}, "east": {"uv": [1, 6, 3, 8], "rotation": 270, "texture": "#0"}, "south": {"uv": [1, 6, 3, 8], "rotation": 270, "texture": "#0"}, "west": {"uv": [1, 6, 3, 8], "rotation": 270, "texture": "#0"}, "up": {"uv": [1, 6, 3, 8], "rotation": 270, "texture": "#0"} } }, { "from": [-2.69173, 11.63215, 10.52004], "to": [-1.29414, 13.40782, 13.37045], "rotation": {"angle": -22.5, "axis": "z", "origin": [-1.93984, 12.51998, 11.7902]}, "faces": { "north": {"uv": [1, 6, 3, 8], "rotation": 270, "texture": "#0"}, "east": {"uv": [1, 6, 3, 8], "rotation": 270, "texture": "#0"}, "south": {"uv": [1, 6, 3, 8], "rotation": 270, "texture": "#0"}, "west": {"uv": [1, 6, 3, 8], "rotation": 270, "texture": "#0"}, "down": {"uv": [1, 6, 3, 8], "rotation": 270, "texture": "#0"} } }, { "from": [-0.05874, 8.67279, 10.25667], "to": [1.71693, 9.80276, 13.0476], "rotation": {"angle": 22.5, "axis": "z", "origin": [-8.61421, 8.0271, 7.83531]}, "faces": { "north": {"uv": [1, 6, 2.4, 6.7], "texture": "#0"}, "south": {"uv": [1, 6, 2.4, 6.7], "texture": "#0"}, "up": {"uv": [1, 6, 2.4, 6.7], "texture": "#0"}, "down": {"uv": [1, 6, 2.4, 6.7], "texture": "#0"} } }, { "from": [-2.3408, 10.62202, 10.25667], "to": [-1.21083, 13.20481, 13.0476], "rotation": {"angle": -22.5, "axis": "z", "origin": [-2.3408, 11.50985, 11.7902]}, "faces": { "north": {"uv": [1, 6, 2.4, 6.7], "rotation": 270, "texture": "#0"}, "east": {"uv": [1, 6, 2.4, 6.7], "rotation": 270, "texture": "#0"}, "south": {"uv": [1, 6, 2.4, 6.7], "rotation": 270, "texture": "#0"}, "west": {"uv": [1, 6, 2.4, 6.7], "rotation": 270, "texture": "#0"}, "up": {"uv": [1, 6, 2.4, 6.7], "rotation": 270, "texture": "#0"} } }, { "from": [-2.71472, 8.87978, 10.09524], "to": [-1.58475, 9.6869, 13.37045], "rotation": {"angle": 0, "axis": "y", "origin": [7.99935, 8.07326, 7.83531]}, "faces": { "north": {"uv": [1, 6, 3, 8], "rotation": 270, "texture": "#0"}, "east": {"uv": [1, 6, 3, 8], "rotation": 270, "texture": "#0"}, "south": {"uv": [1, 6, 3, 8], "rotation": 270, "texture": "#0"}, "west": {"uv": [1, 6, 3, 8], "rotation": 270, "texture": "#0"} } }, { "from": [-2.71472, 7.91123, 10.09524], "to": [-1.58475, 8.71835, 13.37045], "rotation": {"angle": 0, "axis": "y", "origin": [7.99935, 8.07326, 7.83531]}, "faces": { "north": {"uv": [1, 6, 3, 8], "rotation": 270, "texture": "#0"}, "east": {"uv": [1, 6, 3, 8], "rotation": 270, "texture": "#0"}, "south": {"uv": [1, 6, 3, 8], "rotation": 270, "texture": "#0"}, "west": {"uv": [1, 6, 3, 8], "rotation": 270, "texture": "#0"}, "down": {"uv": [1, 6, 3, 8], "rotation": 270, "texture": "#0"} } }, { "from": [-2.81606, 8.55693, 10.01453], "to": [-1.52467, 9.0412, 13.45116], "rotation": {"angle": 0, "axis": "y", "origin": [7.99935, 8.07326, 7.83531]}, "faces": { "north": {"uv": [1, 10, 3, 12], "rotation": 270, "texture": "#0"}, "east": {"uv": [1, 10, 3, 12], "rotation": 270, "texture": "#0"}, "south": {"uv": [1, 10, 3, 12], "rotation": 270, "texture": "#0"}, "west": {"uv": [1, 10, 3, 12], "rotation": 270, "texture": "#0"}, "up": {"uv": [1, 10, 3, 12], "rotation": 270, "texture": "#0"}, "down": {"uv": [1, 10, 3, 12], "rotation": 270, "texture": "#0"} } }, { "from": [-2.81606, 9.20263, 10.33738], "to": [-1.52467, 9.52547, 10.4988], "rotation": {"angle": 0, "axis": "y", "origin": [7.99935, 8.07326, 7.83531]}, "faces": { "north": {"uv": [1, 10, 3, 12], "rotation": 270, "texture": "#0"}, "east": {"uv": [1, 10, 3, 12], "rotation": 270, "texture": "#0"}, "south": {"uv": [1, 10, 3, 12], "rotation": 270, "texture": "#0"}, "west": {"uv": [1, 10, 3, 12], "rotation": 270, "texture": "#0"}, "up": {"uv": [1, 10, 3, 12], "rotation": 270, "texture": "#0"}, "down": {"uv": [1, 10, 3, 12], "rotation": 270, "texture": "#0"} } }, { "from": [-2.81606, 8.07266, 10.33738], "to": [-1.52467, 8.39551, 10.4988], "rotation": {"angle": 0, "axis": "y", "origin": [7.99935, 8.07326, 7.83531]}, "faces": { "north": {"uv": [1, 10, 3, 12], "rotation": 270, "texture": "#0"}, "east": {"uv": [1, 10, 3, 12], "rotation": 270, "texture": "#0"}, "south": {"uv": [1, 10, 3, 12], "rotation": 270, "texture": "#0"}, "west": {"uv": [1, 10, 3, 12], "rotation": 270, "texture": "#0"}, "up": {"uv": [1, 10, 3, 12], "rotation": 270, "texture": "#0"}, "down": {"uv": [1, 10, 3, 12], "rotation": 270, "texture": "#0"} } }, { "from": [-2.81606, 8.07266, 12.80547], "to": [-1.52467, 8.39551, 12.96689], "rotation": {"angle": 0, "axis": "y", "origin": [7.99935, 8.07326, 7.83531]}, "faces": { "north": {"uv": [1, 10, 3, 12], "rotation": 270, "texture": "#0"}, "east": {"uv": [1, 10, 3, 12], "rotation": 270, "texture": "#0"}, "south": {"uv": [1, 10, 3, 12], "rotation": 270, "texture": "#0"}, "west": {"uv": [1, 10, 3, 12], "rotation": 270, "texture": "#0"}, "up": {"uv": [1, 10, 3, 12], "rotation": 270, "texture": "#0"}, "down": {"uv": [1, 10, 3, 12], "rotation": 270, "texture": "#0"} } }, { "from": [-2.81606, 9.20263, 12.80547], "to": [-1.52467, 9.52547, 12.96689], "rotation": {"angle": 0, "axis": "y", "origin": [7.99935, 8.07326, 7.83531]}, "faces": { "north": {"uv": [1, 10, 3, 12], "rotation": 270, "texture": "#0"}, "east": {"uv": [1, 10, 3, 12], "rotation": 270, "texture": "#0"}, "south": {"uv": [1, 10, 3, 12], "rotation": 270, "texture": "#0"}, "west": {"uv": [1, 10, 3, 12], "rotation": 270, "texture": "#0"}, "up": {"uv": [1, 10, 3, 12], "rotation": 270, "texture": "#0"}, "down": {"uv": [1, 10, 3, 12], "rotation": 270, "texture": "#0"} } }, { "from": [-2.81606, 9.6869, 10.01453], "to": [-1.52467, 11.46256, 13.45116], "rotation": {"angle": 0, "axis": "y", "origin": [7.99935, 8.07326, 7.83531]}, "faces": { "north": {"uv": [1, 10, 3, 12], "rotation": 270, "texture": "#0"}, "east": {"uv": [1, 10, 3, 12], "rotation": 270, "texture": "#0"}, "south": {"uv": [1, 10, 3, 12], "rotation": 270, "texture": "#0"}, "west": {"uv": [1, 10, 3, 12], "rotation": 270, "texture": "#0"}, "up": {"uv": [1, 10, 3, 12], "rotation": 270, "texture": "#0"}, "down": {"uv": [1, 10, 3, 12], "rotation": 270, "texture": "#0"} } }, { "from": [17.52336, 8.55693, 10.01453], "to": [18.81475, 9.0412, 13.45116], "rotation": {"angle": 0, "axis": "y", "origin": [7.99935, 8.07326, 7.83531]}, "faces": { "north": {"uv": [1, 10, 3, 12], "rotation": 270, "texture": "#0"}, "east": {"uv": [1, 10, 3, 12], "rotation": 270, "texture": "#0"}, "south": {"uv": [1, 10, 3, 12], "rotation": 270, "texture": "#0"}, "west": {"uv": [1, 10, 3, 12], "rotation": 270, "texture": "#0"}, "up": {"uv": [1, 10, 3, 12], "rotation": 270, "texture": "#0"}, "down": {"uv": [1, 10, 3, 12], "rotation": 270, "texture": "#0"} } }, { "from": [17.52336, 8.07266, 10.33738], "to": [18.81475, 8.39551, 10.4988], "rotation": {"angle": 0, "axis": "y", "origin": [7.99935, 8.07326, 7.83531]}, "faces": { "north": {"uv": [1, 10, 3, 12], "rotation": 270, "texture": "#0"}, "east": {"uv": [1, 10, 3, 12], "rotation": 270, "texture": "#0"}, "south": {"uv": [1, 10, 3, 12], "rotation": 270, "texture": "#0"}, "west": {"uv": [1, 10, 3, 12], "rotation": 270, "texture": "#0"}, "up": {"uv": [1, 10, 3, 12], "rotation": 270, "texture": "#0"}, "down": {"uv": [1, 10, 3, 12], "rotation": 270, "texture": "#0"} } }, { "from": [17.52336, 8.07266, 12.80547], "to": [18.81475, 8.39551, 12.96689], "rotation": {"angle": 0, "axis": "y", "origin": [7.99935, 8.07326, 7.83531]}, "faces": { "north": {"uv": [1, 10, 3, 12], "rotation": 270, "texture": "#0"}, "east": {"uv": [1, 10, 3, 12], "rotation": 270, "texture": "#0"}, "south": {"uv": [1, 10, 3, 12], "rotation": 270, "texture": "#0"}, "west": {"uv": [1, 10, 3, 12], "rotation": 270, "texture": "#0"}, "up": {"uv": [1, 10, 3, 12], "rotation": 270, "texture": "#0"}, "down": {"uv": [1, 10, 3, 12], "rotation": 270, "texture": "#0"} } }, { "from": [17.58344, 7.91123, 10.09524], "to": [18.71341, 8.71835, 13.37045], "rotation": {"angle": 0, "axis": "y", "origin": [7.99935, 8.07326, 7.83531]}, "faces": { "north": {"uv": [1, 6, 3, 8], "rotation": 270, "texture": "#0"}, "east": {"uv": [1, 6, 3, 8], "rotation": 270, "texture": "#0"}, "south": {"uv": [1, 6, 3, 8], "rotation": 270, "texture": "#0"}, "west": {"uv": [1, 6, 3, 8], "rotation": 270, "texture": "#0"}, "down": {"uv": [1, 6, 3, 8], "rotation": 270, "texture": "#0"} } }, { "from": [17.52336, 9.20263, 12.80547], "to": [18.81475, 9.52547, 12.96689], "rotation": {"angle": 0, "axis": "y", "origin": [7.99935, 8.07326, 7.83531]}, "faces": { "north": {"uv": [1, 10, 3, 12], "rotation": 270, "texture": "#0"}, "east": {"uv": [1, 10, 3, 12], "rotation": 270, "texture": "#0"}, "south": {"uv": [1, 10, 3, 12], "rotation": 270, "texture": "#0"}, "west": {"uv": [1, 10, 3, 12], "rotation": 270, "texture": "#0"}, "up": {"uv": [1, 10, 3, 12], "rotation": 270, "texture": "#0"}, "down": {"uv": [1, 10, 3, 12], "rotation": 270, "texture": "#0"} } }, { "from": [17.52336, 9.20263, 10.33738], "to": [18.81475, 9.52547, 10.4988], "rotation": {"angle": 0, "axis": "y", "origin": [7.99935, 8.07326, 7.83531]}, "faces": { "north": {"uv": [1, 10, 3, 12], "rotation": 270, "texture": "#0"}, "east": {"uv": [1, 10, 3, 12], "rotation": 270, "texture": "#0"}, "south": {"uv": [1, 10, 3, 12], "rotation": 270, "texture": "#0"}, "west": {"uv": [1, 10, 3, 12], "rotation": 270, "texture": "#0"}, "up": {"uv": [1, 10, 3, 12], "rotation": 270, "texture": "#0"}, "down": {"uv": [1, 10, 3, 12], "rotation": 270, "texture": "#0"} } }, { "from": [17.52336, 9.6869, 10.01453], "to": [18.81475, 11.46256, 13.45116], "rotation": {"angle": 0, "axis": "y", "origin": [7.99935, 8.07326, 7.83531]}, "faces": { "north": {"uv": [1, 10, 3, 12], "rotation": 270, "texture": "#0"}, "east": {"uv": [1, 10, 3, 12], "rotation": 270, "texture": "#0"}, "south": {"uv": [1, 10, 3, 12], "rotation": 270, "texture": "#0"}, "west": {"uv": [1, 10, 3, 12], "rotation": 270, "texture": "#0"}, "up": {"uv": [1, 10, 3, 12], "rotation": 270, "texture": "#0"}, "down": {"uv": [1, 10, 3, 12], "rotation": 270, "texture": "#0"} } }, { "from": [17.58344, 8.87978, 10.09524], "to": [18.71341, 9.6869, 13.37045], "rotation": {"angle": 0, "axis": "y", "origin": [7.99935, 8.07326, 7.83531]}, "faces": { "north": {"uv": [1, 6, 3, 8], "rotation": 270, "texture": "#0"}, "east": {"uv": [1, 6, 3, 8], "rotation": 270, "texture": "#0"}, "south": {"uv": [1, 6, 3, 8], "rotation": 270, "texture": "#0"}, "west": {"uv": [1, 6, 3, 8], "rotation": 270, "texture": "#0"} } }, { "from": [17.20952, 10.62202, 10.25667], "to": [18.33949, 13.20481, 13.0476], "rotation": {"angle": 22.5, "axis": "z", "origin": [18.33949, 11.50985, 11.7902]}, "faces": { "north": {"uv": [1, 6, 2.4, 6.7], "rotation": 270, "texture": "#0"}, "east": {"uv": [1, 6, 2.4, 6.7], "rotation": 270, "texture": "#0"}, "south": {"uv": [1, 6, 2.4, 6.7], "rotation": 270, "texture": "#0"}, "west": {"uv": [1, 6, 2.4, 6.7], "rotation": 270, "texture": "#0"}, "up": {"uv": [1, 6, 2.4, 6.7], "rotation": 270, "texture": "#0"} } }, { "from": [17.58344, 9.84832, 10.20144], "to": [18.71341, 11.94683, 13.37045], "rotation": {"angle": 0, "axis": "y", "origin": [7.99935, 8.07326, 7.83531]}, "faces": { "north": {"uv": [1, 6, 3, 8], "rotation": 270, "texture": "#0"}, "east": {"uv": [1, 6, 3, 8], "rotation": 270, "texture": "#0"}, "south": {"uv": [1, 6, 3, 8], "rotation": 270, "texture": "#0"}, "west": {"uv": [1, 6, 3, 8], "rotation": 270, "texture": "#0"}, "up": {"uv": [1, 6, 3, 8], "rotation": 270, "texture": "#0"} } }, { "from": [17.29283, 11.63215, 10.52004], "to": [18.69043, 13.40782, 13.37045], "rotation": {"angle": 22.5, "axis": "z", "origin": [17.93853, 12.51998, 11.7902]}, "faces": { "north": {"uv": [1, 6, 3, 8], "rotation": 270, "texture": "#0"}, "east": {"uv": [1, 6, 3, 8], "rotation": 270, "texture": "#0"}, "south": {"uv": [1, 6, 3, 8], "rotation": 270, "texture": "#0"}, "west": {"uv": [1, 6, 3, 8], "rotation": 270, "texture": "#0"}, "down": {"uv": [1, 6, 3, 8], "rotation": 270, "texture": "#0"} } }, { "from": [17.29283, 11.63215, 10.09524], "to": [18.58423, 13.40782, 10.50305], "rotation": {"angle": 22.5, "axis": "z", "origin": [17.93853, 12.51998, 11.7902]}, "faces": { "north": {"uv": [1, 1, 3, 3], "rotation": 270, "texture": "#0"}, "east": {"uv": [1, 1, 3, 3], "rotation": 270, "texture": "#0"}, "south": {"uv": [1, 1, 3, 3], "rotation": 270, "texture": "#0"}, "west": {"uv": [1, 1, 3, 3], "rotation": 270, "texture": "#0"}, "down": {"uv": [1, 1, 3, 3], "rotation": 270, "texture": "#0"} } }, { "from": [-2.39959, 11.50791, 10.09524], "to": [-1.1082, 13.28357, 10.50305], "rotation": {"angle": -22.5, "axis": "z", "origin": [-1.53456, 12.92527, 10.29915]}, "faces": { "north": {"uv": [1, 1, 3, 3], "rotation": 270, "texture": "#0"}, "east": {"uv": [1, 1, 3, 3], "rotation": 270, "texture": "#0"}, "south": {"uv": [1, 1, 3, 3], "rotation": 270, "texture": "#0"}, "west": {"uv": [1, 1, 3, 3], "rotation": 270, "texture": "#0"}, "down": {"uv": [1, 1, 3, 3], "rotation": 270, "texture": "#0"} } }, { "from": [16.24014, 12.68485, 10.09524], "to": [18.0158, 13.97624, 10.50305], "rotation": {"angle": -22.5, "axis": "z", "origin": [17.12797, 13.33055, 10.29915]}, "faces": { "north": {"uv": [1, 1, 3, 3], "texture": "#0"}, "south": {"uv": [1, 1, 3, 3], "texture": "#0"}, "up": {"uv": [1, 1, 3, 3], "texture": "#0"}, "down": {"uv": [1, 1, 3, 3], "texture": "#0"} } }, { "from": [-1.89287, 12.49891, 10.09524], "to": [-0.1172, 13.7903, 10.50305], "rotation": {"angle": 22.5, "axis": "z", "origin": [-1.53456, 12.92527, 10.29915]}, "faces": { "north": {"uv": [1, 1, 3, 3], "texture": "#0"}, "south": {"uv": [1, 1, 3, 3], "texture": "#0"}, "up": {"uv": [1, 1, 3, 3], "texture": "#0"}, "down": {"uv": [1, 1, 3, 3], "texture": "#0"} } }, { "from": [14.28177, 8.67279, 10.25667], "to": [16.05743, 9.80276, 13.0476], "rotation": {"angle": -22.5, "axis": "z", "origin": [24.6129, 8.0271, 7.83531]}, "faces": { "north": {"uv": [1, 6, 2.4, 6.7], "texture": "#0"}, "south": {"uv": [1, 6, 2.4, 6.7], "texture": "#0"}, "up": {"uv": [1, 6, 2.4, 6.7], "texture": "#0"}, "down": {"uv": [1, 6, 2.4, 6.7], "texture": "#0"} } }, { "from": [14.4436, 9.19771, 10.52004], "to": [16.96267, 10.4891, 13.37045], "rotation": {"angle": -22.5, "axis": "z", "origin": [25.51814, 8.71344, 8.26011]}, "faces": { "north": {"uv": [1, 6, 3, 8], "texture": "#0"}, "south": {"uv": [1, 6, 3, 8], "texture": "#0"}, "up": {"uv": [1, 6, 3, 8], "texture": "#0"}, "down": {"uv": [1, 6, 3, 8], "texture": "#0"} } }, { "from": [17.58344, 7.25279, 10.41809], "to": [18.55198, 7.97495, 13.0476], "rotation": {"angle": 0, "axis": "y", "origin": [7.99935, 8.07326, 7.83531]}, "faces": { "north": {"uv": [1, 6, 3, 8], "rotation": 90, "texture": "#0"}, "east": {"uv": [1, 6, 3, 8], "rotation": 90, "texture": "#0"}, "south": {"uv": [1, 6, 3, 8], "rotation": 90, "texture": "#0"}, "west": {"uv": [1, 6, 3, 8], "rotation": 90, "texture": "#0"} } }, { "from": [17.58344, 6.42406, 10.48619], "to": [18.55198, 7.78342, 13.00951], "rotation": {"angle": 22.5, "axis": "x", "origin": [7.99935, 7.42234, 11.69475]}, "faces": { "north": {"uv": [1, 6, 3, 8], "rotation": 90, "texture": "#0"}, "east": {"uv": [1, 6, 3, 8], "rotation": 90, "texture": "#0"}, "south": {"uv": [1, 6, 3, 8], "rotation": 90, "texture": "#0"}, "west": {"uv": [1, 6, 3, 8], "rotation": 90, "texture": "#0"}, "down": {"uv": [1, 6, 3, 8], "rotation": 90, "texture": "#0"} } }, { "from": [17.90204, 1.92164, 8.17293], "to": [18.23338, 6.0422, 13.13884], "rotation": {"angle": -22.5, "axis": "x", "origin": [18.17391, 2.09825, 10.4034]}, "faces": { "east": {"uv": [3, 6, 1, 8], "rotation": 90, "texture": "#0"}, "west": {"uv": [3, 6, 1, 8], "rotation": 90, "texture": "#0"} } }, { "from": [-2.23469, 1.92164, 8.17293], "to": [-1.90335, 6.0422, 13.13884], "rotation": {"angle": -22.5, "axis": "x", "origin": [-2.17522, 2.09825, 10.4034]}, "faces": { "east": {"uv": [3, 8, 1, 6], "rotation": 90, "texture": "#0"}, "west": {"uv": [3, 8, 1, 6], "rotation": 90, "texture": "#0"} } }, { "from": [-2.55329, 7.25279, 10.41809], "to": [-1.58475, 7.97495, 13.0476], "rotation": {"angle": 0, "axis": "y", "origin": [7.99935, 8.07326, 7.83531]}, "faces": { "north": {"uv": [1, 6, 3, 8], "rotation": 90, "texture": "#0"}, "east": {"uv": [1, 6, 3, 8], "rotation": 90, "texture": "#0"}, "south": {"uv": [1, 6, 3, 8], "rotation": 90, "texture": "#0"}, "west": {"uv": [1, 6, 3, 8], "rotation": 90, "texture": "#0"} } }, { "from": [-2.55329, 6.42406, 10.48619], "to": [-1.58475, 7.78342, 13.00951], "rotation": {"angle": 22.5, "axis": "x", "origin": [7.99935, 7.42234, 11.69475]}, "faces": { "north": {"uv": [1, 6, 3, 8], "rotation": 90, "texture": "#0"}, "east": {"uv": [1, 6, 3, 8], "rotation": 90, "texture": "#0"}, "south": {"uv": [1, 6, 3, 8], "rotation": 90, "texture": "#0"}, "west": {"uv": [1, 6, 3, 8], "rotation": 90, "texture": "#0"}, "down": {"uv": [1, 6, 3, 8], "rotation": 90, "texture": "#0"} } }, { "from": [18.58767, 3.94351, 8.31173], "to": [19.56556, 6.21449, 12.93355], "rotation": {"angle": -22.5, "axis": "x", "origin": [19.12971, 5.079, 12.32184]}, "faces": { "east": {"uv": [7, 10, 5, 12], "texture": "#0"}, "south": {"uv": [7, 10, 5, 12], "texture": "#0"}, "west": {"uv": [7, 10, 5, 12], "texture": "#0"} } }, { "from": [18.58767, 4.17026, 9.11565], "to": [19.77796, 5.27304, 12.78167], "rotation": {"angle": -22.5, "axis": "x", "origin": [19.18281, 4.72165, 11.32036]}, "faces": { "north": {"uv": [3, 14, 1, 16], "texture": "#0"}, "east": {"uv": [3, 14, 1, 16], "texture": "#0"}, "south": {"uv": [3, 14, 1, 16], "texture": "#0"}, "up": {"uv": [3, 14, 1, 16], "texture": "#0"}, "down": {"uv": [3, 14, 1, 16], "texture": "#0"} } }, { "from": [18.80007, 4.76419, 13.08056], "to": [19.45936, 6.83722, 13.75854], "rotation": {"angle": 22.5, "axis": "x", "origin": [18.65181, 6.59721, 13.31335]}, "faces": { "north": {"uv": [3, 1, 1, 3], "rotation": 90, "texture": "#0"}, "east": {"uv": [3, 1, 1, 3], "rotation": 90, "texture": "#0"}, "south": {"uv": [3, 1, 1, 3], "rotation": 90, "texture": "#0"}, "west": {"uv": [3, 1, 1, 3], "rotation": 90, "texture": "#0"}, "up": {"uv": [3, 1, 1, 3], "rotation": 90, "texture": "#0"} } }, { "from": [18.86599, 5.12267, 13.14674], "to": [19.39343, 8.58649, 13.68913], "rotation": {"angle": 22.5, "axis": "x", "origin": [18.74739, 6.58908, 13.33298]}, "faces": { "north": {"uv": [3, 1, 1, 3], "rotation": 90, "texture": "#0"}, "east": {"uv": [3, 1, 1, 3], "rotation": 90, "texture": "#0"}, "south": {"uv": [3, 1, 1, 3], "rotation": 90, "texture": "#0"}, "west": {"uv": [3, 1, 1, 3], "rotation": 90, "texture": "#0"}, "up": {"uv": [3, 1, 1, 3], "rotation": 90, "texture": "#0"} } }, { "from": [18.92929, 5.69051, 13.30294], "to": [19.33013, 10.09018, 13.71515], "rotation": {"angle": 22.5, "axis": "x", "origin": [18.83915, 6.80498, 13.44448]}, "faces": { "north": {"uv": [3, 1, 1, 3], "rotation": 90, "texture": "#0"}, "east": {"uv": [3, 1, 1, 3], "rotation": 90, "texture": "#0"}, "south": {"uv": [3, 1, 1, 3], "rotation": 90, "texture": "#0"}, "west": {"uv": [3, 1, 1, 3], "rotation": 90, "texture": "#0"}, "up": {"uv": [3, 1, 1, 3], "rotation": 90, "texture": "#0"} } }, { "from": [18.58767, 3.70822, 10.03382], "to": [19.56556, 6.84325, 12.3048], "rotation": {"angle": 22.5, "axis": "x", "origin": [19.12971, 6.23154, 11.16931]}, "faces": { "east": {"uv": [7, 10, 5, 12], "rotation": 90, "texture": "#0"}, "west": {"uv": [7, 10, 5, 12], "rotation": 90, "texture": "#0"}, "up": {"uv": [7, 10, 5, 12], "rotation": 90, "texture": "#0"} } }, { "from": [18.58767, 5.61982, 8.29769], "to": [19.56556, 6.84325, 10.67487], "rotation": {"angle": -22.5, "axis": "x", "origin": [19.12971, 6.23154, 9.53938]}, "faces": { "east": {"uv": [7, 10, 5, 12], "rotation": 90, "texture": "#0"}, "west": {"uv": [7, 10, 5, 12], "rotation": 90, "texture": "#0"}, "up": {"uv": [7, 10, 5, 12], "rotation": 90, "texture": "#0"} } }, { "from": [18.58767, 2.73467, 7.67702], "to": [19.56556, 6.17385, 11.87404], "rotation": {"angle": 22.5, "axis": "x", "origin": [19.12971, 5.03836, 8.28873]}, "faces": { "north": {"uv": [7, 10, 5, 12], "rotation": 180, "texture": "#0"}, "east": {"uv": [7, 10, 5, 12], "rotation": 180, "texture": "#0"}, "west": {"uv": [7, 10, 5, 12], "rotation": 180, "texture": "#0"} } }, { "from": [18.58368, 2.11199, 6.82542], "to": [18.9465, 5.68873, 11.19033], "rotation": {"angle": 22.5, "axis": "x", "origin": [18.68721, 3.29849, 8.98176]}, "faces": { "north": {"uv": [9, 14, 7, 16], "rotation": 180, "texture": "#0"}, "east": {"uv": [9, 14, 7, 16], "rotation": 180, "texture": "#0"}, "south": {"uv": [9, 14, 7, 16], "rotation": 180, "texture": "#0"}, "west": {"uv": [9, 14, 7, 16], "rotation": 180, "texture": "#0"}, "up": {"uv": [9, 14, 7, 16], "rotation": 180, "texture": "#0"}, "down": {"uv": [9, 14, 7, 16], "rotation": 180, "texture": "#0"} } }, { "from": [18.58767, 2.84397, 7.20623], "to": [19.56556, 3.45993, 12.14666], "rotation": {"angle": -22.5, "axis": "x", "origin": [19.12971, 2.38646, 7.81794]}, "faces": { "north": {"uv": [5, 10, 7, 12], "texture": "#0"}, "east": {"uv": [5, 10, 7, 12], "texture": "#0"}, "up": {"uv": [5, 10, 7, 12], "texture": "#0"}, "down": {"uv": [5, 10, 7, 12], "texture": "#0"} } }, { "from": [18.58368, 3.34367, 6.61802], "to": [18.9465, 3.98427, 11.75606], "rotation": {"angle": -22.5, "axis": "x", "origin": [18.68721, 3.29849, 8.98176]}, "faces": { "north": {"uv": [9, 14, 7, 16], "texture": "#0"}, "east": {"uv": [9, 14, 7, 16], "texture": "#0"}, "south": {"uv": [9, 14, 7, 16], "texture": "#0"}, "west": {"uv": [9, 14, 7, 16], "texture": "#0"}, "up": {"uv": [9, 14, 7, 16], "texture": "#0"}, "down": {"uv": [9, 14, 7, 16], "texture": "#0"} } }, { "from": [18.05667, 1.33231, 7.19961], "to": [19.56556, 2.55574, 10.63879], "rotation": {"angle": 22.5, "axis": "x", "origin": [19.12971, 2.2559, 10.25623]}, "faces": { "north": {"uv": [7, 10, 5, 12], "rotation": 90, "texture": "#0"}, "east": {"uv": [7, 10, 5, 12], "rotation": 90, "texture": "#0"}, "west": {"uv": [7, 10, 5, 12], "rotation": 90, "texture": "#0"}, "up": {"uv": [7, 10, 5, 12], "rotation": 90, "texture": "#0"}, "down": {"uv": [7, 10, 5, 12], "rotation": 90, "texture": "#0"} } }, { "from": [17.904, 1.65685, 7.28055], "to": [18.9465, 2.92922, 10.8573], "rotation": {"angle": 22.5, "axis": "x", "origin": [18.68721, 3.29849, 8.98176]}, "faces": { "north": {"uv": [9, 14, 7, 16], "rotation": 90, "texture": "#0"}, "east": {"uv": [9, 14, 7, 16], "rotation": 90, "texture": "#0"}, "south": {"uv": [9, 14, 7, 16], "rotation": 90, "texture": "#0"}, "west": {"uv": [9, 14, 7, 16], "rotation": 90, "texture": "#0"}, "down": {"uv": [9, 14, 7, 16], "rotation": 90, "texture": "#0"} } }, { "from": [18.58767, 1.37295, 9.86558], "to": [19.56556, 2.59638, 12.24276], "rotation": {"angle": -22.5, "axis": "x", "origin": [19.12971, 2.29654, 10.35434]}, "faces": { "east": {"uv": [7, 10, 5, 12], "rotation": 90, "texture": "#0"}, "west": {"uv": [7, 10, 5, 12], "rotation": 90, "texture": "#0"}, "down": {"uv": [7, 10, 5, 12], "rotation": 90, "texture": "#0"} } }, { "from": [18.58767, 2.31358, 10.54193], "to": [19.56556, 4.58456, 12.93355], "rotation": {"angle": 22.5, "axis": "x", "origin": [19.12971, 3.44907, 12.32184]}, "faces": { "east": {"uv": [7, 10, 5, 12], "rotation": 180, "texture": "#0"}, "south": {"uv": [7, 10, 5, 12], "rotation": 180, "texture": "#0"}, "west": {"uv": [7, 10, 5, 12], "rotation": 180, "texture": "#0"} } }, { "from": [17.68964, 3.92822, 11.90983], "to": [18.65818, 6.45153, 13.26919], "rotation": {"angle": -22.5, "axis": "x", "origin": [18.17391, 5.18987, 12.58951]}, "faces": { "north": {"uv": [1, 10, 3, 12], "rotation": 270, "texture": "#0"}, "east": {"uv": [1, 10, 3, 12], "texture": "#0"}, "south": {"uv": [1, 10, 3, 12], "rotation": 90, "texture": "#0"}, "west": {"uv": [1, 10, 3, 12], "rotation": 180, "texture": "#0"} } }, { "from": [17.68964, 5.79079, 10.04726], "to": [18.65818, 7.15015, 12.57057], "rotation": {"angle": 22.5, "axis": "x", "origin": [18.17391, 6.47047, 11.30892]}, "faces": { "east": {"uv": [1, 10, 3, 12], "rotation": 90, "texture": "#0"}, "west": {"uv": [1, 10, 3, 12], "rotation": 90, "texture": "#0"}, "up": {"uv": [1, 10, 3, 12], "rotation": 90, "texture": "#0"}, "down": {"uv": [1, 10, 3, 12], "rotation": 90, "texture": "#0"} } }, { "from": [17.68964, 5.79079, 7.17423], "to": [18.65818, 7.15015, 10.75954], "rotation": {"angle": -22.5, "axis": "x", "origin": [18.17391, 6.47047, 9.49788]}, "faces": { "east": {"uv": [1, 10, 3, 12], "rotation": 90, "texture": "#0"}, "west": {"uv": [1, 10, 3, 12], "rotation": 90, "texture": "#0"}, "up": {"uv": [1, 10, 3, 12], "rotation": 90, "texture": "#0"}, "down": {"uv": [1, 10, 3, 12], "rotation": 90, "texture": "#0"} } }, { "from": [17.68964, 3.52181, 6.55645], "to": [18.65818, 6.04512, 7.91581], "rotation": {"angle": 22.5, "axis": "x", "origin": [18.17391, 4.78346, 7.23613]}, "faces": { "north": {"uv": [3, 10, 1, 12], "rotation": 90, "texture": "#0"}, "east": {"uv": [3, 10, 1, 12], "rotation": 180, "texture": "#0"}, "south": {"uv": [3, 10, 1, 12], "rotation": 270, "texture": "#0"}, "west": {"uv": [3, 10, 1, 12], "texture": "#0"} } }, { "from": [17.68964, 2.67221, 6.23785], "to": [18.65818, 4.66452, 6.85381], "rotation": {"angle": 22.5, "axis": "x", "origin": [18.17391, 3.40286, 6.91753]}, "faces": { "north": {"uv": [3, 10, 1, 12], "rotation": 90, "texture": "#0"}, "east": {"uv": [3, 10, 1, 12], "rotation": 180, "texture": "#0"}, "west": {"uv": [3, 10, 1, 12], "texture": "#0"}, "down": {"uv": [3, 10, 1, 12], "rotation": 270, "texture": "#0"} } }, { "from": [17.68964, 1.69407, 6.55398], "to": [18.65818, 2.62863, 8.54629], "rotation": {"angle": 22.5, "axis": "x", "origin": [18.17391, 2.37375, 7.55013]}, "faces": { "north": {"uv": [3, 10, 1, 12], "rotation": 270, "texture": "#0"}, "east": {"uv": [3, 10, 1, 12], "rotation": 270, "texture": "#0"}, "west": {"uv": [3, 10, 1, 12], "rotation": 270, "texture": "#0"}, "down": {"uv": [3, 10, 1, 12], "rotation": 270, "texture": "#0"} } }, { "from": [17.68964, 2.3113, 5.93675], "to": [18.65818, 3.24161, 7.29611], "rotation": {"angle": -22.5, "axis": "x", "origin": [18.17391, 3.30745, 6.61643]}, "faces": { "north": {"uv": [3, 10, 1, 12], "rotation": 90, "texture": "#0"}, "east": {"uv": [3, 10, 1, 12], "rotation": 180, "texture": "#0"}, "west": {"uv": [3, 10, 1, 12], "texture": "#0"}, "down": {"uv": [3, 10, 1, 12], "rotation": 270, "texture": "#0"} } }, { "from": [17.68964, 1.71078, 6.55645], "to": [18.65818, 4.23409, 7.91581], "rotation": {"angle": -22.5, "axis": "x", "origin": [18.17391, 2.97243, 7.23613]}, "faces": { "north": {"uv": [1, 10, 3, 12], "rotation": 270, "texture": "#0"}, "east": {"uv": [1, 10, 3, 12], "texture": "#0"}, "south": {"uv": [1, 10, 3, 12], "rotation": 90, "texture": "#0"}, "west": {"uv": [1, 10, 3, 12], "rotation": 180, "texture": "#0"}, "down": {"uv": [1, 10, 3, 12], "rotation": 90, "texture": "#0"} } }, { "from": [17.68964, 0.66563, 7.324], "to": [18.65818, 2.02499, 9.84731], "rotation": {"angle": 22.5, "axis": "x", "origin": [18.17391, 1.69184, 9.42224]}, "faces": { "north": {"uv": [3, 10, 1, 12], "rotation": 90, "texture": "#0"}, "east": {"uv": [3, 10, 1, 12], "rotation": 90, "texture": "#0"}, "west": {"uv": [3, 10, 1, 12], "rotation": 90, "texture": "#0"}, "up": {"uv": [3, 10, 1, 12], "rotation": 90, "texture": "#0"}, "down": {"uv": [3, 10, 1, 12], "rotation": 90, "texture": "#0"} } }, { "from": [17.68964, 1.07204, 8.91633], "to": [18.65818, 2.4314, 12.50164], "rotation": {"angle": -22.5, "axis": "x", "origin": [18.17391, 2.09825, 10.4034]}, "faces": { "east": {"uv": [3, 10, 1, 12], "rotation": 90, "texture": "#0"}, "south": {"uv": [3, 10, 1, 12], "rotation": 90, "texture": "#0"}, "west": {"uv": [3, 10, 1, 12], "rotation": 90, "texture": "#0"}, "up": {"uv": [3, 10, 1, 12], "rotation": 90, "texture": "#0"}, "down": {"uv": [3, 10, 1, 12], "rotation": 90, "texture": "#0"} } }, { "from": [17.68964, 2.11719, 11.90983], "to": [18.65818, 4.6405, 13.26919], "rotation": {"angle": 22.5, "axis": "x", "origin": [18.17391, 3.37884, 12.58951]}, "faces": { "north": {"uv": [1, 10, 3, 12], "rotation": 90, "texture": "#0"}, "east": {"uv": [1, 10, 3, 12], "rotation": 180, "texture": "#0"}, "south": {"uv": [1, 10, 3, 12], "rotation": 270, "texture": "#0"}, "west": {"uv": [1, 10, 3, 12], "texture": "#0"}, "down": {"uv": [1, 10, 3, 12], "rotation": 270, "texture": "#0"} } }, { "from": [-3.56686, 2.99614, 8.48338], "to": [-2.58898, 5.26712, 13.10521], "rotation": {"angle": -22.5, "axis": "x", "origin": [-2.64699, 4.17384, 10.0263]}, "faces": { "east": {"uv": [5, 10, 7, 12], "texture": "#0"}, "south": {"uv": [5, 10, 7, 12], "texture": "#0"}, "west": {"uv": [5, 10, 7, 12], "texture": "#0"}, "up": {"uv": [5, 10, 7, 12], "texture": "#0"}, "down": {"uv": [5, 10, 7, 12], "texture": "#0"} } }, { "from": [-3.77926, 3.63334, 9.22678], "to": [-2.58898, 4.73612, 12.89281], "rotation": {"angle": -22.5, "axis": "x", "origin": [-2.64699, 4.17384, 10.0263]}, "faces": { "north": {"uv": [1, 14, 3, 16], "texture": "#0"}, "south": {"uv": [1, 14, 3, 16], "texture": "#0"}, "west": {"uv": [1, 14, 3, 16], "texture": "#0"}, "up": {"uv": [1, 14, 3, 16], "texture": "#0"}, "down": {"uv": [1, 14, 3, 16], "texture": "#0"} } }, { "from": [-3.46066, 5.83763, 11.90297], "to": [-2.80138, 7.91065, 12.58095], "rotation": {"angle": 22.5, "axis": "x", "origin": [-2.64699, 4.17384, 10.0263]}, "faces": { "north": {"uv": [3, 3, 1, 1], "rotation": 90, "texture": "#0"}, "east": {"uv": [3, 3, 1, 1], "rotation": 90, "texture": "#0"}, "south": {"uv": [3, 3, 1, 1], "rotation": 90, "texture": "#0"}, "west": {"uv": [3, 3, 1, 1], "rotation": 90, "texture": "#0"}, "up": {"uv": [3, 3, 1, 1], "rotation": 90, "texture": "#0"} } }, { "from": [-3.39474, 6.20423, 11.97077], "to": [-2.8673, 9.66805, 12.51315], "rotation": {"angle": 22.5, "axis": "x", "origin": [-2.64699, 4.17384, 10.0263]}, "faces": { "north": {"uv": [3, 3, 1, 1], "rotation": 90, "texture": "#0"}, "east": {"uv": [3, 3, 1, 1], "rotation": 90, "texture": "#0"}, "south": {"uv": [3, 3, 1, 1], "rotation": 90, "texture": "#0"}, "west": {"uv": [3, 3, 1, 1], "rotation": 90, "texture": "#0"}, "up": {"uv": [3, 3, 1, 1], "rotation": 90, "texture": "#0"} } }, { "from": [-3.33144, 6.79831, 12.03585], "to": [-2.9306, 11.19798, 12.44806], "rotation": {"angle": 22.5, "axis": "x", "origin": [-2.64699, 4.17384, 10.0263]}, "faces": { "north": {"uv": [3, 3, 1, 1], "rotation": 90, "texture": "#0"}, "east": {"uv": [3, 3, 1, 1], "rotation": 90, "texture": "#0"}, "south": {"uv": [3, 3, 1, 1], "rotation": 90, "texture": "#0"}, "west": {"uv": [3, 3, 1, 1], "rotation": 90, "texture": "#0"}, "up": {"uv": [3, 3, 1, 1], "rotation": 90, "texture": "#0"} } }, { "from": [-3.56686, 3.989, 9.15936], "to": [-2.58898, 7.12403, 11.43034], "rotation": {"angle": 22.5, "axis": "x", "origin": [-2.64699, 4.17384, 10.0263]}, "faces": { "north": {"uv": [7, 12, 5, 10], "rotation": 90, "texture": "#0"}, "east": {"uv": [7, 12, 5, 10], "rotation": 90, "texture": "#0"}, "south": {"uv": [7, 12, 5, 10], "rotation": 90, "texture": "#0"}, "west": {"uv": [7, 12, 5, 10], "rotation": 90, "texture": "#0"}, "up": {"uv": [7, 12, 5, 10], "rotation": 90, "texture": "#0"} } }, { "from": [-3.56686, 5.64953, 9.1222], "to": [-2.58898, 6.87295, 11.49938], "rotation": {"angle": -22.5, "axis": "x", "origin": [-2.64699, 4.17384, 10.0263]}, "faces": { "east": {"uv": [7, 12, 5, 10], "rotation": 90, "texture": "#0"}, "west": {"uv": [7, 12, 5, 10], "rotation": 90, "texture": "#0"}, "up": {"uv": [7, 12, 5, 10], "rotation": 90, "texture": "#0"} } }, { "from": [-3.56686, 2.00392, 7.47844], "to": [-2.58898, 5.4431, 11.67547], "rotation": {"angle": 22.5, "axis": "x", "origin": [-2.64699, 4.17384, 10.0263]}, "faces": { "north": {"uv": [5, 10, 7, 12], "rotation": 180, "texture": "#0"}, "east": {"uv": [5, 10, 7, 12], "rotation": 180, "texture": "#0"}, "west": {"uv": [5, 10, 7, 12], "rotation": 180, "texture": "#0"} } }, { "from": [-2.94781, 1.77889, 7.23991], "to": [-2.58499, 5.35564, 11.60482], "rotation": {"angle": 22.5, "axis": "x", "origin": [-2.64699, 4.17384, 10.0263]}, "faces": { "north": {"uv": [7, 14, 9, 16], "rotation": 180, "texture": "#0"}, "east": {"uv": [7, 14, 9, 16], "rotation": 180, "texture": "#0"}, "south": {"uv": [7, 14, 9, 16], "rotation": 180, "texture": "#0"}, "west": {"uv": [7, 14, 9, 16], "rotation": 180, "texture": "#0"}, "up": {"uv": [7, 14, 9, 16], "rotation": 180, "texture": "#0"}, "down": {"uv": [7, 14, 9, 16], "rotation": 180, "texture": "#0"} } }, { "from": [-3.56686, 3.82512, 6.69033], "to": [-2.58898, 4.44108, 11.63075], "rotation": {"angle": -22.5, "axis": "x", "origin": [-2.64699, 4.17384, 10.0263]}, "faces": { "north": {"uv": [7, 10, 5, 12], "texture": "#0"}, "west": {"uv": [7, 10, 5, 12], "texture": "#0"}, "down": {"uv": [7, 10, 5, 12], "texture": "#0"} } }, { "from": [-2.94781, 3.81003, 6.36254], "to": [-2.58499, 4.45062, 11.50059], "rotation": {"angle": -22.5, "axis": "x", "origin": [-2.64699, 4.17384, 10.0263]}, "faces": { "north": {"uv": [7, 14, 9, 16], "texture": "#0"}, "east": {"uv": [7, 14, 9, 16], "texture": "#0"}, "south": {"uv": [7, 14, 9, 16], "texture": "#0"}, "west": {"uv": [7, 14, 9, 16], "texture": "#0"}, "up": {"uv": [7, 14, 9, 16], "texture": "#0"}, "down": {"uv": [7, 14, 9, 16], "texture": "#0"} } }, { "from": [-3.56686, 1.5663, 7.91607], "to": [-2.05798, 2.78972, 11.35525], "rotation": {"angle": 22.5, "axis": "x", "origin": [-2.64699, 4.17384, 10.0263]}, "faces": { "north": {"uv": [7, 12, 5, 10], "rotation": 90, "texture": "#0"}, "east": {"uv": [7, 12, 5, 10], "rotation": 90, "texture": "#0"}, "west": {"uv": [7, 12, 5, 10], "rotation": 90, "texture": "#0"}, "up": {"uv": [7, 12, 5, 10], "rotation": 90, "texture": "#0"}, "down": {"uv": [7, 12, 5, 10], "rotation": 90, "texture": "#0"} } }, { "from": [-2.94781, 1.32376, 7.69505], "to": [-1.90531, 2.59612, 11.27179], "rotation": {"angle": 22.5, "axis": "x", "origin": [-2.64699, 4.17384, 10.0263]}, "faces": { "north": {"uv": [9, 16, 7, 14], "rotation": 90, "texture": "#0"}, "east": {"uv": [9, 16, 7, 14], "rotation": 90, "texture": "#0"}, "south": {"uv": [9, 16, 7, 14], "rotation": 90, "texture": "#0"}, "west": {"uv": [9, 16, 7, 14], "rotation": 90, "texture": "#0"}, "down": {"uv": [9, 16, 7, 14], "rotation": 90, "texture": "#0"} } }, { "from": [-3.56686, 1.39032, 9.1222], "to": [-2.58898, 2.61374, 11.49938], "rotation": {"angle": -22.5, "axis": "x", "origin": [-2.64699, 4.17384, 10.0263]}, "faces": { "east": {"uv": [7, 12, 5, 10], "rotation": 90, "texture": "#0"}, "west": {"uv": [7, 12, 5, 10], "rotation": 90, "texture": "#0"}, "down": {"uv": [7, 12, 5, 10], "rotation": 90, "texture": "#0"} } }, { "from": [-3.56686, 3.24722, 10.64455], "to": [-2.58898, 5.5182, 13.03617], "rotation": {"angle": 22.5, "axis": "x", "origin": [-2.64699, 4.17384, 10.0263]}, "faces": { "east": {"uv": [5, 10, 7, 12], "rotation": 180, "texture": "#0"}, "south": {"uv": [5, 10, 7, 12], "rotation": 180, "texture": "#0"}, "west": {"uv": [5, 10, 7, 12], "rotation": 180, "texture": "#0"} } }, { "from": [-2.65949, 2.86998, 12.10354], "to": [-1.69095, 5.39329, 13.4629], "rotation": {"angle": -22.5, "axis": "x", "origin": [-2.64699, 4.17384, 10.0263]}, "faces": { "north": {"uv": [1, 12, 3, 10], "rotation": 270, "texture": "#0"}, "east": {"uv": [3, 10, 1, 12], "rotation": 180, "texture": "#0"}, "south": {"uv": [1, 12, 3, 10], "rotation": 90, "texture": "#0"}, "west": {"uv": [3, 10, 1, 12], "texture": "#0"} } }, { "from": [-2.65949, 6.1068, 9.07074], "to": [-1.69095, 7.46616, 11.59406], "rotation": {"angle": 22.5, "axis": "x", "origin": [-2.64699, 4.17384, 10.0263]}, "faces": { "east": {"uv": [1, 12, 3, 10], "rotation": 90, "texture": "#0"}, "west": {"uv": [1, 12, 3, 10], "rotation": 90, "texture": "#0"}, "up": {"uv": [1, 12, 3, 10], "rotation": 90, "texture": "#0"}, "down": {"uv": [1, 12, 3, 10], "rotation": 90, "texture": "#0"} } }, { "from": [-2.65949, 5.81818, 8.09333], "to": [-1.69095, 7.17754, 11.67864], "rotation": {"angle": -22.5, "axis": "x", "origin": [-2.64699, 4.17384, 10.0263]}, "faces": { "east": {"uv": [1, 12, 3, 10], "rotation": 90, "texture": "#0"}, "west": {"uv": [1, 12, 3, 10], "rotation": 90, "texture": "#0"}, "up": {"uv": [1, 12, 3, 10], "rotation": 90, "texture": "#0"}, "down": {"uv": [1, 12, 3, 10], "rotation": 90, "texture": "#0"} } }, { "from": [-2.65949, 2.40765, 6.53555], "to": [-1.69095, 4.93097, 7.89491], "rotation": {"angle": 22.5, "axis": "x", "origin": [-2.64699, 4.17384, 10.0263]}, "faces": { "north": {"uv": [3, 12, 1, 10], "rotation": 90, "texture": "#0"}, "east": {"uv": [1, 10, 3, 12], "texture": "#0"}, "south": {"uv": [3, 12, 1, 10], "rotation": 270, "texture": "#0"}, "west": {"uv": [1, 10, 3, 12], "rotation": 180, "texture": "#0"} } }, { "from": [-2.65949, 1.54122, 6.76953], "to": [-1.69095, 3.53353, 7.70409], "rotation": {"angle": 22.5, "axis": "x", "origin": [-2.64699, 4.17384, 10.0263]}, "faces": { "north": {"uv": [3, 12, 1, 10], "rotation": 90, "texture": "#0"}, "east": {"uv": [1, 10, 3, 12], "texture": "#0"}, "west": {"uv": [1, 10, 3, 12], "rotation": 180, "texture": "#0"}, "down": {"uv": [3, 12, 1, 10], "rotation": 270, "texture": "#0"} } }, { "from": [-2.65949, 0.88351, 7.43133], "to": [-1.69095, 1.71187, 9.42364], "rotation": {"angle": 22.5, "axis": "x", "origin": [-2.64699, 4.17384, 10.0263]}, "faces": { "east": {"uv": [3, 12, 1, 10], "rotation": 270, "texture": "#0"}, "west": {"uv": [3, 12, 1, 10], "rotation": 270, "texture": "#0"}, "down": {"uv": [3, 12, 1, 10], "rotation": 270, "texture": "#0"} } }, { "from": [-2.65949, 3.68215, 5.86476], "to": [-1.69095, 4.61246, 7.22412], "rotation": {"angle": -22.5, "axis": "x", "origin": [-2.64699, 4.17384, 10.0263]}, "faces": { "north": {"uv": [3, 12, 1, 10], "rotation": 90, "texture": "#0"}, "east": {"uv": [1, 10, 3, 12], "texture": "#0"}, "west": {"uv": [1, 10, 3, 12], "rotation": 180, "texture": "#0"} } }, { "from": [-2.65949, 2.86998, 6.30908], "to": [-1.69095, 5.39329, 7.66844], "rotation": {"angle": -22.5, "axis": "x", "origin": [-2.64699, 4.17384, 10.0263]}, "faces": { "north": {"uv": [1, 12, 3, 10], "rotation": 270, "texture": "#0"}, "east": {"uv": [3, 10, 1, 12], "rotation": 180, "texture": "#0"}, "south": {"uv": [1, 12, 3, 10], "rotation": 90, "texture": "#0"}, "west": {"uv": [3, 10, 1, 12], "texture": "#0"} } }, { "from": [-2.65949, 0.6234, 8.3198], "to": [-1.69095, 1.98276, 10.84311], "rotation": {"angle": 22.5, "axis": "x", "origin": [-2.64699, 4.17384, 10.0263]}, "faces": { "east": {"uv": [3, 12, 1, 10], "rotation": 90, "texture": "#0"}, "west": {"uv": [3, 12, 1, 10], "rotation": 90, "texture": "#0"}, "up": {"uv": [3, 12, 1, 10], "rotation": 90, "texture": "#0"}, "down": {"uv": [3, 12, 1, 10], "rotation": 90, "texture": "#0"} } }, { "from": [-2.65949, 1.08573, 8.09333], "to": [-1.69095, 2.44509, 11.67864], "rotation": {"angle": -22.5, "axis": "x", "origin": [-2.64699, 4.17384, 10.0263]}, "faces": { "east": {"uv": [3, 12, 1, 10], "rotation": 90, "texture": "#0"}, "west": {"uv": [3, 12, 1, 10], "rotation": 90, "texture": "#0"}, "up": {"uv": [3, 12, 1, 10], "rotation": 90, "texture": "#0"}, "down": {"uv": [3, 12, 1, 10], "rotation": 90, "texture": "#0"} } }, { "from": [-2.65949, 3.1586, 12.01895], "to": [-1.69095, 5.68191, 13.37831], "rotation": {"angle": 22.5, "axis": "x", "origin": [-2.64699, 4.17384, 10.0263]}, "faces": { "north": {"uv": [1, 12, 3, 10], "rotation": 90, "texture": "#0"}, "east": {"uv": [3, 10, 1, 12], "texture": "#0"}, "south": {"uv": [1, 12, 3, 10], "rotation": 270, "texture": "#0"}, "west": {"uv": [3, 10, 1, 12], "rotation": 180, "texture": "#0"} } } ], "display": { "thirdperson_righthand": { "rotation": [86, 90, 0], "translation": [-0.75, -2, -2], "scale": [0.4, 0.4, 0.4] }, "thirdperson_lefthand": { "rotation": [125, 0, 0], "translation": [-5.5, 1.25, 11.75], "scale": [0.4, 0.5, 0.5] }, "firstperson_righthand": { "rotation": [-52, 101, 0], "translation": [-4.25, 2.5, 2.25], "scale": [0.4, 0.4, 0.4] }, "firstperson_lefthand": { "rotation": [4, 109, 0], "translation": [-4.75, -9, 2.25], "scale": [0.4, 0.4, 0.4] }, "ground": { "rotation": [4, 109, 0], "translation": [-0.75, 2.5, 2.25], "scale": [0.4, 0.4, 0.4] }, "gui": { "rotation": [4, 152, 0], "translation": [-0.75, 2.5, 2.25], "scale": [0.4, 0.4, 0.4] }, "head": { "translation": [0, 1.25, -4.5], "scale": [0.7, 0.9, 0.9] }, "fixed": { "rotation": [0, 0, 60.5], "translation": [0, 0.25, -4.5] } }, "groups": [ 0, 1, 2, 3, 4, 5, 6, 7, 8, 9, 10, 11, 12, 13, 14, 15, 16, 17, 18, 19, 20, 21, 22, 23, 24, 25, 26, 27, 28, 29, 30, 31, 32, 33, 34, 35, 36, 37, 38, 39, { "name": "group", "origin": [20.08057, 4.17964, 14.47665], "color": 0, "children": [ 40, 41, 42, 43, 44, 45, 46, 47, 48, 49, 50, 51, 52, 53, 54, { "name": "group", "origin": [20.08057, 4.17964, 14.47665], "color": 0, "children": [] }, { "name": "group", "origin": [20.08057, 4.17964, 14.47665], "color": 0, "children": [55, 56, 57, 58, 59, 60, 61, 62, 63, 64, 65] } ] }, { "name": "group", "origin": [20.08057, 4.17964, 14.47665], "color": 0, "children": [ 66, 67, 68, 69, 70, 71, 72, 73, 74, 75, 76, 77, 78, 79, 80, { "name": "group", "origin": [20.08057, 4.17964, 14.47665], "color": 0, "children": [] }, { "name": "group", "origin": [20.08057, 4.17964, 14.47665], "color": 0, "children": [81, 82, 83, 84, 85, 86, 87, 88, 89, 90, 91] } ] } ] }