{ "credit": "Made with Blockbench", "textures": { "1": "ttp/i/c/a/phoenix_ballistic_mask", "particle": "ttp/i/c/a/phoenix_ballistic_mask" }, "elements": [ { "name": "Voxels", "from": [0.5, 0.5, 14], "to": [16, 6, 14.5], "faces": { "north": {"uv": [1.9375, 8.1875, 0, 8.875], "texture": "#1"}, "east": {"uv": [3.875, 9.3125, 3.8125, 10], "texture": "#1", "cullface": "east"}, "south": {"uv": [1.9375, 8, 3.875, 8.6875], "texture": "#1"}, "west": {"uv": [5.5625, 14, 5.625, 14.6875], "texture": "#1"}, "up": {"uv": [5.75, 11.5625, 7.6875, 11.5], "texture": "#1"}, "down": {"uv": [5.75, 11.4375, 7.6875, 11.5], "texture": "#1"} } }, { "name": "Voxels", "from": [0.5, 0.75, 14.5], "to": [16, 15.25, 14.75], "faces": { "east": {"uv": [6.15625, 8.625, 6.125, 10.4375], "texture": "#1", "cullface": "east"}, "south": {"uv": [0, 12.375, 1.9375, 14.1875], "texture": "#1"}, "west": {"uv": [6.09375, 8.625, 6.125, 10.4375], "texture": "#1"}, "up": {"uv": [13.5, 16, 15.4375, 15.96875], "texture": "#1"}, "down": {"uv": [11.5625, 15.96875, 13.5, 16], "texture": "#1"} } }, { "name": "Voxels", "from": [0.5, 1, 14.75], "to": [16, 15, 15], "faces": { "east": {"uv": [6.21875, 8.6875, 6.1875, 10.4375], "texture": "#1", "cullface": "east"}, "south": {"uv": [0, 8.875, 1.9375, 10.625], "texture": "#1"}, "west": {"uv": [6.15625, 8.6875, 6.1875, 10.4375], "texture": "#1"}, "up": {"uv": [13.5, 15.96875, 15.4375, 15.9375], "texture": "#1"}, "down": {"uv": [11.5625, 15.9375, 13.5, 15.96875], "texture": "#1"} } }, { "name": "Voxels", "from": [0.5, 1.5, 15], "to": [16, 14.5, 15.25], "faces": { "east": {"uv": [6.28125, 8.8125, 6.25, 10.4375], "texture": "#1", "cullface": "east"}, "south": {"uv": [1.9375, 12.75, 3.875, 14.375], "texture": "#1"}, "west": {"uv": [6.21875, 8.8125, 6.25, 10.4375], "texture": "#1"}, "up": {"uv": [7.6875, 16, 9.625, 15.96875], "texture": "#1"}, "down": {"uv": [9.625, 15.90625, 11.5625, 15.9375], "texture": "#1"} } }, { "name": "Voxels", "from": [0.5, 2.5, 15.25], "to": [16, 13.5, 15.5], "faces": { "east": {"uv": [6.34375, 8.90625, 6.3125, 10.28125], "texture": "#1", "cullface": "east"}, "south": {"uv": [1.9375, 11.375, 3.875, 12.75], "texture": "#1"}, "west": {"uv": [6.28125, 8.90625, 6.3125, 10.28125], "texture": "#1"}, "up": {"uv": [7.6875, 15.96875, 9.625, 15.9375], "texture": "#1"}, "down": {"uv": [9.625, 15.96875, 11.5625, 16], "texture": "#1"} } }, { "name": "Voxels", "from": [0.5, 6, 14.25], "to": [16, 15.5, 14.5], "faces": { "north": {"uv": [7.6875, 14.8125, 5.75, 16], "texture": "#1"}, "east": {"uv": [6.46875, 9.09375, 6.4375, 10.28125], "texture": "#1", "cullface": "east"}, "south": {"uv": [5.75, 13.625, 7.6875, 14.8125], "texture": "#1"}, "west": {"uv": [6.40625, 9.09375, 6.4375, 10.28125], "texture": "#1"}, "up": {"uv": [13.5, 15.9375, 15.4375, 15.90625], "texture": "#1"} } }, { "name": "Voxels", "from": [0.5, 7.25, 14], "to": [16, 15.5, 14.25], "faces": { "north": {"uv": [7.6875, 11.5625, 5.75, 12.59375], "texture": "#1"}, "east": {"uv": [6.46875, 8.0625, 6.4375, 9.09375], "texture": "#1", "cullface": "east"}, "west": {"uv": [6.40625, 8.0625, 6.4375, 9.09375], "texture": "#1"}, "up": {"uv": [7.6875, 15.9375, 9.625, 15.90625], "texture": "#1"}, "down": {"uv": [9.625, 15.9375, 11.5625, 15.96875], "texture": "#1"} } }, { "name": "Voxels", "from": [0.75, 0.25, 14], "to": [15.75, 0.5, 14.25], "faces": { "north": {"uv": [13.3125, 15.78125, 11.4375, 15.8125], "texture": "#1"}, "east": {"uv": [5.6875, 10.625, 5.65625, 10.65625], "texture": "#1"}, "south": {"uv": [13.3125, 15.78125, 15.1875, 15.8125], "texture": "#1"}, "west": {"uv": [5.71875, 10.65625, 5.75, 10.6875], "texture": "#1"}, "down": {"uv": [7.6875, 15.78125, 9.5625, 15.8125], "texture": "#1"} } }, { "name": "Voxels", "from": [0.75, 0.5, 14.5], "to": [15.75, 0.75, 15], "faces": { "east": {"uv": [5.75, 13.4375, 5.6875, 13.46875], "texture": "#1"}, "south": {"uv": [13.3125, 15.6875, 15.1875, 15.71875], "texture": "#1"}, "west": {"uv": [5.6875, 13.40625, 5.75, 13.4375], "texture": "#1"}, "down": {"uv": [3.875, 8.4375, 5.75, 8.5], "texture": "#1"} } }, { "name": "Voxels", "from": [0.75, 0.75, 14.75], "to": [15.75, 1, 15.25], "faces": { "east": {"uv": [1.9375, 8, 1.875, 8.03125], "texture": "#1"}, "south": {"uv": [13.3125, 15.75, 15.1875, 15.78125], "texture": "#1"}, "west": {"uv": [5.6875, 13.46875, 5.75, 13.5], "texture": "#1"}, "down": {"uv": [3.875, 8.75, 5.75, 8.8125], "texture": "#1"} } }, { "name": "Voxels", "from": [0.75, 1, 15], "to": [15.75, 1.5, 15.25], "faces": { "east": {"uv": [5.71875, 11.625, 5.6875, 11.6875], "texture": "#1"}, "south": {"uv": [3.875, 8.5, 5.75, 8.5625], "texture": "#1"}, "west": {"uv": [5.71875, 12.875, 5.75, 12.9375], "texture": "#1"} } }, { "name": "Voxels", "from": [0.75, 1.25, 15.25], "to": [15.75, 2.5, 15.5], "faces": { "east": {"uv": [5.75, 13.65625, 5.71875, 13.8125], "texture": "#1"}, "south": {"uv": [3.875, 11.6875, 5.75, 11.84375], "texture": "#1"}, "west": {"uv": [5.5625, 13.5, 5.59375, 13.65625], "texture": "#1"}, "down": {"uv": [7.6875, 15.84375, 9.5625, 15.875], "texture": "#1"} } }, { "name": "Voxels", "from": [0.75, 2.75, 15.5], "to": [15.75, 13.25, 15.75], "faces": { "east": {"uv": [6.40625, 8.96875, 6.375, 10.28125], "texture": "#1"}, "south": {"uv": [3.875, 14.6875, 5.75, 16], "texture": "#1"}, "west": {"uv": [6.34375, 8.96875, 6.375, 10.28125], "texture": "#1"}, "up": {"uv": [11.4375, 15.71875, 13.3125, 15.6875], "texture": "#1"}, "down": {"uv": [9.5625, 15.6875, 11.4375, 15.71875], "texture": "#1"} } }, { "name": "Voxels", "from": [0.75, 6, 0.5], "to": [15.75, 7.25, 0.75], "faces": { "north": {"uv": [5.75, 12.3125, 3.875, 12.46875], "texture": "#1"}, "east": {"uv": [5.65625, 13.65625, 5.625, 13.8125], "texture": "#1"}, "south": {"uv": [3.875, 12.15625, 5.75, 12.3125], "texture": "#1"}, "west": {"uv": [5.65625, 13.65625, 5.6875, 13.8125], "texture": "#1"}, "up": {"uv": [7.6875, 15.90625, 9.5625, 15.875], "texture": "#1"}, "down": {"uv": [11.4375, 15.8125, 13.3125, 15.84375], "texture": "#1"} } }, { "name": "Voxels", "from": [0.75, 6, 0.75], "to": [1.25, 7.25, 14.25], "faces": { "east": {"uv": [5.5625, 10.4375, 3.875, 10.59375], "texture": "#1"}, "west": {"uv": [3.875, 10.59375, 5.5625, 10.75], "texture": "#1"}, "up": {"uv": [5.75, 10.5625, 5.8125, 8.875], "texture": "#1"}, "down": {"uv": [5.8125, 8.8125, 5.875, 10.5], "texture": "#1"} } }, { "name": "Voxels", "from": [0.75, 13.5, 15.25], "to": [15.75, 14.75, 15.5], "faces": { "east": {"uv": [5.625, 13.65625, 5.59375, 13.8125], "texture": "#1"}, "south": {"uv": [3.875, 11.84375, 5.75, 12], "texture": "#1"}, "west": {"uv": [5.6875, 14.03125, 5.71875, 14.1875], "texture": "#1"}, "up": {"uv": [11.4375, 15.875, 13.3125, 15.84375], "texture": "#1"} } }, { "name": "Voxels", "from": [0.75, 14.5, 15], "to": [15.75, 15.25, 15.25], "faces": { "east": {"uv": [5.71875, 13.09375, 5.6875, 13.1875], "texture": "#1"}, "south": {"uv": [3.875, 9.4375, 5.75, 9.53125], "texture": "#1"}, "west": {"uv": [5.71875, 13.9375, 5.75, 14.03125], "texture": "#1"}, "up": {"uv": [9.5625, 15.84375, 11.4375, 15.8125], "texture": "#1"} } }, { "name": "Voxels", "from": [0.75, 15, 14.75], "to": [15.75, 15.5, 15], "faces": { "east": {"uv": [5.71875, 12.9375, 5.6875, 13], "texture": "#1"}, "south": {"uv": [3.875, 8.625, 5.75, 8.6875], "texture": "#1"}, "west": {"uv": [5.71875, 12.9375, 5.75, 13], "texture": "#1"}, "up": {"uv": [7.6875, 15.78125, 9.5625, 15.75], "texture": "#1"} } }, { "name": "Voxels", "from": [0.75, 15.25, 14.5], "to": [15.75, 15.5, 14.75], "faces": { "east": {"uv": [5.71875, 10.625, 5.6875, 10.65625], "texture": "#1"}, "west": {"uv": [5.65625, 10.59375, 5.6875, 10.625], "texture": "#1"}, "up": {"uv": [9.5625, 15.75, 11.4375, 15.71875], "texture": "#1"} } }, { "name": "Voxels", "from": [0.75, 15.5, 14], "to": [15.75, 15.75, 14.25], "faces": { "north": {"uv": [15.1875, 15.875, 13.3125, 15.90625], "texture": "#1"}, "east": {"uv": [5.59375, 10.5625, 5.5625, 10.59375], "texture": "#1"}, "south": {"uv": [9.5625, 15.875, 11.4375, 15.90625], "texture": "#1"}, "west": {"uv": [5.71875, 10.59375, 5.75, 10.625], "texture": "#1"}, "up": {"uv": [9.5625, 15.6875, 11.4375, 15.65625], "texture": "#1"} } }, { "name": "Voxels", "from": [1, 0, 14], "to": [15.5, 0.25, 14.5], "faces": { "north": {"uv": [9.5, 15.40625, 7.6875, 15.4375], "texture": "#1"}, "east": {"uv": [5.75, 12.625, 5.6875, 12.65625], "texture": "#1"}, "south": {"uv": [9.5, 15.40625, 11.3125, 15.4375], "texture": "#1"}, "west": {"uv": [1.8125, 8, 1.875, 8.03125], "texture": "#1"}, "down": {"uv": [3.875, 8, 5.6875, 8.0625], "texture": "#1", "cullface": "down"} } }, { "name": "Voxels", "from": [1, 0.25, 14.25], "to": [15.5, 0.5, 15], "faces": { "east": {"uv": [5.71875, 13.21875, 5.625, 13.25], "texture": "#1"}, "south": {"uv": [13.25, 15.65625, 15.0625, 15.6875], "texture": "#1"}, "west": {"uv": [5.625, 13.1875, 5.71875, 13.21875], "texture": "#1"}, "down": {"uv": [3.875, 9.25, 5.6875, 9.34375], "texture": "#1"} } }, { "name": "Voxels", "from": [1, 0.5, 15], "to": [15.5, 0.75, 15.25], "faces": { "east": {"uv": [5.625, 10.53125, 5.59375, 10.5625], "texture": "#1"}, "south": {"uv": [13.125, 15.46875, 14.9375, 15.5], "texture": "#1"}, "west": {"uv": [5.65625, 10.5625, 5.6875, 10.59375], "texture": "#1"}, "down": {"uv": [9.5, 15.625, 11.3125, 15.65625], "texture": "#1"} } }, { "name": "Voxels", "from": [1, 0.75, 15.25], "to": [15.5, 1.25, 15.5], "faces": { "east": {"uv": [5.75, 11.375, 5.71875, 11.4375], "texture": "#1"}, "south": {"uv": [3.875, 8.125, 5.6875, 8.1875], "texture": "#1"}, "west": {"uv": [5.6875, 11.3125, 5.71875, 11.375], "texture": "#1"}, "down": {"uv": [9.5, 15.59375, 11.3125, 15.625], "texture": "#1"} } }, { "name": "Voxels", "from": [1, 1.25, 15.5], "to": [15.5, 2.75, 15.75], "faces": { "east": {"uv": [3.84375, 8.8125, 3.8125, 9], "texture": "#1"}, "south": {"uv": [0, 8, 1.8125, 8.1875], "texture": "#1"}, "west": {"uv": [3.84375, 8.8125, 3.875, 9], "texture": "#1"}, "down": {"uv": [9.5, 15.53125, 11.3125, 15.5625], "texture": "#1"} } }, { "name": "Voxels", "from": [1, 2.5, 15.75], "to": [15.5, 3.75, 16], "faces": { "east": {"uv": [5.75, 14.03125, 5.71875, 14.1875], "texture": "#1"}, "south": {"uv": [3.875, 11.375, 5.6875, 11.53125], "texture": "#1", "cullface": "south"}, "west": {"uv": [5.5625, 13.65625, 5.59375, 13.8125], "texture": "#1"}, "up": {"uv": [9.5, 15.59375, 11.3125, 15.5625], "texture": "#1"}, "down": {"uv": [9.5, 15.46875, 11.3125, 15.5], "texture": "#1"} } }, { "name": "Voxels", "from": [1, 3.75, 15.75], "to": [3.5, 4, 16], "faces": { "east": {"uv": [5.625, 10.46875, 5.59375, 10.5], "texture": "#1"}, "south": {"uv": [6.53125, 9.78125, 6.84375, 9.8125], "texture": "#1", "cullface": "south"}, "west": {"uv": [5.59375, 10.5, 5.625, 10.53125], "texture": "#1"}, "up": {"uv": [7.34375, 10.34375, 7.65625, 10.3125], "texture": "#1"} } }, { "name": "Voxels", "from": [1, 4, 15.75], "to": [3.25, 5.25, 16], "faces": { "east": {"uv": [5.75, 14.1875, 5.71875, 14.34375], "texture": "#1"}, "south": {"uv": [6.5625, 10.28125, 6.84375, 10.4375], "texture": "#1", "cullface": "south"}, "west": {"uv": [5.6875, 14.1875, 5.71875, 14.34375], "texture": "#1"}, "up": {"uv": [5.40625, 9, 5.6875, 8.96875], "texture": "#1"} } }, { "name": "Voxels", "from": [1, 5.25, 15.75], "to": [2, 5.5, 16], "faces": { "east": {"uv": [5.65625, 10.53125, 5.625, 10.5625], "texture": "#1"}, "south": {"uv": [5.625, 13.375, 5.75, 13.40625], "texture": "#1", "cullface": "south"}, "west": {"uv": [5.59375, 10.4375, 5.625, 10.46875], "texture": "#1"}, "up": {"uv": [5.625, 13.3125, 5.75, 13.28125], "texture": "#1"} } }, { "name": "Voxels", "from": [1, 5.5, 15.75], "to": [1.75, 13.5, 16], "faces": { "east": {"uv": [6.53125, 9.28125, 6.5, 10.28125], "texture": "#1"}, "south": {"uv": [6, 9.4375, 6.09375, 10.4375], "texture": "#1", "cullface": "south"}, "west": {"uv": [6.46875, 9.28125, 6.5, 10.28125], "texture": "#1"}, "up": {"uv": [5.5625, 10.75, 5.65625, 10.71875], "texture": "#1"} } }, { "name": "Voxels", "from": [1, 6, 0.25], "to": [15.5, 7.25, 0.5], "faces": { "north": {"uv": [5.6875, 11.53125, 3.875, 11.6875], "texture": "#1"}, "east": {"uv": [5.625, 13.5, 5.59375, 13.65625], "texture": "#1"}, "west": {"uv": [5.6875, 13.65625, 5.71875, 13.8125], "texture": "#1"}, "up": {"uv": [9.5, 15.53125, 11.3125, 15.5], "texture": "#1"}, "down": {"uv": [7.6875, 15.5625, 9.5, 15.59375], "texture": "#1"} } }, { "name": "Voxels", "from": [1, 13.25, 15.5], "to": [15.5, 14.75, 15.75], "faces": { "east": {"uv": [5.75, 14.5, 5.71875, 14.6875], "texture": "#1"}, "south": {"uv": [3.875, 12.8125, 5.6875, 13], "texture": "#1"}, "west": {"uv": [5.6875, 14.5, 5.71875, 14.6875], "texture": "#1"}, "up": {"uv": [11.3125, 15.5625, 13.125, 15.53125], "texture": "#1"} } }, { "name": "Voxels", "from": [1, 14.75, 15.25], "to": [15.5, 15.25, 15.5], "faces": { "east": {"uv": [5.75, 11.53125, 5.71875, 11.59375], "texture": "#1"}, "south": {"uv": [5.75, 11.1875, 7.5625, 11.25], "texture": "#1"}, "west": {"uv": [5.71875, 11.625, 5.75, 11.6875], "texture": "#1"}, "up": {"uv": [7.6875, 15.5, 9.5, 15.46875], "texture": "#1"} } }, { "name": "Voxels", "from": [1, 15.25, 15], "to": [15.5, 15.5, 15.25], "faces": { "east": {"uv": [5.71875, 10.53125, 5.6875, 10.5625], "texture": "#1"}, "south": {"uv": [13.125, 15.5, 14.9375, 15.53125], "texture": "#1"}, "west": {"uv": [5.65625, 10.53125, 5.6875, 10.5625], "texture": "#1"}, "up": {"uv": [11.3125, 15.5, 13.125, 15.46875], "texture": "#1"} } }, { "name": "Voxels", "from": [1, 15.5, 14.25], "to": [15.5, 16, 14.5], "faces": { "east": {"uv": [5.75, 11.3125, 5.71875, 11.375], "texture": "#1"}, "south": {"uv": [3.875, 8.3125, 5.6875, 8.375], "texture": "#1"}, "west": {"uv": [5.6875, 11.4375, 5.71875, 11.5], "texture": "#1"}, "up": {"uv": [11.3125, 15.4375, 13.125, 15.40625], "texture": "#1", "cullface": "up"} } }, { "name": "Voxels", "from": [1, 15.5, 14.5], "to": [15.5, 15.75, 15], "faces": { "east": {"uv": [5.75, 11.59375, 5.6875, 11.625], "texture": "#1"}, "south": {"uv": [7.6875, 15.59375, 9.5, 15.625], "texture": "#1"}, "west": {"uv": [5.6875, 11.28125, 5.75, 11.3125], "texture": "#1"}, "up": {"uv": [5.75, 11.375, 7.5625, 11.3125], "texture": "#1"} } }, { "name": "Voxels", "from": [1, 15.75, 14], "to": [15.5, 16, 14.25], "faces": { "north": {"uv": [14.9375, 15.53125, 13.125, 15.5625], "texture": "#1"}, "east": {"uv": [5.71875, 10.5, 5.6875, 10.53125], "texture": "#1"}, "west": {"uv": [5.65625, 10.5, 5.6875, 10.53125], "texture": "#1"}, "up": {"uv": [13.125, 15.59375, 14.9375, 15.5625], "texture": "#1", "cullface": "up"} } }, { "name": "Voxels", "from": [1.25, 0, 14.5], "to": [15.25, 0.25, 15], "faces": { "east": {"uv": [5.75, 11.125, 5.6875, 11.15625], "texture": "#1"}, "south": {"uv": [9.4375, 15.375, 11.1875, 15.40625], "texture": "#1"}, "west": {"uv": [5.6875, 12.65625, 5.75, 12.6875], "texture": "#1"}, "down": {"uv": [5.75, 10.75, 7.5, 10.8125], "texture": "#1", "cullface": "down"} } }, { "name": "Voxels", "from": [1.25, 0.25, 15], "to": [15.25, 0.5, 15.25], "faces": { "east": {"uv": [5.71875, 10.46875, 5.6875, 10.5], "texture": "#1"}, "south": {"uv": [7.6875, 15.25, 9.4375, 15.28125], "texture": "#1"}, "west": {"uv": [5.71875, 10.90625, 5.75, 10.9375], "texture": "#1"}, "down": {"uv": [9.4375, 15.21875, 11.1875, 15.25], "texture": "#1"} } }, { "name": "Voxels", "from": [1.25, 0.5, 15.25], "to": [15.25, 0.75, 15.5], "faces": { "east": {"uv": [5.75, 10.5, 5.71875, 10.53125], "texture": "#1"}, "south": {"uv": [11.1875, 15.28125, 12.9375, 15.3125], "texture": "#1"}, "west": {"uv": [5.65625, 10.46875, 5.6875, 10.5], "texture": "#1"}, "down": {"uv": [12.9375, 15.3125, 14.6875, 15.34375], "texture": "#1"} } }, { "name": "Voxels", "from": [1.25, 0.75, 15.5], "to": [15.25, 1.25, 15.75], "faces": { "east": {"uv": [5.71875, 11.53125, 5.6875, 11.59375], "texture": "#1"}, "south": {"uv": [5.75, 10.8125, 7.5, 10.875], "texture": "#1"}, "west": {"uv": [5.71875, 12.6875, 5.75, 12.75], "texture": "#1"}, "down": {"uv": [9.4375, 15.34375, 11.1875, 15.375], "texture": "#1"} } }, { "name": "Voxels", "from": [1.25, 1.5, 15.75], "to": [15.25, 2.5, 16], "faces": { "east": {"uv": [5.59375, 13.28125, 5.5625, 13.40625], "texture": "#1"}, "south": {"uv": [3.875, 9.75, 5.625, 9.875], "texture": "#1", "cullface": "south"}, "west": {"uv": [5.59375, 13.28125, 5.625, 13.40625], "texture": "#1"}, "down": {"uv": [11.1875, 15.34375, 12.9375, 15.375], "texture": "#1"} } }, { "name": "Voxels", "from": [1.25, 6, 14], "to": [15.75, 7.25, 14.25], "faces": { "north": {"uv": [5.6875, 11.0625, 3.875, 11.21875], "texture": "#1"}, "east": {"uv": [5.71875, 14.34375, 5.6875, 14.5], "texture": "#1"} } }, { "name": "Voxels", "from": [1.25, 13.5, 15.75], "to": [15.25, 14.5, 16], "faces": { "east": {"uv": [3.84375, 8.6875, 3.8125, 8.8125], "texture": "#1"}, "south": {"uv": [3.875, 9.875, 5.625, 10], "texture": "#1", "cullface": "south"}, "west": {"uv": [3.84375, 8.6875, 3.875, 8.8125], "texture": "#1"}, "up": {"uv": [9.4375, 15.3125, 11.1875, 15.28125], "texture": "#1"} } }, { "name": "Voxels", "from": [1.25, 14.75, 15.5], "to": [15.25, 15.25, 15.75], "faces": { "east": {"uv": [5.71875, 11.15625, 5.6875, 11.21875], "texture": "#1"}, "south": {"uv": [5.75, 11.0625, 7.5, 11.125], "texture": "#1"}, "west": {"uv": [5.71875, 11.15625, 5.75, 11.21875], "texture": "#1"}, "up": {"uv": [12.9375, 15.28125, 14.6875, 15.25], "texture": "#1"} } }, { "name": "Voxels", "from": [1.25, 15.25, 15.25], "to": [15.25, 15.5, 15.5], "faces": { "east": {"uv": [5.71875, 10.84375, 5.6875, 10.875], "texture": "#1"}, "south": {"uv": [9.4375, 15.1875, 11.1875, 15.21875], "texture": "#1"}, "west": {"uv": [5.6875, 10.8125, 5.71875, 10.84375], "texture": "#1"}, "up": {"uv": [12.9375, 15.25, 14.6875, 15.21875], "texture": "#1"} } }, { "name": "Voxels", "from": [1.25, 15.5, 15], "to": [15.25, 15.75, 15.25], "faces": { "east": {"uv": [5.71875, 10.9375, 5.6875, 10.96875], "texture": "#1"}, "south": {"uv": [12.9375, 15.375, 14.6875, 15.40625], "texture": "#1"}, "west": {"uv": [5.6875, 10.875, 5.71875, 10.90625], "texture": "#1"}, "up": {"uv": [12.9375, 15.21875, 14.6875, 15.1875], "texture": "#1"} } }, { "name": "Voxels", "from": [1.25, 15.75, 14.5], "to": [15.25, 16, 15], "faces": { "east": {"uv": [5.75, 11.5, 5.6875, 11.53125], "texture": "#1"}, "south": {"uv": [9.4375, 15.3125, 11.1875, 15.34375], "texture": "#1"}, "west": {"uv": [5.6875, 13, 5.75, 13.03125], "texture": "#1"}, "up": {"uv": [5.75, 11, 7.5, 10.9375], "texture": "#1", "cullface": "up"} } }, { "name": "Voxels", "from": [1.5, 0, 15], "to": [15, 0.25, 15.25], "faces": { "east": {"uv": [5.75, 13.21875, 5.71875, 13.25], "texture": "#1"}, "south": {"uv": [9.375, 15.125, 11.0625, 15.15625], "texture": "#1"}, "west": {"uv": [5.71875, 13.25, 5.75, 13.28125], "texture": "#1"}, "down": {"uv": [11.125, 15.15625, 12.8125, 15.1875], "texture": "#1", "cullface": "down"} } }, { "name": "Voxels", "from": [1.5, 0.25, 15.25], "to": [15, 0.5, 15.5], "faces": { "east": {"uv": [5.71875, 11.03125, 5.6875, 11.0625], "texture": "#1"}, "south": {"uv": [11.0625, 14.96875, 12.75, 15], "texture": "#1"}, "west": {"uv": [5.71875, 13.1875, 5.75, 13.21875], "texture": "#1"}, "down": {"uv": [11.0625, 15.03125, 12.75, 15.0625], "texture": "#1"} } }, { "name": "Voxels", "from": [1.5, 0.5, 15.5], "to": [15, 0.75, 15.75], "faces": { "east": {"uv": [5.65625, 10.625, 5.625, 10.65625], "texture": "#1"}, "south": {"uv": [11.0625, 14.9375, 12.75, 14.96875], "texture": "#1"}, "west": {"uv": [5.71875, 10.96875, 5.75, 11], "texture": "#1"}, "down": {"uv": [7.6875, 14.9375, 9.375, 14.96875], "texture": "#1"} } }, { "name": "Voxels", "from": [1.5, 1, 15.75], "to": [15, 1.5, 16], "faces": { "east": {"uv": [5.71875, 13.03125, 5.6875, 13.09375], "texture": "#1"}, "south": {"uv": [5.75, 10.625, 7.4375, 10.6875], "texture": "#1", "cullface": "south"}, "west": {"uv": [5.71875, 13.03125, 5.75, 13.09375], "texture": "#1"}, "down": {"uv": [12.75, 14.9375, 14.4375, 14.96875], "texture": "#1"} } }, { "name": "Voxels", "from": [1.5, 14.5, 15.75], "to": [15, 15, 16], "faces": { "east": {"uv": [5.71875, 12.8125, 5.6875, 12.875], "texture": "#1"}, "south": {"uv": [5.75, 10.5625, 7.4375, 10.625], "texture": "#1", "cullface": "south"}, "west": {"uv": [5.6875, 11.0625, 5.71875, 11.125], "texture": "#1"}, "up": {"uv": [9.375, 15, 11.0625, 14.96875], "texture": "#1"} } }, { "name": "Voxels", "from": [1.5, 15.25, 15.5], "to": [15, 15.5, 15.75], "faces": { "east": {"uv": [5.71875, 10.78125, 5.6875, 10.8125], "texture": "#1"}, "south": {"uv": [12.75, 15.03125, 14.4375, 15.0625], "texture": "#1"}, "west": {"uv": [5.71875, 10.8125, 5.75, 10.84375], "texture": "#1"}, "up": {"uv": [9.375, 15.09375, 11.0625, 15.0625], "texture": "#1"} } }, { "name": "Voxels", "from": [1.5, 15.5, 15.25], "to": [15, 15.75, 15.5], "faces": { "east": {"uv": [5.75, 10.75, 5.71875, 10.78125], "texture": "#1"}, "south": {"uv": [12.75, 14.96875, 14.4375, 15], "texture": "#1"}, "west": {"uv": [5.71875, 10.78125, 5.75, 10.8125], "texture": "#1"}, "up": {"uv": [7.6875, 15.125, 9.375, 15.09375], "texture": "#1"} } }, { "name": "Voxels", "from": [1.5, 15.75, 15], "to": [15, 16, 15.25], "faces": { "east": {"uv": [5.59375, 10.59375, 5.5625, 10.625], "texture": "#1"}, "south": {"uv": [7.6875, 15.125, 9.375, 15.15625], "texture": "#1"}, "west": {"uv": [5.5625, 10.625, 5.59375, 10.65625], "texture": "#1"}, "up": {"uv": [11.0625, 15.03125, 12.75, 15], "texture": "#1", "cullface": "up"} } }, { "name": "Voxels", "from": [1.75, 0.75, 15.75], "to": [14.75, 1, 16], "faces": { "east": {"uv": [5.75, 10.84375, 5.71875, 10.875], "texture": "#1"}, "south": {"uv": [7.6875, 14.90625, 9.3125, 14.9375], "texture": "#1", "cullface": "south"}, "west": {"uv": [5.59375, 10.625, 5.625, 10.65625], "texture": "#1"}, "down": {"uv": [9.3125, 14.90625, 10.9375, 14.9375], "texture": "#1"} } }, { "name": "Voxels", "from": [1.75, 6, 15.75], "to": [15.5, 6.75, 16], "faces": { "east": {"uv": [5.59375, 13.1875, 5.5625, 13.28125], "texture": "#1"}, "south": {"uv": [3.875, 9.0625, 5.59375, 9.15625], "texture": "#1", "cullface": "south"}, "up": {"uv": [9.40625, 15.1875, 11.125, 15.15625], "texture": "#1"}, "down": {"uv": [7.6875, 15.15625, 9.40625, 15.1875], "texture": "#1"} } }, { "name": "Voxels", "from": [1.75, 7.25, 15.75], "to": [2, 13.5, 16], "faces": { "east": {"uv": [5.875, 8.03125, 5.84375, 8.8125], "texture": "#1"}, "south": {"uv": [5.75, 8.09375, 5.78125, 8.875], "texture": "#1", "cullface": "south"}, "down": {"uv": [5.5625, 10.53125, 5.59375, 10.5625], "texture": "#1"} } }, { "name": "Voxels", "from": [1.75, 15, 15.75], "to": [14.75, 15.25, 16], "faces": { "east": {"uv": [5.65625, 10.5, 5.625, 10.53125], "texture": "#1"}, "south": {"uv": [7.6875, 14.875, 9.3125, 14.90625], "texture": "#1", "cullface": "south"}, "west": {"uv": [5.71875, 10.53125, 5.75, 10.5625], "texture": "#1"}, "up": {"uv": [10.9375, 14.9375, 12.5625, 14.90625], "texture": "#1"} } }, { "name": "Voxels", "from": [2, 0, 15.25], "to": [14.5, 0.25, 15.5], "faces": { "east": {"uv": [5.71875, 11, 5.6875, 11.03125], "texture": "#1"}, "south": {"uv": [14.4375, 15.03125, 16, 15.0625], "texture": "#1"}, "west": {"uv": [5.65625, 10.4375, 5.6875, 10.46875], "texture": "#1"}, "down": {"uv": [14.4375, 15.125, 16, 15.15625], "texture": "#1", "cullface": "down"} } }, { "name": "Voxels", "from": [2, 0.5, 15.75], "to": [14.5, 0.75, 16], "faces": { "east": {"uv": [5.71875, 10.96875, 5.6875, 11], "texture": "#1"}, "south": {"uv": [7.6875, 14.8125, 9.25, 14.84375], "texture": "#1", "cullface": "south"}, "west": {"uv": [5.71875, 11, 5.75, 11.03125], "texture": "#1"}, "down": {"uv": [14.4375, 15.0625, 16, 15.09375], "texture": "#1"} } }, { "name": "Voxels", "from": [2, 7.5, 15.75], "to": [15.5, 13.5, 16], "faces": { "east": {"uv": [5.6875, 13.9375, 5.65625, 14.6875], "texture": "#1"}, "south": {"uv": [3.875, 13.9375, 5.5625, 14.6875], "texture": "#1", "cullface": "south"}, "up": {"uv": [12.75, 15.09375, 14.4375, 15.0625], "texture": "#1"}, "down": {"uv": [7.6875, 15.03125, 9.375, 15.0625], "texture": "#1"} } }, { "name": "Voxels", "from": [2, 15.25, 15.75], "to": [14.5, 15.5, 16], "faces": { "east": {"uv": [5.75, 10.875, 5.71875, 10.90625], "texture": "#1"}, "south": {"uv": [14.4375, 14.9375, 16, 14.96875], "texture": "#1", "cullface": "south"}, "west": {"uv": [5.6875, 10.75, 5.71875, 10.78125], "texture": "#1"}, "up": {"uv": [10.8125, 14.875, 12.375, 14.84375], "texture": "#1"} } }, { "name": "Voxels", "from": [2, 15.75, 15.25], "to": [14.5, 16, 15.5], "faces": { "east": {"uv": [5.71875, 10.65625, 5.6875, 10.6875], "texture": "#1"}, "south": {"uv": [9.25, 14.8125, 10.8125, 14.84375], "texture": "#1"}, "west": {"uv": [5.59375, 10.59375, 5.625, 10.625], "texture": "#1"}, "up": {"uv": [14.125, 14.90625, 15.6875, 14.875], "texture": "#1", "cullface": "up"} } }, { "name": "Voxels", "from": [2.25, 0.25, 15.5], "to": [14.25, 0.5, 15.75], "faces": { "east": {"uv": [5.71875, 10.59375, 5.6875, 10.625], "texture": "#1"}, "south": {"uv": [7.6875, 14.75, 9.1875, 14.78125], "texture": "#1"}, "west": {"uv": [5.71875, 10.625, 5.75, 10.65625], "texture": "#1"}, "down": {"uv": [7.6875, 14.65625, 9.1875, 14.6875], "texture": "#1"} } }, { "name": "Voxels", "from": [2.25, 15.5, 15.5], "to": [14.25, 15.75, 15.75], "faces": { "east": {"uv": [5.65625, 10.5625, 5.625, 10.59375], "texture": "#1"}, "south": {"uv": [14.5, 15.15625, 16, 15.1875], "texture": "#1"}, "west": {"uv": [5.59375, 10.5625, 5.625, 10.59375], "texture": "#1"}, "up": {"uv": [7.6875, 14.65625, 9.1875, 14.625], "texture": "#1"} } }, { "name": "Voxels", "from": [3.25, 4.5, 15.75], "to": [15.5, 5.25, 16], "faces": { "east": {"uv": [5.71875, 13.9375, 5.6875, 14.03125], "texture": "#1"}, "south": {"uv": [3.875, 8.96875, 5.40625, 9.0625], "texture": "#1", "cullface": "south"}, "up": {"uv": [12.34375, 14.84375, 13.875, 14.8125], "texture": "#1"}, "down": {"uv": [10.8125, 14.8125, 12.34375, 14.84375], "texture": "#1"} } }, { "name": "Voxels", "from": [6, 3.75, 15.75], "to": [10.5, 4, 16], "faces": { "east": {"uv": [5.65625, 10.4375, 5.625, 10.46875], "texture": "#1"}, "south": {"uv": [6.90625, 10.1875, 7.46875, 10.21875], "texture": "#1", "cullface": "south"}, "west": {"uv": [5.625, 10.46875, 5.65625, 10.5], "texture": "#1"}, "up": {"uv": [6.53125, 10.15625, 7.09375, 10.125], "texture": "#1"} } }, { "name": "Voxels", "from": [6.25, 4, 15.75], "to": [10.25, 4.5, 16], "faces": { "east": {"uv": [5.71875, 12.6875, 5.6875, 12.75], "texture": "#1"}, "south": {"uv": [6.84375, 10.3125, 7.34375, 10.375], "texture": "#1", "cullface": "south"}, "west": {"uv": [5.71875, 12.75, 5.75, 12.8125], "texture": "#1"} } }, { "name": "Voxels", "from": [6.5, 5.25, 15.75], "to": [10, 5.5, 16], "faces": { "east": {"uv": [5.75, 10.46875, 5.71875, 10.5], "texture": "#1"}, "south": {"uv": [6.53125, 10.03125, 6.96875, 10.0625], "texture": "#1", "cullface": "south"}, "west": {"uv": [5.71875, 11.03125, 5.75, 11.0625], "texture": "#1"}, "up": {"uv": [7.03125, 10.125, 7.46875, 10.09375], "texture": "#1"} } }, { "name": "Voxels", "from": [6.5, 7.25, 15.75], "to": [10, 7.5, 16], "faces": { "east": {"uv": [5.71875, 10.90625, 5.6875, 10.9375], "texture": "#1"}, "south": {"uv": [6.53125, 10.0625, 6.96875, 10.09375], "texture": "#1", "cullface": "south"}, "west": {"uv": [5.71875, 10.9375, 5.75, 10.96875], "texture": "#1"}, "down": {"uv": [6.96875, 10.0625, 7.40625, 10.09375], "texture": "#1"} } }, { "name": "Voxels", "from": [6.75, 5.5, 15.75], "to": [9.75, 6, 16], "faces": { "east": {"uv": [5.625, 13.9375, 5.59375, 14], "texture": "#1"}, "south": {"uv": [6.90625, 10.21875, 7.28125, 10.28125], "texture": "#1", "cullface": "south"}, "west": {"uv": [5.5625, 13.9375, 5.59375, 14], "texture": "#1"} } }, { "name": "Voxels", "from": [6.75, 6.75, 15.75], "to": [9.75, 7.25, 16], "faces": { "east": {"uv": [5.71875, 12.875, 5.6875, 12.9375], "texture": "#1"}, "south": {"uv": [6.53125, 10.15625, 6.90625, 10.21875], "texture": "#1", "cullface": "south"}, "west": {"uv": [5.71875, 11.0625, 5.75, 11.125], "texture": "#1"} } }, { "name": "Voxels", "from": [13, 3.75, 15.75], "to": [15.5, 4, 16], "faces": { "east": {"uv": [5.6875, 10.65625, 5.65625, 10.6875], "texture": "#1"}, "south": {"uv": [7.34375, 10.40625, 7.65625, 10.4375], "texture": "#1", "cullface": "south"}, "west": {"uv": [5.625, 10.59375, 5.65625, 10.625], "texture": "#1"}, "up": {"uv": [7.34375, 10.375, 7.65625, 10.34375], "texture": "#1"} } }, { "name": "Voxels", "from": [13.25, 4, 15.75], "to": [15.5, 4.5, 16], "faces": { "east": {"uv": [5.71875, 12.75, 5.6875, 12.8125], "texture": "#1"}, "south": {"uv": [5.40625, 8.90625, 5.6875, 8.96875], "texture": "#1", "cullface": "south"}, "west": {"uv": [5.71875, 12.8125, 5.75, 12.875], "texture": "#1"} } }, { "name": "Voxels", "from": [14.5, 5.25, 15.75], "to": [15.5, 5.5, 16], "faces": { "east": {"uv": [5.59375, 10.46875, 5.5625, 10.5], "texture": "#1"}, "south": {"uv": [5.625, 13.5, 5.75, 13.53125], "texture": "#1", "cullface": "south"}, "west": {"uv": [5.5625, 10.5, 5.59375, 10.53125], "texture": "#1"}, "up": {"uv": [5.625, 13.59375, 5.75, 13.5625], "texture": "#1"} } }, { "name": "Voxels", "from": [14.5, 7.25, 15.75], "to": [15.5, 7.5, 16], "faces": { "east": {"uv": [5.75, 10.5625, 5.71875, 10.59375], "texture": "#1"}, "south": {"uv": [5.5625, 13.40625, 5.6875, 13.4375], "texture": "#1", "cullface": "south"}, "west": {"uv": [5.6875, 10.5625, 5.71875, 10.59375], "texture": "#1"}, "down": {"uv": [5.5625, 13.46875, 5.6875, 13.5], "texture": "#1"} } }, { "name": "Voxels", "from": [14.75, 5.5, 15.75], "to": [15.5, 6, 16], "faces": { "east": {"uv": [5.71875, 11.375, 5.6875, 11.4375], "texture": "#1"}, "south": {"uv": [5.65625, 13.875, 5.75, 13.9375], "texture": "#1", "cullface": "south"}, "west": {"uv": [5.71875, 11.4375, 5.75, 11.5], "texture": "#1"} } }, { "name": "Voxels", "from": [14.75, 6.75, 15.75], "to": [15.5, 7.25, 16], "faces": { "east": {"uv": [5.75, 11.21875, 5.71875, 11.28125], "texture": "#1"}, "south": {"uv": [5.65625, 13.8125, 5.75, 13.875], "texture": "#1", "cullface": "south"}, "west": {"uv": [5.6875, 11.21875, 5.71875, 11.28125], "texture": "#1"} } }, { "name": "Voxels", "from": [15.25, 6, 0.75], "to": [15.75, 7.25, 14], "faces": { "east": {"uv": [5.53125, 10.28125, 3.875, 10.4375], "texture": "#1"}, "west": {"uv": [3.875, 10.125, 5.53125, 10.28125], "texture": "#1"}, "up": {"uv": [5.875, 10.4375, 5.9375, 8.78125], "texture": "#1"}, "down": {"uv": [5.9375, 8.78125, 6, 10.4375], "texture": "#1"} } } ], "display": { "thirdperson_righthand": { "rotation": [44, 144, 0], "translation": [-1.391, -2.086, 0], "scale": [0.4, 0.4, 0.4] }, "thirdperson_lefthand": { "rotation": [44, 144, 0], "translation": [-1.391, -2.086, 0], "scale": [0.4, 0.4, 0.4] }, "firstperson_righthand": { "rotation": [27, 180, 0], "translation": [1.3913, -3.478, 4.1739], "scale": [0.7, 0.7, 0.7] }, "firstperson_lefthand": { "rotation": [27, 180, 0], "translation": [1.3913, -3.478, 4.1739], "scale": [0.7, 0.7, 0.7] }, "ground": { "scale": [0.5, 0.5, 0.5] }, "gui": { "rotation": [9, -30, 0], "scale": [0.7, 0.7, 0.7] }, "head": { "rotation": [0, 180, 0], "translation": [0.25, 0, -0.25], "scale": [0.95, 0.92, 0.93] }, "fixed": { "rotation": [0, 180, 0], "translation": [0, 0, 13.913], "scale": [2, 2, 2] } } }