{ "credit": "Made with Blockbench", "textures": { "0": "block/black_wool" }, "elements": [ { "name": "Cube", "from": [3, -4, 0.5], "to": [13, -1, 2.5], "faces": { "north": {"uv": [0, 0, 10, 3], "texture": "#0"}, "east": {"uv": [0, 0, 2, 3], "texture": "#0"}, "south": {"uv": [0, 0, 10, 3], "texture": "#0"}, "west": {"uv": [0, 0, 2, 3], "texture": "#0"}, "down": {"uv": [0, 0, 10, 2], "texture": "#0"} } }, { "name": "Cube", "from": [1, 3, 4.5], "to": [3, 5, 6.5], "faces": { "north": {"uv": [0, 0, 2, 2], "texture": "#0"}, "east": {"uv": [0, 0, 2, 2], "texture": "#0"}, "south": {"uv": [0, 0, 2, 2], "texture": "#0"}, "west": {"uv": [0, 0, 2, 2], "texture": "#0"}, "up": {"uv": [0, 0, 2, 2], "texture": "#0"} } }, { "name": "Cube", "from": [5, 3, 0.5], "to": [6, 4, 1.5], "faces": { "north": {"uv": [0, 0, 1, 1], "texture": "#0"}, "east": {"uv": [0, 0, 1, 1], "texture": "#0"}, "south": {"uv": [0, 0, 1, 1], "texture": "#0"}, "west": {"uv": [0, 0, 1, 1], "texture": "#0"}, "up": {"uv": [0, 0, 1, 1], "texture": "#0"} } }, { "name": "Cube", "from": [10, 3, 0.5], "to": [11, 4, 1.5], "faces": { "north": {"uv": [0, 0, 1, 1], "texture": "#0"}, "east": {"uv": [0, 0, 1, 1], "texture": "#0"}, "south": {"uv": [0, 0, 1, 1], "texture": "#0"}, "west": {"uv": [0, 0, 1, 1], "texture": "#0"}, "up": {"uv": [0, 0, 1, 1], "texture": "#0"} } }, { "name": "Cube", "from": [6, 4, 0.5], "to": [10, 5, 1.5], "faces": { "north": {"uv": [0, 0, 4, 1], "texture": "#0"}, "east": {"uv": [0, 0, 1, 1], "texture": "#0"}, "south": {"uv": [0, 0, 4, 1], "texture": "#0"}, "west": {"uv": [0, 0, 1, 1], "texture": "#0"}, "up": {"uv": [0, 0, 4, 1], "texture": "#0"}, "down": {"uv": [0, 0, 4, 1], "texture": "#0"} } }, { "name": "Cube", "from": [13, 3, 4.5], "to": [15, 5, 6.5], "faces": { "north": {"uv": [0, 0, 2, 2], "texture": "#0"}, "east": {"uv": [0, 0, 2, 2], "texture": "#0"}, "south": {"uv": [0, 0, 2, 2], "texture": "#0"}, "west": {"uv": [0, 0, 2, 2], "texture": "#0"}, "up": {"uv": [0, 0, 2, 2], "texture": "#0"} } }, { "name": "Cube", "from": [1, -1, 0.5], "to": [15, 3, 6.5], "faces": { "north": {"uv": [0, 0, 14, 4], "texture": "#0"}, "east": {"uv": [0, 0, 6, 4], "texture": "#0"}, "south": {"uv": [0, 0, 14, 4], "texture": "#0"}, "west": {"uv": [0, 0, 6, 4], "texture": "#0"}, "up": {"uv": [0, 0, 14, 6], "texture": "#0"}, "down": {"uv": [0, 0, 14, 6], "texture": "#0"} } }, { "name": "Cube", "from": [5, -6, 0.5], "to": [11, -4, 2.5], "faces": { "north": {"uv": [0, 0, 6, 2], "texture": "#0"}, "east": {"uv": [0, 0, 2, 2], "texture": "#0"}, "south": {"uv": [0, 0, 6, 2], "texture": "#0"}, "west": {"uv": [0, 0, 2, 2], "texture": "#0"}, "down": {"uv": [0, 0, 6, 2], "texture": "#0"} } } ], "display": { "thirdperson_righthand": { "rotation": [45, 45, 0], "translation": [1, 0, 1], "scale": [0.3, 0.3, 0.3] }, "firstperson_righthand": { "translation": [0, 1, 0], "scale": [0.3, 0.3, 0.3] }, "firstperson_lefthand": { "translation": [0, -1, 0], "scale": [0.3, 0.3, 0.3] }, "ground": { "translation": [0, 5, 1], "scale": [0.3, 0.3, 0.3] }, "gui": { "rotation": [30, 225, 0], "translation": [-3, 8, 0] }, "fixed": { "rotation": [0, 180, 0], "translation": [0, 6, -2] } } }