{ "credit": "Made with Blockbench", "texture_size": [32, 32], "textures": { "0": "ttp/i/c/a/yaeheadpiece", "particle": "ttp/i/c/a/yaeheadpiece" }, "elements": [ { "from": [5.3, 0, 5], "to": [6.3, 4, 9], "faces": { "north": {"uv": [4.5, 6, 5, 8], "texture": "#0"}, "east": {"uv": [0, 6, 2, 8], "texture": "#0"}, "south": {"uv": [4.5, 6, 5, 8], "texture": "#0"}, "west": {"uv": [2, 6, 0, 8], "texture": "#0"}, "up": {"uv": [4.5, 6, 5, 8], "texture": "#0"}, "down": {"uv": [4.5, 6, 5, 8], "texture": "#0"} } }, { "from": [4.8, 3.5, 6.5], "to": [6.8, 4.5, 7.5], "faces": { "north": {"uv": [2.75, 8.5, 3.75, 9], "texture": "#0"}, "east": {"uv": [3.25, 7.5, 2.75, 8], "texture": "#0"}, "south": {"uv": [3.75, 8.5, 2.75, 9], "texture": "#0"}, "west": {"uv": [3.25, 7.5, 2.75, 8], "texture": "#0"}, "up": {"uv": [2.75, 6.25, 3.75, 6.75], "texture": "#0"}, "down": {"uv": [2.75, 6.25, 3.75, 6.75], "texture": "#0"} } }, { "from": [4.8, -0.5, 6.5], "to": [6.8, 0.5, 7.5], "faces": { "north": {"uv": [2.75, 8.5, 3.75, 9], "texture": "#0"}, "east": {"uv": [3.25, 7.5, 2.75, 8], "texture": "#0"}, "south": {"uv": [3.75, 8.5, 2.75, 9], "texture": "#0"}, "west": {"uv": [3.25, 7.5, 2.75, 8], "texture": "#0"}, "up": {"uv": [2.75, 6.25, 3.75, 6.75], "texture": "#0"}, "down": {"uv": [2.75, 6.25, 3.75, 6.75], "texture": "#0"} } }, { "from": [5.8, 0, 1], "to": [5.801, 4, 5], "faces": { "north": {"uv": [4.5, 6, 5, 8], "texture": "#0"}, "east": {"uv": [6, 0.25, 8, 2.25], "texture": "#0"}, "west": {"uv": [8, 0.25, 6, 2.25], "texture": "#0"}, "up": {"uv": [4.5, 6, 5, 8], "texture": "#0"} } }, { "from": [6, 0, -1], "to": [6.001, 4, 5], "faces": { "east": {"uv": [12.5, 2.25, 15.5, 4.25], "texture": "#0"}, "west": {"uv": [15.5, 2.25, 12.5, 4.25], "texture": "#0"} } }, { "from": [6, 0, 9], "to": [6.001, 4, 15], "rotation": {"angle": 0, "axis": "y", "origin": [6, 2, 14]}, "faces": { "east": {"uv": [15.5, 2.25, 12.5, 4.25], "texture": "#0"}, "west": {"uv": [12.5, 2.25, 15.5, 4.25], "texture": "#0"} } }, { "from": [5.8, -4, 1], "to": [5.801, 0, 6], "faces": { "east": {"uv": [5.5, 2.5, 8, 4.5], "texture": "#0"}, "west": {"uv": [8, 2.5, 5.5, 4.5], "texture": "#0"} } }, { "from": [5.7, -4, 5], "to": [5.701, 0, 9], "faces": { "east": {"uv": [11, 0.25, 9, 2.25], "texture": "#0"}, "west": {"uv": [11, 0.25, 9, 2.25], "texture": "#0"} } }, { "from": [5.7, 4, 5], "to": [5.701, 8, 9], "faces": { "east": {"uv": [11, 3, 9, 5], "texture": "#0"}, "west": {"uv": [11, 3, 9, 5], "texture": "#0"} } }, { "from": [5.8, -4, 8], "to": [5.801, 0, 13], "rotation": {"angle": 0, "axis": "y", "origin": [5.8, 0, 12.75]}, "faces": { "east": {"uv": [8, 2.5, 5.5, 4.5], "texture": "#0"}, "west": {"uv": [5.5, 2.5, 8, 4.5], "texture": "#0"} } }, { "from": [5.8, 0, 9], "to": [5.801, 4, 13], "rotation": {"angle": 0, "axis": "y", "origin": [5.8, 0, 12.75]}, "faces": { "east": {"uv": [8, 0.25, 6, 2.25], "texture": "#0"}, "south": {"uv": [5, 6, 4.5, 8], "texture": "#0"}, "west": {"uv": [6, 0.25, 8, 2.25], "texture": "#0"}, "up": {"uv": [4.5, 8, 5, 6], "texture": "#0"} } }, { "from": [6.3, -3, 10], "to": [6.8, 2, 12], "rotation": {"angle": 45, "axis": "x", "origin": [6.25, 1.5, 11]}, "faces": { "north": {"uv": [1.25, 0, 1.5, 2.5], "texture": "#0"}, "east": {"uv": [0, 0, 1, 2.5], "texture": "#0"}, "south": {"uv": [1.25, 0, 1.5, 2.5], "texture": "#0"}, "west": {"uv": [1, 0, 0, 2.5], "texture": "#0"}, "down": {"uv": [1.75, 1.25, 2, 0.25], "texture": "#0"} } }, { "from": [6.29, 1.14645, 10.06066], "to": [6.81, 6.14645, 12.06066], "rotation": {"angle": 0, "axis": "y", "origin": [6.26, 4.84645, 11.06066]}, "faces": { "north": {"uv": [1.25, 0, 1.5, 2.5], "texture": "#0"}, "east": {"uv": [0, 2.5, 1, 5], "texture": "#0"}, "south": {"uv": [1.25, 0, 1.5, 2.5], "texture": "#0"}, "west": {"uv": [1, 2.5, 0, 5], "texture": "#0"}, "up": {"uv": [1.75, 0.25, 2, 1.25], "texture": "#0"}, "down": {"uv": [1.75, 1.25, 2, 0.25], "texture": "#0"} } }, { "from": [6.59, 1.14645, 12.06066], "to": [6.591, 6.14645, 14.06066], "rotation": {"angle": 0, "axis": "y", "origin": [6.26, 4.84645, 11.06066]}, "faces": { "east": {"uv": [3, 2.25, 4, 4.75], "texture": "#0"}, "west": {"uv": [4, 2.25, 3, 4.75], "texture": "#0"} } }, { "from": [6.59, -2.85355, 14.06066], "to": [6.591, 2.14645, 16.06066], "rotation": {"angle": 45, "axis": "x", "origin": [6.59, 3.64645, 13.06066]}, "faces": { "east": {"uv": [3, 4.75, 4, 2.25], "texture": "#0"}, "west": {"uv": [5.5, 2.25, 4.5, 4.75], "texture": "#0"} } }, { "from": [6.59, 1.14645, -0.06066], "to": [6.591, 6.14645, 1.93934], "rotation": {"angle": 0, "axis": "y", "origin": [6.59, 1.52513, 1.64645]}, "faces": { "east": {"uv": [4, 2.25, 3, 4.75], "texture": "#0"}, "west": {"uv": [3, 2.25, 4, 4.75], "texture": "#0"} } }, { "from": [6.59, -2.97487, -0.35355], "to": [6.591, 2.02513, 1.64645], "rotation": {"angle": -45, "axis": "x", "origin": [6.59, 1.52513, 1.64645]}, "faces": { "east": {"uv": [4, 4.75, 3, 2.25], "texture": "#0"}, "west": {"uv": [4.5, 2.25, 5.5, 4.75], "texture": "#0"} } }, { "from": [6.3, -2.41421, 1.93934], "to": [6.8, 2.58579, 3.93934], "rotation": {"angle": -45, "axis": "x", "origin": [6.55, 1.86612, 3.67678]}, "faces": { "north": {"uv": [1.5, 0, 1.25, 2.5], "texture": "#0"}, "east": {"uv": [1, 0, 0, 2.5], "texture": "#0"}, "south": {"uv": [1.5, 0, 1.25, 2.5], "texture": "#0"}, "west": {"uv": [0, 0, 1, 2.5], "texture": "#0"}, "down": {"uv": [1.75, 0.25, 2, 1.25], "texture": "#0"} } }, { "from": [6.3, 2.88579, 7.82843], "to": [6.8, 6.88579, 9.82843], "rotation": {"angle": -45, "axis": "x", "origin": [6.55, 7.21421, 7]}, "faces": { "north": {"uv": [1.25, 2, 1.5, 0], "texture": "#0"}, "east": {"uv": [1.25, 4.75, 2.25, 2.75], "texture": "#0"}, "south": {"uv": [1.25, 2, 1.5, 0], "texture": "#0"}, "west": {"uv": [2.25, 4.75, 1.25, 2.75], "texture": "#0"}, "up": {"uv": [2.25, 0.25, 2.5, 1.25], "texture": "#0"}, "down": {"uv": [1.75, 1.25, 2, 0.25], "texture": "#0"} } }, { "from": [6.3, 2.88579, 4.17157], "to": [6.8, 6.88579, 6.17157], "rotation": {"angle": 45, "axis": "x", "origin": [6.55, 7.21421, 7]}, "faces": { "north": {"uv": [1.5, 2, 1.25, 0], "texture": "#0"}, "east": {"uv": [2.25, 4.75, 1.25, 2.75], "texture": "#0"}, "south": {"uv": [1.5, 2, 1.25, 0], "texture": "#0"}, "west": {"uv": [1.25, 4.75, 2.25, 2.75], "texture": "#0"}, "up": {"uv": [2.25, 1.25, 2.5, 0.25], "texture": "#0"}, "down": {"uv": [1.75, 0.25, 2, 1.25], "texture": "#0"} } }, { "from": [6.29, 1.14645, 1.93934], "to": [6.81, 6.14645, 3.93934], "rotation": {"angle": 0, "axis": "y", "origin": [6.55, 1.86612, 3.67678]}, "faces": { "north": {"uv": [1.5, 0, 1.25, 2.5], "texture": "#0"}, "east": {"uv": [1, 2.5, 0, 5], "texture": "#0"}, "south": {"uv": [1.5, 0, 1.25, 2.5], "texture": "#0"}, "west": {"uv": [0, 2.5, 1, 5], "texture": "#0"}, "up": {"uv": [1.75, 1.25, 2, 0.25], "texture": "#0"}, "down": {"uv": [1.75, 0.25, 2, 1.25], "texture": "#0"} } }, { "from": [5.69, 4.04645, 5.93934], "to": [6.19, 5.04645, 6.93934], "rotation": {"angle": -45, "axis": "x", "origin": [5.95, 2.64645, 6.43934]}, "faces": { "north": {"uv": [11.75, 0, 11.5, 0.5], "texture": "#0"}, "east": {"uv": [11.5, 0, 12, 0.5], "texture": "#0"}, "south": {"uv": [11.75, 0, 11.5, 0.5], "texture": "#0"}, "west": {"uv": [11.5, 0, 12, 0.5], "texture": "#0"}, "up": {"uv": [12.5, 0.75, 12.75, 0.25], "texture": "#0"} } }, { "from": [5.69, 2.08995, 9.00416], "to": [6.19, 3.08995, 10.00416], "rotation": {"angle": 45, "axis": "x", "origin": [5.94, 3.98995, 10.90416]}, "faces": { "north": {"uv": [11.5, 0, 11.75, 0.5], "texture": "#0"}, "east": {"uv": [12, 0, 11.5, 0.5], "texture": "#0"}, "south": {"uv": [11.5, 0, 11.75, 0.5], "texture": "#0"}, "west": {"uv": [12, 0, 11.5, 0.5], "texture": "#0"}, "up": {"uv": [12.5, 0.25, 12.75, 0.75], "texture": "#0"} } } ], "display": { "thirdperson_righthand": { "rotation": [30, -26, 0], "translation": [1, 3.75, 2.5], "scale": [0.6, 0.6, 0.6] }, "thirdperson_lefthand": { "rotation": [30, 141, 0], "translation": [1, 3.75, 2.75], "scale": [0.6, 0.6, 0.6] }, "firstperson_righthand": { "translation": [4.25, 7.5, 0] }, "firstperson_lefthand": { "rotation": [26, 177, 0], "translation": [1.75, 7.5, 0] }, "ground": { "rotation": [0, 53, -76] }, "gui": { "rotation": [0, 112, 0], "translation": [0, 5.25, 0] }, "head": { "rotation": [-13, 90, 0], "translation": [1.25, 9.5, 4], "scale": [1.2, 1.2, 1.2] }, "fixed": { "rotation": [0, -90, 0], "translation": [-2, 9.25, 2.75], "scale": [1.5, 1.5, 1.5] } } }