{ "credit": "Made with Blockbench", "textures": { "2": "ttp/i/c/a/ongakublack", "particle": "ttp/i/c/a/ongakublack" }, "elements": [ { "from": [1, 2, 10], "to": [2, 9, 14], "rotation": {"angle": 0, "axis": "y", "origin": [0, -1, 0.5]}, "faces": { "north": {"uv": [0.032, 0.032, 0.968, 0.968], "texture": "#2"}, "east": {"uv": [0.032, 6.75, 5.5, 7.25], "texture": "#2"}, "south": {"uv": [0.032, 0.032, 0.968, 0.968], "texture": "#2"}, "west": {"uv": [0.032, 7.25, 5.5, 7.75], "texture": "#2"}, "up": {"uv": [0.032, 0.032, 10.968, 0.968], "rotation": 270, "texture": "#2"}, "down": {"uv": [0.032, 6.25, 5.5, 6.75], "rotation": 90, "texture": "#2"} } }, { "from": [0, 2.25, 10], "to": [1, 3.75, 14], "rotation": {"angle": 0, "axis": "y", "origin": [0, -1, 0.5]}, "faces": { "north": {"uv": [0.75, 5.032, 1.25, 5.75], "texture": "#2"}, "south": {"uv": [3.75, 3.5, 5.75, 4.25], "texture": "#2"}, "west": {"uv": [3.75, 4.25, 5.75, 4.968], "texture": "#2"}, "down": {"uv": [7.032, 0.5, 8.968, 0.968], "rotation": 90, "texture": "#2"} } }, { "from": [0, 3, 9], "to": [1, 9, 15], "rotation": {"angle": 0, "axis": "y", "origin": [0, -1, 0.5]}, "faces": { "north": {"uv": [6.5, 2.032, 6.968, 4.968], "texture": "#2"}, "east": {"uv": [0.032, 0.032, 2.968, 2.968], "texture": "#2"}, "south": {"uv": [6.032, 2.032, 6.5, 4.968], "texture": "#2"}, "west": {"uv": [0.032, 0.032, 2.968, 2.968], "texture": "#2"}, "up": {"uv": [6.032, 1.5, 8.968, 1.968], "rotation": 270, "texture": "#2"}, "down": {"uv": [6.032, 1.032, 8.968, 1.5], "rotation": 90, "texture": "#2"} } }, { "from": [1, 4.90923, 14.37433], "to": [2, 7.40923, 15.37433], "rotation": {"angle": 22.5, "axis": "x", "origin": [1, 6.90923, 7.37433]}, "faces": { "north": {"uv": [0.032, 0.032, 0.968, 2.5], "texture": "#2"}, "east": {"uv": [2.75, 5.032, 3.25, 6.25], "texture": "#2"}, "south": {"uv": [2.25, 5.032, 2.75, 6.25], "texture": "#2"}, "west": {"uv": [3.25, 5.032, 3.75, 6.25], "texture": "#2"}, "up": {"uv": [0.032, 0.032, 0.968, 0.968], "rotation": 270, "texture": "#2"} } }, { "from": [1, 0.75347, 12.93327], "to": [2, 3.25347, 13.93327], "rotation": {"angle": -22.5, "axis": "x", "origin": [6, -5.99653, 8.33327]}, "faces": { "north": {"uv": [8.5, 2.5, 8.968, 3.75], "texture": "#2"}, "east": {"uv": [8.032, 3.032, 8.5, 4.25], "texture": "#2"}, "south": {"uv": [0.032, 0.032, 0.968, 2.5], "texture": "#2"}, "west": {"uv": [7.032, 3.5, 7.5, 4.75], "texture": "#2"}, "up": {"uv": [0.032, 0.032, 0.968, 0.968], "rotation": 270, "texture": "#2"} } }, { "from": [1.01, 3.8, 8], "to": [2.01, 8.8, 10], "rotation": {"angle": 0, "axis": "y", "origin": [0, -1, 0.5]}, "faces": { "north": {"uv": [7.5, 2.032, 7.968, 4.5], "texture": "#2"}, "east": {"uv": [10.5, 0.032, 11.5, 2.5], "texture": "#2"}, "south": {"uv": [0.032, 0.032, 0.968, 4.968], "texture": "#2"}, "west": {"uv": [4.032, 1.032, 4.968, 3.5], "texture": "#2"}, "up": {"uv": [4.032, 1.032, 5.968, 1.968], "rotation": 270, "texture": "#2"}, "down": {"uv": [8.032, 2.032, 8.968, 2.5], "rotation": 90, "texture": "#2"} } }, { "from": [1.01, 3.8, 14], "to": [2.01, 8.8, 16], "rotation": {"angle": 0, "axis": "y", "origin": [0, -1, 0.5]}, "faces": { "north": {"uv": [0.032, 0.032, 0.968, 4.968], "texture": "#2"}, "east": {"uv": [9.032, 0.032, 9.968, 2.5], "texture": "#2"}, "south": {"uv": [10.032, 0.032, 10.5, 2.5], "texture": "#2"}, "west": {"uv": [5.032, 1.032, 5.968, 3.5], "texture": "#2"}, "up": {"uv": [5.032, 1.032, 6.968, 1.968], "rotation": 270, "texture": "#2"}, "down": {"uv": [9.032, 2.5, 9.968, 2.968], "rotation": 90, "texture": "#2"} } }, { "from": [0, 5.001, 8], "to": [1, 8.001, 9], "rotation": {"angle": 0, "axis": "y", "origin": [0, -1, 0.5]}, "faces": { "north": {"uv": [7.032, 2.032, 7.5, 3.5], "texture": "#2"}, "east": {"uv": [0.032, 0.032, 0.968, 2.968], "texture": "#2"}, "west": {"uv": [3.032, 1.032, 3.5, 2.5], "texture": "#2"}, "up": {"uv": [3.032, 4.5, 3.5, 4.968], "rotation": 270, "texture": "#2"}, "down": {"uv": [8.032, 2.5, 8.5, 2.968], "rotation": 90, "texture": "#2"} } }, { "from": [0, 5.001, 15], "to": [1, 8.001, 16], "rotation": {"angle": 0, "axis": "y", "origin": [0, -1, 0.5]}, "faces": { "east": {"uv": [0.032, 0.032, 0.968, 2.968], "texture": "#2"}, "south": {"uv": [0.75, 3.5, 1.25, 4.968], "texture": "#2"}, "west": {"uv": [3.5, 1.032, 3.968, 2.5], "texture": "#2"}, "up": {"uv": [6.032, 0.5, 6.5, 0.968], "rotation": 270, "texture": "#2"}, "down": {"uv": [6.5, 0.5, 6.968, 0.968], "rotation": 90, "texture": "#2"} } }, { "from": [1.01, 10.53106, 2.29739], "to": [2.01, 14.53106, 3.79739], "rotation": {"angle": 22.5, "axis": "x", "origin": [-0.01, -4.66894, 0.79739]}, "faces": { "north": {"uv": [11.5, 0.032, 11.968, 1.968], "texture": "#2"}, "east": {"uv": [13.75, 0.032, 14.5, 1.968], "texture": "#2"}, "south": {"uv": [15.25, 0.032, 15.75, 1.968], "texture": "#2"}, "west": {"uv": [3.032, 2.5, 3.75, 4.5], "texture": "#2"}, "up": {"uv": [9.5, 2.5, 10.25, 2.968], "rotation": 270, "texture": "#2"} } }, { "from": [1.01, 2.42025, 19.82682], "to": [2.01, 6.42025, 21.32682], "rotation": {"angle": -22.5, "axis": "x", "origin": [0, -7.77975, 2.62682]}, "faces": { "north": {"uv": [15.5, 2.032, 15.968, 3.968], "texture": "#2"}, "east": {"uv": [13.032, 0.032, 13.75, 1.968], "texture": "#2"}, "south": {"uv": [12.5, 0.032, 12.968, 1.968], "texture": "#2"}, "west": {"uv": [0.032, 3.5, 0.75, 5.5], "texture": "#2"}, "up": {"uv": [11.5, 2.032, 12.25, 2.5], "rotation": 270, "texture": "#2"} } }, { "from": [1.02, 5.02948, 16.27744], "to": [2.02, 9.02948, 17.77744], "rotation": {"angle": -22.5, "axis": "x", "origin": [-0.02, -6.77052, 7.07744]}, "faces": { "north": {"uv": [12.032, 0.032, 12.5, 1.968], "texture": "#2"}, "east": {"uv": [10.032, 0.25, 10.75, 2.25], "texture": "#2"}, "south": {"uv": [4.75, 1.032, 5.75, 1.968], "texture": "#2"}, "west": {"uv": [1.5, 3.5, 2.25, 5.5], "texture": "#2"}, "up": {"uv": [4.75, 1.25, 6.25, 2.25], "rotation": 270, "texture": "#2"}, "down": {"uv": [0.032, 0.032, 1.5, 0.968], "rotation": 90, "texture": "#2"} } }, { "from": [1.02, 14.29042, 8.06467], "to": [2.02, 18.29042, 9.56467], "rotation": {"angle": 22.5, "axis": "x", "origin": [-0.01, 2.49042, -5.43533]}, "faces": { "north": {"uv": [5.25, 1.5, 5.968, 2.5], "texture": "#2"}, "east": {"uv": [14.5, 0.032, 15.25, 1.968], "texture": "#2"}, "south": {"uv": [12.032, 0.032, 12.5, 1.968], "texture": "#2"}, "west": {"uv": [2.25, 3.032, 2.968, 4.968], "texture": "#2"}, "up": {"uv": [5.032, 1.5, 6.5, 2.5], "rotation": 270, "texture": "#2"}, "down": {"uv": [0.032, 0.032, 1.5, 0.968], "rotation": 90, "texture": "#2"} } }, { "from": [0, 9, 10], "to": [1, 10, 14], "rotation": {"angle": 0, "axis": "y", "origin": [0, -1, 0.5]}, "faces": { "north": {"uv": [5.032, 0.5, 5.5, 0.968], "texture": "#2"}, "east": {"uv": [0.032, 6.5, 3.968, 7.5], "texture": "#2"}, "south": {"uv": [5.5, 0.5, 5.968, 0.968], "texture": "#2"}, "west": {"uv": [0.032, 3.032, 1.968, 3.5], "texture": "#2"}, "up": {"uv": [5.032, 0.032, 6.968, 0.5], "rotation": 270, "texture": "#2"} } }, { "from": [-0.5, 2.5, 10], "to": [0, 4.5, 14], "rotation": {"angle": 0, "axis": "y", "origin": [0, -1, 0.5]}, "faces": { "north": {"uv": [1.25, 3.75, 1.5, 4.75], "texture": "#2"}, "south": {"uv": [3.75, 2.5, 3.968, 3.5], "texture": "#2"}, "west": {"uv": [3.032, 0.032, 4.968, 0.968], "texture": "#2"}, "up": {"uv": [7.032, 0.25, 8.968, 0.5], "rotation": 270, "texture": "#2"}, "down": {"uv": [7.032, 0.032, 8.968, 0.25], "rotation": 90, "texture": "#2"} } }, { "from": [1, 8, 13], "to": [2, 10, 15], "rotation": {"angle": 0, "axis": "y", "origin": [0, -1, 0.5]}, "faces": { "north": {"uv": [0.032, 0.032, 0.968, 1.968], "texture": "#2"}, "south": {"uv": [4.5, 1.25, 5.5, 3.25], "texture": "#2"}, "west": {"uv": [1.032, 5.5, 1.968, 6.5], "texture": "#2"}, "up": {"uv": [13.25, 2.032, 14.25, 2.5], "rotation": 270, "texture": "#2"}, "down": {"uv": [0.032, 0.032, 1.968, 0.968], "rotation": 90, "texture": "#2"} } }, { "from": [1, 8, 9], "to": [2, 10, 11], "rotation": {"angle": 0, "axis": "y", "origin": [0, -1, 0.5]}, "faces": { "north": {"uv": [4.75, 1.25, 5.75, 3.25], "texture": "#2"}, "south": {"uv": [0.032, 0.032, 0.968, 1.968], "texture": "#2"}, "west": {"uv": [0.032, 5.5, 0.968, 6.5], "texture": "#2"}, "up": {"uv": [12.25, 2.032, 13.25, 2.5], "rotation": 270, "texture": "#2"}, "down": {"uv": [0.032, 0.032, 1.968, 0.968], "rotation": 90, "texture": "#2"} } }, { "from": [2, 8, 13], "to": [2, 10, 15], "rotation": {"angle": 0, "axis": "y", "origin": [0, -1, 0.5]}, "faces": { "east": {"uv": [5.032, 1.25, 5.968, 2.25], "texture": "#2"} } }, { "from": [2, 8, 9], "to": [2, 10, 11], "rotation": {"angle": 0, "axis": "y", "origin": [0, -1, 0.5]}, "faces": { "east": {"uv": [4.75, 1.25, 5.75, 2.25], "texture": "#2"} } }, { "from": [-3.5, -1.25, 13], "to": [-2.5, -0.25, 14], "rotation": {"angle": 22.5, "axis": "y", "origin": [0, 0, 0]}, "faces": { "north": {"uv": [6.25, 5.5, 6.75, 5.968], "texture": "#2"}, "east": {"uv": [5.25, 5.032, 5.75, 5.5], "texture": "#2"}, "south": {"uv": [6.25, 5.032, 6.75, 5.5], "texture": "#2"}, "west": {"uv": [5.75, 5.5, 6.25, 5.968], "texture": "#2"}, "up": {"uv": [5.25, 5.5, 5.75, 5.968], "texture": "#2"}, "down": {"uv": [5.75, 5.032, 6.25, 5.5], "texture": "#2"} } }, { "from": [-3, -0.75, 14], "to": [-2, 0.25, 15], "rotation": {"angle": 22.5, "axis": "y", "origin": [0, 0, 0]}, "faces": { "north": {"uv": [4.75, 5.5, 5.25, 5.968], "texture": "#2"}, "east": {"uv": [3.75, 5.032, 4.25, 5.5], "texture": "#2"}, "south": {"uv": [4.25, 5.5, 4.75, 5.968], "texture": "#2"}, "west": {"uv": [3.75, 5.5, 4.25, 5.968], "texture": "#2"}, "up": {"uv": [4.75, 5.032, 5.25, 5.5], "texture": "#2"}, "down": {"uv": [4.25, 5.032, 4.75, 5.5], "texture": "#2"} } }, { "from": [-2.27164, -3.75, 14.14805], "to": [-2.27064, -0.75, 16.14805], "rotation": {"angle": 22.5, "axis": "y", "origin": [-2.77164, -3, 1.14805]}, "faces": { "north": {"uv": [0.032, 0.032, 0.032, 2.968], "texture": "#2"}, "east": {"uv": [0.032, 12.75, 1.968, 15.75], "texture": "#2"}, "south": {"uv": [0.032, 0.032, 0.032, 2.968], "texture": "#2"}, "west": {"uv": [0.032, 7.75, 0.968, 9.25], "texture": "#2"}, "up": {"uv": [0.032, 0.032, 0.032, 1.968], "texture": "#2"}, "down": {"uv": [0.032, 0.032, 0.032, 1.968], "texture": "#2"} } }, { "from": [15.5, 9.25, 11.25], "to": [19.5, 9.75, 11.75], "rotation": {"angle": 45, "axis": "y", "origin": [19, 3.5, 24.5]}, "faces": { "north": {"uv": [0.032, 11.5, 3.968, 11.968], "texture": "#2"}, "south": {"uv": [0.032, 11.032, 3.968, 11.5], "texture": "#2"}, "west": {"uv": [4.032, 10.032, 4.5, 10.5], "texture": "#2"}, "up": {"uv": [0.032, 10.032, 3.968, 10.5], "texture": "#2"}, "down": {"uv": [0.032, 10.5, 3.968, 10.968], "texture": "#2"} } }, { "from": [19.5, 9.25, 11.25], "to": [23.5, 9.75, 11.75], "rotation": {"angle": 45, "axis": "y", "origin": [19, 3.5, 24.5]}, "faces": { "north": {"uv": [0.032, 11.032, 3.968, 11.5], "texture": "#2"}, "east": {"uv": [4.032, 10.032, 4.5, 10.5], "texture": "#2"}, "south": {"uv": [0.032, 11.5, 3.968, 11.968], "texture": "#2"}, "up": {"uv": [0.032, 10.032, 3.968, 10.5], "rotation": 180, "texture": "#2"}, "down": {"uv": [0.032, 10.5, 3.968, 10.968], "rotation": 180, "texture": "#2"} } }, { "from": [-7.27164, 6.25, 18.89805], "to": [-7.27064, 9.25, 20.89805], "rotation": {"angle": 45, "axis": "y", "origin": [-2.77164, -3, 1.14805]}, "faces": { "north": {"uv": [0.032, 0.032, 0.032, 2.968], "texture": "#2"}, "east": {"uv": [0.032, 12.25, 1.968, 15.25], "texture": "#2"}, "south": {"uv": [0.032, 0.032, 0.032, 2.968], "texture": "#2"}, "west": {"uv": [0.032, 7.75, 0.968, 9.25], "texture": "#2"}, "up": {"uv": [0.032, 0.032, 0.032, 1.968], "texture": "#2"}, "down": {"uv": [0.032, 0.032, 0.032, 1.968], "texture": "#2"} } } ], "display": { "thirdperson_righthand": { "rotation": [64, -64, 0], "translation": [3, -1.25, 2.25], "scale": [0.5, 0.5, 0.5] }, "thirdperson_lefthand": { "rotation": [84, 0, 14], "translation": [-3.25, 0.5, 9.5], "scale": [0.75, 0.75, 0.75] }, "firstperson_righthand": { "rotation": [-9, -13, 0], "translation": [7.25, 5.25, -1] }, "ground": { "rotation": [64, -64, 0], "translation": [3, -1.25, 2.25], "scale": [0.5, 0.5, 0.5] }, "gui": { "rotation": [0, 77, -2], "translation": [-4, 3.25, 0], "scale": [0.9, 0.9, 0.9] }, "head": { "rotation": [13, -49, 3], "translation": [2.75, 6, -1.25], "scale": [1.25, 1.25, 1.25] }, "fixed": { "rotation": [1, -90, 0], "translation": [12.25, 3.75, 17], "scale": [2.8, 2.8, 2.8] } }, "groups": [ { "name": "mask", "origin": [8, 8, 8], "color": 3, "children": [0, 1, 2, 3, 4, 5, 6, 7, 8, 9, 10, 11, 12, 13, 14, 15, 16, 17, 18] }, { "name": "bell", "origin": [8, 8, 8], "color": 1, "children": [19, 20, 21] }, { "name": "hairclip", "origin": [8, 8, 8], "color": 0, "children": [22, 23, 24] } ] }