{ "credit": "Made with Blockbench", "textures": { "1": "ttp/i/c/a/gas_mask_mute" }, "elements": [ { "from": [1.34583, 2.5, 7.5], "to": [14.59583, 5, 8.5], "rotation": {"angle": 0, "axis": "y", "origin": [8.59583, 6.5, 15.5]}, "faces": { "north": {"uv": [4.512, 0.512, 7.488, 3.488], "texture": "#1"}, "east": {"uv": [4.512, 0.512, 7.488, 3.488], "texture": "#1"}, "south": {"uv": [4.512, 0.512, 7.488, 3.488], "texture": "#1"} } }, { "from": [2.14583, 0.6, 7.5], "to": [13.79583, 5, 8.5], "rotation": {"angle": 0, "axis": "y", "origin": [8.59583, 6.5, 15.5]}, "faces": { "north": {"uv": [4.512, 0.512, 7.488, 3.488], "texture": "#1"}, "east": {"uv": [4.512, 0.512, 7.488, 3.488], "texture": "#1"}, "south": {"uv": [4.512, 0.512, 7.488, 3.488], "texture": "#1"}, "west": {"uv": [4.512, 0.512, 7.488, 3.488], "texture": "#1"}, "up": {"uv": [4.512, 0.512, 7.488, 3.488], "texture": "#1"}, "down": {"uv": [4.512, 0.512, 7.488, 3.488], "texture": "#1"} } }, { "from": [9.65571, 1.43265, 7.5], "to": [12.15571, 3.48265, 8.5], "rotation": {"angle": -22.5, "axis": "z", "origin": [10.90571, -3.14235, 8]}, "faces": { "north": {"uv": [4.512, 0.512, 7.488, 3.488], "rotation": 90, "texture": "#1"}, "east": {"uv": [4.512, 0.512, 7.488, 3.488], "rotation": 270, "texture": "#1"}, "south": {"uv": [4.512, 0.512, 7.488, 3.488], "rotation": 270, "texture": "#1"}, "down": {"uv": [4.512, 0.512, 7.488, 3.488], "rotation": 270, "texture": "#1"} } }, { "from": [3.78596, 1.43265, 7.5], "to": [6.28596, 3.48265, 8.5], "rotation": {"angle": 22.5, "axis": "z", "origin": [5.03596, -3.14235, 8]}, "faces": { "north": {"uv": [4.512, 3.488, 7.488, 0.512], "rotation": 90, "texture": "#1"}, "south": {"uv": [4.512, 3.488, 7.488, 0.512], "rotation": 270, "texture": "#1"}, "west": {"uv": [4.512, 3.488, 7.488, 0.512], "rotation": 270, "texture": "#1"}, "down": {"uv": [4.512, 3.488, 7.488, 0.512], "rotation": 270, "texture": "#1"} } }, { "from": [1.34583, 2.5, 7.5], "to": [1.99583, 13.6, 8.5], "rotation": {"angle": 0, "axis": "y", "origin": [8.59583, 6.5, 15.5]}, "faces": { "north": {"uv": [4.512, 0.512, 7.488, 3.488], "texture": "#1"}, "south": {"uv": [4.512, 0.512, 7.488, 3.488], "texture": "#1"}, "west": {"uv": [4.512, 0.512, 7.488, 3.488], "texture": "#1"} } }, { "from": [1.34583, 8.7, 7.5], "to": [14.59583, 14.5, 8.5], "rotation": {"angle": 0, "axis": "y", "origin": [8.59583, 6.5, 15.5]}, "faces": { "north": {"uv": [4.512, 0.512, 7.488, 3.488], "texture": "#1"}, "south": {"uv": [4.512, 0.512, 7.488, 3.488], "texture": "#1"}, "west": {"uv": [4.512, 0.512, 7.488, 3.488], "texture": "#1"}, "up": {"uv": [4.512, 0.512, 7.488, 3.488], "texture": "#1"} } }, { "from": [1.74583, 4.6, 7.8], "to": [13.99583, 8.7, 8.4], "rotation": {"angle": 0, "axis": "y", "origin": [8.59583, 6.5, 15.5]}, "faces": { "north": {"uv": [12, 12, 16, 16], "texture": "#1"}, "south": {"uv": [12, 12, 16, 16], "texture": "#1"} } }, { "from": [6.54583, 3.5, 7.5], "to": [9.19583, 14.5, 8.5], "rotation": {"angle": 0, "axis": "y", "origin": [8.59583, 6.5, 15.5]}, "faces": { "north": {"uv": [4.512, 0.512, 7.488, 3.488], "texture": "#1"}, "south": {"uv": [4.512, 0.512, 7.488, 3.488], "texture": "#1"}, "west": {"uv": [4.512, 0.512, 7.488, 3.488], "texture": "#1"} } }, { "from": [7.27628, 6.44693, 7.5], "to": [9.92628, 9.64693, 8.5], "rotation": {"angle": -22.5, "axis": "z", "origin": [8.97083, 8.2, 8]}, "faces": { "north": {"uv": [4.512, 0.512, 7.488, 3.488], "texture": "#1"}, "south": {"uv": [4.512, 0.512, 7.488, 3.488], "texture": "#1"} } }, { "from": [2.44583, 8.3, 7.5], "to": [3.29583, 13.6, 8.5], "rotation": {"angle": -45, "axis": "z", "origin": [1.82083, 9.5, 8]}, "faces": { "north": {"uv": [4.512, 0.512, 7.488, 3.488], "texture": "#1"}, "south": {"uv": [4.512, 0.512, 7.488, 3.488], "texture": "#1"} } }, { "from": [9.44583, 7.2, 7.5], "to": [11.09583, 13.6, 8.5], "rotation": {"angle": -45, "axis": "z", "origin": [9.22083, 9.5, 8]}, "faces": { "north": {"uv": [4.512, 0.512, 7.488, 3.488], "texture": "#1"}, "south": {"uv": [4.512, 0.512, 7.488, 3.488], "texture": "#1"} } }, { "from": [12.74583, 8.4, 7.5], "to": [13.59583, 10.7, 8.5], "rotation": {"angle": 45, "axis": "z", "origin": [14.22083, 9.5, 8]}, "faces": { "north": {"uv": [4.512, 0.512, 7.488, 3.488], "rotation": 180, "texture": "#1"}, "south": {"uv": [4.512, 0.512, 7.488, 3.488], "rotation": 180, "texture": "#1"} } }, { "from": [9.22083, 4.525, 7.5], "to": [12.02083, 5.575, 8.5], "rotation": {"angle": -22.5, "axis": "z", "origin": [10.42083, 6.2, 8]}, "faces": { "north": {"uv": [4.512, 0.512, 7.488, 3.488], "rotation": 270, "texture": "#1"}, "south": {"uv": [4.512, 0.512, 7.488, 3.488], "rotation": 90, "texture": "#1"} } }, { "from": [1.24583, 4.8, 7.5], "to": [2.09583, 6.7, 8.5], "rotation": {"angle": 45, "axis": "z", "origin": [2.92083, 6.4, 8]}, "faces": { "north": {"uv": [4.512, 0.512, 7.488, 3.488], "rotation": 180, "texture": "#1"}, "south": {"uv": [4.512, 0.512, 7.488, 3.488], "rotation": 180, "texture": "#1"} } }, { "from": [5.62083, 7.825, 7.5], "to": [8.42083, 8.875, 8.5], "rotation": {"angle": -45, "axis": "z", "origin": [6.82083, 9.5, 8]}, "faces": { "north": {"uv": [4.512, 0.512, 7.488, 3.488], "rotation": 270, "texture": "#1"}, "south": {"uv": [4.512, 0.512, 7.488, 3.488], "rotation": 90, "texture": "#1"}, "down": {"uv": [4.512, 0.512, 7.488, 3.488], "rotation": 90, "texture": "#1"} } }, { "from": [4.72083, 8.325, 7.5], "to": [7.52083, 9.375, 8.5], "rotation": {"angle": -22.5, "axis": "z", "origin": [5.92083, 10, 8]}, "faces": { "north": {"uv": [4.512, 0.512, 7.488, 3.488], "rotation": 270, "texture": "#1"}, "south": {"uv": [4.512, 0.512, 7.488, 3.488], "rotation": 90, "texture": "#1"} } }, { "from": [4.32083, 5.025, 7.5], "to": [8.12083, 5.675, 8.5], "rotation": {"angle": 22.5, "axis": "z", "origin": [6.82083, 4.4, 8]}, "faces": { "north": {"uv": [4.512, 0.512, 7.488, 3.488], "rotation": 90, "texture": "#1"}, "south": {"uv": [4.512, 0.512, 7.488, 3.488], "rotation": 270, "texture": "#1"}, "up": {"uv": [4.512, 0.512, 7.488, 3.488], "rotation": 270, "texture": "#1"} } }, { "from": [4.32083, 5.325, 7.5], "to": [8.12083, 5.975, 8.5], "rotation": {"angle": 45, "axis": "z", "origin": [6.82083, 4.7, 8]}, "faces": { "north": {"uv": [4.512, 0.512, 7.488, 3.488], "rotation": 90, "texture": "#1"}, "south": {"uv": [4.512, 0.512, 7.488, 3.488], "rotation": 270, "texture": "#1"}, "up": {"uv": [4.512, 0.512, 7.488, 3.488], "rotation": 270, "texture": "#1"} } }, { "from": [7.87917, 5.325, 7.5], "to": [11.67917, 5.975, 8.5], "rotation": {"angle": -45, "axis": "z", "origin": [9.17917, 4.7, 8]}, "faces": { "north": {"uv": [4.512, 3.488, 7.488, 0.512], "rotation": 90, "texture": "#1"}, "south": {"uv": [4.512, 3.488, 7.488, 0.512], "rotation": 270, "texture": "#1"} } }, { "from": [12.84583, 2.8, 7.5], "to": [13.69583, 5.4, 8.5], "rotation": {"angle": -45, "axis": "z", "origin": [14.32083, 4.4, 8]}, "faces": { "north": {"uv": [4.512, 0.512, 7.488, 3.488], "rotation": 180, "texture": "#1"}, "south": {"uv": [4.512, 0.512, 7.488, 3.488], "rotation": 180, "texture": "#1"} } }, { "from": [13.94583, 3.1, 7.5], "to": [14.59583, 14.5, 8.5], "rotation": {"angle": 0, "axis": "y", "origin": [8.59583, 6.5, 15.5]}, "faces": { "north": {"uv": [4.512, 0.512, 7.488, 3.488], "texture": "#1"}, "east": {"uv": [4.512, 0.512, 7.488, 3.488], "texture": "#1"}, "south": {"uv": [4.512, 0.512, 7.488, 3.488], "texture": "#1"} } }, { "from": [1.70519, -0.08306, 7.25], "to": [14.25519, 0.66694, 7.75], "rotation": {"angle": 0, "axis": "y", "origin": [8.25519, 6.66694, 14.75]}, "faces": { "north": {"uv": [4.512, 0.512, 7.488, 3.488], "texture": "#1"}, "south": {"uv": [4.512, 0.512, 7.488, 3.488], "texture": "#1"}, "west": {"uv": [4.512, 0.512, 7.488, 3.488], "texture": "#1"}, "up": {"uv": [4.512, 0.512, 7.488, 3.488], "texture": "#1"}, "down": {"uv": [4.512, 0.512, 7.488, 3.488], "texture": "#1"} } }, { "from": [1.34583, 14.5, 7.25], "to": [14.59583, 15.25, 7.75], "rotation": {"angle": 0, "axis": "y", "origin": [8.59583, 5.5, 14.75]}, "faces": { "north": {"uv": [4.512, 0.512, 7.488, 3.488], "texture": "#1"}, "south": {"uv": [4.512, 0.512, 7.488, 3.488], "texture": "#1"}, "west": {"uv": [4.512, 0.512, 7.488, 3.488], "texture": "#1"}, "up": {"uv": [4.512, 0.512, 7.488, 3.488], "texture": "#1"}, "down": {"uv": [4.512, 0.512, 7.488, 3.488], "texture": "#1"} } }, { "from": [14.34583, 2.55, 7.25], "to": [15.34583, 14.5, 7.75], "rotation": {"angle": 0, "axis": "y", "origin": [8.59583, 6.5, 14.75]}, "faces": { "north": {"uv": [4.512, 0.512, 7.488, 3.488], "texture": "#1"}, "east": {"uv": [4.512, 0.512, 7.488, 3.488], "texture": "#1"}, "south": {"uv": [4.512, 0.512, 7.488, 3.488], "texture": "#1"}, "west": {"uv": [4.512, 0.512, 7.488, 3.488], "texture": "#1"}, "up": {"uv": [4.512, 0.512, 7.488, 3.488], "texture": "#1"} } }, { "from": [11.90602, 0.38422, 7.25], "to": [12.90602, 3.23422, 7.75], "rotation": {"angle": -22.5, "axis": "z", "origin": [12.40602, -3.24078, 7.5]}, "faces": { "north": {"uv": [4.512, 0.512, 7.488, 3.488], "texture": "#1"}, "east": {"uv": [4.512, 0.512, 7.488, 3.488], "texture": "#1"}, "south": {"uv": [4.512, 0.512, 7.488, 3.488], "texture": "#1"}, "west": {"uv": [4.512, 0.512, 7.488, 3.488], "texture": "#1"} } }, { "from": [3.03565, 0.38422, 7.25], "to": [4.03565, 3.23422, 7.75], "rotation": {"angle": 22.5, "axis": "z", "origin": [3.53565, -3.24078, 7.5]}, "faces": { "north": {"uv": [7.488, 0.512, 4.512, 3.488], "texture": "#1"}, "east": {"uv": [7.488, 0.512, 4.512, 3.488], "texture": "#1"}, "south": {"uv": [7.488, 0.512, 4.512, 3.488], "texture": "#1"}, "west": {"uv": [7.488, 0.512, 4.512, 3.488], "texture": "#1"}, "up": {"uv": [7.488, 0.512, 4.512, 3.488], "texture": "#1"}, "down": {"uv": [7.488, 0.512, 4.512, 3.488], "texture": "#1"} } }, { "from": [0.59583, 2.55, 7.25], "to": [1.34583, 14.5, 7.75], "rotation": {"angle": 0, "axis": "y", "origin": [8.59583, 6.5, 14.75]}, "faces": { "north": {"uv": [4.512, 0.512, 7.488, 3.488], "texture": "#1"}, "east": {"uv": [4.512, 0.512, 7.488, 3.488], "texture": "#1"}, "south": {"uv": [4.512, 0.512, 7.488, 3.488], "texture": "#1"}, "west": {"uv": [4.512, 0.512, 7.488, 3.488], "texture": "#1"} } }, { "from": [15.19583, 2.55, 2.55], "to": [16.09583, 14.5, 7.25], "rotation": {"angle": 0, "axis": "y", "origin": [9.59583, 6.5, 14.25]}, "faces": { "north": {"uv": [4.512, 0.512, 7.488, 3.488], "texture": "#1"}, "east": {"uv": [4.512, 0.512, 7.488, 3.488], "texture": "#1"}, "south": {"uv": [4.512, 0.512, 7.488, 3.488], "texture": "#1"}, "west": {"uv": [4.512, 0.512, 7.488, 3.488], "texture": "#1"} } }, { "from": [12.64296, 0.21584, 2.55], "to": [13.54296, 3.41584, 7.25], "rotation": {"angle": -22.5, "axis": "z", "origin": [12.64296, -3.43416, 4.9]}, "faces": { "north": {"uv": [4.512, 0.512, 7.488, 3.488], "texture": "#1"}, "east": {"uv": [4.512, 0.512, 7.488, 3.488], "texture": "#1"}, "south": {"uv": [4.512, 0.512, 7.488, 3.488], "texture": "#1"}, "west": {"uv": [4.512, 0.512, 7.488, 3.488], "texture": "#1"}, "down": {"uv": [4.512, 0.512, 7.488, 3.488], "texture": "#1"} } }, { "from": [2.39871, 0.21584, 2.55], "to": [3.29871, 3.41584, 7.25], "rotation": {"angle": 22.5, "axis": "z", "origin": [3.29871, -3.43416, 4.9]}, "faces": { "north": {"uv": [7.488, 0.512, 4.512, 3.488], "texture": "#1"}, "east": {"uv": [7.488, 0.512, 4.512, 3.488], "texture": "#1"}, "south": {"uv": [7.488, 0.512, 4.512, 3.488], "texture": "#1"}, "west": {"uv": [7.488, 0.512, 4.512, 3.488], "texture": "#1"}, "down": {"uv": [7.488, 0.512, 4.512, 3.488], "texture": "#1"} } }, { "from": [0.97125, -0.40641, 6.95], "to": [14.87125, 0.39359, 7.25], "rotation": {"angle": 0, "axis": "y", "origin": [8.02125, 0.49359, 4.9]}, "faces": { "north": {"uv": [4.512, 0.512, 7.488, 3.488], "rotation": 270, "texture": "#1"}, "south": {"uv": [4.512, 0.512, 7.488, 3.488], "rotation": 90, "texture": "#1"}, "west": {"uv": [4.512, 0.512, 7.488, 3.488], "rotation": 90, "texture": "#1"}, "up": {"uv": [4.512, 0.512, 7.488, 3.488], "rotation": 90, "texture": "#1"}, "down": {"uv": [4.512, 0.512, 7.488, 3.488], "rotation": 90, "texture": "#1"} } }, { "from": [15.8375, 7.55, -7.35], "to": [16.0375, 8.75, 5.25], "rotation": {"angle": 0, "axis": "y", "origin": [9.3875, 10.6, 14.25]}, "faces": { "north": {"uv": [0.512, 0.512, 3.488, 3.488], "texture": "#1"}, "east": {"uv": [0.512, 0.512, 3.488, 3.488], "texture": "#1"}, "west": {"uv": [0.512, 0.512, 3.488, 3.488], "texture": "#1"}, "up": {"uv": [0.512, 0.512, 3.488, 3.488], "texture": "#1"}, "down": {"uv": [0.512, 0.512, 3.488, 3.488], "texture": "#1"} } }, { "from": [-0.0625, 7.55, -7.35], "to": [15.9375, 8.75, -7.15], "rotation": {"angle": 0, "axis": "y", "origin": [9.9375, 8.15, -7.25]}, "faces": { "north": {"uv": [0.512, 0.512, 3.488, 3.488], "texture": "#1"}, "south": {"uv": [0.512, 0.512, 3.488, 3.488], "texture": "#1"}, "up": {"uv": [0.512, 0.512, 3.488, 3.488], "rotation": 270, "texture": "#1"}, "down": {"uv": [0.512, 0.512, 3.488, 3.488], "rotation": 90, "texture": "#1"} } }, { "from": [4.65, 7.45, -7.55], "to": [11.35, 9.05, -7.05], "rotation": {"angle": 0, "axis": "y", "origin": [9.75, 8.15, -7.25]}, "faces": { "north": {"uv": [12.512, 0.512, 15.488, 3.488], "texture": "#1"}, "east": {"uv": [12.512, 0.512, 15.488, 3.488], "texture": "#1"}, "south": {"uv": [12.512, 0.512, 15.488, 3.488], "texture": "#1"}, "west": {"uv": [12.512, 0.512, 15.488, 3.488], "texture": "#1"}, "up": {"uv": [12.512, 0.512, 15.488, 3.488], "texture": "#1"}, "down": {"uv": [12.512, 0.512, 15.488, 3.488], "texture": "#1"} } }, { "from": [7.15, 7.45, -7.55], "to": [9.1, 10.75, -7.05], "rotation": {"angle": 0, "axis": "y", "origin": [9.75, 8.15, -7.25]}, "faces": { "north": {"uv": [12.512, 0.512, 15.488, 3.488], "texture": "#1"}, "east": {"uv": [12.512, 0.512, 15.488, 3.488], "texture": "#1"}, "south": {"uv": [12.512, 0.512, 15.488, 3.488], "texture": "#1"}, "west": {"uv": [12.512, 0.512, 15.488, 3.488], "texture": "#1"}, "up": {"uv": [12.512, 0.512, 15.488, 3.488], "texture": "#1"} } }, { "from": [7.4875, 7.55, -7.35], "to": [8.6875, 15.75, -7.15], "rotation": {"angle": 0, "axis": "y", "origin": [8.0875, 13.85, -7.25]}, "faces": { "north": {"uv": [0.512, 0.512, 3.488, 3.488], "rotation": 270, "texture": "#1"}, "east": {"uv": [0.512, 0.512, 3.488, 3.488], "texture": "#1"}, "south": {"uv": [0.512, 0.512, 3.488, 3.488], "rotation": 90, "texture": "#1"}, "west": {"uv": [0.512, 0.512, 3.488, 3.488], "rotation": 180, "texture": "#1"}, "up": {"uv": [0.512, 0.512, 3.488, 3.488], "rotation": 90, "texture": "#1"} } }, { "from": [7.4875, 15.55, -7.15], "to": [8.6875, 15.75, 2.75], "rotation": {"angle": 0, "axis": "y", "origin": [8.0875, 15.65, -7.25]}, "faces": { "east": {"uv": [0.512, 0.512, 3.488, 3.488], "rotation": 270, "texture": "#1"}, "west": {"uv": [0.512, 0.512, 3.488, 3.488], "rotation": 270, "texture": "#1"}, "up": {"uv": [0.512, 0.512, 3.488, 3.488], "rotation": 90, "texture": "#1"}, "down": {"uv": [0.512, 0.512, 3.488, 3.488], "rotation": 90, "texture": "#1"} } }, { "from": [7.3875, 15.45, 0.75], "to": [8.7875, 15.85, 2.75], "rotation": {"angle": 0, "axis": "y", "origin": [8.0875, 15.65, -7.25]}, "faces": { "north": {"uv": [12.512, 0.512, 15.488, 3.488], "rotation": 90, "texture": "#1"}, "east": {"uv": [12.512, 0.512, 15.488, 3.488], "rotation": 90, "texture": "#1"}, "west": {"uv": [12.512, 0.512, 15.488, 3.488], "rotation": 90, "texture": "#1"}, "up": {"uv": [12.512, 0.512, 15.488, 3.488], "rotation": 90, "texture": "#1"}, "down": {"uv": [12.512, 0.512, 15.488, 3.488], "rotation": 90, "texture": "#1"} } }, { "from": [15.7875, 7.45, 0.75], "to": [16.1875, 8.85, 4.35], "rotation": {"angle": 0, "axis": "y", "origin": [15.9875, 8.15, -7.25]}, "faces": { "north": {"uv": [12.512, 0.512, 15.488, 3.488], "texture": "#1"}, "east": {"uv": [12.512, 0.512, 15.488, 3.488], "rotation": 180, "texture": "#1"}, "south": {"uv": [12.512, 0.512, 15.488, 3.488], "rotation": 180, "texture": "#1"}, "west": {"uv": [12.512, 0.512, 15.488, 3.488], "rotation": 180, "texture": "#1"}, "up": {"uv": [12.512, 0.512, 15.488, 3.488], "rotation": 180, "texture": "#1"}, "down": {"uv": [12.512, 0.512, 15.488, 3.488], "rotation": 180, "texture": "#1"} } }, { "from": [-0.1875, 7.45, 0.75], "to": [0.2125, 8.85, 4.35], "rotation": {"angle": 0, "axis": "y", "origin": [0.0125, 8.15, -7.25]}, "faces": { "north": {"uv": [15.488, 0.512, 12.512, 3.488], "texture": "#1"}, "east": {"uv": [15.488, 0.512, 12.512, 3.488], "rotation": 180, "texture": "#1"}, "south": {"uv": [15.488, 0.512, 12.512, 3.488], "rotation": 180, "texture": "#1"}, "west": {"uv": [15.488, 0.512, 12.512, 3.488], "rotation": 180, "texture": "#1"}, "up": {"uv": [15.488, 0.512, 12.512, 3.488], "rotation": 180, "texture": "#1"}, "down": {"uv": [15.488, 0.512, 12.512, 3.488], "rotation": 180, "texture": "#1"} } }, { "from": [-0.0625, 7.55, -7.35], "to": [0.1375, 8.75, 5.25], "rotation": {"angle": 0, "axis": "y", "origin": [6.5875, 10.6, 14.25]}, "faces": { "east": {"uv": [3.488, 0.512, 0.512, 3.488], "texture": "#1"}, "west": {"uv": [3.488, 0.512, 0.512, 3.488], "texture": "#1"}, "up": {"uv": [3.488, 0.512, 0.512, 3.488], "texture": "#1"}, "down": {"uv": [3.488, 0.512, 0.512, 3.488], "texture": "#1"} } }, { "from": [-0.15417, 2.55, 2.55], "to": [0.74583, 14.5, 7.25], "rotation": {"angle": 0, "axis": "y", "origin": [7.59583, 6.5, 14.25]}, "faces": { "north": {"uv": [4.512, 0.512, 7.488, 3.488], "texture": "#1"}, "east": {"uv": [4.512, 0.512, 7.488, 3.488], "texture": "#1"}, "south": {"uv": [4.512, 0.512, 7.488, 3.488], "texture": "#1"}, "west": {"uv": [4.512, 0.512, 7.488, 3.488], "texture": "#1"} } }, { "from": [4.1461, 11.93176, 2.55], "to": [5.0461, 14.08176, 7.25], "rotation": {"angle": -45, "axis": "z", "origin": [5.0961, 18.40676, 4.9]}, "faces": { "north": {"uv": [4.512, 0.512, 7.488, 3.488], "texture": "#1"}, "east": {"uv": [4.512, 0.512, 7.488, 3.488], "texture": "#1"}, "south": {"uv": [4.512, 0.512, 7.488, 3.488], "texture": "#1"}, "west": {"uv": [4.512, 0.512, 7.488, 3.488], "texture": "#1"}, "up": {"uv": [4.512, 0.512, 7.488, 3.488], "texture": "#1"} } }, { "from": [5.04255, 12.28532, 7.25], "to": [5.64255, 13.33532, 7.75], "rotation": {"angle": -45, "axis": "z", "origin": [5.49255, 18.76032, 5.4]}, "faces": { "north": {"uv": [4.512, 0.512, 7.488, 3.488], "texture": "#1"}, "east": {"uv": [4.512, 0.512, 7.488, 3.488], "texture": "#1"}, "south": {"uv": [4.512, 0.512, 7.488, 3.488], "texture": "#1"}, "west": {"uv": [4.512, 0.512, 7.488, 3.488], "texture": "#1"}, "up": {"uv": [4.512, 0.512, 7.488, 3.488], "texture": "#1"} } }, { "from": [10.29158, 12.29286, 7.25], "to": [10.89158, 13.34286, 7.75], "rotation": {"angle": 45, "axis": "z", "origin": [10.44158, 18.76786, 5.4]}, "faces": { "north": {"uv": [7.488, 0.512, 4.512, 3.488], "texture": "#1"}, "east": {"uv": [7.488, 0.512, 4.512, 3.488], "texture": "#1"}, "south": {"uv": [7.488, 0.512, 4.512, 3.488], "texture": "#1"}, "down": {"uv": [7.488, 0.512, 4.512, 3.488], "texture": "#1"} } }, { "from": [10.89557, 11.93176, 2.55], "to": [11.79557, 14.08176, 7.25], "rotation": {"angle": 45, "axis": "z", "origin": [10.84557, 18.40676, 4.9]}, "faces": { "north": {"uv": [7.488, 0.512, 4.512, 3.488], "texture": "#1"}, "east": {"uv": [7.488, 0.512, 4.512, 3.488], "texture": "#1"}, "south": {"uv": [7.488, 0.512, 4.512, 3.488], "texture": "#1"}, "west": {"uv": [7.488, 0.512, 4.512, 3.488], "texture": "#1"}, "up": {"uv": [7.488, 0.512, 4.512, 3.488], "texture": "#1"}, "down": {"uv": [7.488, 0.512, 4.512, 3.488], "texture": "#1"} } }, { "from": [1.34583, 15.1, 2.55], "to": [14.54583, 16, 7.25], "rotation": {"angle": 0, "axis": "y", "origin": [8.59583, 6.25, 14.25]}, "faces": { "north": {"uv": [4.512, 0.512, 7.488, 3.488], "texture": "#1"}, "east": {"uv": [4.512, 0.512, 7.488, 3.488], "texture": "#1"}, "south": {"uv": [4.512, 0.512, 7.488, 3.488], "texture": "#1"}, "up": {"uv": [4.512, 0.512, 7.488, 3.488], "texture": "#1"}, "down": {"uv": [4.512, 0.512, 7.488, 3.488], "texture": "#1"} } }, { "name": "octagon", "from": [4.5271, 5.20941, 7.4], "to": [5.88395, 5.50941, 8.7], "rotation": {"angle": 22.5, "axis": "z", "origin": [5.35553, 5.30941, 8.2]}, "faces": { "north": {"uv": [15.488, 0.512, 12.512, 0.512], "texture": "#1"}, "east": {"uv": [15.488, 0.512, 12.512, 0.512], "texture": "#1"}, "south": {"uv": [15.488, 0.512, 12.512, 0.512], "texture": "#1"}, "up": {"uv": [15.488, 0.512, 12.512, 0.512], "texture": "#1"}, "down": {"uv": [15.488, 0.512, 12.512, 0.512], "texture": "#1"} } }, { "name": "octagon", "from": [10.78489, 5.01689, 7.4], "to": [12.14174, 5.31689, 8.7], "rotation": {"angle": -22.5, "axis": "z", "origin": [11.46284, 6.89439, 8.05]}, "faces": { "north": {"uv": [12.512, 0.512, 15.488, 0.512], "texture": "#1"}, "south": {"uv": [12.512, 0.512, 15.488, 0.512], "texture": "#1"}, "west": {"uv": [12.512, 0.512, 15.488, 0.512], "texture": "#1"}, "up": {"uv": [12.512, 0.512, 15.488, 0.512], "texture": "#1"}, "down": {"uv": [12.512, 0.512, 15.488, 0.512], "texture": "#1"} } }, { "name": "octagon", "from": [5.56865, 5.97574, 7.4], "to": [6.8255, 6.27574, 8.7], "rotation": {"angle": 45, "axis": "z", "origin": [6.39707, 6.07574, 8.2]}, "faces": { "north": {"uv": [15.488, 0.512, 12.512, 0.512], "texture": "#1"}, "south": {"uv": [15.488, 0.512, 12.512, 0.512], "texture": "#1"}, "west": {"uv": [15.488, 0.512, 12.512, 0.512], "texture": "#1"}, "up": {"uv": [15.488, 0.512, 12.512, 0.512], "texture": "#1"}, "down": {"uv": [15.488, 0.512, 12.512, 0.512], "texture": "#1"} } }, { "name": "octagon", "from": [10.29813, 4.90037, 7.4], "to": [11.55498, 5.20037, 8.7], "rotation": {"angle": -45, "axis": "z", "origin": [11.46284, 6.89439, 8.05]}, "faces": { "north": {"uv": [12.512, 0.512, 15.488, 0.512], "texture": "#1"}, "south": {"uv": [12.512, 0.512, 15.488, 0.512], "texture": "#1"}, "up": {"uv": [12.512, 0.512, 15.488, 0.512], "texture": "#1"}, "down": {"uv": [12.512, 0.512, 15.488, 0.512], "texture": "#1"} } }, { "name": "octagon", "from": [2.97157, 4.9, 7.4], "to": [4.62843, 5.2, 8.7], "rotation": {"angle": 0, "axis": "y", "origin": [3.8, 6.9, 8.2]}, "faces": { "north": {"uv": [15.488, 0.512, 12.512, 0.512], "texture": "#1"}, "south": {"uv": [15.488, 0.512, 12.512, 0.512], "texture": "#1"}, "up": {"uv": [15.488, 0.512, 12.512, 0.512], "texture": "#1"}, "down": {"uv": [15.488, 0.512, 12.512, 0.512], "texture": "#1"} } }, { "name": "octagon", "from": [11.37157, 4.9, 7.4], "to": [13.02843, 5.2, 8.7], "rotation": {"angle": 0, "axis": "y", "origin": [11.46284, 6.89439, 8.05]}, "faces": { "north": {"uv": [12.512, 0.512, 15.488, 0.512], "texture": "#1"}, "east": {"uv": [12.512, 0.512, 15.488, 0.512], "texture": "#1"}, "south": {"uv": [12.512, 0.512, 15.488, 0.512], "texture": "#1"}, "up": {"uv": [12.512, 0.512, 15.488, 0.512], "texture": "#1"}, "down": {"uv": [12.512, 0.512, 15.488, 0.512], "texture": "#1"} } }, { "name": "octagon", "from": [2.97157, 8.6, 7.4], "to": [4.62843, 8.9, 8.7], "rotation": {"angle": 45, "axis": "z", "origin": [3.8, 6.9, 8.2]}, "faces": { "north": {"uv": [15.488, 0.512, 12.512, 0.512], "texture": "#1"}, "south": {"uv": [15.488, 0.512, 12.512, 0.512], "texture": "#1"}, "up": {"uv": [15.488, 0.512, 12.512, 0.512], "texture": "#1"}, "down": {"uv": [15.488, 0.512, 12.512, 0.512], "texture": "#1"} } }, { "name": "octagon", "from": [11.1517, 9.11961, 7.4], "to": [12.80855, 9.41961, 8.7], "rotation": {"angle": -45, "axis": "z", "origin": [11.46284, 6.89439, 8.05]}, "faces": { "north": {"uv": [12.512, 0.512, 15.488, 0.512], "texture": "#1"}, "south": {"uv": [12.512, 0.512, 15.488, 0.512], "texture": "#1"}, "up": {"uv": [12.512, 0.512, 15.488, 0.512], "texture": "#1"}, "down": {"uv": [12.512, 0.512, 15.488, 0.512], "texture": "#1"} } }, { "name": "octagon", "from": [2.97157, 8.6, 7.4], "to": [4.62843, 8.9, 8.7], "rotation": {"angle": 0, "axis": "y", "origin": [3.8, 6.9, 8.2]}, "faces": { "north": {"uv": [15.488, 0.512, 12.512, 0.512], "texture": "#1"}, "south": {"uv": [15.488, 0.512, 12.512, 0.512], "texture": "#1"}, "up": {"uv": [15.488, 0.512, 12.512, 0.512], "texture": "#1"}, "down": {"uv": [15.488, 0.512, 12.512, 0.512], "texture": "#1"} } }, { "name": "octagon", "from": [11.37157, 8.6, 7.4], "to": [13.02843, 8.9, 8.7], "rotation": {"angle": 0, "axis": "y", "origin": [11.46284, 6.89439, 8.05]}, "faces": { "north": {"uv": [12.512, 0.512, 15.488, 0.512], "texture": "#1"}, "south": {"uv": [12.512, 0.512, 15.488, 0.512], "texture": "#1"}, "up": {"uv": [12.512, 0.512, 15.488, 0.512], "texture": "#1"}, "down": {"uv": [12.512, 0.512, 15.488, 0.512], "texture": "#1"} } }, { "name": "octagon", "from": [1.8, 6.07157, 7.4], "to": [2.1, 7.72843, 8.7], "rotation": {"angle": 45, "axis": "z", "origin": [3.8, 6.9, 8.2]}, "faces": { "north": {"uv": [15.488, 0.512, 12.512, 0.512], "texture": "#1"}, "east": {"uv": [15.488, 0.512, 12.512, 0.512], "texture": "#1"}, "south": {"uv": [15.488, 0.512, 12.512, 0.512], "texture": "#1"}, "west": {"uv": [15.488, 0.512, 12.512, 0.512], "texture": "#1"} } }, { "name": "octagon", "from": [13.68013, 6.59119, 7.4], "to": [13.98013, 8.24804, 8.7], "rotation": {"angle": -45, "axis": "z", "origin": [11.46284, 6.89439, 8.05]}, "faces": { "north": {"uv": [12.512, 0.512, 15.488, 0.512], "texture": "#1"}, "east": {"uv": [12.512, 0.512, 15.488, 0.512], "texture": "#1"}, "south": {"uv": [12.512, 0.512, 15.488, 0.512], "texture": "#1"}, "west": {"uv": [12.512, 0.512, 15.488, 0.512], "texture": "#1"}, "up": {"uv": [12.512, 0.512, 15.488, 0.512], "texture": "#1"}, "down": {"uv": [12.512, 0.512, 15.488, 0.512], "texture": "#1"} } }, { "name": "octagon", "from": [1.8, 6.07157, 7.4], "to": [2.1, 7.72843, 8.7], "rotation": {"angle": 0, "axis": "y", "origin": [3.8, 6.9, 8.2]}, "faces": { "north": {"uv": [15.488, 0.512, 12.512, 0.512], "texture": "#1"}, "east": {"uv": [15.488, 0.512, 12.512, 0.512], "texture": "#1"}, "south": {"uv": [15.488, 0.512, 12.512, 0.512], "texture": "#1"}, "west": {"uv": [15.488, 0.512, 12.512, 0.512], "texture": "#1"} } }, { "name": "octagon", "from": [13.9, 6.07157, 7.4], "to": [14.2, 7.72843, 8.7], "rotation": {"angle": 0, "axis": "y", "origin": [11.46284, 6.89439, 8.05]}, "faces": { "north": {"uv": [12.512, 0.512, 15.488, 0.512], "texture": "#1"}, "east": {"uv": [12.512, 0.512, 15.488, 0.512], "texture": "#1"}, "south": {"uv": [12.512, 0.512, 15.488, 0.512], "texture": "#1"}, "west": {"uv": [12.512, 0.512, 15.488, 0.512], "texture": "#1"} } }, { "name": "octagon", "from": [6.17714, 7.30653, 7.4], "to": [6.47714, 8.26339, 8.7], "rotation": {"angle": 22.5, "axis": "z", "origin": [8.27714, 7.83496, 8.2]}, "faces": { "north": {"uv": [15.488, 0.512, 12.512, 0.512], "texture": "#1"}, "east": {"uv": [15.488, 0.512, 12.512, 0.512], "texture": "#1"}, "south": {"uv": [15.488, 0.512, 12.512, 0.512], "texture": "#1"}, "west": {"uv": [15.488, 0.512, 12.512, 0.512], "texture": "#1"} } }, { "name": "octagon", "from": [9.44761, 5.80371, 7.4], "to": [9.74761, 6.76056, 8.7], "rotation": {"angle": -22.5, "axis": "z", "origin": [11.46284, 6.89439, 8.05]}, "faces": { "north": {"uv": [12.512, 0.512, 15.488, 0.512], "texture": "#1"}, "east": {"uv": [12.512, 0.512, 15.488, 0.512], "texture": "#1"}, "south": {"uv": [12.512, 0.512, 15.488, 0.512], "texture": "#1"}, "west": {"uv": [12.512, 0.512, 15.488, 0.512], "texture": "#1"} } }, { "name": "octagon", "from": [6.51638, 6.30107, 7.4], "to": [6.81638, 6.65793, 8.7], "rotation": {"angle": 0, "axis": "y", "origin": [8.61638, 6.2295, 8.2]}, "faces": { "north": {"uv": [15.488, 0.512, 12.512, 0.512], "texture": "#1"}, "east": {"uv": [15.488, 0.512, 12.512, 0.512], "texture": "#1"}, "south": {"uv": [15.488, 0.512, 12.512, 0.512], "texture": "#1"}, "west": {"uv": [15.488, 0.512, 12.512, 0.512], "texture": "#1"}, "down": {"uv": [15.488, 0.512, 12.512, 0.512], "texture": "#1"} } }, { "name": "octagon", "from": [9.18362, 6.30107, 7.4], "to": [9.48362, 6.65793, 8.7], "rotation": {"angle": 0, "axis": "y", "origin": [11.46284, 6.89439, 8.05]}, "faces": { "north": {"uv": [12.512, 0.512, 15.488, 0.512], "texture": "#1"}, "east": {"uv": [12.512, 0.512, 15.488, 0.512], "texture": "#1"}, "south": {"uv": [12.512, 0.512, 15.488, 0.512], "texture": "#1"}, "west": {"uv": [12.512, 0.512, 15.488, 0.512], "texture": "#1"}, "down": {"uv": [12.512, 0.512, 15.488, 0.512], "texture": "#1"} } }, { "name": "octagon", "from": [3.8, 8.43522, 7.4], "to": [4.65685, 8.73522, 8.7], "rotation": {"angle": -22.5, "axis": "z", "origin": [4.62843, 6.73522, 8.2]}, "faces": { "north": {"uv": [12.512, 0.512, 15.488, 0.512], "rotation": 270, "texture": "#1"}, "south": {"uv": [12.512, 0.512, 15.488, 0.512], "rotation": 270, "texture": "#1"}, "up": {"uv": [12.512, 0.512, 15.488, 0.512], "rotation": 270, "texture": "#1"}, "down": {"uv": [12.512, 0.512, 15.488, 0.512], "rotation": 270, "texture": "#1"} } }, { "name": "octagon", "from": [11.28918, 8.48226, 7.4], "to": [12.14603, 8.78226, 8.7], "rotation": {"angle": 22.5, "axis": "z", "origin": [11.46284, 6.89439, 8.05]}, "faces": { "north": {"uv": [12.512, 0.512, 15.488, 0.512], "rotation": 270, "texture": "#1"}, "south": {"uv": [12.512, 0.512, 15.488, 0.512], "rotation": 270, "texture": "#1"}, "west": {"uv": [12.512, 0.512, 15.488, 0.512], "rotation": 270, "texture": "#1"}, "up": {"uv": [12.512, 0.512, 15.488, 0.512], "rotation": 270, "texture": "#1"}, "down": {"uv": [12.512, 0.512, 15.488, 0.512], "rotation": 270, "texture": "#1"} } }, { "name": "octagon", "from": [3.7632, 8.2721, 7.4], "to": [5.22006, 8.5721, 8.7], "rotation": {"angle": -45, "axis": "z", "origin": [4.59163, 6.5721, 8.2]}, "faces": { "north": {"uv": [12.512, 0.512, 15.488, 0.512], "rotation": 270, "texture": "#1"}, "south": {"uv": [12.512, 0.512, 15.488, 0.512], "rotation": 270, "texture": "#1"}, "up": {"uv": [12.512, 0.512, 15.488, 0.512], "rotation": 270, "texture": "#1"}, "down": {"uv": [12.512, 0.512, 15.488, 0.512], "rotation": 270, "texture": "#1"} } }, { "name": "octagon", "from": [10.568, 8.40501, 7.4], "to": [12.02485, 8.70501, 8.7], "rotation": {"angle": 45, "axis": "z", "origin": [11.46284, 6.89439, 8.05]}, "faces": { "north": {"uv": [12.512, 0.512, 15.488, 0.512], "rotation": 270, "texture": "#1"}, "east": {"uv": [12.512, 0.512, 15.488, 0.512], "rotation": 270, "texture": "#1"}, "south": {"uv": [12.512, 0.512, 15.488, 0.512], "rotation": 270, "texture": "#1"}, "up": {"uv": [12.512, 0.512, 15.488, 0.512], "rotation": 270, "texture": "#1"}, "down": {"uv": [12.512, 0.512, 15.488, 0.512], "rotation": 270, "texture": "#1"} } }, { "from": [9.55, -5.2, 8.1], "to": [13.75, -0.8, 9.1], "rotation": {"angle": -45, "axis": "z", "origin": [17.9, 4.8, 16.1]}, "faces": { "north": {"uv": [0.512, 4.512, 3.488, 7.488], "texture": "#1"}, "east": {"uv": [0.512, 4.512, 3.488, 7.488], "texture": "#1"}, "south": {"uv": [0.512, 4.512, 3.488, 7.488], "texture": "#1"}, "west": {"uv": [0.512, 4.512, 3.488, 7.488], "texture": "#1"}, "up": {"uv": [0.512, 4.512, 3.488, 7.488], "texture": "#1"}, "down": {"uv": [0.512, 4.512, 3.488, 7.488], "texture": "#1"} } }, { "from": [9.9, -4.55, 8.35], "to": [13.5, -0.95, 9.6], "rotation": {"angle": -45, "axis": "z", "origin": [17.65, 5.05, 16.35]}, "faces": { "east": {"uv": [0.512, 4.512, 3.488, 7.488], "texture": "#1"}, "south": {"uv": [0.512, 4.512, 3.488, 7.488], "texture": "#1"}, "west": {"uv": [0.512, 4.512, 3.488, 7.488], "texture": "#1"}, "up": {"uv": [0.512, 4.512, 3.488, 7.488], "texture": "#1"}, "down": {"uv": [0.512, 4.512, 3.488, 7.488], "texture": "#1"} } }, { "from": [10.1, -4.35, 8.6], "to": [13.3, -1.15, 10.1], "rotation": {"angle": -45, "axis": "z", "origin": [17.65, 5.05, 16.6]}, "faces": { "east": {"uv": [0.512, 4.512, 3.488, 7.488], "texture": "#1"}, "south": {"uv": [0.512, 4.512, 3.488, 7.488], "texture": "#1"}, "west": {"uv": [0.512, 4.512, 3.488, 7.488], "texture": "#1"}, "up": {"uv": [0.512, 4.512, 3.488, 7.488], "texture": "#1"}, "down": {"uv": [0.512, 4.512, 3.488, 7.488], "texture": "#1"} } }, { "from": [10.3, -4.15, 8.85], "to": [13.1, -1.35, 10.6], "rotation": {"angle": -45, "axis": "z", "origin": [17.65, 5.05, 16.85]}, "faces": { "east": {"uv": [0.512, 4.512, 3.488, 7.488], "texture": "#1"}, "south": {"uv": [0.512, 4.512, 3.488, 7.488], "texture": "#1"}, "west": {"uv": [0.512, 4.512, 3.488, 7.488], "texture": "#1"}, "up": {"uv": [0.512, 4.512, 3.488, 7.488], "texture": "#1"}, "down": {"uv": [0.512, 4.512, 3.488, 7.488], "texture": "#1"} } }, { "from": [12.616, 1.838, 7.65], "to": [14.036, 3.258, 11.532], "rotation": {"angle": 22.5, "axis": "y", "origin": [13.326, 2.548, 10.041]}, "faces": { "east": {"uv": [3.488, 8.512, 0.512, 11.488], "texture": "#1"}, "west": {"uv": [3.488, 8.512, 0.512, 11.488], "texture": "#1"}, "up": {"uv": [3.488, 8.512, 0.512, 11.488], "texture": "#1"}, "down": {"uv": [3.488, 8.512, 0.512, 11.488], "texture": "#1"} } }, { "from": [1.964, 1.838, 7.65], "to": [3.384, 3.258, 11.532], "rotation": {"angle": -22.5, "axis": "y", "origin": [2.674, 2.548, 10.041]}, "faces": { "east": {"uv": [0.512, 8.512, 3.488, 11.488], "texture": "#1"}, "west": {"uv": [0.512, 8.512, 3.488, 11.488], "texture": "#1"}, "up": {"uv": [0.512, 8.512, 3.488, 11.488], "texture": "#1"}, "down": {"uv": [0.512, 8.512, 3.488, 11.488], "texture": "#1"} } }, { "name": "octagon", "from": [11.56773, 1.57, 10.361], "to": [15.83227, 3.83, 11.639], "rotation": {"angle": 22.5, "axis": "y", "origin": [13.7, 2.7, 11]}, "faces": { "north": {"uv": [7.488, 4.512, 4.512, 7.488], "texture": "#1"}, "east": {"uv": [7.488, 4.512, 4.512, 7.488], "texture": "#1"}, "south": {"uv": [7.488, 4.512, 4.512, 7.488], "texture": "#1"}, "west": {"uv": [7.488, 4.512, 4.512, 7.488], "texture": "#1"}, "up": {"uv": [7.488, 4.512, 4.512, 7.488], "texture": "#1"}, "down": {"uv": [7.488, 4.512, 4.512, 7.488], "texture": "#1"} } }, { "name": "octagon", "from": [0.16773, 1.57, 10.361], "to": [4.43227, 3.83, 11.639], "rotation": {"angle": -22.5, "axis": "y", "origin": [2.3, 2.7, 11]}, "faces": { "north": {"uv": [4.512, 4.512, 7.488, 7.488], "texture": "#1"}, "east": {"uv": [4.512, 4.512, 7.488, 7.488], "texture": "#1"}, "south": {"uv": [4.512, 4.512, 7.488, 7.488], "texture": "#1"}, "west": {"uv": [4.512, 4.512, 7.488, 7.488], "texture": "#1"}, "up": {"uv": [4.512, 4.512, 7.488, 7.488], "texture": "#1"}, "down": {"uv": [4.512, 4.512, 7.488, 7.488], "texture": "#1"} } }, { "name": "octagon", "from": [1.16286, 2.10717, 11.08919], "to": [3.23714, 3.29283, 11.71081], "rotation": {"angle": -22.5, "axis": "y", "origin": [2.2, 2.7, 11.4]}, "faces": { "east": {"uv": [1.6, 1.6, 2.4, 2.4], "texture": "#1"}, "south": {"uv": [1.6, 1.6, 2.4, 2.4], "texture": "#1"}, "west": {"uv": [1.6, 1.6, 2.4, 2.4], "texture": "#1"}, "up": {"uv": [1.6, 1.6, 2.4, 2.4], "texture": "#1"}, "down": {"uv": [1.6, 1.6, 2.4, 2.4], "texture": "#1"} } }, { "name": "octagon", "from": [12.76286, 2.10717, 11.08919], "to": [14.83714, 3.29283, 11.71081], "rotation": {"angle": 22.5, "axis": "y", "origin": [13.8, 2.7, 11.4]}, "faces": { "east": {"uv": [2.4, 1.6, 1.6, 2.4], "texture": "#1"}, "south": {"uv": [2.4, 1.6, 1.6, 2.4], "texture": "#1"}, "west": {"uv": [2.4, 1.6, 1.6, 2.4], "texture": "#1"}, "up": {"uv": [2.4, 1.6, 1.6, 2.4], "texture": "#1"}, "down": {"uv": [2.4, 1.6, 1.6, 2.4], "texture": "#1"} } }, { "name": "octagon", "from": [12.56773, 0.57, 10.361], "to": [14.83227, 4.83, 11.639], "rotation": {"angle": 22.5, "axis": "y", "origin": [13.7, 2.7, 11]}, "faces": { "north": {"uv": [7.488, 4.512, 4.512, 7.488], "texture": "#1"}, "east": {"uv": [7.488, 4.512, 4.512, 7.488], "texture": "#1"}, "south": {"uv": [7.488, 4.512, 4.512, 7.488], "texture": "#1"}, "west": {"uv": [7.488, 4.512, 4.512, 7.488], "texture": "#1"}, "up": {"uv": [7.488, 4.512, 4.512, 7.488], "texture": "#1"}, "down": {"uv": [7.488, 4.512, 4.512, 7.488], "texture": "#1"} } }, { "name": "octagon", "from": [1.16773, 0.57, 10.361], "to": [3.43227, 4.83, 11.639], "rotation": {"angle": -22.5, "axis": "y", "origin": [2.3, 2.7, 11]}, "faces": { "north": {"uv": [4.512, 4.512, 7.488, 7.488], "texture": "#1"}, "east": {"uv": [4.512, 4.512, 7.488, 7.488], "texture": "#1"}, "south": {"uv": [4.512, 4.512, 7.488, 7.488], "texture": "#1"}, "west": {"uv": [4.512, 4.512, 7.488, 7.488], "texture": "#1"}, "up": {"uv": [4.512, 4.512, 7.488, 7.488], "texture": "#1"}, "down": {"uv": [4.512, 4.512, 7.488, 7.488], "texture": "#1"} } }, { "name": "octagon", "from": [13.20606, 1.66397, 11.08919], "to": [14.39394, 3.73603, 11.71081], "rotation": {"angle": 22.5, "axis": "y", "origin": [13.8, 2.7, 11.4]}, "faces": { "east": {"uv": [2.4, 1.6, 1.6, 2.4], "texture": "#1"}, "south": {"uv": [2.4, 1.6, 1.6, 2.4], "texture": "#1"}, "west": {"uv": [2.4, 1.6, 1.6, 2.4], "texture": "#1"}, "up": {"uv": [2.4, 1.6, 1.6, 2.4], "texture": "#1"}, "down": {"uv": [2.4, 1.6, 1.6, 2.4], "texture": "#1"} } }, { "name": "octagon", "from": [1.60606, 1.66397, 11.08919], "to": [2.79394, 3.73603, 11.71081], "rotation": {"angle": -22.5, "axis": "y", "origin": [2.2, 2.7, 11.4]}, "faces": { "east": {"uv": [1.6, 1.6, 2.4, 2.4], "texture": "#1"}, "south": {"uv": [1.6, 1.6, 2.4, 2.4], "texture": "#1"}, "west": {"uv": [1.6, 1.6, 2.4, 2.4], "texture": "#1"}, "up": {"uv": [1.6, 1.6, 2.4, 2.4], "texture": "#1"}, "down": {"uv": [1.6, 1.6, 2.4, 2.4], "texture": "#1"} } }, { "name": "octagon", "from": [12.06773, 1.07, 10.361], "to": [15.33227, 4.33, 11.639], "rotation": {"angle": 22.5, "axis": "y", "origin": [13.7, 2.7, 11]}, "faces": { "north": {"uv": [7.488, 4.512, 4.512, 7.488], "texture": "#1"}, "east": {"uv": [7.488, 4.512, 4.512, 7.488], "texture": "#1"}, "south": {"uv": [7.488, 4.512, 4.512, 7.488], "texture": "#1"}, "west": {"uv": [7.488, 4.512, 4.512, 7.488], "texture": "#1"}, "up": {"uv": [7.488, 4.512, 4.512, 7.488], "texture": "#1"}, "down": {"uv": [7.488, 4.512, 4.512, 7.488], "texture": "#1"} } }, { "name": "octagon", "from": [0.66773, 1.07, 10.361], "to": [3.93227, 4.33, 11.639], "rotation": {"angle": -22.5, "axis": "y", "origin": [2.3, 2.7, 11]}, "faces": { "north": {"uv": [4.512, 4.512, 7.488, 7.488], "texture": "#1"}, "east": {"uv": [4.512, 4.512, 7.488, 7.488], "texture": "#1"}, "south": {"uv": [4.512, 4.512, 7.488, 7.488], "texture": "#1"}, "west": {"uv": [4.512, 4.512, 7.488, 7.488], "texture": "#1"}, "up": {"uv": [4.512, 4.512, 7.488, 7.488], "texture": "#1"}, "down": {"uv": [4.512, 4.512, 7.488, 7.488], "texture": "#1"} } }, { "name": "octagon", "from": [12.98446, 1.88557, 11.08919], "to": [14.61554, 3.51443, 11.71081], "rotation": {"angle": 22.5, "axis": "y", "origin": [13.8, 2.7, 11.4]}, "faces": { "east": {"uv": [2.4, 1.6, 1.6, 2.4], "texture": "#1"}, "south": {"uv": [2.4, 1.6, 1.6, 2.4], "texture": "#1"}, "west": {"uv": [2.4, 1.6, 1.6, 2.4], "texture": "#1"}, "up": {"uv": [2.4, 1.6, 1.6, 2.4], "texture": "#1"}, "down": {"uv": [2.4, 1.6, 1.6, 2.4], "texture": "#1"} } }, { "name": "octagon", "from": [1.38446, 1.88557, 11.08919], "to": [3.01554, 3.51443, 11.71081], "rotation": {"angle": -22.5, "axis": "y", "origin": [2.2, 2.7, 11.4]}, "faces": { "east": {"uv": [1.6, 1.6, 2.4, 2.4], "texture": "#1"}, "south": {"uv": [1.6, 1.6, 2.4, 2.4], "texture": "#1"}, "west": {"uv": [1.6, 1.6, 2.4, 2.4], "texture": "#1"}, "up": {"uv": [1.6, 1.6, 2.4, 2.4], "texture": "#1"}, "down": {"uv": [1.6, 1.6, 2.4, 2.4], "texture": "#1"} } }, { "name": "octagon", "from": [14.08446, 2.18557, 11.08919], "to": [14.21554, 3.21443, 11.81081], "rotation": {"angle": 22.5, "axis": "y", "origin": [13.8, 2.7, 11.4]}, "faces": { "east": {"uv": [6.4, 9.6, 5.6, 10.4], "texture": "#1"}, "south": {"uv": [6.4, 9.6, 5.6, 10.4], "texture": "#1"}, "west": {"uv": [6.4, 9.6, 5.6, 10.4], "texture": "#1"}, "up": {"uv": [6.4, 9.6, 5.6, 10.4], "texture": "#1"}, "down": {"uv": [6.4, 9.6, 5.6, 10.4], "texture": "#1"} } }, { "name": "octagon", "from": [1.78446, 2.18557, 11.08919], "to": [1.91554, 3.21443, 11.81081], "rotation": {"angle": -22.5, "axis": "y", "origin": [2.2, 2.7, 11.4]}, "faces": { "east": {"uv": [5.6, 9.6, 6.4, 10.4], "texture": "#1"}, "south": {"uv": [5.6, 9.6, 6.4, 10.4], "texture": "#1"}, "west": {"uv": [5.6, 9.6, 6.4, 10.4], "texture": "#1"}, "up": {"uv": [5.6, 9.6, 6.4, 10.4], "texture": "#1"}, "down": {"uv": [5.6, 9.6, 6.4, 10.4], "texture": "#1"} } }, { "name": "octagon", "from": [13.48446, 2.18557, 11.08919], "to": [13.61554, 3.21443, 11.81081], "rotation": {"angle": 22.5, "axis": "y", "origin": [13.8, 2.7, 11.4]}, "faces": { "east": {"uv": [6.4, 9.6, 5.6, 10.4], "texture": "#1"}, "south": {"uv": [6.4, 9.6, 5.6, 10.4], "texture": "#1"}, "west": {"uv": [6.4, 9.6, 5.6, 10.4], "texture": "#1"}, "up": {"uv": [6.4, 9.6, 5.6, 10.4], "texture": "#1"}, "down": {"uv": [6.4, 9.6, 5.6, 10.4], "texture": "#1"} } }, { "name": "octagon", "from": [2.38446, 2.18557, 11.08919], "to": [2.51554, 3.21443, 11.81081], "rotation": {"angle": -22.5, "axis": "y", "origin": [2.2, 2.7, 11.4]}, "faces": { "east": {"uv": [5.6, 9.6, 6.4, 10.4], "texture": "#1"}, "south": {"uv": [5.6, 9.6, 6.4, 10.4], "texture": "#1"}, "west": {"uv": [5.6, 9.6, 6.4, 10.4], "texture": "#1"}, "up": {"uv": [5.6, 9.6, 6.4, 10.4], "texture": "#1"}, "down": {"uv": [5.6, 9.6, 6.4, 10.4], "texture": "#1"} } }, { "from": [6.22336, 2.83239, 8.7], "to": [9.62336, 4.63239, 10.2], "rotation": {"angle": 45, "axis": "z", "origin": [7.93675, 3.73239, 9.2625]}, "faces": { "east": {"uv": [0, 8, 4, 12], "texture": "#1"}, "south": {"uv": [0, 8, 4, 12], "texture": "#1"}, "west": {"uv": [0, 8, 4, 12], "texture": "#1"}, "up": {"uv": [0, 8, 4, 12], "texture": "#1"}, "down": {"uv": [0, 8, 4, 12], "texture": "#1"} } }, { "from": [6.02336, 2.83239, 8.45], "to": [9.82336, 4.63239, 9.7], "rotation": {"angle": 45, "axis": "z", "origin": [7.93675, 3.73239, 9.2625]}, "faces": { "east": {"uv": [0, 8, 4, 12], "texture": "#1"}, "south": {"uv": [0, 8, 4, 12], "texture": "#1"}, "west": {"uv": [0, 8, 4, 12], "texture": "#1"}, "up": {"uv": [0, 8, 4, 12], "texture": "#1"}, "down": {"uv": [0, 8, 4, 12], "texture": "#1"} } }, { "from": [5.67691, 2.83239, 8.2], "to": [10.17691, 4.63239, 9.2], "rotation": {"angle": 45, "axis": "z", "origin": [7.93675, 3.73239, 9.2625]}, "faces": { "north": {"uv": [0, 8, 4, 12], "texture": "#1"}, "east": {"uv": [0, 8, 4, 12], "texture": "#1"}, "south": {"uv": [0, 8, 4, 12], "texture": "#1"}, "west": {"uv": [0, 8, 4, 12], "texture": "#1"}, "up": {"uv": [0, 8, 4, 12], "texture": "#1"}, "down": {"uv": [0, 8, 4, 12], "texture": "#1"} } }, { "from": [6.42336, 2.83239, 8.95], "to": [9.42336, 4.63239, 10.7], "rotation": {"angle": 45, "axis": "z", "origin": [7.93675, 3.73239, 9.2625]}, "faces": { "east": {"uv": [0, 8, 4, 12], "texture": "#1"}, "south": {"uv": [0, 8, 4, 12], "texture": "#1"}, "west": {"uv": [0, 8, 4, 12], "texture": "#1"}, "up": {"uv": [0, 8, 4, 12], "texture": "#1"}, "down": {"uv": [0, 8, 4, 12], "texture": "#1"} } }, { "from": [10, -3.65, 8.7], "to": [13.4, -1.85, 10.2], "rotation": {"angle": -45, "axis": "z", "origin": [17.65, 5.05, 16.6]}, "faces": { "east": {"uv": [0, 8, 4, 12], "texture": "#1"}, "south": {"uv": [0, 8, 4, 12], "texture": "#1"}, "west": {"uv": [0, 8, 4, 12], "texture": "#1"}, "up": {"uv": [0, 8, 4, 12], "texture": "#1"}, "down": {"uv": [0, 8, 4, 12], "texture": "#1"} } }, { "from": [9.8, -3.65, 8.45], "to": [13.6, -1.85, 9.7], "rotation": {"angle": -45, "axis": "z", "origin": [17.65, 5.05, 16.35]}, "faces": { "east": {"uv": [0, 8, 4, 12], "texture": "#1"}, "south": {"uv": [0, 8, 4, 12], "texture": "#1"}, "west": {"uv": [0, 8, 4, 12], "texture": "#1"}, "up": {"uv": [0, 8, 4, 12], "texture": "#1"}, "down": {"uv": [0, 8, 4, 12], "texture": "#1"} } }, { "from": [9.45, -3.9, 8.2], "to": [13.85, -2.1, 9.2], "rotation": {"angle": -45, "axis": "z", "origin": [17.9, 4.8, 16.1]}, "faces": { "east": {"uv": [0, 8, 4, 12], "texture": "#1"}, "south": {"uv": [0, 8, 4, 12], "texture": "#1"}, "west": {"uv": [0, 8, 4, 12], "texture": "#1"}, "up": {"uv": [0, 8, 4, 12], "texture": "#1"}, "down": {"uv": [0, 8, 4, 12], "texture": "#1"} } }, { "from": [8.95, -3.9, 8.2], "to": [14.35, -2.1, 8.6], "rotation": {"angle": -45, "axis": "z", "origin": [17.9, 4.8, 16.1]}, "faces": { "north": {"uv": [0, 8, 4, 12], "texture": "#1"}, "east": {"uv": [0, 8, 4, 12], "texture": "#1"}, "south": {"uv": [0, 8, 4, 12], "texture": "#1"}, "west": {"uv": [0, 8, 4, 12], "texture": "#1"}, "up": {"uv": [0, 8, 4, 12], "texture": "#1"}, "down": {"uv": [0, 8, 4, 12], "texture": "#1"} } }, { "from": [5.26515, 2.80398, 8.2], "to": [10.66515, 4.60398, 8.6], "rotation": {"angle": 45, "axis": "z", "origin": [7.96515, 3.70398, 8.4]}, "faces": { "north": {"uv": [0, 8, 4, 12], "texture": "#1"}, "east": {"uv": [0, 8, 4, 12], "texture": "#1"}, "south": {"uv": [0, 8, 4, 12], "texture": "#1"}, "west": {"uv": [0, 8, 4, 12], "texture": "#1"}, "up": {"uv": [0, 8, 4, 12], "texture": "#1"}, "down": {"uv": [0, 8, 4, 12], "texture": "#1"} } }, { "from": [10.2, -3.65, 8.95], "to": [13.2, -1.85, 10.7], "rotation": {"angle": -45, "axis": "z", "origin": [17.65, 5.05, 16.85]}, "faces": { "east": {"uv": [0, 8, 4, 12], "texture": "#1"}, "south": {"uv": [0, 8, 4, 12], "texture": "#1"}, "west": {"uv": [0, 8, 4, 12], "texture": "#1"}, "up": {"uv": [0, 8, 4, 12], "texture": "#1"}, "down": {"uv": [0, 8, 4, 12], "texture": "#1"} } } ], "display": { "thirdperson_righthand": { "rotation": [48, -161, 0], "translation": [-1.25, 0, -0.75], "scale": [0.4, 0.4, 0.4] }, "thirdperson_lefthand": { "rotation": [48, -161, 0], "translation": [-1.25, 0, -0.75], "scale": [0.4, 0.4, 0.4] }, "firstperson_righthand": { "rotation": [0, -180, 0], "translation": [1, 1.5, 0], "scale": [0.4, 0.4, 0.4] }, "firstperson_lefthand": { "rotation": [0, -128, 0], "translation": [2.25, 3.5, 0], "scale": [0.4, 0.4, 0.4] }, "ground": { "rotation": [48, -161, 0], "translation": [-1.25, 0, -0.75], "scale": [0.4, 0.4, 0.4] }, "gui": { "rotation": [0, -7, 0], "scale": [0.7, 0.7, 0.7] }, "head": { "rotation": [0, -180, 0], "translation": [0, -0.25, -7.5], "scale": [0.9, 0.9, 0.9] }, "fixed": { "rotation": [0, -180, 0], "translation": [0, 0, -3.75] } }, "groups": [ 0, 1, 2, 3, 4, 5, 6, 7, 8, 9, 10, 11, 12, 13, 14, 15, 16, 17, 18, 19, 20, 21, 22, 23, 24, 25, 26, 27, 28, 29, 30, 31, 32, 33, 34, 35, 36, 37, 38, 39, 40, 41, 42, 43, 44, 45, 46, { "name": "octagon", "origin": [8, 8, 8], "color": 0, "children": [47, 48, 49, 50, 51, 52, 53, 54, 55, 56, 57, 58, 59, 60, 61, 62, 63, 64, 65, 66, 67, 68] }, 69, 70, 71, 72, 73, 74, { "name": "octagon", "origin": [8, 8, 8], "color": 0, "children": [75, 76, 77, 78, 79, 80, 81, 82, 83, 84, 85, 86, 87, 88, 89, 90] }, { "name": "octagon", "origin": [8, 8, 8], "color": 0, "children": [] }, { "name": "group", "origin": [17.65, 5.05, 16.85], "color": 0, "children": [91, 92, 93, 94, 95, 96, 97, 98, 99, 100] } ] }