{ "credit": "Made with Blockbench", "textures": { "0": "block/black_concrete_powder", "1": "block/gray_concrete_powder", "3": "block/red_concrete_powder", "4": "ttp/i/c/a/yhelmettexture", "5": "block/light_gray_concrete_powder", "particle": "block/black_concrete_powder" }, "elements": [ { "from": [3, 11, 0], "to": [13, 13, 1], "rotation": {"angle": 0, "axis": "y", "origin": [16, 0, 0]}, "faces": { "north": {"uv": [9, 14, 10, 15], "texture": "#0"}, "west": {"uv": [9, 14, 10, 15], "texture": "#0"}, "up": {"uv": [9, 14, 10, 15], "texture": "#0"} } }, { "from": [1, 2, 0], "to": [13, 5, 16], "rotation": {"angle": 0, "axis": "y", "origin": [16, 0, 0]}, "faces": { "north": {"uv": [9, 14, 10, 15], "texture": "#0"}, "south": {"uv": [9, 14, 10, 15], "texture": "#0"}, "west": {"uv": [9, 14, 10, 15], "texture": "#0"}, "up": {"uv": [9, 14, 10, 15], "texture": "#0"}, "down": {"uv": [9, 14, 10, 15], "texture": "#0"} } }, { "from": [2, 1, 0], "to": [4, 2, 16], "rotation": {"angle": 0, "axis": "y", "origin": [16, 0, 0]}, "faces": { "north": {"uv": [9, 14, 10, 15], "texture": "#0"}, "south": {"uv": [9, 14, 10, 15], "texture": "#0"}, "west": {"uv": [9, 14, 10, 15], "texture": "#0"}, "down": {"uv": [9, 14, 10, 15], "texture": "#0"} } }, { "from": [1, 11, 0], "to": [4, 12.5, 16], "rotation": {"angle": 0, "axis": "y", "origin": [16, 0, 0]}, "faces": { "north": {"uv": [9, 14, 10, 15], "texture": "#0"}, "south": {"uv": [9, 14, 10, 15], "texture": "#0"}, "west": {"uv": [9, 14, 10, 15], "texture": "#0"}, "up": {"uv": [9, 14, 10, 15], "texture": "#0"}, "down": {"uv": [9, 14, 10, 15], "texture": "#0"} } }, { "from": [4, 0, 0], "to": [13, 13, 16], "rotation": {"angle": 0, "axis": "y", "origin": [16, 0, 16]}, "faces": { "north": {"uv": [9, 14, 10, 15], "texture": "#0"}, "east": {"uv": [9, 14, 10, 15], "texture": "#0"}, "south": {"uv": [9, 14, 10, 15], "texture": "#0"}, "west": {"uv": [9, 14, 10, 15], "texture": "#0"}, "up": {"uv": [9, 14, 10, 15], "texture": "#0"}, "down": {"uv": [9, 14, 10, 15], "texture": "#0"} } }, { "from": [0, 0, 3], "to": [1, 13.25, 13], "faces": { "north": {"uv": [9, 14, 10, 15], "texture": "#0"}, "south": {"uv": [9, 14, 10, 15], "texture": "#0"}, "west": {"uv": [9, 14, 10, 15], "texture": "#0"}, "up": {"uv": [9, 14, 10, 15], "texture": "#0"}, "down": {"uv": [9, 14, 10, 15], "texture": "#0"} } }, { "from": [-1, 2, 2.75], "to": [1, 4, 13.25], "faces": { "north": {"uv": [9, 14, 10, 15], "texture": "#0"}, "south": {"uv": [9, 14, 10, 15], "texture": "#0"}, "west": {"uv": [9, 14, 10, 15], "texture": "#0"}, "up": {"uv": [9, 14, 10, 15], "texture": "#0"}, "down": {"uv": [9, 14, 10, 15], "texture": "#0"} } }, { "from": [15, 0, 3], "to": [16, 13, 13], "rotation": {"angle": 0, "axis": "y", "origin": [16, 0, 0]}, "faces": { "north": {"uv": [9, 14, 10, 15], "texture": "#0"}, "east": {"uv": [9, 14, 10, 15], "texture": "#0"}, "south": {"uv": [9, 14, 10, 15], "texture": "#0"}, "up": {"uv": [9, 14, 10, 15], "texture": "#0"}, "down": {"uv": [9, 14, 10, 15], "texture": "#0"} } }, { "from": [1, 0, 1], "to": [3, 13.25, 2], "faces": { "north": {"uv": [9, 14, 10, 15], "texture": "#0"}, "up": {"uv": [9, 14, 10, 15], "texture": "#0"}, "down": {"uv": [9, 14, 10, 15], "texture": "#0"} } }, { "from": [1, 0, 14], "to": [3, 13.25, 15], "rotation": {"angle": 0, "axis": "y", "origin": [0, 0, 16]}, "faces": { "south": {"uv": [9, 14, 10, 15], "texture": "#0"}, "up": {"uv": [9, 14, 10, 15], "texture": "#0"}, "down": {"uv": [9, 14, 10, 15], "texture": "#0"} } }, { "from": [13, 0, 1], "to": [15, 13, 2], "rotation": {"angle": 0, "axis": "y", "origin": [16, 0, 0]}, "faces": { "north": {"uv": [9, 14, 10, 15], "texture": "#0"}, "up": {"uv": [9, 14, 10, 15], "texture": "#0"}, "down": {"uv": [9, 14, 10, 15], "texture": "#0"} } }, { "from": [13, 0, 14], "to": [15, 13, 15], "rotation": {"angle": 0, "axis": "y", "origin": [16, 0, 16]}, "faces": { "south": {"uv": [9, 14, 10, 15], "texture": "#0"}, "up": {"uv": [9, 14, 10, 15], "texture": "#0"}, "down": {"uv": [9, 14, 10, 15], "texture": "#0"} } }, { "from": [1, 0, 1], "to": [2, 13.25, 3], "faces": { "west": {"uv": [9, 14, 10, 15], "texture": "#0"}, "up": {"uv": [9, 14, 10, 15], "texture": "#0"}, "down": {"uv": [9, 14, 10, 15], "texture": "#0"} } }, { "from": [0, 1, 1], "to": [3, 4.5, 15], "faces": { "north": {"uv": [9, 14, 10, 15], "texture": "#0"}, "south": {"uv": [9, 14, 10, 15], "texture": "#0"}, "west": {"uv": [9, 14, 10, 15], "texture": "#0"}, "up": {"uv": [9, 14, 10, 15], "texture": "#0"}, "down": {"uv": [9, 14, 10, 15], "texture": "#0"} } }, { "from": [0, 11, 0.75], "to": [3, 12.5, 15.25], "faces": { "north": {"uv": [9, 14, 10, 15], "texture": "#0"}, "south": {"uv": [9, 14, 10, 15], "texture": "#0"}, "west": {"uv": [9, 14, 10, 15], "texture": "#0"}, "up": {"uv": [9, 14, 10, 15], "texture": "#0"}, "down": {"uv": [9, 14, 10, 15], "texture": "#0"} } }, { "from": [-1, 11, 3], "to": [3, 12.5, 13], "faces": { "north": {"uv": [9, 14, 10, 15], "texture": "#0"}, "south": {"uv": [9, 14, 10, 15], "texture": "#0"}, "west": {"uv": [9, 14, 10, 15], "texture": "#0"}, "up": {"uv": [9, 14, 10, 15], "texture": "#0"}, "down": {"uv": [9, 14, 10, 15], "texture": "#0"} } }, { "from": [-1.25, 11, 5], "to": [3, 12.5, 11], "faces": { "north": {"uv": [9, 14, 10, 15], "texture": "#0"}, "south": {"uv": [9, 14, 10, 15], "texture": "#0"}, "west": {"uv": [9, 14, 10, 15], "texture": "#0"}, "up": {"uv": [9, 14, 10, 15], "texture": "#0"}, "down": {"uv": [9, 14, 10, 15], "texture": "#0"} } }, { "from": [1, 0, 13], "to": [2, 13.25, 15], "rotation": {"angle": 0, "axis": "y", "origin": [0, 0, 16]}, "faces": { "west": {"uv": [9, 14, 10, 15], "texture": "#0"}, "up": {"uv": [9, 14, 10, 15], "texture": "#0"}, "down": {"uv": [9, 14, 10, 15], "texture": "#0"} } }, { "from": [14, 0, 1], "to": [15, 13, 3], "rotation": {"angle": 0, "axis": "y", "origin": [16, 0, 0]}, "faces": { "east": {"uv": [9, 14, 10, 15], "texture": "#0"}, "up": {"uv": [9, 14, 10, 15], "texture": "#0"}, "down": {"uv": [9, 14, 10, 15], "texture": "#0"} } }, { "from": [14, 0, 13], "to": [15, 13, 15], "rotation": {"angle": 0, "axis": "y", "origin": [16, 0, 16]}, "faces": { "east": {"uv": [9, 14, 10, 15], "texture": "#0"}, "up": {"uv": [9, 14, 10, 15], "texture": "#0"}, "down": {"uv": [9, 14, 10, 15], "texture": "#0"} } }, { "from": [3, -1, 1], "to": [13, 14, 15], "faces": { "north": {"uv": [9, 14, 10, 15], "texture": "#0"}, "east": {"uv": [9, 14, 10, 15], "texture": "#0"}, "south": {"uv": [9, 14, 10, 15], "texture": "#0"}, "west": {"uv": [9, 14, 10, 15], "texture": "#0"}, "up": {"uv": [9, 14, 10, 15], "texture": "#0"}, "down": {"uv": [9, 14, 10, 15], "texture": "#0"} } }, { "from": [2, -1, 2], "to": [14, 14, 14], "faces": { "north": {"uv": [9, 14, 10, 15], "texture": "#0"}, "east": {"uv": [9, 14, 10, 15], "texture": "#0"}, "south": {"uv": [9, 14, 10, 15], "texture": "#0"}, "west": {"uv": [9, 14, 10, 15], "texture": "#0"}, "up": {"uv": [9, 14, 10, 15], "texture": "#0"}, "down": {"uv": [9, 14, 10, 15], "texture": "#0"} } }, { "from": [1, -1, 3], "to": [15, 14, 13], "faces": { "north": {"uv": [9, 14, 10, 15], "texture": "#0"}, "east": {"uv": [9, 14, 10, 15], "texture": "#0"}, "south": {"uv": [9, 14, 10, 15], "texture": "#0"}, "west": {"uv": [9, 14, 10, 15], "texture": "#0"}, "up": {"uv": [9, 14, 10, 15], "texture": "#0"}, "down": {"uv": [9, 14, 10, 15], "texture": "#0"} } }, { "from": [0, -1, 6], "to": [16, 14, 10], "faces": { "north": {"uv": [9, 14, 10, 15], "texture": "#0"}, "east": {"uv": [9, 14, 10, 15], "texture": "#0"}, "south": {"uv": [9, 14, 10, 15], "texture": "#0"}, "west": {"uv": [9, 14, 10, 15], "texture": "#0"}, "up": {"uv": [9, 14, 10, 15], "texture": "#0"}, "down": {"uv": [9, 14, 10, 15], "texture": "#0"} } }, { "from": [-0.25, 4, 2.75], "to": [1, 11, 13.25], "faces": { "north": {"uv": [4, 3, 5, 4], "texture": "#0"}, "south": {"uv": [4, 3, 5, 4], "texture": "#0"}, "west": {"uv": [4, 3, 5, 4], "texture": "#0"} } }, { "from": [-0.25, 5, 2.75], "to": [1, 11, 13.25], "faces": { "up": {"uv": [4, 3, 5, 4], "texture": "#0"} } }, { "from": [-0.75, 4, 5.75], "to": [1, 11, 10.25], "faces": { "north": {"uv": [4, 3, 5, 4], "texture": "#0"}, "south": {"uv": [4, 3, 5, 4], "texture": "#0"}, "west": {"uv": [4, 3, 5, 4], "texture": "#0"} } }, { "from": [-0.5, 8.5, 12], "to": [-0.25, 9.5, 12.5], "faces": { "north": {"uv": [15, 2, 16, 3], "texture": "#0"}, "south": {"uv": [15, 2, 16, 3], "texture": "#0"}, "west": {"uv": [15, 2, 16, 3], "texture": "#0"}, "down": {"uv": [15, 2, 16, 3], "texture": "#0"} } }, { "from": [-0.5, 9, 11.5], "to": [-0.25, 9.5, 12.5], "faces": { "north": {"uv": [15, 2, 16, 3], "texture": "#0"}, "west": {"uv": [15, 2, 16, 3], "texture": "#0"}, "up": {"uv": [15, 2, 16, 3], "texture": "#0"}, "down": {"uv": [15, 2, 16, 3], "texture": "#0"} } }, { "from": [0.75, 4.5, 0.75], "to": [6, 11, 15.25], "faces": { "north": {"uv": [4, 3, 5, 4], "texture": "#0"}, "south": {"uv": [4, 3, 5, 4], "texture": "#0"}, "west": {"uv": [4, 3, 5, 4], "texture": "#0"}, "down": {"uv": [4, 3, 5, 4], "texture": "#0"} } }, { "from": [6, 13, 15.5], "to": [7, 15, 16], "rotation": {"angle": 0, "axis": "y", "origin": [0, 0, 16]}, "faces": { "north": {"uv": [9, 14, 10, 15], "texture": "#0"}, "east": {"uv": [9, 14, 10, 15], "texture": "#0"}, "south": {"uv": [9, 14, 10, 15], "texture": "#0"}, "west": {"uv": [0, 0, 1, 1], "texture": "#1"}, "up": {"uv": [9, 14, 10, 15], "texture": "#0"} } }, { "from": [6, 13, 9.5], "to": [7, 15, 10], "faces": { "north": {"uv": [9, 14, 10, 15], "texture": "#0"}, "east": {"uv": [9, 14, 10, 15], "texture": "#0"}, "south": {"uv": [9, 14, 10, 15], "texture": "#0"}, "west": {"uv": [0, 0, 1, 1], "texture": "#1"}, "up": {"uv": [9, 14, 10, 15], "texture": "#0"} } }, { "from": [6, 15, 15], "to": [7, 17, 15.5], "rotation": {"angle": 0, "axis": "y", "origin": [0, 0, 16]}, "faces": { "north": {"uv": [9, 14, 10, 15], "texture": "#0"}, "east": {"uv": [9, 14, 10, 15], "texture": "#0"}, "south": {"uv": [9, 14, 10, 15], "texture": "#0"}, "west": {"uv": [0, 0, 1, 1], "texture": "#1"}, "up": {"uv": [9, 14, 10, 15], "texture": "#0"}, "down": {"uv": [9, 14, 10, 15], "texture": "#0"} } }, { "from": [6, 15, 10], "to": [7, 17, 10.5], "faces": { "north": {"uv": [9, 14, 10, 15], "texture": "#0"}, "east": {"uv": [9, 14, 10, 15], "texture": "#0"}, "south": {"uv": [9, 14, 10, 15], "texture": "#0"}, "west": {"uv": [0, 0, 1, 1], "texture": "#1"}, "up": {"uv": [9, 14, 10, 15], "texture": "#0"}, "down": {"uv": [9, 14, 10, 15], "texture": "#0"} } }, { "from": [6, 17, 14.5], "to": [7, 18.5, 15], "rotation": {"angle": 0, "axis": "y", "origin": [0, 0, 16]}, "faces": { "north": {"uv": [9, 14, 10, 15], "texture": "#0"}, "east": {"uv": [9, 14, 10, 15], "texture": "#0"}, "south": {"uv": [9, 14, 10, 15], "texture": "#0"}, "west": {"uv": [0, 0, 1, 1], "texture": "#1"}, "up": {"uv": [9, 14, 10, 15], "texture": "#0"}, "down": {"uv": [9, 14, 10, 15], "texture": "#0"} } }, { "from": [6, 17, 10.5], "to": [7, 18.5, 11], "faces": { "north": {"uv": [9, 14, 10, 15], "texture": "#0"}, "east": {"uv": [9, 14, 10, 15], "texture": "#0"}, "south": {"uv": [9, 14, 10, 15], "texture": "#0"}, "west": {"uv": [0, 0, 1, 1], "texture": "#1"}, "up": {"uv": [9, 14, 10, 15], "texture": "#0"}, "down": {"uv": [9, 14, 10, 15], "texture": "#0"} } }, { "from": [6, 18.5, 14], "to": [7, 19.5, 14.5], "rotation": {"angle": 0, "axis": "y", "origin": [0, 0, 16]}, "faces": { "north": {"uv": [9, 14, 10, 15], "texture": "#0"}, "east": {"uv": [9, 14, 10, 15], "texture": "#0"}, "south": {"uv": [9, 14, 10, 15], "texture": "#0"}, "west": {"uv": [0, 0, 1, 1], "texture": "#1"}, "up": {"uv": [9, 14, 10, 15], "texture": "#0"}, "down": {"uv": [9, 14, 10, 15], "texture": "#0"} } }, { "from": [6, 18.5, 11], "to": [7, 19.5, 11.5], "faces": { "north": {"uv": [9, 14, 10, 15], "texture": "#0"}, "east": {"uv": [9, 14, 10, 15], "texture": "#0"}, "south": {"uv": [9, 14, 10, 15], "texture": "#0"}, "west": {"uv": [0, 0, 1, 1], "texture": "#1"}, "up": {"uv": [9, 14, 10, 15], "texture": "#0"}, "down": {"uv": [9, 14, 10, 15], "texture": "#0"} } }, { "from": [6, 19.5, 13.5], "to": [7, 20.5, 14], "rotation": {"angle": 0, "axis": "y", "origin": [0, 0, 16]}, "faces": { "north": {"uv": [9, 14, 10, 15], "texture": "#0"}, "east": {"uv": [9, 14, 10, 15], "texture": "#0"}, "south": {"uv": [9, 14, 10, 15], "texture": "#0"}, "west": {"uv": [0, 0, 1, 1], "texture": "#1"}, "up": {"uv": [9, 14, 10, 15], "texture": "#0"}, "down": {"uv": [9, 14, 10, 15], "texture": "#0"} } }, { "from": [6, 19.5, 11.5], "to": [7, 20.5, 12], "faces": { "north": {"uv": [9, 14, 10, 15], "texture": "#0"}, "east": {"uv": [9, 14, 10, 15], "texture": "#0"}, "south": {"uv": [9, 14, 10, 15], "texture": "#0"}, "west": {"uv": [0, 0, 1, 1], "texture": "#1"}, "up": {"uv": [9, 14, 10, 15], "texture": "#0"}, "down": {"uv": [9, 14, 10, 15], "texture": "#0"} } }, { "from": [6, 20.5, 13], "to": [7, 21, 13.5], "rotation": {"angle": 0, "axis": "y", "origin": [0, 0, 16]}, "faces": { "north": {"uv": [9, 14, 10, 15], "texture": "#0"}, "east": {"uv": [9, 14, 10, 15], "texture": "#0"}, "south": {"uv": [9, 14, 10, 15], "texture": "#0"}, "west": {"uv": [0, 0, 1, 1], "texture": "#1"}, "up": {"uv": [9, 14, 10, 15], "texture": "#0"}, "down": {"uv": [9, 14, 10, 15], "texture": "#0"} } }, { "from": [6, 20.5, 12], "to": [7, 21, 12.5], "faces": { "north": {"uv": [9, 14, 10, 15], "texture": "#0"}, "east": {"uv": [9, 14, 10, 15], "texture": "#0"}, "south": {"uv": [9, 14, 10, 15], "texture": "#0"}, "west": {"uv": [0, 0, 1, 1], "texture": "#1"}, "up": {"uv": [9, 14, 10, 15], "texture": "#0"}, "down": {"uv": [9, 14, 10, 15], "texture": "#0"} } }, { "from": [6, 21, 12.5], "to": [7, 21.5, 13], "rotation": {"angle": 0, "axis": "y", "origin": [0, 0, 16]}, "faces": { "north": {"uv": [9, 14, 10, 15], "texture": "#0"}, "east": {"uv": [9, 14, 10, 15], "texture": "#0"}, "south": {"uv": [9, 14, 10, 15], "texture": "#0"}, "west": {"uv": [0, 0, 1, 1], "texture": "#1"}, "up": {"uv": [9, 14, 10, 15], "texture": "#0"}, "down": {"uv": [9, 14, 10, 15], "texture": "#0"} } }, { "from": [6, 13, 0], "to": [7, 15, 0.5], "faces": { "north": {"uv": [9, 14, 10, 15], "texture": "#0"}, "east": {"uv": [9, 14, 10, 15], "texture": "#0"}, "south": {"uv": [9, 14, 10, 15], "texture": "#0"}, "west": {"uv": [0, 0, 1, 1], "texture": "#1"}, "up": {"uv": [9, 14, 10, 15], "texture": "#0"} } }, { "from": [6, 13, 6], "to": [7, 15, 6.5], "rotation": {"angle": 0, "axis": "y", "origin": [0, 0, 16]}, "faces": { "north": {"uv": [9, 14, 10, 15], "texture": "#0"}, "east": {"uv": [9, 14, 10, 15], "texture": "#0"}, "south": {"uv": [9, 14, 10, 15], "texture": "#0"}, "west": {"uv": [0, 0, 1, 1], "texture": "#1"}, "up": {"uv": [9, 14, 10, 15], "texture": "#0"} } }, { "from": [6, 15, 0.5], "to": [7, 17, 1], "faces": { "north": {"uv": [9, 14, 10, 15], "texture": "#0"}, "east": {"uv": [9, 14, 10, 15], "texture": "#0"}, "south": {"uv": [9, 14, 10, 15], "texture": "#0"}, "west": {"uv": [0, 0, 1, 1], "texture": "#1"}, "up": {"uv": [9, 14, 10, 15], "texture": "#0"}, "down": {"uv": [9, 14, 10, 15], "texture": "#0"} } }, { "from": [6, 15, 5.5], "to": [7, 17, 6], "rotation": {"angle": 0, "axis": "y", "origin": [0, 0, 16]}, "faces": { "north": {"uv": [9, 14, 10, 15], "texture": "#0"}, "east": {"uv": [9, 14, 10, 15], "texture": "#0"}, "south": {"uv": [9, 14, 10, 15], "texture": "#0"}, "west": {"uv": [0, 0, 1, 1], "texture": "#1"}, "up": {"uv": [9, 14, 10, 15], "texture": "#0"}, "down": {"uv": [9, 14, 10, 15], "texture": "#0"} } }, { "from": [6, 17, 1], "to": [7, 18.5, 1.5], "faces": { "north": {"uv": [9, 14, 10, 15], "texture": "#0"}, "east": {"uv": [9, 14, 10, 15], "texture": "#0"}, "south": {"uv": [9, 14, 10, 15], "texture": "#0"}, "west": {"uv": [0, 0, 1, 1], "texture": "#1"}, "up": {"uv": [9, 14, 10, 15], "texture": "#0"}, "down": {"uv": [9, 14, 10, 15], "texture": "#0"} } }, { "from": [6, 17, 5], "to": [7, 18.5, 5.5], "rotation": {"angle": 0, "axis": "y", "origin": [0, 0, 16]}, "faces": { "north": {"uv": [9, 14, 10, 15], "texture": "#0"}, "east": {"uv": [9, 14, 10, 15], "texture": "#0"}, "south": {"uv": [9, 14, 10, 15], "texture": "#0"}, "west": {"uv": [0, 0, 1, 1], "texture": "#1"}, "up": {"uv": [9, 14, 10, 15], "texture": "#0"}, "down": {"uv": [9, 14, 10, 15], "texture": "#0"} } }, { "from": [6, 18.5, 1.5], "to": [7, 19.5, 2], "faces": { "north": {"uv": [9, 14, 10, 15], "texture": "#0"}, "east": {"uv": [9, 14, 10, 15], "texture": "#0"}, "south": {"uv": [9, 14, 10, 15], "texture": "#0"}, "west": {"uv": [0, 0, 1, 1], "texture": "#1"}, "up": {"uv": [9, 14, 10, 15], "texture": "#0"}, "down": {"uv": [9, 14, 10, 15], "texture": "#0"} } }, { "from": [6, 18.5, 4.5], "to": [7, 19.5, 5], "rotation": {"angle": 0, "axis": "y", "origin": [0, 0, 16]}, "faces": { "north": {"uv": [9, 14, 10, 15], "texture": "#0"}, "east": {"uv": [9, 14, 10, 15], "texture": "#0"}, "south": {"uv": [9, 14, 10, 15], "texture": "#0"}, "west": {"uv": [0, 0, 1, 1], "texture": "#1"}, "up": {"uv": [9, 14, 10, 15], "texture": "#0"}, "down": {"uv": [9, 14, 10, 15], "texture": "#0"} } }, { "from": [6, 19.5, 2], "to": [7, 20.5, 2.5], "faces": { "north": {"uv": [9, 14, 10, 15], "texture": "#0"}, "east": {"uv": [9, 14, 10, 15], "texture": "#0"}, "south": {"uv": [9, 14, 10, 15], "texture": "#0"}, "west": {"uv": [0, 0, 1, 1], "texture": "#1"}, "up": {"uv": [9, 14, 10, 15], "texture": "#0"}, "down": {"uv": [9, 14, 10, 15], "texture": "#0"} } }, { "from": [6, 19.5, 4], "to": [7, 20.5, 4.5], "rotation": {"angle": 0, "axis": "y", "origin": [0, 0, 16]}, "faces": { "north": {"uv": [9, 14, 10, 15], "texture": "#0"}, "east": {"uv": [9, 14, 10, 15], "texture": "#0"}, "south": {"uv": [9, 14, 10, 15], "texture": "#0"}, "west": {"uv": [0, 0, 1, 1], "texture": "#1"}, "up": {"uv": [9, 14, 10, 15], "texture": "#0"}, "down": {"uv": [9, 14, 10, 15], "texture": "#0"} } }, { "from": [6, 20.5, 2.5], "to": [7, 21, 3], "faces": { "north": {"uv": [9, 14, 10, 15], "texture": "#0"}, "east": {"uv": [9, 14, 10, 15], "texture": "#0"}, "south": {"uv": [9, 14, 10, 15], "texture": "#0"}, "west": {"uv": [0, 0, 1, 1], "texture": "#1"}, "up": {"uv": [9, 14, 10, 15], "texture": "#0"}, "down": {"uv": [9, 14, 10, 15], "texture": "#0"} } }, { "from": [6, 20.5, 3.5], "to": [7, 21, 4], "rotation": {"angle": 0, "axis": "y", "origin": [0, 0, 16]}, "faces": { "north": {"uv": [9, 14, 10, 15], "texture": "#0"}, "east": {"uv": [9, 14, 10, 15], "texture": "#0"}, "south": {"uv": [9, 14, 10, 15], "texture": "#0"}, "west": {"uv": [0, 0, 1, 1], "texture": "#1"}, "up": {"uv": [9, 14, 10, 15], "texture": "#0"}, "down": {"uv": [9, 14, 10, 15], "texture": "#0"} } }, { "from": [6, 21, 3], "to": [7, 21.5, 3.5], "faces": { "north": {"uv": [9, 14, 10, 15], "texture": "#0"}, "east": {"uv": [9, 14, 10, 15], "texture": "#0"}, "south": {"uv": [9, 14, 10, 15], "texture": "#0"}, "west": {"uv": [0, 0, 1, 1], "texture": "#1"}, "up": {"uv": [9, 14, 10, 15], "texture": "#0"}, "down": {"uv": [9, 14, 10, 15], "texture": "#0"} } }, { "from": [7, 13, 10], "to": [8.5, 15, 15.5], "rotation": {"angle": 0, "axis": "y", "origin": [0, 0, 16]}, "faces": { "north": {"uv": [15, 9, 16, 10], "texture": "#0"}, "east": {"uv": [15, 9, 16, 10], "texture": "#0"}, "south": {"uv": [15, 9, 16, 10], "texture": "#0"}, "west": {"uv": [15, 9, 16, 10], "texture": "#0"}, "up": {"uv": [15, 9, 16, 10], "texture": "#0"} } }, { "from": [7, 13, 11], "to": [9.5, 16, 14.5], "rotation": {"angle": 0, "axis": "y", "origin": [0, 0, 16]}, "faces": { "north": {"uv": [15, 9, 16, 10], "texture": "#0"}, "east": {"uv": [15, 9, 16, 10], "texture": "#0"}, "south": {"uv": [15, 9, 16, 10], "texture": "#0"}, "up": {"uv": [15, 9, 16, 10], "texture": "#0"} } }, { "from": [7, 13, 1.5], "to": [9.5, 16, 5], "faces": { "north": {"uv": [16, 9, 15, 10], "texture": "#0"}, "east": {"uv": [16, 9, 15, 10], "texture": "#0"}, "south": {"uv": [16, 9, 15, 10], "texture": "#0"}, "up": {"uv": [15, 10, 16, 9], "texture": "#0"} } }, { "from": [7, 15, 11.5], "to": [9.5, 17.5, 14], "rotation": {"angle": 0, "axis": "y", "origin": [0, 0, 16]}, "faces": { "north": {"uv": [15, 9, 16, 10], "texture": "#0"}, "east": {"uv": [15, 9, 16, 10], "texture": "#0"}, "south": {"uv": [15, 9, 16, 10], "texture": "#0"}, "up": {"uv": [15, 9, 16, 10], "texture": "#0"} } }, { "from": [7, 15, 2], "to": [9.5, 17.5, 4.5], "faces": { "north": {"uv": [16, 9, 15, 10], "texture": "#0"}, "east": {"uv": [16, 9, 15, 10], "texture": "#0"}, "south": {"uv": [16, 9, 15, 10], "texture": "#0"}, "up": {"uv": [15, 10, 16, 9], "texture": "#0"} } }, { "from": [7, 17.5, 12], "to": [9.5, 19, 13.5], "rotation": {"angle": 0, "axis": "y", "origin": [0, 0, 16]}, "faces": { "north": {"uv": [15, 9, 16, 10], "texture": "#0"}, "east": {"uv": [15, 9, 16, 10], "texture": "#0"}, "south": {"uv": [15, 9, 16, 10], "texture": "#0"}, "up": {"uv": [15, 9, 16, 10], "texture": "#0"} } }, { "from": [7, 17.5, 2.5], "to": [9.5, 19, 4], "faces": { "north": {"uv": [16, 9, 15, 10], "texture": "#0"}, "east": {"uv": [16, 9, 15, 10], "texture": "#0"}, "south": {"uv": [16, 9, 15, 10], "texture": "#0"}, "up": {"uv": [15, 10, 16, 9], "texture": "#0"} } }, { "from": [7, 19, 12.5], "to": [9.5, 19.5, 13], "rotation": {"angle": 0, "axis": "y", "origin": [0, 0, 16]}, "faces": { "north": {"uv": [15, 9, 16, 10], "texture": "#0"}, "east": {"uv": [15, 9, 16, 10], "texture": "#0"}, "south": {"uv": [15, 9, 16, 10], "texture": "#0"}, "up": {"uv": [15, 9, 16, 10], "texture": "#0"} } }, { "from": [7, 19, 3], "to": [9.5, 19.5, 3.5], "faces": { "north": {"uv": [16, 9, 15, 10], "texture": "#0"}, "east": {"uv": [16, 9, 15, 10], "texture": "#0"}, "south": {"uv": [16, 9, 15, 10], "texture": "#0"}, "up": {"uv": [15, 10, 16, 9], "texture": "#0"} } }, { "from": [7, 13, 0.5], "to": [8.5, 15, 6], "faces": { "north": {"uv": [15, 9, 16, 10], "texture": "#0"}, "east": {"uv": [15, 9, 16, 10], "texture": "#0"}, "south": {"uv": [15, 9, 16, 10], "texture": "#0"}, "west": {"uv": [15, 9, 16, 10], "texture": "#0"}, "up": {"uv": [15, 9, 16, 10], "texture": "#0"} } }, { "from": [7, 15, 10.5], "to": [8.5, 17, 15], "rotation": {"angle": 0, "axis": "y", "origin": [0, 0, 16]}, "faces": { "north": {"uv": [15, 9, 16, 10], "texture": "#0"}, "east": {"uv": [15, 9, 16, 10], "texture": "#0"}, "south": {"uv": [15, 9, 16, 10], "texture": "#0"}, "west": {"uv": [15, 9, 16, 10], "texture": "#0"}, "up": {"uv": [15, 9, 16, 10], "texture": "#0"} } }, { "from": [7, 15, 1], "to": [8.5, 17, 5.5], "faces": { "north": {"uv": [15, 9, 16, 10], "texture": "#0"}, "east": {"uv": [15, 9, 16, 10], "texture": "#0"}, "south": {"uv": [15, 9, 16, 10], "texture": "#0"}, "west": {"uv": [15, 9, 16, 10], "texture": "#0"}, "up": {"uv": [15, 9, 16, 10], "texture": "#0"} } }, { "from": [7, 17, 11], "to": [8.5, 18.5, 14.5], "rotation": {"angle": 0, "axis": "y", "origin": [0, 0, 16]}, "faces": { "north": {"uv": [15, 9, 16, 10], "texture": "#0"}, "east": {"uv": [15, 9, 16, 10], "texture": "#0"}, "south": {"uv": [15, 9, 16, 10], "texture": "#0"}, "west": {"uv": [15, 9, 16, 10], "texture": "#0"}, "up": {"uv": [15, 9, 16, 10], "texture": "#0"} } }, { "from": [7, 17, 1.5], "to": [8.5, 18.5, 5], "faces": { "north": {"uv": [15, 9, 16, 10], "texture": "#0"}, "east": {"uv": [15, 9, 16, 10], "texture": "#0"}, "south": {"uv": [15, 9, 16, 10], "texture": "#0"}, "west": {"uv": [15, 9, 16, 10], "texture": "#0"}, "up": {"uv": [15, 9, 16, 10], "texture": "#0"} } }, { "from": [7, 18.5, 11.5], "to": [8.5, 19.5, 14], "rotation": {"angle": 0, "axis": "y", "origin": [0, 0, 16]}, "faces": { "north": {"uv": [15, 9, 16, 10], "texture": "#0"}, "east": {"uv": [15, 9, 16, 10], "texture": "#0"}, "south": {"uv": [15, 9, 16, 10], "texture": "#0"}, "west": {"uv": [15, 9, 16, 10], "texture": "#0"}, "up": {"uv": [15, 9, 16, 10], "texture": "#0"} } }, { "from": [7, 18.5, 2], "to": [8.5, 19.5, 4.5], "faces": { "north": {"uv": [15, 9, 16, 10], "texture": "#0"}, "east": {"uv": [15, 9, 16, 10], "texture": "#0"}, "south": {"uv": [15, 9, 16, 10], "texture": "#0"}, "west": {"uv": [15, 9, 16, 10], "texture": "#0"}, "up": {"uv": [15, 9, 16, 10], "texture": "#0"} } }, { "from": [7, 19.5, 12], "to": [8.5, 20.5, 13.5], "rotation": {"angle": 0, "axis": "y", "origin": [0, 0, 16]}, "faces": { "north": {"uv": [15, 9, 16, 10], "texture": "#0"}, "east": {"uv": [15, 9, 16, 10], "texture": "#0"}, "south": {"uv": [15, 9, 16, 10], "texture": "#0"}, "west": {"uv": [15, 9, 16, 10], "texture": "#0"}, "up": {"uv": [15, 9, 16, 10], "texture": "#0"} } }, { "from": [7, 19.5, 2.5], "to": [8.5, 20.5, 4], "faces": { "north": {"uv": [15, 9, 16, 10], "texture": "#0"}, "east": {"uv": [15, 9, 16, 10], "texture": "#0"}, "south": {"uv": [15, 9, 16, 10], "texture": "#0"}, "west": {"uv": [15, 9, 16, 10], "texture": "#0"}, "up": {"uv": [15, 9, 16, 10], "texture": "#0"} } }, { "from": [7, 20.5, 12.5], "to": [8.5, 21, 13], "rotation": {"angle": 0, "axis": "y", "origin": [0, 0, 16]}, "faces": { "north": {"uv": [15, 9, 16, 10], "texture": "#0"}, "east": {"uv": [15, 9, 16, 10], "texture": "#0"}, "south": {"uv": [15, 9, 16, 10], "texture": "#0"}, "west": {"uv": [15, 9, 16, 10], "texture": "#0"}, "up": {"uv": [15, 9, 16, 10], "texture": "#0"} } }, { "from": [7, 20.5, 3], "to": [8.5, 21, 3.5], "faces": { "north": {"uv": [15, 9, 16, 10], "texture": "#0"}, "east": {"uv": [15, 9, 16, 10], "texture": "#0"}, "south": {"uv": [15, 9, 16, 10], "texture": "#0"}, "west": {"uv": [15, 9, 16, 10], "texture": "#0"}, "up": {"uv": [15, 9, 16, 10], "texture": "#0"} } }, { "from": [2.75, 5, -0.1], "to": [6, 6.525, 16.1], "rotation": {"angle": 0, "axis": "y", "origin": [16, 0, 0]}, "faces": { "north": {"uv": [9, 14, 10, 15], "texture": "#3"}, "east": {"uv": [9, 14, 10, 15], "texture": "#3"}, "south": {"uv": [9, 14, 10, 15], "texture": "#3"}, "west": {"uv": [9, 14, 10, 15], "texture": "#3"}, "up": {"uv": [9, 14, 10, 15], "texture": "#3"}, "down": {"uv": [9, 14, 10, 15], "texture": "#3"} } }, { "from": [3.25, 6, -0.1], "to": [6, 7.5, 16.1], "rotation": {"angle": 0, "axis": "y", "origin": [16, 0, 0]}, "faces": { "north": {"uv": [9, 14, 10, 15], "texture": "#3"}, "south": {"uv": [9, 14, 10, 15], "texture": "#3"}, "west": {"uv": [9, 14, 10, 15], "texture": "#3"}, "up": {"uv": [9, 14, 10, 15], "texture": "#3"} } }, { "from": [2.25, 5, -0.1], "to": [5, 5.5, 16.1], "rotation": {"angle": 0, "axis": "y", "origin": [16, 0, 0]}, "faces": { "north": {"uv": [9, 14, 10, 15], "texture": "#3"}, "south": {"uv": [9, 14, 10, 15], "texture": "#3"}, "west": {"uv": [9, 14, 10, 15], "texture": "#3"}, "up": {"uv": [9, 14, 10, 15], "texture": "#3"}, "down": {"uv": [9, 14, 10, 15], "texture": "#3"} } }, { "from": [3.75, 5.25, -0.1], "to": [7.5, 11.25, 16.1], "rotation": {"angle": 0, "axis": "y", "origin": [16, 0, 0]}, "faces": { "north": {"uv": [9, 14, 10, 15], "texture": "#3"}, "east": {"uv": [9, 14, 10, 15], "texture": "#3"}, "south": {"uv": [9, 14, 10, 15], "texture": "#3"}, "west": {"uv": [9, 14, 10, 15], "texture": "#3"}, "up": {"uv": [9, 14, 10, 15], "texture": "#3"}, "down": {"uv": [9, 14, 10, 15], "texture": "#3"} } }, { "from": [7.25, 5.5, -0.1], "to": [8.5, 11.5, 16.1], "rotation": {"angle": 0, "axis": "y", "origin": [16.25, 0.5, 0]}, "faces": { "north": {"uv": [9, 14, 10, 15], "texture": "#3"}, "east": {"uv": [9, 14, 10, 15], "texture": "#3"}, "south": {"uv": [9, 14, 10, 15], "texture": "#3"}, "west": {"uv": [9, 14, 10, 15], "texture": "#3"}, "up": {"uv": [9, 14, 10, 15], "texture": "#3"}, "down": {"uv": [9, 14, 10, 15], "texture": "#3"} } }, { "from": [8.5, 5.75, -0.1], "to": [9.5, 11.5, 16.1], "rotation": {"angle": 0, "axis": "y", "origin": [16.25, 0.5, 0]}, "faces": { "north": {"uv": [9, 14, 10, 15], "texture": "#3"}, "east": {"uv": [9, 14, 10, 15], "texture": "#3"}, "south": {"uv": [9, 14, 10, 15], "texture": "#3"}, "up": {"uv": [9, 14, 10, 15], "texture": "#3"}, "down": {"uv": [9, 14, 10, 15], "texture": "#3"} } }, { "from": [9.5, 6, -0.1], "to": [10.25, 11.5, 16.1], "rotation": {"angle": 0, "axis": "y", "origin": [16.25, 0.5, 0]}, "faces": { "north": {"uv": [9, 14, 10, 15], "texture": "#3"}, "east": {"uv": [9, 14, 10, 15], "texture": "#3"}, "south": {"uv": [9, 14, 10, 15], "texture": "#3"}, "up": {"uv": [9, 14, 10, 15], "texture": "#3"}, "down": {"uv": [9, 14, 10, 15], "texture": "#3"} } }, { "from": [10.25, 6.5, -0.1], "to": [10.75, 11.75, 16.1], "rotation": {"angle": 0, "axis": "y", "origin": [16.25, 0.5, 0]}, "faces": { "north": {"uv": [9, 14, 10, 15], "texture": "#3"}, "east": {"uv": [9, 14, 10, 15], "texture": "#3"}, "south": {"uv": [9, 14, 10, 15], "texture": "#3"}, "west": {"uv": [9, 14, 10, 15], "texture": "#3"}, "up": {"uv": [9, 14, 10, 15], "texture": "#3"}, "down": {"uv": [9, 14, 10, 15], "texture": "#3"} } }, { "from": [10.75, 7, -0.1], "to": [11.25, 11.5, 16.1], "rotation": {"angle": 0, "axis": "y", "origin": [16.25, 0.5, 0]}, "faces": { "north": {"uv": [9, 14, 10, 15], "texture": "#3"}, "east": {"uv": [9, 14, 10, 15], "texture": "#3"}, "south": {"uv": [9, 14, 10, 15], "texture": "#3"}, "down": {"uv": [9, 14, 10, 15], "texture": "#3"} } }, { "from": [10.75, 7.75, -0.1], "to": [11.75, 11.25, 16.1], "rotation": {"angle": 0, "axis": "y", "origin": [16.25, 0.5, 0]}, "faces": { "north": {"uv": [9, 14, 10, 15], "texture": "#3"}, "east": {"uv": [9, 14, 10, 15], "texture": "#3"}, "south": {"uv": [9, 14, 10, 15], "texture": "#3"}, "down": {"uv": [9, 14, 10, 15], "texture": "#3"} } }, { "from": [10.75, 9.25, -0.1], "to": [12, 11.75, 16.1], "rotation": {"angle": 0, "axis": "y", "origin": [16.25, 0.5, 0]}, "faces": { "north": {"uv": [9, 14, 10, 15], "texture": "#3"}, "east": {"uv": [9, 14, 10, 15], "texture": "#3"}, "south": {"uv": [9, 14, 10, 15], "texture": "#3"}, "down": {"uv": [9, 14, 10, 15], "texture": "#3"} } }, { "from": [10.75, 11, -0.1], "to": [12.25, 11.75, 16.1], "rotation": {"angle": 0, "axis": "y", "origin": [16.25, 0.5, 0]}, "faces": { "north": {"uv": [9, 14, 10, 15], "texture": "#3"}, "east": {"uv": [9, 14, 10, 15], "texture": "#3"}, "south": {"uv": [9, 14, 10, 15], "texture": "#3"}, "up": {"uv": [9, 14, 10, 15], "texture": "#3"}, "down": {"uv": [9, 14, 10, 15], "texture": "#3"} } }, { "from": [4.5, 7, -0.2], "to": [7.25, 7.25, 16.2], "rotation": {"angle": 0, "axis": "y", "origin": [8.14063, 8.09375, 8]}, "faces": { "north": {"uv": [3, 11, 4, 12], "texture": "#5"}, "east": {"uv": [3, 11, 4, 12], "texture": "#5"}, "south": {"uv": [3, 11, 4, 12], "texture": "#5"}, "west": {"uv": [3, 11, 4, 12], "texture": "#5"}, "up": {"uv": [3, 11, 4, 12], "texture": "#5"}, "down": {"uv": [3, 11, 4, 12], "texture": "#5"} } }, { "from": [5, 8, -0.2], "to": [7.75, 8.25, 16.2], "rotation": {"angle": 0, "axis": "y", "origin": [8.14063, 8.09375, 8]}, "faces": { "north": {"uv": [3, 11, 4, 12], "texture": "#5"}, "east": {"uv": [3, 11, 4, 12], "texture": "#5"}, "south": {"uv": [3, 11, 4, 12], "texture": "#5"}, "west": {"uv": [3, 11, 4, 12], "texture": "#5"}, "up": {"uv": [3, 11, 4, 12], "texture": "#5"}, "down": {"uv": [3, 11, 4, 12], "texture": "#5"} } }, { "from": [5, 9, -0.2], "to": [8.25, 9.25, 16.2], "rotation": {"angle": 0, "axis": "y", "origin": [8.14063, 8.09375, 8]}, "faces": { "north": {"uv": [3, 11, 4, 12], "texture": "#5"}, "east": {"uv": [3, 11, 4, 12], "texture": "#5"}, "south": {"uv": [3, 11, 4, 12], "texture": "#5"}, "west": {"uv": [3, 11, 4, 12], "texture": "#5"}, "up": {"uv": [3, 11, 4, 12], "texture": "#5"}, "down": {"uv": [3, 11, 4, 12], "texture": "#5"} } }, { "from": [8.25, 9.25, -0.2], "to": [10, 9.5, 16.2], "rotation": {"angle": 0, "axis": "y", "origin": [8.14063, 8.09375, 8]}, "faces": { "north": {"uv": [0, 0, 1, 1], "texture": "#1"}, "east": {"uv": [0, 0, 1, 1], "texture": "#1"}, "south": {"uv": [0, 0, 1, 1], "texture": "#1"}, "west": {"uv": [0, 0, 1, 1], "texture": "#1"}, "up": {"uv": [0, 0, 1, 1], "texture": "#1"}, "down": {"uv": [0, 0, 1, 1], "texture": "#1"} } }, { "from": [10, 9.5, -0.2], "to": [11, 9.75, 16.2], "rotation": {"angle": 0, "axis": "y", "origin": [8.14063, 8.09375, 8]}, "faces": { "north": {"uv": [15, 1, 16, 2], "texture": "#0"}, "east": {"uv": [15, 1, 16, 2], "texture": "#0"}, "south": {"uv": [15, 1, 16, 2], "texture": "#0"}, "west": {"uv": [15, 1, 16, 2], "texture": "#0"}, "up": {"uv": [15, 1, 16, 2], "texture": "#0"}, "down": {"uv": [15, 1, 16, 2], "texture": "#0"} } }, { "from": [7.75, 7.75, -0.2], "to": [10.5, 8, 16.2], "rotation": {"angle": 0, "axis": "y", "origin": [8.14063, 8.09375, 8]}, "faces": { "north": {"uv": [0, 0, 1, 1], "texture": "#1"}, "east": {"uv": [0, 0, 1, 1], "texture": "#1"}, "south": {"uv": [0, 0, 1, 1], "texture": "#1"}, "west": {"uv": [0, 0, 1, 1], "texture": "#1"}, "up": {"uv": [0, 0, 1, 1], "texture": "#1"}, "down": {"uv": [0, 0, 1, 1], "texture": "#1"} } }, { "from": [7.25, 6.75, -0.2], "to": [9, 7, 16.2], "rotation": {"angle": 0, "axis": "y", "origin": [8.14063, 8.09375, 8]}, "faces": { "north": {"uv": [0, 0, 1, 1], "texture": "#1"}, "east": {"uv": [0, 0, 1, 1], "texture": "#1"}, "south": {"uv": [0, 0, 1, 1], "texture": "#1"}, "west": {"uv": [0, 0, 1, 1], "texture": "#1"}, "up": {"uv": [0, 0, 1, 1], "texture": "#1"}, "down": {"uv": [0, 0, 1, 1], "texture": "#1"} } }, { "from": [9, 6.5, -0.2], "to": [9.75, 6.75, 16.2], "rotation": {"angle": 0, "axis": "y", "origin": [8.14063, 8.09375, 8]}, "faces": { "north": {"uv": [15, 1, 16, 2], "texture": "#0"}, "east": {"uv": [15, 1, 16, 2], "texture": "#0"}, "south": {"uv": [15, 1, 16, 2], "texture": "#0"}, "west": {"uv": [15, 1, 16, 2], "texture": "#0"}, "up": {"uv": [15, 1, 16, 2], "texture": "#0"}, "down": {"uv": [15, 1, 16, 2], "texture": "#0"} } }, { "from": [16.025, 5.75, 6], "to": [16.075, 11.75, 12], "rotation": {"angle": 0, "axis": "y", "origin": [16, 0, 0]}, "faces": { "north": {"uv": [9, 14, 10, 15], "texture": "#4"}, "east": {"uv": [0, 0, 7, 7], "rotation": 90, "texture": "#4"}, "south": {"uv": [0, 0, 7, 7], "texture": "#4"}, "west": {"uv": [9, 14, 10, 15], "texture": "#4"}, "up": {"uv": [9, 14, 10, 15], "texture": "#4"}, "down": {"uv": [9, 14, 10, 15], "texture": "#4"} } }, { "from": [6.525, 1.19448, 15.98904], "to": [12.525, 7.19448, 16.03904], "rotation": {"angle": 0, "axis": "y", "origin": [16.025, 4.19448, 15.96404]}, "faces": { "east": {"uv": [9, 14, 10, 15], "rotation": 180, "texture": "#4"}, "south": {"uv": [0, 0, 7, 7], "rotation": 90, "texture": "#4"}, "west": {"uv": [9, 14, 10, 15], "texture": "#4"}, "up": {"uv": [9, 14, 10, 15], "rotation": 90, "texture": "#4"}, "down": {"uv": [9, 14, 10, 15], "rotation": 90, "texture": "#4"} } }, { "from": [4.525, 1.19448, -0.03904], "to": [10.525, 7.19448, 0.01096], "rotation": {"angle": 0, "axis": "y", "origin": [16.025, 4.19448, 0.03596]}, "faces": { "north": {"uv": [0, 0, 7, 7], "rotation": 90, "texture": "#4"}, "east": {"uv": [10, 14, 9, 15], "rotation": 180, "texture": "#4"}, "west": {"uv": [10, 14, 9, 15], "texture": "#4"}, "down": {"uv": [10, 14, 9, 15], "rotation": 90, "texture": "#4"} } }, { "from": [16.025, -0.25, 3.2], "to": [16.075, 2.75, 8.75], "rotation": {"angle": 0, "axis": "y", "origin": [16, 0, 0]}, "faces": { "north": {"uv": [9, 14, 10, 15], "texture": "#4"}, "east": {"uv": [0.5, 6, 15.5, 16], "texture": "#4"}, "south": {"uv": [9, 14, 10, 15], "texture": "#4"}, "west": {"uv": [9, 14, 10, 15], "texture": "#4"}, "up": {"uv": [9, 14, 10, 15], "texture": "#4"}, "down": {"uv": [9, 14, 10, 15], "texture": "#4"} } } ], "display": { "thirdperson_righthand": { "rotation": [0, -90, 0], "scale": [0.31, 0.31, 0.31] }, "thirdperson_lefthand": { "rotation": [0, 90, 0], "scale": [0.31, 0.31, 0.31] }, "firstperson_righthand": { "rotation": [0, 16, 0], "translation": [1.75, 3.75, 0], "scale": [0.31, 0.31, 0.31] }, "firstperson_lefthand": { "rotation": [0, -166, 0], "translation": [1.75, 3.75, 0], "scale": [0.31, 0.31, 0.31] }, "ground": { "scale": [0.38, 0.38, 0.38] }, "gui": { "rotation": [28, 55, 0], "translation": [0, -0.25, 0], "scale": [0.63, 0.63, 0.63] }, "head": { "rotation": [0, -90, 0], "translation": [0, 1.75, 0], "scale": [1.05, 1.05, 1.05] }, "fixed": { "rotation": [-90, -90, 0], "translation": [0, 0, -8.25] } }, "groups": [ { "name": "group", "origin": [8, 8, 8], "color": 0, "children": [ { "name": "group", "origin": [16, 0, 16], "color": 0, "children": [ { "name": "group", "origin": [16, 0, 0], "color": 0, "children": [] }, 0, 1, 2, 3, 4, 5, 6, 7, 8, 9, 10, 11, 12, 13, 14, 15, 16, 17, 18, 19 ] }, { "name": "group", "origin": [0, 0, 0], "color": 0, "children": [20, 21, 22, 23] }, { "name": "group", "origin": [8, 8, 8], "color": 0, "children": [24, 25, 26, 27, 28, 29] } ] }, { "name": "group", "origin": [8, 8, 8], "color": 0, "children": [] }, { "name": "group", "origin": [8, 8, 8], "color": 0, "children": [] }, { "name": "group", "origin": [8, 8, 8], "color": 0, "children": [ { "name": "group", "origin": [8, 8, 8], "color": 0, "children": [30, 31, 32, 33, 34, 35, 36, 37, 38, 39, 40, 41, 42] }, 43, 44, 45, 46, 47, 48, 49, 50, 51, 52, 53, 54, 55 ] }, { "name": "group", "origin": [0, 0, 0], "color": 0, "children": [56, 57, 58, 59, 60, 61, 62, 63, 64, 65, 66, 67, 68, 69, 70, 71, 72, 73, 74, 75] }, { "name": "group", "origin": [8, 8, 8], "color": 0, "children": [76, 77, 78, 79, 80, 81, 82, 83, 84, 85, 86, 87] }, { "name": "group", "origin": [8, 8, 8], "color": 0, "children": [88, 89, 90, 91, 92, 93, 94, 95] }, { "name": "group", "origin": [8, 8, 8], "color": 0, "children": [96, 97, 98] }, { "name": "group", "origin": [8, 8, 8], "color": 0, "children": [99] } ] }