{
	"credit": "Made with Blockbench",
	"texture_size": [256, 256],
	"textures": {
		"0": "ttp/i/c/a/altyn_mesh"
	},
	"elements": [
		{
			"name": "Voxels",
			"from": [2.285, 6.125, 3.375],
			"to": [2.91, 6.875, 3.875],
			"faces": {
				"north": {"uv": [0.62945, 0.62945, 0.94418, 0.94418], "texture": "#0"},
				"east": {"uv": [0.62945, 0.62945, 0.94418, 0.94418], "texture": "#0"},
				"south": {"uv": [0.62945, 0.62945, 0.94418, 0.94418], "texture": "#0"},
				"west": {"uv": [0.62945, 0.62945, 0.94418, 0.94418], "texture": "#0"},
				"up": {"uv": [0.62945, 0.62945, 0.94418, 0.94418], "texture": "#0"},
				"down": {"uv": [0.62945, 0.62945, 0.94418, 0.94418], "texture": "#0"}
			}
		},
		{
			"name": "Voxels",
			"from": [2.285, 6.25, 3.25],
			"to": [2.91, 6.75, 4.015],
			"faces": {
				"north": {"uv": [0.62945, 0.6924, 0.94418, 1.00712], "texture": "#0"},
				"east": {"uv": [0.62945, 0.6924, 0.94418, 1.00712], "texture": "#0"},
				"south": {"uv": [0.62945, 0.6924, 0.94418, 1.00712], "texture": "#0"},
				"west": {"uv": [0.62945, 0.6924, 0.94418, 1.00712], "texture": "#0"},
				"up": {"uv": [0.62945, 0.6924, 0.94418, 1.00712], "texture": "#0"},
				"down": {"uv": [0.62945, 0.6924, 0.94418, 1.00712], "texture": "#0"}
			}
		},
		{
			"name": "Voxels",
			"from": [2.375, 0.25, 2],
			"to": [2.875, 7, 2.25],
			"rotation": {"angle": 0, "axis": "y", "origin": [0.125, 0, 0]},
			"faces": {
				"north": {"uv": [0, 0, 0.37767, 0.37767], "texture": "#0"},
				"east": {"uv": [0, 0, 0.37767, 0.37767], "texture": "#0"},
				"south": {"uv": [0, 0, 0.37767, 0.37767], "texture": "#0"},
				"west": {"uv": [0, 0, 0.37767, 0.37767], "texture": "#0"},
				"up": {"uv": [0, 0, 0.37767, 0.37767], "texture": "#0"},
				"down": {"uv": [0, 0, 0.37767, 0.37767], "texture": "#0"}
			}
		},
		{
			"name": "Voxels",
			"from": [2.375, 0.25, 2.25],
			"to": [2.875, 2.66, 2.375],
			"rotation": {"angle": 0, "axis": "y", "origin": [0.125, -0.125, 0]},
			"faces": {
				"east": {"uv": [0, 0, 0.37767, 0.37767], "texture": "#0"},
				"south": {"uv": [0, 0, 0.37767, 0.37767], "texture": "#0"},
				"west": {"uv": [0, 0, 0.37767, 0.37767], "texture": "#0"},
				"up": {"uv": [0, 0, 0.37767, 0.37767], "texture": "#0"},
				"down": {"uv": [0, 0, 0.37767, 0.37767], "texture": "#0"}
			}
		},
		{
			"name": "Voxels",
			"from": [2.375, 0.5, 2.375],
			"to": [2.875, 7, 2.5],
			"rotation": {"angle": 0, "axis": "y", "origin": [0.125, 0, 0]},
			"faces": {
				"north": {"uv": [0, 0, 0.37767, 0.37767], "texture": "#0"},
				"east": {"uv": [0, 0, 0.37767, 0.37767], "texture": "#0"},
				"south": {"uv": [0, 0, 0.37767, 0.37767], "texture": "#0"},
				"west": {"uv": [0, 0, 0.37767, 0.37767], "texture": "#0"},
				"up": {"uv": [0, 0, 0.37767, 0.37767], "texture": "#0"},
				"down": {"uv": [0, 0, 0.37767, 0.37767], "texture": "#0"}
			}
		},
		{
			"name": "Voxels",
			"from": [2.375, 0.75, 2.5],
			"to": [2.875, 7, 2.625],
			"rotation": {"angle": 0, "axis": "y", "origin": [0.125, 0, 0]},
			"faces": {
				"east": {"uv": [0, 0, 0.37767, 0.37767], "texture": "#0"},
				"south": {"uv": [0, 0, 0.37767, 0.37767], "texture": "#0"},
				"west": {"uv": [0, 0, 0.37767, 0.37767], "texture": "#0"},
				"up": {"uv": [0, 0, 0.37767, 0.37767], "texture": "#0"},
				"down": {"uv": [0, 0, 0.37767, 0.37767], "texture": "#0"}
			}
		},
		{
			"name": "Voxels",
			"from": [2.375, 2.625, 2.25],
			"to": [2.625, 7, 2.375],
			"rotation": {"angle": 0, "axis": "y", "origin": [0.125, 0, 0]},
			"faces": {
				"west": {"uv": [0, 0, 0.37767, 0.37767], "texture": "#0"},
				"up": {"uv": [0, 0, 0.37767, 0.37767], "texture": "#0"}
			}
		},
		{
			"name": "Voxels",
			"from": [2.375, 5.875, 2.625],
			"to": [2.875, 7, 2.75],
			"rotation": {"angle": 0, "axis": "y", "origin": [0.125, 0, 0]},
			"faces": {
				"east": {"uv": [0, 0, 0.37767, 0.37767], "texture": "#0"},
				"south": {"uv": [0, 0, 0.37767, 0.37767], "texture": "#0"},
				"west": {"uv": [0, 0, 0.37767, 0.37767], "texture": "#0"},
				"up": {"uv": [0, 0, 0.37767, 0.37767], "texture": "#0"},
				"down": {"uv": [0, 0, 0.37767, 0.37767], "texture": "#0"}
			}
		},
		{
			"name": "Voxels",
			"from": [2.375, 6, 2.75],
			"to": [2.875, 7, 3.25],
			"rotation": {"angle": 0, "axis": "y", "origin": [0.125, 0, 0]},
			"faces": {
				"east": {"uv": [0, 0, 0.37767, 0.37767], "texture": "#0"},
				"west": {"uv": [0, 0, 0.37767, 0.37767], "texture": "#0"},
				"up": {"uv": [0, 0, 0.37767, 0.37767], "texture": "#0"},
				"down": {"uv": [0, 0, 0.37767, 0.37767], "texture": "#0"}
			}
		},
		{
			"name": "Voxels",
			"from": [2.375, 6, 3.25],
			"to": [2.875, 6.25, 3.375],
			"rotation": {"angle": 0, "axis": "y", "origin": [0.125, 0, 0]},
			"faces": {
				"east": {"uv": [0, 0, 0.37767, 0.37767], "texture": "#0"},
				"west": {"uv": [0, 0, 0.37767, 0.37767], "texture": "#0"},
				"down": {"uv": [0, 0, 0.37767, 0.37767], "texture": "#0"}
			}
		},
		{
			"name": "Voxels",
			"from": [2.375, 6, 3.375],
			"to": [2.875, 6.125, 4],
			"rotation": {"angle": 0, "axis": "y", "origin": [0.125, 0, 0]},
			"faces": {
				"east": {"uv": [0, 0, 0.37767, 0.37767], "texture": "#0"},
				"south": {"uv": [0, 0, 0.37767, 0.37767], "texture": "#0"},
				"west": {"uv": [0, 0, 0.37767, 0.37767], "texture": "#0"},
				"down": {"uv": [0, 0, 0.37767, 0.37767], "texture": "#0"}
			}
		},
		{
			"name": "Voxels",
			"from": [2.375, 6.125, 3.875],
			"to": [2.875, 6.25, 4.25],
			"rotation": {"angle": 0, "axis": "y", "origin": [0.125, 0, 0]},
			"faces": {
				"east": {"uv": [0, 0, 0.37767, 0.37767], "texture": "#0"},
				"south": {"uv": [0, 0, 0.37767, 0.37767], "texture": "#0"},
				"west": {"uv": [0, 0, 0.37767, 0.37767], "texture": "#0"},
				"down": {"uv": [0, 0, 0.37767, 0.37767], "texture": "#0"}
			}
		},
		{
			"name": "Voxels",
			"from": [2.375, 6.25, 4],
			"to": [2.875, 6.875, 4.25],
			"rotation": {"angle": 0, "axis": "y", "origin": [0.125, 0, 0]},
			"faces": {
				"east": {"uv": [0, 0, 0.37767, 0.37767], "texture": "#0"},
				"south": {"uv": [0, 0, 0.37767, 0.37767], "texture": "#0"},
				"west": {"uv": [0, 0, 0.37767, 0.37767], "texture": "#0"},
				"up": {"uv": [0, 0, 0.37767, 0.37767], "texture": "#0"}
			}
		},
		{
			"name": "Voxels",
			"from": [2.375, 6.25, 4.25],
			"to": [2.715, 6.75, 4.375],
			"rotation": {"angle": 0, "axis": "y", "origin": [0.125, 0, 0]},
			"faces": {
				"east": {"uv": [0, 0, 0.37767, 0.37767], "texture": "#0"},
				"west": {"uv": [0, 0, 0.37767, 0.37767], "texture": "#0"}
			}
		},
		{
			"name": "Voxels",
			"from": [2.375, 6.75, 3.25],
			"to": [2.875, 7, 3.375],
			"rotation": {"angle": 0, "axis": "y", "origin": [0.125, 0, 0]},
			"faces": {
				"east": {"uv": [0, 0, 0.37767, 0.37767], "texture": "#0"},
				"west": {"uv": [0, 0, 0.37767, 0.37767], "texture": "#0"},
				"up": {"uv": [0, 0, 0.37767, 0.37767], "texture": "#0"}
			}
		},
		{
			"name": "Voxels",
			"from": [2.375, 6.75, 3.875],
			"to": [2.875, 7, 4],
			"rotation": {"angle": 0, "axis": "y", "origin": [0.125, 0, 0]},
			"faces": {
				"east": {"uv": [0, 0, 0.37767, 0.37767], "texture": "#0"},
				"south": {"uv": [0, 0, 0.37767, 0.37767], "texture": "#0"},
				"west": {"uv": [0, 0, 0.37767, 0.37767], "texture": "#0"},
				"up": {"uv": [0, 0, 0.37767, 0.37767], "texture": "#0"}
			}
		},
		{
			"name": "Voxels",
			"from": [2.375, 6.875, 3.375],
			"to": [2.875, 7, 3.875],
			"rotation": {"angle": 0, "axis": "y", "origin": [0.125, 0, 0]},
			"faces": {
				"east": {"uv": [0, 0, 0.37767, 0.37767], "texture": "#0"},
				"west": {"uv": [0, 0, 0.37767, 0.37767], "texture": "#0"},
				"up": {"uv": [0, 0, 0.37767, 0.37767], "texture": "#0"}
			}
		},
		{
			"name": "Voxels",
			"from": [2.5, 0, 1.75],
			"to": [3.125, 7, 1.875],
			"rotation": {"angle": 0, "axis": "y", "origin": [0.125, 0, 0]},
			"faces": {
				"north": {"uv": [0, 0, 0.37767, 0.37767], "texture": "#0"},
				"east": {"uv": [0, 0, 0.37767, 0.37767], "texture": "#0"},
				"south": {"uv": [0, 0, 0.37767, 0.37767], "texture": "#0"},
				"west": {"uv": [0, 0, 0.37767, 0.37767], "texture": "#0"},
				"up": {"uv": [0, 0, 0.37767, 0.37767], "texture": "#0"},
				"down": {"uv": [0, 0, 0.37767, 0.37767], "texture": "#0"}
			}
		},
		{
			"name": "Voxels",
			"from": [2.5, 0, 1.875],
			"to": [3, 7, 2],
			"rotation": {"angle": 0, "axis": "y", "origin": [0.125, 0, 0]},
			"faces": {
				"east": {"uv": [0, 0, 0.37767, 0.37767], "texture": "#0"},
				"south": {"uv": [0, 0, 0.37767, 0.37767], "texture": "#0"},
				"west": {"uv": [0, 0, 0.37767, 0.37767], "texture": "#0"},
				"up": {"uv": [0, 0, 0.37767, 0.37767], "texture": "#0"},
				"down": {"uv": [0, 0, 0.37767, 0.37767], "texture": "#0"}
			}
		},
		{
			"name": "Voxels",
			"from": [2.375, 0.125, 2],
			"to": [2.75, 0.25, 2.25],
			"faces": {
				"north": {"uv": [0, 0, 0.37767, 0.37767], "texture": "#0"},
				"east": {"uv": [0, 0, 0.37767, 0.37767], "texture": "#0"},
				"south": {"uv": [0, 0, 0.37767, 0.37767], "texture": "#0"},
				"west": {"uv": [0, 0, 0.37767, 0.37767], "texture": "#0"},
				"down": {"uv": [0, 0, 0.37767, 0.37767], "texture": "#0"}
			}
		},
		{
			"name": "Voxels",
			"from": [2.375, 0.75, 4.25],
			"to": [2.75, 1.125, 7.75],
			"faces": {
				"north": {"uv": [0.56651, 0, 0.88123, 0.31473], "texture": "#0"},
				"east": {"uv": [0.56651, 0, 0.88123, 0.31473], "texture": "#0"},
				"south": {"uv": [0.56651, 0, 0.88123, 0.31473], "texture": "#0"},
				"west": {"uv": [0.56651, 0, 0.88123, 0.31473], "texture": "#0"},
				"up": {"uv": [0.56651, 0, 0.88123, 0.31473], "texture": "#0"},
				"down": {"uv": [0.56651, 0, 0.88123, 0.31473], "texture": "#0"}
			}
		},
		{
			"name": "Voxels",
			"from": [2.375, 0.875, 2.625],
			"to": [2.75, 1.25, 4.25],
			"faces": {
				"east": {"uv": [0.62945, 0, 0.94418, 0.31473], "texture": "#0"},
				"south": {"uv": [0.62945, 0, 0.94418, 0.31473], "texture": "#0"},
				"west": {"uv": [0.62945, 0, 0.94418, 0.31473], "texture": "#0"},
				"up": {"uv": [0.62945, 0, 0.94418, 0.31473], "texture": "#0"},
				"down": {"uv": [0.62945, 0, 0.94418, 0.31473], "texture": "#0"}
			}
		},
		{
			"name": "Voxels",
			"from": [2.375, 0.875, 7.75],
			"to": [2.75, 1.25, 12.375],
			"faces": {
				"north": {"uv": [0.62945, 0, 0.94418, 0.31473], "texture": "#0"},
				"east": {"uv": [0.62945, 0, 0.94418, 0.31473], "texture": "#0"},
				"south": {"uv": [0.62945, 0, 0.94418, 0.31473], "texture": "#0"},
				"west": {"uv": [0.62945, 0, 0.94418, 0.31473], "texture": "#0"},
				"up": {"uv": [0.62945, 0, 0.94418, 0.31473], "texture": "#0"},
				"down": {"uv": [0.62945, 0, 0.94418, 0.31473], "texture": "#0"}
			}
		},
		{
			"name": "Voxels",
			"from": [2.375, 1.625, 4.625],
			"to": [2.75, 2.125, 4.875],
			"faces": {
				"north": {"uv": [0.62945, 0.6924, 0.94418, 1.00712], "texture": "#0"},
				"east": {"uv": [0.62945, 0.6924, 0.94418, 1.00712], "texture": "#0"},
				"south": {"uv": [0.62945, 0.6924, 0.94418, 1.00712], "texture": "#0"},
				"west": {"uv": [0.62945, 0.6924, 0.94418, 1.00712], "texture": "#0"},
				"up": {"uv": [0.62945, 0.6924, 0.94418, 1.00712], "texture": "#0"},
				"down": {"uv": [0.62945, 0.6924, 0.94418, 1.00712], "texture": "#0"}
			}
		},
		{
			"name": "Voxels",
			"from": [2.375, 1.75, 4.5],
			"to": [2.75, 2, 4.625],
			"faces": {
				"north": {"uv": [0.62945, 0.62945, 0.94418, 0.94418], "texture": "#0"},
				"east": {"uv": [0.62945, 0.62945, 0.94418, 0.94418], "texture": "#0"},
				"west": {"uv": [0.62945, 0.62945, 0.94418, 0.94418], "texture": "#0"},
				"up": {"uv": [0.62945, 0.62945, 0.94418, 0.94418], "texture": "#0"},
				"down": {"uv": [0.62945, 0.62945, 0.94418, 0.94418], "texture": "#0"}
			}
		},
		{
			"name": "Voxels",
			"from": [2.375, 1.75, 4.875],
			"to": [2.75, 2, 5],
			"faces": {
				"east": {"uv": [0.62945, 0.62945, 0.94418, 0.94418], "texture": "#0"},
				"south": {"uv": [0.62945, 0.62945, 0.94418, 0.94418], "texture": "#0"},
				"west": {"uv": [0.62945, 0.62945, 0.94418, 0.94418], "texture": "#0"},
				"up": {"uv": [0.62945, 0.62945, 0.94418, 0.94418], "texture": "#0"},
				"down": {"uv": [0.62945, 0.62945, 0.94418, 0.94418], "texture": "#0"}
			}
		},
		{
			"name": "Voxels",
			"from": [2.375, 5.875, 2.75],
			"to": [2.75, 6, 4],
			"faces": {
				"east": {"uv": [0, 0, 0.37767, 0.37767], "texture": "#0"},
				"south": {"uv": [0, 0, 0.37767, 0.37767], "texture": "#0"},
				"west": {"uv": [0, 0, 0.37767, 0.37767], "texture": "#0"},
				"down": {"uv": [0, 0, 0.37767, 0.37767], "texture": "#0"}
			}
		},
		{
			"name": "Voxels",
			"from": [2.375, 6, 4],
			"to": [2.75, 6.125, 4.25],
			"faces": {
				"east": {"uv": [0, 0, 0.37767, 0.37767], "texture": "#0"},
				"south": {"uv": [0, 0, 0.37767, 0.37767], "texture": "#0"},
				"west": {"uv": [0, 0, 0.37767, 0.37767], "texture": "#0"},
				"down": {"uv": [0, 0, 0.37767, 0.37767], "texture": "#0"}
			}
		},
		{
			"name": "Voxels",
			"from": [2.375, 6.125, 4.25],
			"to": [2.75, 6.25, 4.375],
			"faces": {
				"east": {"uv": [0, 0, 0.37767, 0.37767], "texture": "#0"},
				"south": {"uv": [0, 0, 0.37767, 0.37767], "texture": "#0"},
				"west": {"uv": [0, 0, 0.37767, 0.37767], "texture": "#0"},
				"up": {"uv": [0, 0, 0.37767, 0.37767], "texture": "#0"},
				"down": {"uv": [0, 0, 0.37767, 0.37767], "texture": "#0"}
			}
		},
		{
			"name": "Voxels",
			"from": [2.375, 6.25, 4.375],
			"to": [2.75, 6.75, 4.5],
			"faces": {
				"north": {"uv": [0, 0, 0.37767, 0.37767], "texture": "#0"},
				"east": {"uv": [0, 0, 0.37767, 0.37767], "texture": "#0"},
				"south": {"uv": [0, 0, 0.37767, 0.37767], "texture": "#0"},
				"west": {"uv": [0, 0, 0.37767, 0.37767], "texture": "#0"},
				"up": {"uv": [0, 0, 0.37767, 0.37767], "texture": "#0"},
				"down": {"uv": [0, 0, 0.37767, 0.37767], "texture": "#0"}
			}
		},
		{
			"name": "Voxels",
			"from": [2.375, 6.75, 4.25],
			"to": [2.75, 6.875, 4.375],
			"faces": {
				"east": {"uv": [0, 0, 0.37767, 0.37767], "texture": "#0"},
				"south": {"uv": [0, 0, 0.37767, 0.37767], "texture": "#0"},
				"west": {"uv": [0, 0, 0.37767, 0.37767], "texture": "#0"},
				"up": {"uv": [0, 0, 0.37767, 0.37767], "texture": "#0"},
				"down": {"uv": [0, 0, 0.37767, 0.37767], "texture": "#0"}
			}
		},
		{
			"name": "Voxels",
			"from": [2.375, 6.875, 4],
			"to": [2.75, 7, 4.25],
			"faces": {
				"east": {"uv": [0, 0, 0.37767, 0.37767], "texture": "#0"},
				"south": {"uv": [0, 0, 0.37767, 0.37767], "texture": "#0"},
				"west": {"uv": [0, 0, 0.37767, 0.37767], "texture": "#0"},
				"up": {"uv": [0, 0, 0.37767, 0.37767], "texture": "#0"}
			}
		},
		{
			"name": "Voxels",
			"from": [2.5, 7, 2],
			"to": [2.875, 7.125, 4],
			"rotation": {"angle": 0, "axis": "y", "origin": [0.125, 0, 0]},
			"faces": {
				"north": {"uv": [0, 0, 0.37767, 0.37767], "texture": "#0"},
				"east": {"uv": [0, 0, 0.37767, 0.37767], "texture": "#0"},
				"south": {"uv": [0, 0, 0.37767, 0.37767], "texture": "#0"},
				"west": {"uv": [0, 0, 0.37767, 0.37767], "texture": "#0"},
				"up": {"uv": [0, 0, 0.37767, 0.37767], "texture": "#0"},
				"down": {"uv": [0, 0, 0.37767, 0.37767], "texture": "#0"}
			}
		},
		{
			"name": "Voxels",
			"from": [2.625, 0, 1.625],
			"to": [3.25, 7, 1.75],
			"rotation": {"angle": 0, "axis": "y", "origin": [0.125, 0, 0]},
			"faces": {
				"east": {"uv": [0, 0, 0.37767, 0.37767], "texture": "#0"},
				"south": {"uv": [0, 0, 0.37767, 0.37767], "texture": "#0"},
				"west": {"uv": [0, 0, 0.37767, 0.37767], "texture": "#0"},
				"up": {"uv": [0, 0, 0.37767, 0.37767], "texture": "#0"},
				"down": {"uv": [0, 0, 0.37767, 0.37767], "texture": "#0"}
			}
		},
		{
			"name": "Voxels",
			"from": [2.5, 0.375, 2.375],
			"to": [2.75, 0.5, 2.5],
			"faces": {
				"east": {"uv": [0, 0, 0.37767, 0.37767], "texture": "#0"},
				"south": {"uv": [0, 0, 0.37767, 0.37767], "texture": "#0"},
				"west": {"uv": [0, 0, 0.37767, 0.37767], "texture": "#0"},
				"down": {"uv": [0, 0, 0.37767, 0.37767], "texture": "#0"}
			}
		},
		{
			"name": "Voxels",
			"from": [2.5, 0.5, 2.5],
			"to": [2.75, 0.75, 2.625],
			"faces": {
				"east": {"uv": [0, 0, 0.37767, 0.37767], "texture": "#0"},
				"south": {"uv": [0, 0, 0.37767, 0.37767], "texture": "#0"},
				"west": {"uv": [0, 0, 0.37767, 0.37767], "texture": "#0"},
				"down": {"uv": [0, 0, 0.37767, 0.37767], "texture": "#0"}
			}
		},
		{
			"name": "Voxels",
			"from": [2.5, 0.625, 4.25],
			"to": [2.75, 0.75, 7.75],
			"faces": {
				"north": {"uv": [0.62945, 0, 0.94418, 0.31473], "texture": "#0"},
				"east": {"uv": [0.62945, 0, 0.94418, 0.31473], "texture": "#0"},
				"south": {"uv": [0.62945, 0, 0.94418, 0.31473], "texture": "#0"},
				"west": {"uv": [0.62945, 0, 0.94418, 0.31473], "texture": "#0"},
				"down": {"uv": [0.62945, 0, 0.94418, 0.31473], "texture": "#0"}
			}
		},
		{
			"name": "Voxels",
			"from": [2.5, 0.75, 2.625],
			"to": [2.75, 0.875, 4.25],
			"faces": {
				"east": {"uv": [0.62945, 0, 0.94418, 0.31473], "texture": "#0"},
				"west": {"uv": [0.62945, 0, 0.94418, 0.31473], "texture": "#0"},
				"down": {"uv": [0.62945, 0, 0.94418, 0.31473], "texture": "#0"}
			}
		},
		{
			"name": "Voxels",
			"from": [2.5, 0.75, 7.75],
			"to": [2.75, 0.875, 12.375],
			"faces": {
				"east": {"uv": [0.62945, 0, 0.94418, 0.31473], "texture": "#0"},
				"south": {"uv": [0.62945, 0, 0.94418, 0.31473], "texture": "#0"},
				"west": {"uv": [0.62945, 0, 0.94418, 0.31473], "texture": "#0"},
				"down": {"uv": [0.62945, 0, 0.94418, 0.31473], "texture": "#0"}
			}
		},
		{
			"name": "Voxels",
			"from": [2.5, 0.875, 12.375],
			"to": [12.875, 1.25, 12.5],
			"faces": {
				"east": {"uv": [0.62945, 0, 0.94418, 0.31473], "texture": "#0"},
				"south": {"uv": [0.62945, 0, 0.94418, 0.31473], "texture": "#0"},
				"west": {"uv": [0.62945, 0, 0.94418, 0.31473], "texture": "#0"},
				"up": {"uv": [0.62945, 0, 0.94418, 0.31473], "texture": "#0"},
				"down": {"uv": [0.62945, 0, 0.94418, 0.31473], "texture": "#0"}
			}
		},
		{
			"name": "Voxels",
			"from": [2.5, 1.125, 4.25],
			"to": [2.75, 6.125, 4.5],
			"faces": {
				"east": {"uv": [0, 0, 0.37767, 0.37767], "texture": "#0"},
				"west": {"uv": [0, 0, 0.37767, 0.37767], "texture": "#0"}
			}
		},
		{
			"name": "Voxels",
			"from": [2.5, 1.125, 4.5],
			"to": [2.75, 1.75, 4.625],
			"faces": {
				"east": {"uv": [0, 0, 0.37767, 0.37767], "texture": "#0"},
				"west": {"uv": [0, 0, 0.37767, 0.37767], "texture": "#0"}
			}
		},
		{
			"name": "Voxels",
			"from": [2.5, 1.125, 4.625],
			"to": [2.75, 1.625, 7.75],
			"faces": {
				"east": {"uv": [0, 0, 0.37767, 0.37767], "texture": "#0"},
				"west": {"uv": [0, 0, 0.37767, 0.37767], "texture": "#0"}
			}
		},
		{
			"name": "Voxels",
			"from": [2.5, 1.25, 2.625],
			"to": [2.75, 5.875, 4.25],
			"faces": {
				"east": {"uv": [0, 0, 0.37767, 0.37767], "texture": "#0"}
			}
		},
		{
			"name": "Voxels",
			"from": [2.5, 1.25, 7.75],
			"to": [2.75, 9.75, 12.375],
			"faces": {
				"east": {"uv": [0, 0, 0.37767, 0.37767], "texture": "#0"},
				"south": {"uv": [0, 0, 0.37767, 0.37767], "texture": "#0"},
				"up": {"uv": [0, 0, 0.37767, 0.37767], "texture": "#0"}
			}
		},
		{
			"name": "Voxels",
			"from": [2.5, 1.625, 4.875],
			"to": [2.75, 1.75, 7.75],
			"faces": {
				"east": {"uv": [0, 0, 0.37767, 0.37767], "texture": "#0"}
			}
		},
		{
			"name": "Voxels",
			"from": [2.5, 1.75, 5],
			"to": [2.75, 9.75, 7.75],
			"faces": {
				"east": {"uv": [0, 0, 0.37767, 0.37767], "texture": "#0"},
				"up": {"uv": [0, 0, 0.37767, 0.37767], "texture": "#0"}
			}
		},
		{
			"name": "Voxels",
			"from": [2.5, 2, 4.5],
			"to": [2.75, 9.75, 4.625],
			"faces": {
				"east": {"uv": [0, 0, 0.37767, 0.37767], "texture": "#0"},
				"up": {"uv": [0, 0, 0.37767, 0.37767], "texture": "#0"}
			}
		},
		{
			"name": "Voxels",
			"from": [2.5, 2, 4.875],
			"to": [2.75, 9.75, 5],
			"faces": {
				"east": {"uv": [0, 0, 0.37767, 0.37767], "texture": "#0"},
				"up": {"uv": [0, 0, 0.37767, 0.37767], "texture": "#0"}
			}
		},
		{
			"name": "Voxels",
			"from": [2.5, 2.125, 4.625],
			"to": [2.75, 9.75, 4.875],
			"faces": {
				"east": {"uv": [0, 0, 0.37767, 0.37767], "texture": "#0"},
				"up": {"uv": [0, 0, 0.37767, 0.37767], "texture": "#0"}
			}
		},
		{
			"name": "Voxels",
			"from": [2.5, 3.375, 2.25],
			"to": [2.75, 7, 2.375],
			"faces": {
				"east": {"uv": [0, 0, 0.37767, 0.37767], "texture": "#0"}
			}
		},
		{
			"name": "Voxels",
			"from": [2.5, 5.875, 4],
			"to": [2.75, 6, 4.25],
			"faces": {
				"east": {"uv": [0, 0, 0.37767, 0.37767], "texture": "#0"}
			}
		},
		{
			"name": "Voxels",
			"from": [2.5, 6.125, 4.375],
			"to": [2.75, 6.25, 4.5],
			"faces": {
				"east": {"uv": [0, 0, 0.37767, 0.37767], "texture": "#0"}
			}
		},
		{
			"name": "Voxels",
			"from": [2.5, 6.75, 4.375],
			"to": [2.75, 9.75, 4.5],
			"faces": {
				"east": {"uv": [0, 0, 0.37767, 0.37767], "texture": "#0"},
				"up": {"uv": [0, 0, 0.37767, 0.37767], "texture": "#0"}
			}
		},
		{
			"name": "Voxels",
			"from": [2.5, 6.875, 4.25],
			"to": [2.75, 9.75, 4.375],
			"faces": {
				"east": {"uv": [0, 0, 0.37767, 0.37767], "texture": "#0"},
				"up": {"uv": [0, 0, 0.37767, 0.37767], "texture": "#0"}
			}
		},
		{
			"name": "Voxels",
			"from": [2.625, 7, 1.75],
			"to": [3.125, 7.125, 1.875],
			"rotation": {"angle": 0, "axis": "y", "origin": [0.125, 0, 0]},
			"faces": {
				"north": {"uv": [0, 0, 0.37767, 0.37767], "texture": "#0"},
				"east": {"uv": [0, 0, 0.37767, 0.37767], "texture": "#0"},
				"south": {"uv": [0, 0, 0.37767, 0.37767], "texture": "#0"},
				"west": {"uv": [0, 0, 0.37767, 0.37767], "texture": "#0"},
				"up": {"uv": [0, 0, 0.37767, 0.37767], "texture": "#0"}
			}
		},
		{
			"name": "Voxels",
			"from": [2.625, 7, 1.875],
			"to": [3, 7.125, 2],
			"rotation": {"angle": 0, "axis": "y", "origin": [0.125, 0, 0]},
			"faces": {
				"east": {"uv": [0, 0, 0.37767, 0.37767], "texture": "#0"},
				"south": {"uv": [0, 0, 0.37767, 0.37767], "texture": "#0"},
				"west": {"uv": [0, 0, 0.37767, 0.37767], "texture": "#0"},
				"up": {"uv": [0, 0, 0.37767, 0.37767], "texture": "#0"}
			}
		},
		{
			"name": "Voxels",
			"from": [2.5, 7, 4],
			"to": [2.75, 9.75, 4.25],
			"faces": {
				"east": {"uv": [0, 0, 0.37767, 0.37767], "texture": "#0"},
				"up": {"uv": [0, 0, 0.37767, 0.37767], "texture": "#0"}
			}
		},
		{
			"name": "Voxels",
			"from": [2.5, 7.125, 2.25],
			"to": [2.75, 9.75, 4],
			"faces": {
				"north": {"uv": [0, 0, 0.37767, 0.37767], "texture": "#0"},
				"east": {"uv": [0, 0, 0.37767, 0.37767], "texture": "#0"},
				"west": {"uv": [0, 0, 0.37767, 0.37767], "texture": "#0"},
				"up": {"uv": [0, 0, 0.37767, 0.37767], "texture": "#0"}
			}
		},
		{
			"name": "Voxels",
			"from": [2.625, 0, 1.5],
			"to": [3.625, 7, 1.625],
			"faces": {
				"north": {"uv": [0, 0, 0.37767, 0.37767], "texture": "#0"},
				"east": {"uv": [0, 0, 0.37767, 0.37767], "texture": "#0"},
				"south": {"uv": [0, 0, 0.37767, 0.37767], "texture": "#0"},
				"west": {"uv": [0, 0, 0.37767, 0.37767], "texture": "#0"},
				"up": {"uv": [0, 0, 0.37767, 0.37767], "texture": "#0"},
				"down": {"uv": [0, 0, 0.37767, 0.37767], "texture": "#0"}
			}
		},
		{
			"name": "Voxels",
			"from": [2.625, 0.5, 4.25],
			"to": [2.75, 0.625, 7.75],
			"faces": {
				"north": {"uv": [0.62945, 0, 0.94418, 0.31473], "texture": "#0"},
				"east": {"uv": [0.62945, 0, 0.94418, 0.31473], "texture": "#0"},
				"south": {"uv": [0.62945, 0, 0.94418, 0.31473], "texture": "#0"},
				"west": {"uv": [0.62945, 0, 0.94418, 0.31473], "texture": "#0"},
				"down": {"uv": [0.62945, 0, 0.94418, 0.31473], "texture": "#0"}
			}
		},
		{
			"name": "Voxels",
			"from": [2.625, 0.625, 2.625],
			"to": [2.75, 0.75, 4.25],
			"faces": {
				"east": {"uv": [0.62945, 0, 0.94418, 0.31473], "texture": "#0"},
				"west": {"uv": [0.62945, 0, 0.94418, 0.31473], "texture": "#0"},
				"down": {"uv": [0.62945, 0, 0.94418, 0.31473], "texture": "#0"}
			}
		},
		{
			"name": "Voxels",
			"from": [2.625, 0.625, 7.75],
			"to": [2.75, 0.75, 12.375],
			"faces": {
				"east": {"uv": [0.62945, 0, 0.94418, 0.31473], "texture": "#0"},
				"south": {"uv": [0.62945, 0, 0.94418, 0.31473], "texture": "#0"},
				"west": {"uv": [0.62945, 0, 0.94418, 0.31473], "texture": "#0"},
				"down": {"uv": [0.62945, 0, 0.94418, 0.31473], "texture": "#0"}
			}
		},
		{
			"name": "Voxels",
			"from": [2.625, 0.75, 12.375],
			"to": [12.75, 0.875, 12.5],
			"faces": {
				"east": {"uv": [0.62945, 0, 0.94418, 0.31473], "texture": "#0"},
				"south": {"uv": [0.62945, 0, 0.94418, 0.31473], "texture": "#0"},
				"west": {"uv": [0.62945, 0, 0.94418, 0.31473], "texture": "#0"},
				"down": {"uv": [0.62945, 0, 0.94418, 0.31473], "texture": "#0"}
			}
		},
		{
			"name": "Voxels",
			"from": [2.625, 0.875, 12.5],
			"to": [12.75, 1.25, 12.625],
			"faces": {
				"east": {"uv": [0.62945, 0, 0.94418, 0.31473], "texture": "#0"},
				"south": {"uv": [0.62945, 0, 0.94418, 0.31473], "texture": "#0"},
				"west": {"uv": [0.62945, 0, 0.94418, 0.31473], "texture": "#0"},
				"up": {"uv": [0.62945, 0, 0.94418, 0.31473], "texture": "#0"},
				"down": {"uv": [0.62945, 0, 0.94418, 0.31473], "texture": "#0"}
			}
		},
		{
			"name": "Voxels",
			"from": [2.625, 1.25, 12.375],
			"to": [12.75, 9.75, 12.5],
			"faces": {
				"east": {"uv": [0, 0, 0.37767, 0.37767], "texture": "#0"},
				"south": {"uv": [0, 0, 0.37767, 0.37767], "texture": "#0"},
				"west": {"uv": [0, 0, 0.37767, 0.37767], "texture": "#0"},
				"up": {"uv": [0, 0, 0.37767, 0.37767], "texture": "#0"}
			}
		},
		{
			"name": "Voxels",
			"from": [2.625, 2.625, 2.25],
			"to": [2.75, 3.375, 2.375],
			"faces": {
				"east": {"uv": [0, 0, 0.37767, 0.37767], "texture": "#0"}
			}
		},
		{
			"name": "Voxels",
			"from": [2.75, 7, 1.625],
			"to": [3.25, 7.125, 1.75],
			"rotation": {"angle": 0, "axis": "y", "origin": [0.125, 0, 0]},
			"faces": {
				"east": {"uv": [0, 0, 0.37767, 0.37767], "texture": "#0"},
				"south": {"uv": [0, 0, 0.37767, 0.37767], "texture": "#0"},
				"west": {"uv": [0, 0, 0.37767, 0.37767], "texture": "#0"},
				"up": {"uv": [0, 0, 0.37767, 0.37767], "texture": "#0"}
			}
		},
		{
			"name": "Voxels",
			"from": [2.625, 7.125, 2.125],
			"to": [2.875, 9.75, 2.25],
			"faces": {
				"north": {"uv": [0, 0, 0.37767, 0.37767], "texture": "#0"},
				"east": {"uv": [0, 0, 0.37767, 0.37767], "texture": "#0"},
				"south": {"uv": [0, 0, 0.37767, 0.37767], "texture": "#0"},
				"west": {"uv": [0, 0, 0.37767, 0.37767], "texture": "#0"},
				"up": {"uv": [0, 0, 0.37767, 0.37767], "texture": "#0"}
			}
		},
		{
			"name": "Voxels",
			"from": [2.625, 9.75, 2.25],
			"to": [12.75, 10, 12.375],
			"faces": {
				"north": {"uv": [0, 0, 0.37767, 0.37767], "texture": "#0"},
				"east": {"uv": [0, 0, 0.37767, 0.37767], "texture": "#0"},
				"south": {"uv": [0, 0, 0.37767, 0.37767], "texture": "#0"},
				"west": {"uv": [0, 0, 0.37767, 0.37767], "texture": "#0"},
				"up": {"uv": [0, 0, 0.37767, 0.37767], "texture": "#0"},
				"down": {"uv": [0, 0, 0.37767, 0.37767], "texture": "#0"}
			}
		},
		{
			"name": "Voxels",
			"from": [2.75, 0, 1.375],
			"to": [12.625, 7, 1.5],
			"faces": {
				"north": {"uv": [0, 0, 0.37767, 0.37767], "texture": "#0"},
				"east": {"uv": [0, 0, 0.37767, 0.37767], "texture": "#0"},
				"south": {"uv": [0, 0, 0.37767, 0.37767], "texture": "#0"},
				"west": {"uv": [0, 0, 0.37767, 0.37767], "texture": "#0"},
				"up": {"uv": [0, 0, 0.37767, 0.37767], "texture": "#0"},
				"down": {"uv": [0, 0, 0.37767, 0.37767], "texture": "#0"}
			}
		},
		{
			"name": "Voxels",
			"from": [2.75, 0.785, 12.25],
			"to": [12.75, 9.75, 12.375],
			"faces": {
				"north": {"uv": [0, 0, 0.37767, 0.37767], "texture": "#0"}
			}
		},
		{
			"name": "Voxels",
			"from": [2.75, 0.625, 12.25],
			"to": [12.75, 0.79, 12.375],
			"faces": {
				"north": {"uv": [0.62945, 0, 0.94418, 0.31473], "texture": "#0"},
				"east": {"uv": [0.62945, 0, 0.94418, 0.31473], "texture": "#0"},
				"south": {"uv": [0.62945, 0, 0.94418, 0.31473], "texture": "#0"},
				"down": {"uv": [0.62945, 0, 0.94418, 0.31473], "texture": "#0"}
			}
		},
		{
			"name": "Voxels",
			"from": [2.75, 0.625, 12.375],
			"to": [12.625, 0.75, 12.5],
			"faces": {
				"east": {"uv": [0.62945, 0, 0.94418, 0.31473], "texture": "#0"},
				"south": {"uv": [0.62945, 0, 0.94418, 0.31473], "texture": "#0"},
				"west": {"uv": [0.62945, 0, 0.94418, 0.31473], "texture": "#0"},
				"down": {"uv": [0.62945, 0, 0.94418, 0.31473], "texture": "#0"}
			}
		},
		{
			"name": "Voxels",
			"from": [2.75, 0.75, 12.5],
			"to": [12.625, 0.875, 12.625],
			"faces": {
				"east": {"uv": [0.62945, 0, 0.94418, 0.31473], "texture": "#0"},
				"south": {"uv": [0.62945, 0, 0.94418, 0.31473], "texture": "#0"},
				"west": {"uv": [0.62945, 0, 0.94418, 0.31473], "texture": "#0"},
				"down": {"uv": [0.62945, 0, 0.94418, 0.31473], "texture": "#0"}
			}
		},
		{
			"name": "Voxels",
			"from": [2.75, 0.875, 12.625],
			"to": [12.625, 1.25, 12.75],
			"faces": {
				"east": {"uv": [0.62945, 0, 0.94418, 0.31473], "texture": "#0"},
				"south": {"uv": [0.62945, 0, 0.94418, 0.31473], "texture": "#0"},
				"west": {"uv": [0.62945, 0, 0.94418, 0.31473], "texture": "#0"},
				"up": {"uv": [0.62945, 0, 0.94418, 0.31473], "texture": "#0"},
				"down": {"uv": [0.62945, 0, 0.94418, 0.31473], "texture": "#0"}
			}
		},
		{
			"name": "Voxels",
			"from": [2.75, 1.25, 12.5],
			"to": [12.625, 9.75, 12.625],
			"faces": {
				"east": {"uv": [0, 0, 0.37767, 0.37767], "texture": "#0"},
				"south": {"uv": [0, 0, 0.37767, 0.37767], "texture": "#0"},
				"west": {"uv": [0, 0, 0.37767, 0.37767], "texture": "#0"},
				"up": {"uv": [0, 0, 0.37767, 0.37767], "texture": "#0"}
			}
		},
		{
			"name": "Voxels",
			"from": [2.75, 7, 1.5],
			"to": [3.625, 7.125, 1.625],
			"faces": {
				"north": {"uv": [0, 0, 0.37767, 0.37767], "texture": "#0"},
				"east": {"uv": [0, 0, 0.37767, 0.37767], "texture": "#0"},
				"south": {"uv": [0, 0, 0.37767, 0.37767], "texture": "#0"},
				"west": {"uv": [0, 0, 0.37767, 0.37767], "texture": "#0"},
				"up": {"uv": [0, 0, 0.37767, 0.37767], "texture": "#0"}
			}
		},
		{
			"name": "Voxels",
			"from": [2.75, 7.125, 2],
			"to": [2.875, 9.5, 2.125],
			"faces": {
				"north": {"uv": [0, 0, 0.37767, 0.37767], "texture": "#0"},
				"east": {"uv": [0, 0, 0.37767, 0.37767], "texture": "#0"},
				"west": {"uv": [0, 0, 0.37767, 0.37767], "texture": "#0"},
				"up": {"uv": [0, 0, 0.37767, 0.37767], "texture": "#0"}
			}
		},
		{
			"name": "Voxels",
			"from": [2.75, 8.5, 2.25],
			"to": [12.875, 9.75, 3.625],
			"faces": {
				"north": {"uv": [0, 0, 0.37767, 0.37767], "texture": "#0"},
				"east": {"uv": [0, 0, 0.37767, 0.37767], "texture": "#0"},
				"south": {"uv": [0, 0, 0.37767, 0.37767], "texture": "#0"},
				"up": {"uv": [0, 0, 0.37767, 0.37767], "texture": "#0"},
				"down": {"uv": [0, 0, 0.37767, 0.37767], "texture": "#0"}
			}
		},
		{
			"name": "Voxels",
			"from": [2.75, 9.75, 2.125],
			"to": [12.625, 9.875, 2.25],
			"faces": {
				"north": {"uv": [0, 0, 0.37767, 0.37767], "texture": "#0"},
				"east": {"uv": [0, 0, 0.37767, 0.37767], "texture": "#0"},
				"west": {"uv": [0, 0, 0.37767, 0.37767], "texture": "#0"},
				"up": {"uv": [0, 0, 0.37767, 0.37767], "texture": "#0"}
			}
		},
		{
			"name": "Voxels",
			"from": [2.75, 9.75, 12.375],
			"to": [12.625, 10, 12.5],
			"faces": {
				"east": {"uv": [0, 0, 0.37767, 0.37767], "texture": "#0"},
				"south": {"uv": [0, 0, 0.37767, 0.37767], "texture": "#0"},
				"west": {"uv": [0, 0, 0.37767, 0.37767], "texture": "#0"},
				"up": {"uv": [0, 0, 0.37767, 0.37767], "texture": "#0"}
			}
		},
		{
			"name": "Voxels",
			"from": [2.75, 10, 2.25],
			"to": [12.625, 10.125, 12.375],
			"faces": {
				"north": {"uv": [0, 0, 0.37767, 0.37767], "texture": "#0"},
				"east": {"uv": [0, 0, 0.37767, 0.37767], "texture": "#0"},
				"south": {"uv": [0, 0, 0.37767, 0.37767], "texture": "#0"},
				"west": {"uv": [0, 0, 0.37767, 0.37767], "texture": "#0"},
				"up": {"uv": [0, 0, 0.37767, 0.37767], "texture": "#0"}
			}
		},
		{
			"name": "Voxels",
			"from": [2.875, 0, 1.25],
			"to": [12.5, 7, 1.375],
			"faces": {
				"north": {"uv": [0, 0, 0.37767, 0.37767], "texture": "#0"},
				"east": {"uv": [0, 0, 0.37767, 0.37767], "texture": "#0"},
				"west": {"uv": [0, 0, 0.37767, 0.37767], "texture": "#0"},
				"up": {"uv": [0, 0, 0.37767, 0.37767], "texture": "#0"},
				"down": {"uv": [0, 0, 0.37767, 0.37767], "texture": "#0"}
			}
		},
		{
			"name": "Voxels",
			"from": [2.875, 3.5, 1],
			"to": [12.5, 6.125, 1.25],
			"faces": {
				"north": {"uv": [0.62945, 0, 0.94418, 0.31473], "texture": "#0"},
				"east": {"uv": [0.62945, 0, 0.94418, 0.31473], "texture": "#0"},
				"west": {"uv": [0.62945, 0, 0.94418, 0.31473], "texture": "#0"},
				"up": {"uv": [0.62945, 0, 0.94418, 0.31473], "texture": "#0"},
				"down": {"uv": [0.62945, 0, 0.94418, 0.31473], "texture": "#0"}
			}
		},
		{
			"name": "Voxels",
			"from": [2.875, 7, 1.375],
			"to": [12.5, 7.125, 1.5],
			"faces": {
				"north": {"uv": [0, 0, 0.37767, 0.37767], "texture": "#0"},
				"east": {"uv": [0, 0, 0.37767, 0.37767], "texture": "#0"},
				"south": {"uv": [0, 0, 0.37767, 0.37767], "texture": "#0"},
				"west": {"uv": [0, 0, 0.37767, 0.37767], "texture": "#0"},
				"up": {"uv": [0, 0, 0.37767, 0.37767], "texture": "#0"}
			}
		},
		{
			"name": "Voxels",
			"from": [2.875, 7.125, 1.875],
			"to": [3, 9.125, 2],
			"faces": {
				"north": {"uv": [0, 0, 0.37767, 0.37767], "texture": "#0"},
				"east": {"uv": [0, 0, 0.37767, 0.37767], "texture": "#0"},
				"south": {"uv": [0, 0, 0.37767, 0.37767], "texture": "#0"},
				"west": {"uv": [0, 0, 0.37767, 0.37767], "texture": "#0"},
				"up": {"uv": [0, 0, 0.37767, 0.37767], "texture": "#0"}
			}
		},
		{
			"name": "Voxels",
			"from": [2.875, 7.625, 2],
			"to": [3, 9.625, 2.125],
			"faces": {
				"north": {"uv": [0, 0, 0.37767, 0.37767], "texture": "#0"},
				"east": {"uv": [0, 0, 0.37767, 0.37767], "texture": "#0"},
				"south": {"uv": [0, 0, 0.37767, 0.37767], "texture": "#0"},
				"west": {"uv": [0, 0, 0.37767, 0.37767], "texture": "#0"},
				"up": {"uv": [0, 0, 0.37767, 0.37767], "texture": "#0"},
				"down": {"uv": [0, 0, 0.37767, 0.37767], "texture": "#0"}
			}
		},
		{
			"name": "Voxels",
			"from": [2.875, 8, 2.125],
			"to": [3, 9.75, 2.25],
			"faces": {
				"north": {"uv": [0, 0, 0.37767, 0.37767], "texture": "#0"},
				"east": {"uv": [0, 0, 0.37767, 0.37767], "texture": "#0"},
				"south": {"uv": [0, 0, 0.37767, 0.37767], "texture": "#0"},
				"down": {"uv": [0, 0, 0.37767, 0.37767], "texture": "#0"}
			}
		},
		{
			"name": "Voxels",
			"from": [2.875, 9.875, 2.125],
			"to": [12.5, 10, 2.25],
			"faces": {
				"north": {"uv": [0, 0, 0.37767, 0.37767], "texture": "#0"},
				"east": {"uv": [0, 0, 0.37767, 0.37767], "texture": "#0"},
				"west": {"uv": [0, 0, 0.37767, 0.37767], "texture": "#0"},
				"up": {"uv": [0, 0, 0.37767, 0.37767], "texture": "#0"}
			}
		},
		{
			"name": "Voxels",
			"from": [3, 3.5, 0.875],
			"to": [12.375, 4, 1],
			"faces": {
				"north": {"uv": [0.62945, 0, 0.94418, 0.31473], "texture": "#0"},
				"east": {"uv": [0.62945, 0, 0.94418, 0.31473], "texture": "#0"},
				"west": {"uv": [0.62945, 0, 0.94418, 0.31473], "texture": "#0"},
				"down": {"uv": [0.62945, 0, 0.94418, 0.31473], "texture": "#0"}
			}
		},
		{
			"name": "Voxels",
			"from": [3, 4, 0.875],
			"to": [3.5, 6.125, 1],
			"faces": {
				"north": {"uv": [0.62945, 0, 0.94418, 0.31473], "texture": "#0"},
				"west": {"uv": [0.62945, 0, 0.94418, 0.31473], "texture": "#0"},
				"up": {"uv": [0.62945, 0, 0.94418, 0.31473], "texture": "#0"}
			}
		},
		{
			"name": "Voxels",
			"from": [3, 7.125, 1.75],
			"to": [3.125, 8.375, 1.875],
			"faces": {
				"north": {"uv": [0, 0, 0.37767, 0.37767], "texture": "#0"},
				"east": {"uv": [0, 0, 0.37767, 0.37767], "texture": "#0"},
				"south": {"uv": [0, 0, 0.37767, 0.37767], "texture": "#0"},
				"west": {"uv": [0, 0, 0.37767, 0.37767], "texture": "#0"},
				"up": {"uv": [0, 0, 0.37767, 0.37767], "texture": "#0"}
			}
		},
		{
			"name": "Voxels",
			"from": [3, 7.625, 1.875],
			"to": [3.125, 9.625, 2],
			"faces": {
				"north": {"uv": [0, 0, 0.37767, 0.37767], "texture": "#0"},
				"east": {"uv": [0, 0, 0.37767, 0.37767], "texture": "#0"},
				"south": {"uv": [0, 0, 0.37767, 0.37767], "texture": "#0"},
				"west": {"uv": [0, 0, 0.37767, 0.37767], "texture": "#0"},
				"up": {"uv": [0, 0, 0.37767, 0.37767], "texture": "#0"},
				"down": {"uv": [0, 0, 0.37767, 0.37767], "texture": "#0"}
			}
		},
		{
			"name": "Voxels",
			"from": [3, 8, 2],
			"to": [3.125, 9.75, 2.125],
			"faces": {
				"north": {"uv": [0, 0, 0.37767, 0.37767], "texture": "#0"},
				"east": {"uv": [0, 0, 0.37767, 0.37767], "texture": "#0"},
				"south": {"uv": [0, 0, 0.37767, 0.37767], "texture": "#0"},
				"west": {"uv": [0, 0, 0.37767, 0.37767], "texture": "#0"},
				"up": {"uv": [0, 0, 0.37767, 0.37767], "texture": "#0"},
				"down": {"uv": [0, 0, 0.37767, 0.37767], "texture": "#0"}
			}
		},
		{
			"name": "Voxels",
			"from": [3, 8.25, 2.125],
			"to": [3.125, 9.75, 2.25],
			"faces": {
				"east": {"uv": [0, 0, 0.37767, 0.37767], "texture": "#0"},
				"south": {"uv": [0, 0, 0.37767, 0.37767], "texture": "#0"},
				"down": {"uv": [0, 0, 0.37767, 0.37767], "texture": "#0"}
			}
		},
		{
			"name": "Voxels",
			"from": [3, 10.125, 2.5],
			"to": [12.375, 10.25, 12.125],
			"faces": {
				"north": {"uv": [0, 0, 0.37767, 0.37767], "texture": "#0"},
				"east": {"uv": [0, 0, 0.37767, 0.37767], "texture": "#0"},
				"south": {"uv": [0, 0, 0.37767, 0.37767], "texture": "#0"},
				"west": {"uv": [0, 0, 0.37767, 0.37767], "texture": "#0"},
				"up": {"uv": [0, 0, 0.37767, 0.37767], "texture": "#0"}
			}
		},
		{
			"name": "Voxels",
			"from": [3.125, 0, 1.125],
			"to": [12.25, 3.5, 1.25],
			"faces": {
				"north": {"uv": [0, 0, 0.37767, 0.37767], "texture": "#0"},
				"east": {"uv": [0, 0, 0.37767, 0.37767], "texture": "#0"},
				"west": {"uv": [0, 0, 0.37767, 0.37767], "texture": "#0"},
				"down": {"uv": [0, 0, 0.37767, 0.37767], "texture": "#0"}
			}
		},
		{
			"name": "Voxels",
			"from": [3.125, 3.5, 0.75],
			"to": [12.25, 4, 0.875],
			"faces": {
				"north": {"uv": [0.62945, 0, 0.94418, 0.31473], "texture": "#0"},
				"east": {"uv": [0.62945, 0, 0.94418, 0.31473], "texture": "#0"},
				"west": {"uv": [0.62945, 0, 0.94418, 0.31473], "texture": "#0"},
				"up": {"uv": [0.62945, 0, 0.94418, 0.31473], "texture": "#0"},
				"down": {"uv": [0.62945, 0, 0.94418, 0.31473], "texture": "#0"}
			}
		},
		{
			"name": "Voxels",
			"from": [3.125, 4, 0.75],
			"to": [3.5, 6.125, 0.875],
			"faces": {
				"north": {"uv": [0.62945, 0, 0.94418, 0.31473], "texture": "#0"},
				"east": {"uv": [0.62945, 0, 0.94418, 0.31473], "texture": "#0"},
				"west": {"uv": [0.62945, 0, 0.94418, 0.31473], "texture": "#0"},
				"up": {"uv": [0.62945, 0, 0.94418, 0.31473], "texture": "#0"}
			}
		},
		{
			"name": "Voxels",
			"from": [3.125, 6.125, 1.125],
			"to": [12.25, 7, 1.25],
			"faces": {
				"north": {"uv": [0, 0, 0.37767, 0.37767], "texture": "#0"},
				"east": {"uv": [0, 0, 0.37767, 0.37767], "texture": "#0"},
				"west": {"uv": [0, 0, 0.37767, 0.37767], "texture": "#0"},
				"up": {"uv": [0, 0, 0.37767, 0.37767], "texture": "#0"}
			}
		},
		{
			"name": "Voxels",
			"from": [3.125, 7, 1.25],
			"to": [12.25, 7.125, 1.375],
			"faces": {
				"north": {"uv": [0, 0, 0.37767, 0.37767], "texture": "#0"},
				"east": {"uv": [0, 0, 0.37767, 0.37767], "texture": "#0"},
				"west": {"uv": [0, 0, 0.37767, 0.37767], "texture": "#0"},
				"up": {"uv": [0, 0, 0.37767, 0.37767], "texture": "#0"}
			}
		},
		{
			"name": "Voxels",
			"from": [3.125, 7.125, 1.625],
			"to": [3.625, 8.375, 1.75],
			"faces": {
				"north": {"uv": [0, 0, 0.37767, 0.37767], "texture": "#0"},
				"east": {"uv": [0, 0, 0.37767, 0.37767], "texture": "#0"},
				"south": {"uv": [0, 0, 0.37767, 0.37767], "texture": "#0"},
				"west": {"uv": [0, 0, 0.37767, 0.37767], "texture": "#0"},
				"up": {"uv": [0, 0, 0.37767, 0.37767], "texture": "#0"},
				"down": {"uv": [0, 0, 0.37767, 0.37767], "texture": "#0"}
			}
		},
		{
			"name": "Voxels",
			"from": [3.125, 7.625, 1.75],
			"to": [3.625, 9.125, 1.875],
			"faces": {
				"north": {"uv": [0, 0, 0.37767, 0.37767], "texture": "#0"},
				"east": {"uv": [0, 0, 0.37767, 0.37767], "texture": "#0"},
				"south": {"uv": [0, 0, 0.37767, 0.37767], "texture": "#0"},
				"west": {"uv": [0, 0, 0.37767, 0.37767], "texture": "#0"},
				"up": {"uv": [0, 0, 0.37767, 0.37767], "texture": "#0"},
				"down": {"uv": [0, 0, 0.37767, 0.37767], "texture": "#0"}
			}
		},
		{
			"name": "Voxels",
			"from": [3.125, 8, 1.875],
			"to": [3.625, 9.75, 2],
			"faces": {
				"north": {"uv": [0, 0, 0.37767, 0.37767], "texture": "#0"},
				"east": {"uv": [0, 0, 0.37767, 0.37767], "texture": "#0"},
				"south": {"uv": [0, 0, 0.37767, 0.37767], "texture": "#0"},
				"west": {"uv": [0, 0, 0.37767, 0.37767], "texture": "#0"},
				"up": {"uv": [0, 0, 0.37767, 0.37767], "texture": "#0"},
				"down": {"uv": [0, 0, 0.37767, 0.37767], "texture": "#0"}
			}
		},
		{
			"name": "Voxels",
			"from": [3.125, 8.25, 2],
			"to": [3.625, 9.875, 2.125],
			"faces": {
				"north": {"uv": [0, 0, 0.37767, 0.37767], "texture": "#0"},
				"east": {"uv": [0, 0, 0.37767, 0.37767], "texture": "#0"},
				"south": {"uv": [0, 0, 0.37767, 0.37767], "texture": "#0"},
				"west": {"uv": [0, 0, 0.37767, 0.37767], "texture": "#0"},
				"up": {"uv": [0, 0, 0.37767, 0.37767], "texture": "#0"},
				"down": {"uv": [0, 0, 0.37767, 0.37767], "texture": "#0"}
			}
		},
		{
			"name": "Voxels",
			"from": [3.125, 8.375, 2.125],
			"to": [3.625, 9.75, 2.25],
			"faces": {
				"east": {"uv": [0, 0, 0.37767, 0.37767], "texture": "#0"},
				"south": {"uv": [0, 0, 0.37767, 0.37767], "texture": "#0"},
				"down": {"uv": [0, 0, 0.37767, 0.37767], "texture": "#0"}
			}
		},
		{
			"name": "Voxels",
			"from": [3.25, 7.125, 1.5],
			"to": [12.125, 8.375, 1.625],
			"faces": {
				"north": {"uv": [0, 0, 0.37767, 0.37767], "texture": "#0"},
				"east": {"uv": [0, 0, 0.37767, 0.37767], "texture": "#0"},
				"south": {"uv": [0, 0, 0.37767, 0.37767], "texture": "#0"},
				"west": {"uv": [0, 0, 0.37767, 0.37767], "texture": "#0"},
				"up": {"uv": [0, 0, 0.37767, 0.37767], "texture": "#0"},
				"down": {"uv": [0, 0, 0.37767, 0.37767], "texture": "#0"}
			}
		},
		{
			"name": "Voxels",
			"from": [3.25, 8.375, 1.625],
			"to": [12.125, 9.125, 1.75],
			"faces": {
				"north": {"uv": [0, 0, 0.37767, 0.37767], "texture": "#0"},
				"east": {"uv": [0, 0, 0.37767, 0.37767], "texture": "#0"},
				"west": {"uv": [0, 0, 0.37767, 0.37767], "texture": "#0"},
				"up": {"uv": [0, 0, 0.37767, 0.37767], "texture": "#0"}
			}
		},
		{
			"name": "Voxels",
			"from": [3.25, 9.125, 1.75],
			"to": [12.125, 9.625, 1.875],
			"faces": {
				"north": {"uv": [0, 0, 0.37767, 0.37767], "texture": "#0"},
				"east": {"uv": [0, 0, 0.37767, 0.37767], "texture": "#0"},
				"west": {"uv": [0, 0, 0.37767, 0.37767], "texture": "#0"},
				"up": {"uv": [0, 0, 0.37767, 0.37767], "texture": "#0"}
			}
		},
		{
			"name": "Voxels",
			"from": [3.5, 5.625, 0.75],
			"to": [12.25, 6.125, 1],
			"faces": {
				"north": {"uv": [0.62945, 0, 0.94418, 0.31473], "texture": "#0"},
				"east": {"uv": [0.62945, 0, 0.94418, 0.31473], "texture": "#0"},
				"up": {"uv": [0.62945, 0, 0.94418, 0.31473], "texture": "#0"},
				"down": {"uv": [0.62945, 0, 0.94418, 0.31473], "texture": "#0"}
			}
		},
		{
			"name": "Voxels",
			"from": [3.625, 0, 1],
			"to": [11.75, 3.5, 1.125],
			"faces": {
				"north": {"uv": [0, 0, 0.37767, 0.37767], "texture": "#0"},
				"east": {"uv": [0, 0, 0.37767, 0.37767], "texture": "#0"},
				"west": {"uv": [0, 0, 0.37767, 0.37767], "texture": "#0"},
				"down": {"uv": [0, 0, 0.37767, 0.37767], "texture": "#0"}
			}
		},
		{
			"name": "Voxels",
			"from": [3.625, 3.5, 0.625],
			"to": [11.75, 4, 0.75],
			"faces": {
				"north": {"uv": [0.62945, 0, 0.94418, 0.31473], "texture": "#0"},
				"east": {"uv": [0.62945, 0, 0.94418, 0.31473], "texture": "#0"},
				"west": {"uv": [0.62945, 0, 0.94418, 0.31473], "texture": "#0"},
				"up": {"uv": [0.62945, 0, 0.94418, 0.31473], "texture": "#0"},
				"down": {"uv": [0.62945, 0, 0.94418, 0.31473], "texture": "#0"}
			}
		},
		{
			"name": "Voxels",
			"from": [3.625, 5.625, 0.625],
			"to": [11.75, 6.125, 0.75],
			"faces": {
				"north": {"uv": [0.62945, 0, 0.94418, 0.31473], "texture": "#0"},
				"east": {"uv": [0.62945, 0, 0.94418, 0.31473], "texture": "#0"},
				"west": {"uv": [0.62945, 0, 0.94418, 0.31473], "texture": "#0"},
				"up": {"uv": [0.62945, 0, 0.94418, 0.31473], "texture": "#0"},
				"down": {"uv": [0.62945, 0, 0.94418, 0.31473], "texture": "#0"}
			}
		},
		{
			"name": "Voxels",
			"from": [3.625, 6.125, 1],
			"to": [11.75, 7, 1.125],
			"faces": {
				"north": {"uv": [0, 0, 0.37767, 0.37767], "texture": "#0"},
				"east": {"uv": [0, 0, 0.37767, 0.37767], "texture": "#0"},
				"west": {"uv": [0, 0, 0.37767, 0.37767], "texture": "#0"},
				"up": {"uv": [0, 0, 0.37767, 0.37767], "texture": "#0"}
			}
		},
		{
			"name": "Voxels",
			"from": [3.625, 7, 1.125],
			"to": [11.75, 7.125, 1.25],
			"faces": {
				"north": {"uv": [0, 0, 0.37767, 0.37767], "texture": "#0"},
				"east": {"uv": [0, 0, 0.37767, 0.37767], "texture": "#0"},
				"west": {"uv": [0, 0, 0.37767, 0.37767], "texture": "#0"},
				"up": {"uv": [0, 0, 0.37767, 0.37767], "texture": "#0"}
			}
		},
		{
			"name": "Voxels",
			"from": [3.625, 7.125, 1.375],
			"to": [11.75, 8.375, 1.5],
			"faces": {
				"north": {"uv": [0, 0, 0.37767, 0.37767], "texture": "#0"},
				"east": {"uv": [0, 0, 0.37767, 0.37767], "texture": "#0"},
				"west": {"uv": [0, 0, 0.37767, 0.37767], "texture": "#0"},
				"up": {"uv": [0, 0, 0.37767, 0.37767], "texture": "#0"}
			}
		},
		{
			"name": "Voxels",
			"from": [3.625, 7.625, 1.625],
			"to": [12.25, 8.375, 1.75],
			"faces": {
				"north": {"uv": [0, 0, 0.37767, 0.37767], "texture": "#0"},
				"east": {"uv": [0, 0, 0.37767, 0.37767], "texture": "#0"},
				"south": {"uv": [0, 0, 0.37767, 0.37767], "texture": "#0"},
				"up": {"uv": [0, 0, 0.37767, 0.37767], "texture": "#0"},
				"down": {"uv": [0, 0, 0.37767, 0.37767], "texture": "#0"}
			}
		},
		{
			"name": "Voxels",
			"from": [3.625, 8, 1.75],
			"to": [12.375, 8.375, 1.875],
			"faces": {
				"north": {"uv": [0, 0, 0.37767, 0.37767], "texture": "#0"},
				"east": {"uv": [0, 0, 0.37767, 0.37767], "texture": "#0"},
				"south": {"uv": [0, 0, 0.37767, 0.37767], "texture": "#0"},
				"up": {"uv": [0, 0, 0.37767, 0.37767], "texture": "#0"},
				"down": {"uv": [0, 0, 0.37767, 0.37767], "texture": "#0"}
			}
		},
		{
			"name": "Voxels",
			"from": [3.625, 8.25, 1.875],
			"to": [12.5, 9.125, 2],
			"faces": {
				"north": {"uv": [0, 0, 0.37767, 0.37767], "texture": "#0"},
				"east": {"uv": [0, 0, 0.37767, 0.37767], "texture": "#0"},
				"south": {"uv": [0, 0, 0.37767, 0.37767], "texture": "#0"},
				"up": {"uv": [0, 0, 0.37767, 0.37767], "texture": "#0"},
				"down": {"uv": [0, 0, 0.37767, 0.37767], "texture": "#0"}
			}
		},
		{
			"name": "Voxels",
			"from": [3.625, 8.375, 1.5],
			"to": [11.75, 9.125, 1.625],
			"faces": {
				"north": {"uv": [0, 0, 0.37767, 0.37767], "texture": "#0"},
				"east": {"uv": [0, 0, 0.37767, 0.37767], "texture": "#0"},
				"west": {"uv": [0, 0, 0.37767, 0.37767], "texture": "#0"},
				"up": {"uv": [0, 0, 0.37767, 0.37767], "texture": "#0"}
			}
		},
		{
			"name": "Voxels",
			"from": [3.625, 8.375, 1.75],
			"to": [12.25, 9.125, 1.875],
			"faces": {
				"north": {"uv": [0, 0, 0.37767, 0.37767], "texture": "#0"},
				"east": {"uv": [0, 0, 0.37767, 0.37767], "texture": "#0"},
				"up": {"uv": [0, 0, 0.37767, 0.37767], "texture": "#0"}
			}
		},
		{
			"name": "Voxels",
			"from": [3.625, 8.375, 2],
			"to": [12.625, 9.5, 2.125],
			"faces": {
				"north": {"uv": [0, 0, 0.37767, 0.37767], "texture": "#0"},
				"east": {"uv": [0, 0, 0.37767, 0.37767], "texture": "#0"},
				"south": {"uv": [0, 0, 0.37767, 0.37767], "texture": "#0"},
				"up": {"uv": [0, 0, 0.37767, 0.37767], "texture": "#0"},
				"down": {"uv": [0, 0, 0.37767, 0.37767], "texture": "#0"}
			}
		},
		{
			"name": "Voxels",
			"from": [3.625, 8.5, 2.125],
			"to": [12.75, 9.75, 2.25],
			"faces": {
				"north": {"uv": [0, 0, 0.37767, 0.37767], "texture": "#0"},
				"east": {"uv": [0, 0, 0.37767, 0.37767], "texture": "#0"},
				"up": {"uv": [0, 0, 0.37767, 0.37767], "texture": "#0"},
				"down": {"uv": [0, 0, 0.37767, 0.37767], "texture": "#0"}
			}
		},
		{
			"name": "Voxels",
			"from": [3.625, 9.125, 1.625],
			"to": [11.75, 9.625, 1.75],
			"faces": {
				"north": {"uv": [0, 0, 0.37767, 0.37767], "texture": "#0"},
				"east": {"uv": [0, 0, 0.37767, 0.37767], "texture": "#0"},
				"west": {"uv": [0, 0, 0.37767, 0.37767], "texture": "#0"},
				"up": {"uv": [0, 0, 0.37767, 0.37767], "texture": "#0"}
			}
		},
		{
			"name": "Voxels",
			"from": [3.625, 9.125, 1.875],
			"to": [12.375, 9.625, 2],
			"faces": {
				"north": {"uv": [0, 0, 0.37767, 0.37767], "texture": "#0"},
				"east": {"uv": [0, 0, 0.37767, 0.37767], "texture": "#0"},
				"up": {"uv": [0, 0, 0.37767, 0.37767], "texture": "#0"}
			}
		},
		{
			"name": "Voxels",
			"from": [3.625, 9.5, 2],
			"to": [12.5, 9.625, 2.125],
			"faces": {
				"north": {"uv": [0, 0, 0.37767, 0.37767], "texture": "#0"},
				"east": {"uv": [0, 0, 0.37767, 0.37767], "texture": "#0"},
				"up": {"uv": [0, 0, 0.37767, 0.37767], "texture": "#0"}
			}
		},
		{
			"name": "Voxels",
			"from": [3.625, 9.625, 1.75],
			"to": [11.75, 9.75, 2.125],
			"faces": {
				"north": {"uv": [0, 0, 0.37767, 0.37767], "texture": "#0"},
				"east": {"uv": [0, 0, 0.37767, 0.37767], "texture": "#0"},
				"west": {"uv": [0, 0, 0.37767, 0.37767], "texture": "#0"},
				"up": {"uv": [0, 0, 0.37767, 0.37767], "texture": "#0"}
			}
		},
		{
			"name": "Voxels",
			"from": [3.625, 9.75, 1.875],
			"to": [11.75, 9.875, 2.125],
			"faces": {
				"north": {"uv": [0, 0, 0.37767, 0.37767], "texture": "#0"},
				"east": {"uv": [0, 0, 0.37767, 0.37767], "texture": "#0"},
				"west": {"uv": [0, 0, 0.37767, 0.37767], "texture": "#0"},
				"up": {"uv": [0, 0, 0.37767, 0.37767], "texture": "#0"}
			}
		},
		{
			"name": "Voxels",
			"from": [3.625, 9.875, 2],
			"to": [11.75, 10, 2.125],
			"faces": {
				"north": {"uv": [0, 0, 0.37767, 0.37767], "texture": "#0"},
				"east": {"uv": [0, 0, 0.37767, 0.37767], "texture": "#0"},
				"west": {"uv": [0, 0, 0.37767, 0.37767], "texture": "#0"},
				"up": {"uv": [0, 0, 0.37767, 0.37767], "texture": "#0"}
			}
		},
		{
			"name": "Voxels",
			"from": [4.125, 3.5, 0.5],
			"to": [11.25, 4, 0.625],
			"faces": {
				"north": {"uv": [0.62945, 0, 0.94418, 0.31473], "texture": "#0"},
				"east": {"uv": [0.62945, 0, 0.94418, 0.31473], "texture": "#0"},
				"west": {"uv": [0.62945, 0, 0.94418, 0.31473], "texture": "#0"},
				"up": {"uv": [0.62945, 0, 0.94418, 0.31473], "texture": "#0"},
				"down": {"uv": [0.62945, 0, 0.94418, 0.31473], "texture": "#0"}
			}
		},
		{
			"name": "Voxels",
			"from": [4.125, 4, 0.75],
			"to": [11.25, 5.625, 0.875],
			"faces": {
				"north": {"uv": [0.06295, 0.6924, 0.37767, 1.00712], "texture": "#0"},
				"east": {"uv": [0.06295, 0.6924, 0.37767, 1.00712], "texture": "#0"},
				"west": {"uv": [0.06295, 0.6924, 0.37767, 1.00712], "texture": "#0"}
			}
		},
		{
			"name": "Voxels",
			"from": [4.125, 5.625, 0.5],
			"to": [11.25, 6.125, 0.625],
			"faces": {
				"north": {"uv": [0.6924, 0, 0.94418, 0.25178], "texture": "#0"},
				"east": {"uv": [0.6924, 0, 0.94418, 0.25178], "texture": "#0"},
				"west": {"uv": [0.6924, 0, 0.94418, 0.25178], "texture": "#0"},
				"up": {"uv": [0.6924, 0, 0.94418, 0.25178], "texture": "#0"},
				"down": {"uv": [0.6924, 0, 0.94418, 0.25178], "texture": "#0"}
			}
		},
		{
			"name": "Voxels",
			"from": [11.75, 0, 1.5],
			"to": [12.75, 7, 1.625],
			"faces": {
				"north": {"uv": [0, 0, 0.37767, 0.37767], "texture": "#0"},
				"east": {"uv": [0, 0, 0.37767, 0.37767], "texture": "#0"},
				"south": {"uv": [0, 0, 0.37767, 0.37767], "texture": "#0"},
				"west": {"uv": [0, 0, 0.37767, 0.37767], "texture": "#0"},
				"up": {"uv": [0, 0, 0.37767, 0.37767], "texture": "#0"},
				"down": {"uv": [0, 0, 0.37767, 0.37767], "texture": "#0"}
			}
		},
		{
			"name": "Voxels",
			"from": [11.75, 7, 1.5],
			"to": [12.625, 7.125, 1.625],
			"faces": {
				"north": {"uv": [0, 0, 0.37767, 0.37767], "texture": "#0"},
				"east": {"uv": [0, 0, 0.37767, 0.37767], "texture": "#0"},
				"south": {"uv": [0, 0, 0.37767, 0.37767], "texture": "#0"},
				"west": {"uv": [0, 0, 0.37767, 0.37767], "texture": "#0"},
				"up": {"uv": [0, 0, 0.37767, 0.37767], "texture": "#0"}
			}
		},
		{
			"name": "Voxels",
			"from": [11.75, 7.125, 1.625],
			"to": [12.25, 7.625, 1.75],
			"faces": {
				"north": {"uv": [0, 0, 0.37767, 0.37767], "texture": "#0"},
				"east": {"uv": [0, 0, 0.37767, 0.37767], "texture": "#0"},
				"south": {"uv": [0, 0, 0.37767, 0.37767], "texture": "#0"},
				"west": {"uv": [0, 0, 0.37767, 0.37767], "texture": "#0"},
				"down": {"uv": [0, 0, 0.37767, 0.37767], "texture": "#0"}
			}
		},
		{
			"name": "Voxels",
			"from": [11.75, 7.625, 1.75],
			"to": [12.375, 8, 1.875],
			"faces": {
				"north": {"uv": [0, 0, 0.37767, 0.37767], "texture": "#0"},
				"east": {"uv": [0, 0, 0.37767, 0.37767], "texture": "#0"},
				"south": {"uv": [0, 0, 0.37767, 0.37767], "texture": "#0"},
				"west": {"uv": [0, 0, 0.37767, 0.37767], "texture": "#0"},
				"down": {"uv": [0, 0, 0.37767, 0.37767], "texture": "#0"}
			}
		},
		{
			"name": "Voxels",
			"from": [11.75, 8, 1.875],
			"to": [12.5, 8.25, 2],
			"faces": {
				"north": {"uv": [0, 0, 0.37767, 0.37767], "texture": "#0"},
				"east": {"uv": [0, 0, 0.37767, 0.37767], "texture": "#0"},
				"south": {"uv": [0, 0, 0.37767, 0.37767], "texture": "#0"},
				"west": {"uv": [0, 0, 0.37767, 0.37767], "texture": "#0"},
				"down": {"uv": [0, 0, 0.37767, 0.37767], "texture": "#0"}
			}
		},
		{
			"name": "Voxels",
			"from": [11.75, 8.25, 2],
			"to": [12.625, 8.375, 2.125],
			"faces": {
				"north": {"uv": [0, 0, 0.37767, 0.37767], "texture": "#0"},
				"east": {"uv": [0, 0, 0.37767, 0.37767], "texture": "#0"},
				"south": {"uv": [0, 0, 0.37767, 0.37767], "texture": "#0"},
				"west": {"uv": [0, 0, 0.37767, 0.37767], "texture": "#0"},
				"down": {"uv": [0, 0, 0.37767, 0.37767], "texture": "#0"}
			}
		},
		{
			"name": "Voxels",
			"from": [11.75, 8.375, 2.125],
			"to": [12.75, 8.5, 2.25],
			"faces": {
				"north": {"uv": [0, 0, 0.37767, 0.37767], "texture": "#0"},
				"east": {"uv": [0, 0, 0.37767, 0.37767], "texture": "#0"},
				"south": {"uv": [0, 0, 0.37767, 0.37767], "texture": "#0"},
				"west": {"uv": [0, 0, 0.37767, 0.37767], "texture": "#0"},
				"down": {"uv": [0, 0, 0.37767, 0.37767], "texture": "#0"}
			}
		},
		{
			"name": "Voxels",
			"from": [11.75, 9.625, 1.875],
			"to": [12.25, 9.75, 2.125],
			"faces": {
				"north": {"uv": [0, 0, 0.37767, 0.37767], "texture": "#0"},
				"east": {"uv": [0, 0, 0.37767, 0.37767], "texture": "#0"},
				"up": {"uv": [0, 0, 0.37767, 0.37767], "texture": "#0"}
			}
		},
		{
			"name": "Voxels",
			"from": [11.75, 9.75, 2],
			"to": [12.25, 9.875, 2.125],
			"faces": {
				"north": {"uv": [0, 0, 0.37767, 0.37767], "texture": "#0"},
				"east": {"uv": [0, 0, 0.37767, 0.37767], "texture": "#0"},
				"up": {"uv": [0, 0, 0.37767, 0.37767], "texture": "#0"}
			}
		},
		{
			"name": "Voxels",
			"from": [11.875, 4, 0.75],
			"to": [12.25, 5.625, 1],
			"faces": {
				"north": {"uv": [0.62945, 0, 0.94418, 0.31473], "texture": "#0"},
				"east": {"uv": [0.62945, 0, 0.94418, 0.31473], "texture": "#0"},
				"west": {"uv": [0.62945, 0, 0.94418, 0.31473], "texture": "#0"}
			}
		},
		{
			"name": "Voxels",
			"from": [12.125, 0, 1.625],
			"to": [12.75, 7, 1.75],
			"rotation": {"angle": 0, "axis": "y", "origin": [-0.125, 0, 0]},
			"faces": {
				"east": {"uv": [0, 0, 0.37767, 0.37767], "texture": "#0"},
				"south": {"uv": [0, 0, 0.37767, 0.37767], "texture": "#0"},
				"west": {"uv": [0, 0, 0.37767, 0.37767], "texture": "#0"},
				"up": {"uv": [0, 0, 0.37767, 0.37767], "texture": "#0"},
				"down": {"uv": [0, 0, 0.37767, 0.37767], "texture": "#0"}
			}
		},
		{
			"name": "Voxels",
			"from": [12.25, 4, 0.875],
			"to": [12.375, 6.125, 1],
			"faces": {
				"north": {"uv": [0.62945, 0, 0.94418, 0.31473], "texture": "#0"},
				"east": {"uv": [0.62945, 0, 0.94418, 0.31473], "texture": "#0"},
				"up": {"uv": [0.62945, 0, 0.94418, 0.31473], "texture": "#0"}
			}
		},
		{
			"name": "Voxels",
			"from": [12.125, 7, 1.625],
			"to": [12.625, 7.125, 1.75],
			"rotation": {"angle": 0, "axis": "y", "origin": [-0.125, 0, 0]},
			"faces": {
				"east": {"uv": [0, 0, 0.37767, 0.37767], "texture": "#0"},
				"south": {"uv": [0, 0, 0.37767, 0.37767], "texture": "#0"},
				"west": {"uv": [0, 0, 0.37767, 0.37767], "texture": "#0"},
				"up": {"uv": [0, 0, 0.37767, 0.37767], "texture": "#0"}
			}
		},
		{
			"name": "Voxels",
			"from": [12.25, 7.125, 1.75],
			"to": [12.375, 7.625, 1.875],
			"faces": {
				"north": {"uv": [0, 0, 0.37767, 0.37767], "texture": "#0"},
				"east": {"uv": [0, 0, 0.37767, 0.37767], "texture": "#0"},
				"south": {"uv": [0, 0, 0.37767, 0.37767], "texture": "#0"},
				"west": {"uv": [0, 0, 0.37767, 0.37767], "texture": "#0"}
			}
		},
		{
			"name": "Voxels",
			"from": [12.25, 7.625, 1.875],
			"to": [12.5, 8, 2],
			"faces": {
				"north": {"uv": [0, 0, 0.37767, 0.37767], "texture": "#0"},
				"east": {"uv": [0, 0, 0.37767, 0.37767], "texture": "#0"},
				"south": {"uv": [0, 0, 0.37767, 0.37767], "texture": "#0"},
				"west": {"uv": [0, 0, 0.37767, 0.37767], "texture": "#0"},
				"down": {"uv": [0, 0, 0.37767, 0.37767], "texture": "#0"}
			}
		},
		{
			"name": "Voxels",
			"from": [12.25, 8, 2],
			"to": [12.625, 8.25, 2.125],
			"faces": {
				"north": {"uv": [0, 0, 0.37767, 0.37767], "texture": "#0"},
				"east": {"uv": [0, 0, 0.37767, 0.37767], "texture": "#0"},
				"south": {"uv": [0, 0, 0.37767, 0.37767], "texture": "#0"},
				"west": {"uv": [0, 0, 0.37767, 0.37767], "texture": "#0"},
				"down": {"uv": [0, 0, 0.37767, 0.37767], "texture": "#0"}
			}
		},
		{
			"name": "Voxels",
			"from": [12.25, 8.25, 2.125],
			"to": [12.75, 8.375, 2.25],
			"faces": {
				"north": {"uv": [0, 0, 0.37767, 0.37767], "texture": "#0"},
				"east": {"uv": [0, 0, 0.37767, 0.37767], "texture": "#0"},
				"south": {"uv": [0, 0, 0.37767, 0.37767], "texture": "#0"},
				"west": {"uv": [0, 0, 0.37767, 0.37767], "texture": "#0"},
				"down": {"uv": [0, 0, 0.37767, 0.37767], "texture": "#0"}
			}
		},
		{
			"name": "Voxels",
			"from": [12.25, 9.625, 2],
			"to": [12.375, 9.75, 2.125],
			"faces": {
				"north": {"uv": [0, 0, 0.37767, 0.37767], "texture": "#0"},
				"east": {"uv": [0, 0, 0.37767, 0.37767], "texture": "#0"},
				"up": {"uv": [0, 0, 0.37767, 0.37767], "texture": "#0"}
			}
		},
		{
			"name": "Voxels",
			"from": [12.25, 0, 1.75],
			"to": [12.875, 7, 1.875],
			"rotation": {"angle": 0, "axis": "y", "origin": [-0.125, 0, 0]},
			"faces": {
				"north": {"uv": [0, 0, 0.37767, 0.37767], "texture": "#0"},
				"east": {"uv": [0, 0, 0.37767, 0.37767], "texture": "#0"},
				"south": {"uv": [0, 0, 0.37767, 0.37767], "texture": "#0"},
				"west": {"uv": [0, 0, 0.37767, 0.37767], "texture": "#0"},
				"up": {"uv": [0, 0, 0.37767, 0.37767], "texture": "#0"},
				"down": {"uv": [0, 0, 0.37767, 0.37767], "texture": "#0"}
			}
		},
		{
			"name": "Voxels",
			"from": [12.25, 7, 1.75],
			"to": [12.75, 7.125, 1.875],
			"rotation": {"angle": 0, "axis": "y", "origin": [-0.125, 0, 0]},
			"faces": {
				"north": {"uv": [0, 0, 0.37767, 0.37767], "texture": "#0"},
				"east": {"uv": [0, 0, 0.37767, 0.37767], "texture": "#0"},
				"south": {"uv": [0, 0, 0.37767, 0.37767], "texture": "#0"},
				"west": {"uv": [0, 0, 0.37767, 0.37767], "texture": "#0"},
				"up": {"uv": [0, 0, 0.37767, 0.37767], "texture": "#0"}
			}
		},
		{
			"name": "Voxels",
			"from": [12.375, 7.125, 1.875],
			"to": [12.5, 7.625, 2],
			"faces": {
				"north": {"uv": [0, 0, 0.37767, 0.37767], "texture": "#0"},
				"east": {"uv": [0, 0, 0.37767, 0.37767], "texture": "#0"},
				"south": {"uv": [0, 0, 0.37767, 0.37767], "texture": "#0"},
				"west": {"uv": [0, 0, 0.37767, 0.37767], "texture": "#0"}
			}
		},
		{
			"name": "Voxels",
			"from": [12.375, 7.625, 2],
			"to": [12.625, 8, 2.125],
			"faces": {
				"north": {"uv": [0, 0, 0.37767, 0.37767], "texture": "#0"},
				"east": {"uv": [0, 0, 0.37767, 0.37767], "texture": "#0"},
				"south": {"uv": [0, 0, 0.37767, 0.37767], "texture": "#0"},
				"west": {"uv": [0, 0, 0.37767, 0.37767], "texture": "#0"},
				"down": {"uv": [0, 0, 0.37767, 0.37767], "texture": "#0"}
			}
		},
		{
			"name": "Voxels",
			"from": [12.375, 8, 2.125],
			"to": [12.75, 8.25, 2.25],
			"faces": {
				"north": {"uv": [0, 0, 0.37767, 0.37767], "texture": "#0"},
				"east": {"uv": [0, 0, 0.37767, 0.37767], "texture": "#0"},
				"south": {"uv": [0, 0, 0.37767, 0.37767], "texture": "#0"},
				"west": {"uv": [0, 0, 0.37767, 0.37767], "texture": "#0"},
				"down": {"uv": [0, 0, 0.37767, 0.37767], "texture": "#0"}
			}
		},
		{
			"name": "Voxels",
			"from": [12.375, 0, 1.875],
			"to": [12.875, 7, 2],
			"rotation": {"angle": 0, "axis": "y", "origin": [-0.125, 0, 0]},
			"faces": {
				"east": {"uv": [0, 0, 0.37767, 0.37767], "texture": "#0"},
				"south": {"uv": [0, 0, 0.37767, 0.37767], "texture": "#0"},
				"west": {"uv": [0, 0, 0.37767, 0.37767], "texture": "#0"},
				"up": {"uv": [0, 0, 0.37767, 0.37767], "texture": "#0"},
				"down": {"uv": [0, 0, 0.37767, 0.37767], "texture": "#0"}
			}
		},
		{
			"name": "Voxels",
			"from": [12.375, 7, 1.875],
			"to": [12.75, 7.125, 2],
			"rotation": {"angle": 0, "axis": "y", "origin": [-0.125, 0, 0]},
			"faces": {
				"east": {"uv": [0, 0, 0.37767, 0.37767], "texture": "#0"},
				"south": {"uv": [0, 0, 0.37767, 0.37767], "texture": "#0"},
				"west": {"uv": [0, 0, 0.37767, 0.37767], "texture": "#0"},
				"up": {"uv": [0, 0, 0.37767, 0.37767], "texture": "#0"}
			}
		},
		{
			"name": "Voxels",
			"from": [12.5, 7.125, 2],
			"to": [12.625, 7.625, 2.25],
			"faces": {
				"north": {"uv": [0, 0, 0.37767, 0.37767], "texture": "#0"},
				"east": {"uv": [0, 0, 0.37767, 0.37767], "texture": "#0"},
				"south": {"uv": [0, 0, 0.37767, 0.37767], "texture": "#0"},
				"west": {"uv": [0, 0, 0.37767, 0.37767], "texture": "#0"},
				"down": {"uv": [0, 0, 0.37767, 0.37767], "texture": "#0"}
			}
		},
		{
			"name": "Voxels",
			"from": [12.5, 7.625, 2.125],
			"to": [12.75, 8, 2.25],
			"faces": {
				"north": {"uv": [0, 0, 0.37767, 0.37767], "texture": "#0"},
				"east": {"uv": [0, 0, 0.37767, 0.37767], "texture": "#0"},
				"south": {"uv": [0, 0, 0.37767, 0.37767], "texture": "#0"},
				"west": {"uv": [0, 0, 0.37767, 0.37767], "texture": "#0"}
			}
		},
		{
			"name": "Voxels",
			"from": [12.625, 0.125, 2],
			"to": [13, 7.125, 2.25],
			"faces": {
				"north": {"uv": [0, 0, 0.37767, 0.37767], "texture": "#0"},
				"east": {"uv": [0, 0, 0.37767, 0.37767], "texture": "#0"},
				"south": {"uv": [0, 0, 0.37767, 0.37767], "texture": "#0"},
				"west": {"uv": [0, 0, 0.37767, 0.37767], "texture": "#0"},
				"up": {"uv": [0, 0, 0.37767, 0.37767], "texture": "#0"},
				"down": {"uv": [0, 0, 0.37767, 0.37767], "texture": "#0"}
			}
		},
		{
			"name": "Voxels",
			"from": [12.625, 0.25, 2.25],
			"to": [12.875, 8.5, 2.375],
			"faces": {
				"north": {"uv": [0, 0, 0.37767, 0.37767], "texture": "#0"},
				"east": {"uv": [0, 0, 0.37767, 0.37767], "texture": "#0"},
				"south": {"uv": [0, 0, 0.37767, 0.37767], "texture": "#0"},
				"west": {"uv": [0, 0, 0.37767, 0.37767], "texture": "#0"},
				"down": {"uv": [0, 0, 0.37767, 0.37767], "texture": "#0"}
			}
		},
		{
			"name": "Voxels",
			"from": [12.625, 0.375, 2.375],
			"to": [12.875, 8.5, 2.5],
			"faces": {
				"east": {"uv": [0, 0, 0.37767, 0.37767], "texture": "#0"},
				"south": {"uv": [0, 0, 0.37767, 0.37767], "texture": "#0"},
				"west": {"uv": [0, 0, 0.37767, 0.37767], "texture": "#0"},
				"down": {"uv": [0, 0, 0.37767, 0.37767], "texture": "#0"}
			}
		},
		{
			"name": "Voxels",
			"from": [12.625, 0.5, 2.5],
			"to": [12.875, 8.5, 2.625],
			"faces": {
				"east": {"uv": [0, 0, 0.37767, 0.37767], "texture": "#0"},
				"south": {"uv": [0, 0, 0.37767, 0.37767], "texture": "#0"},
				"west": {"uv": [0, 0, 0.37767, 0.37767], "texture": "#0"},
				"down": {"uv": [0, 0, 0.37767, 0.37767], "texture": "#0"}
			}
		},
		{
			"name": "Voxels",
			"from": [12.625, 0.66, 4.25],
			"to": [12.75, 9.75, 7.875],
			"faces": {
				"west": {"uv": [0, 0, 0.37767, 0.37767], "texture": "#0"}
			}
		},
		{
			"name": "Voxels",
			"from": [12.625, 0.5, 4.25],
			"to": [12.75, 0.66, 7.875],
			"faces": {
				"north": {"uv": [0.62945, 0, 0.94418, 0.31473], "texture": "#0"},
				"east": {"uv": [0.62945, 0, 0.94418, 0.31473], "texture": "#0"},
				"south": {"uv": [0.62945, 0, 0.94418, 0.31473], "texture": "#0"},
				"west": {"uv": [0.62945, 0, 0.94418, 0.31473], "texture": "#0"},
				"down": {"uv": [0.62945, 0, 0.94418, 0.31473], "texture": "#0"}
			}
		},
		{
			"name": "Voxels",
			"from": [12.625, 0.785, 2.625],
			"to": [12.75, 8.5, 4.25],
			"faces": {
				"west": {"uv": [0, 0, 0.37767, 0.37767], "texture": "#0"}
			}
		},
		{
			"name": "Voxels",
			"from": [12.625, 0.625, 2.625],
			"to": [12.75, 0.82, 4.25],
			"faces": {
				"east": {"uv": [0.62945, 0, 0.94418, 0.31473], "texture": "#0"},
				"west": {"uv": [0.62945, 0, 0.94418, 0.31473], "texture": "#0"},
				"down": {"uv": [0.62945, 0, 0.94418, 0.31473], "texture": "#0"}
			}
		},
		{
			"name": "Voxels",
			"from": [12.625, 0.785, 7.875],
			"to": [12.75, 9.75, 12.25],
			"faces": {
				"west": {"uv": [0, 0, 0.37767, 0.37767], "texture": "#0"}
			}
		},
		{
			"name": "Voxels",
			"from": [12.625, 0.625, 7.875],
			"to": [12.75, 0.79, 12.25],
			"faces": {
				"east": {"uv": [0.62945, 0, 0.94418, 0.31473], "texture": "#0"},
				"west": {"uv": [0.62945, 0, 0.94418, 0.31473], "texture": "#0"},
				"down": {"uv": [0.62945, 0, 0.94418, 0.31473], "texture": "#0"}
			}
		},
		{
			"name": "Voxels",
			"from": [12.625, 7.125, 2.125],
			"to": [12.75, 7.625, 2.25],
			"faces": {
				"north": {"uv": [0, 0, 0.37767, 0.37767], "texture": "#0"},
				"east": {"uv": [0, 0, 0.37767, 0.37767], "texture": "#0"}
			}
		},
		{
			"name": "Voxels",
			"from": [12.625, 8.5, 3.625],
			"to": [12.875, 9.75, 4.25],
			"faces": {
				"east": {"uv": [0, 0, 0.37767, 0.37767], "texture": "#0"},
				"west": {"uv": [0, 0, 0.37767, 0.37767], "texture": "#0"},
				"up": {"uv": [0, 0, 0.37767, 0.37767], "texture": "#0"}
			}
		},
		{
			"name": "Voxels",
			"from": [12.75, 0.785, 4.25],
			"to": [12.875, 9.75, 7.875],
			"faces": {
				"east": {"uv": [0, 0, 0.37767, 0.37767], "texture": "#0"},
				"up": {"uv": [0, 0, 0.37767, 0.37767], "texture": "#0"}
			}
		},
		{
			"name": "Voxels",
			"from": [12.75, 0.91, 2.625],
			"to": [12.875, 8.5, 4.25],
			"faces": {
				"east": {"uv": [0, 0, 0.37767, 0.37767], "texture": "#0"}
			}
		},
		{
			"name": "Voxels",
			"from": [12.75, 0.91, 7.875],
			"to": [12.875, 9.75, 12.375],
			"faces": {
				"east": {"uv": [0, 0, 0.37767, 0.37767], "texture": "#0"},
				"south": {"uv": [0, 0, 0.37767, 0.37767], "texture": "#0"},
				"up": {"uv": [0, 0, 0.37767, 0.37767], "texture": "#0"}
			}
		},
		{
			"name": "Voxels",
			"from": [12.875, 0.375, 2.25],
			"to": [13, 7, 2.375],
			"faces": {
				"east": {"uv": [0, 0, 0.37767, 0.37767], "texture": "#0"},
				"south": {"uv": [0, 0, 0.37767, 0.37767], "texture": "#0"},
				"down": {"uv": [0, 0, 0.37767, 0.37767], "texture": "#0"}
			}
		},
		{
			"name": "Voxels",
			"from": [12.875, 0.5, 2.375],
			"to": [13, 7, 2.5],
			"faces": {
				"east": {"uv": [0, 0, 0.37767, 0.37767], "texture": "#0"},
				"south": {"uv": [0, 0, 0.37767, 0.37767], "texture": "#0"},
				"down": {"uv": [0, 0, 0.37767, 0.37767], "texture": "#0"}
			}
		},
		{
			"name": "Voxels",
			"from": [12.875, 0.75, 2.5],
			"to": [13, 7, 2.625],
			"faces": {
				"east": {"uv": [0, 0, 0.37767, 0.37767], "texture": "#0"},
				"south": {"uv": [0, 0, 0.37767, 0.37767], "texture": "#0"},
				"down": {"uv": [0, 0, 0.37767, 0.37767], "texture": "#0"}
			}
		},
		{
			"name": "Voxels",
			"from": [12.875, 0.75, 4.25],
			"to": [13, 1.125, 7.875],
			"faces": {
				"north": {"uv": [0.62945, 0, 0.94418, 0.31473], "texture": "#0"},
				"east": {"uv": [0.62945, 0, 0.94418, 0.31473], "texture": "#0"},
				"south": {"uv": [0.62945, 0, 0.94418, 0.31473], "texture": "#0"},
				"up": {"uv": [0.62945, 0, 0.94418, 0.31473], "texture": "#0"},
				"down": {"uv": [0.62945, 0, 0.94418, 0.31473], "texture": "#0"}
			}
		},
		{
			"name": "Voxels",
			"from": [12.875, 0.875, 2.625],
			"to": [13, 1.25, 4.25],
			"faces": {
				"east": {"uv": [0.62945, 0, 0.94418, 0.31473], "texture": "#0"},
				"south": {"uv": [0.62945, 0, 0.94418, 0.31473], "texture": "#0"},
				"up": {"uv": [0.62945, 0, 0.94418, 0.31473], "texture": "#0"},
				"down": {"uv": [0.62945, 0, 0.94418, 0.31473], "texture": "#0"}
			}
		},
		{
			"name": "Voxels",
			"from": [12.875, 0.875, 7.875],
			"to": [13, 1.25, 12.375],
			"faces": {
				"north": {"uv": [0.62945, 0, 0.94418, 0.31473], "texture": "#0"},
				"east": {"uv": [0.62945, 0, 0.94418, 0.31473], "texture": "#0"},
				"south": {"uv": [0.62945, 0, 0.94418, 0.31473], "texture": "#0"},
				"up": {"uv": [0.62945, 0, 0.94418, 0.31473], "texture": "#0"},
				"down": {"uv": [0.62945, 0, 0.94418, 0.31473], "texture": "#0"}
			}
		},
		{
			"name": "Voxels",
			"from": [12.875, 1.625, 4.625],
			"to": [13, 2.125, 4.875],
			"faces": {
				"north": {"uv": [0.62945, 0.6924, 0.94418, 1.00712], "texture": "#0"},
				"east": {"uv": [0.62945, 0.6924, 0.94418, 1.00712], "texture": "#0"},
				"south": {"uv": [0.62945, 0.6924, 0.94418, 1.00712], "texture": "#0"},
				"up": {"uv": [0.62945, 0.6924, 0.94418, 1.00712], "texture": "#0"},
				"down": {"uv": [0.62945, 0.6924, 0.94418, 1.00712], "texture": "#0"}
			}
		},
		{
			"name": "Voxels",
			"from": [12.875, 1.75, 4.5],
			"to": [13, 2, 4.625],
			"faces": {
				"north": {"uv": [0.62945, 0.6924, 0.94418, 1.00712], "texture": "#0"},
				"east": {"uv": [0.62945, 0.6924, 0.94418, 1.00712], "texture": "#0"},
				"up": {"uv": [0.62945, 0.6924, 0.94418, 1.00712], "texture": "#0"},
				"down": {"uv": [0.62945, 0.6924, 0.94418, 1.00712], "texture": "#0"}
			}
		},
		{
			"name": "Voxels",
			"from": [12.875, 1.75, 4.875],
			"to": [13, 2, 5],
			"faces": {
				"east": {"uv": [0.62945, 0.62945, 0.94418, 0.94418], "texture": "#0"},
				"south": {"uv": [0.62945, 0.62945, 0.94418, 0.94418], "texture": "#0"},
				"up": {"uv": [0.62945, 0.62945, 0.94418, 0.94418], "texture": "#0"},
				"down": {"uv": [0.62945, 0.62945, 0.94418, 0.94418], "texture": "#0"}
			}
		},
		{
			"name": "Voxels",
			"from": [12.875, 5.875, 2.625],
			"to": [13, 7, 2.75],
			"faces": {
				"east": {"uv": [0, 0, 0.37767, 0.37767], "texture": "#0"},
				"down": {"uv": [0, 0, 0.37767, 0.37767], "texture": "#0"}
			}
		},
		{
			"name": "Voxels",
			"from": [12.875, 5.875, 2.75],
			"to": [13, 7.125, 4],
			"faces": {
				"east": {"uv": [0, 0, 0.37767, 0.37767], "texture": "#0"},
				"south": {"uv": [0, 0, 0.37767, 0.37767], "texture": "#0"},
				"up": {"uv": [0, 0, 0.37767, 0.37767], "texture": "#0"},
				"down": {"uv": [0, 0, 0.37767, 0.37767], "texture": "#0"}
			}
		},
		{
			"name": "Voxels",
			"from": [12.875, 6, 4],
			"to": [13, 7, 4.25],
			"faces": {
				"east": {"uv": [0, 0, 0.37767, 0.37767], "texture": "#0"},
				"south": {"uv": [0, 0, 0.37767, 0.37767], "texture": "#0"},
				"up": {"uv": [0, 0, 0.37767, 0.37767], "texture": "#0"},
				"down": {"uv": [0, 0, 0.37767, 0.37767], "texture": "#0"}
			}
		},
		{
			"name": "Voxels",
			"from": [12.875, 6.125, 4.25],
			"to": [13, 6.875, 4.375],
			"faces": {
				"east": {"uv": [0, 0, 0.37767, 0.37767], "texture": "#0"},
				"south": {"uv": [0, 0, 0.37767, 0.37767], "texture": "#0"},
				"up": {"uv": [0, 0, 0.37767, 0.37767], "texture": "#0"},
				"down": {"uv": [0, 0, 0.37767, 0.37767], "texture": "#0"}
			}
		},
		{
			"name": "Voxels",
			"from": [12.875, 6.25, 4.375],
			"to": [13, 6.75, 4.5],
			"faces": {
				"east": {"uv": [0, 0, 0.37767, 0.37767], "texture": "#0"},
				"south": {"uv": [0, 0, 0.37767, 0.37767], "texture": "#0"},
				"up": {"uv": [0, 0, 0.37767, 0.37767], "texture": "#0"},
				"down": {"uv": [0, 0, 0.37767, 0.37767], "texture": "#0"}
			}
		},
		{
			"name": "Voxels",
			"from": [12.875, 7, 2.25],
			"to": [13, 7.125, 2.75],
			"faces": {
				"east": {"uv": [0, 0, 0.37767, 0.37767], "texture": "#0"},
				"up": {"uv": [0, 0, 0.37767, 0.37767], "texture": "#0"}
			}
		},
		{
			"name": "Voxels",
			"from": [12.965, 6.125, 3.375],
			"to": [13.09, 6.875, 3.875],
			"faces": {
				"north": {"uv": [0.62945, 0.6924, 0.94418, 1.00712], "texture": "#0"},
				"east": {"uv": [0.62945, 0.6924, 0.94418, 1.00712], "texture": "#0"},
				"south": {"uv": [0.62945, 0.6924, 0.94418, 1.00712], "texture": "#0"},
				"up": {"uv": [0.62945, 0.6924, 0.94418, 1.00712], "texture": "#0"},
				"down": {"uv": [0.62945, 0.6924, 0.94418, 1.00712], "texture": "#0"}
			}
		},
		{
			"name": "Voxels",
			"from": [12.965, 6.25, 3.235],
			"to": [13.09, 6.75, 4],
			"faces": {
				"north": {"uv": [0.56651, 0.62945, 0.94418, 1.00712], "texture": "#0"},
				"east": {"uv": [0.56651, 0.62945, 0.94418, 1.00712], "texture": "#0"},
				"south": {"uv": [0.56651, 0.62945, 0.94418, 1.00712], "texture": "#0"},
				"up": {"uv": [0.56651, 0.62945, 0.94418, 1.00712], "texture": "#0"},
				"down": {"uv": [0.56651, 0.62945, 0.94418, 1.00712], "texture": "#0"}
			}
		},
		{
			"name": "Voxels",
			"from": [12.75, 0.75, 7.875],
			"to": [12.875, 0.95, 12.375],
			"faces": {
				"east": {"uv": [0.62945, 0, 0.94418, 0.31473], "texture": "#0"},
				"south": {"uv": [0.62945, 0, 0.94418, 0.31473], "texture": "#0"},
				"down": {"uv": [0.62945, 0, 0.94418, 0.31473], "texture": "#0"}
			}
		},
		{
			"name": "Voxels",
			"from": [12.75, 0.625, 4.25],
			"to": [12.875, 0.79, 7.875],
			"faces": {
				"north": {"uv": [0.62945, 0, 0.94418, 0.31473], "texture": "#0"},
				"east": {"uv": [0.62945, 0, 0.94418, 0.31473], "texture": "#0"},
				"south": {"uv": [0.62945, 0, 0.94418, 0.31473], "texture": "#0"},
				"down": {"uv": [0.62945, 0, 0.94418, 0.31473], "texture": "#0"}
			}
		},
		{
			"name": "Voxels",
			"from": [12.75, 0.75, 2.625],
			"to": [12.875, 0.98, 4.25],
			"faces": {
				"east": {"uv": [0.62945, 0, 0.94418, 0.31473], "texture": "#0"},
				"down": {"uv": [0.62945, 0, 0.94418, 0.31473], "texture": "#0"}
			}
		},
		{
			"name": "Voxels",
			"from": [3.355, 3.82, 0.84],
			"to": [12.18, 5.805, 1.09],
			"faces": {
				"north": {"uv": [0.06295, 0.6924, 0.37767, 1.00712], "texture": "#0"}
			}
		},
		{
			"from": [2.49, 1.25, 2.615],
			"to": [2.5, 9.75, 12.375],
			"rotation": {"angle": 0, "axis": "y", "origin": [-0.075, -0.51, 0.855]},
			"faces": {
				"north": {"uv": [1.38279, 0, 1.6342, 0.31427], "texture": "#0"},
				"south": {"uv": [1.38279, 0, 1.6342, 0.25142], "texture": "#0"},
				"west": {"uv": [0, 1.38279, 4.39978, 5.53115], "texture": "#0"},
				"up": {"uv": [1.31993, 0, 1.6342, 0.31427], "texture": "#0"},
				"down": {"uv": [0, 1.38279, 3.1427, 4.21122], "texture": "#0"}
			}
		},
		{
			"from": [12.9, 1.25, 2.615],
			"to": [12.91, 9.75, 12.375],
			"rotation": {"angle": 0, "axis": "y", "origin": [-1.371, -0.51, 0.855]},
			"faces": {
				"north": {"uv": [1.38279, 0, 1.6342, 0.25142], "texture": "#0"},
				"east": {"uv": [0, 5.594, 4.39978, 9.74238], "texture": "#0"},
				"south": {"uv": [1.31993, 0, 1.57135, 0.25142], "texture": "#0"},
				"west": {"uv": [1.38279, 0, 1.6342, 0.25142], "texture": "#0"},
				"up": {"uv": [1.38279, 0, 1.6342, 0.25142], "texture": "#0"},
				"down": {"uv": [1.38279, 0, 1.6342, 0.25142], "texture": "#0"}
			}
		},
		{
			"from": [2.75, 1.25, 12.64],
			"to": [12.51, 9.75, 12.65],
			"rotation": {"angle": 0, "axis": "y", "origin": [7.63, 5.5, 12.624]},
			"faces": {
				"north": {"uv": [1.38279, 0, 1.6342, 0.25142], "texture": "#0"},
				"east": {"uv": [1.31993, 0, 1.6342, 0.31427], "texture": "#0"},
				"south": {"uv": [4.46263, 1.38279, 8.86241, 5.53115], "texture": "#0"},
				"west": {"uv": [1.38279, 0, 1.6342, 0.25142], "texture": "#0"},
				"up": {"uv": [1.38279, 0, 1.6342, 0.31427], "texture": "#0"}
			}
		},
		{
			"from": [3, 10.26, 2.5],
			"to": [12.37, 10.27, 12.12],
			"rotation": {"angle": 0, "axis": "y", "origin": [7.4, 10.238, 6.75]},
			"faces": {
				"north": {"uv": [1.38279, 0, 1.6342, 0.25142], "texture": "#0"},
				"east": {"uv": [1.38279, 0, 1.6342, 0.31427], "texture": "#0"},
				"south": {"uv": [1.31993, 0, 1.57135, 0.31427], "texture": "#0"},
				"west": {"uv": [1.38279, 0, 1.57135, 0.25142], "texture": "#0"},
				"up": {"uv": [4.46263, 5.594, 8.86241, 9.74238], "texture": "#0"},
				"down": {"uv": [1.31993, 0, 1.57135, 0.25142], "texture": "#0"}
			}
		},
		{
			"from": [4.125, 4, 0.73],
			"to": [11.245, 5.64, 0.74],
			"rotation": {"angle": 0, "axis": "y", "origin": [4.125, 4, 0.59]},
			"faces": {
				"north": {"uv": [2.5055, 0, 6.45166, 0.81428], "texture": "#0"},
				"east": {"uv": [1.38279, 0, 1.57135, 0.18856], "texture": "#0"},
				"south": {"uv": [1.38279, 0, 1.57135, 0.25142], "texture": "#0"},
				"west": {"uv": [1.38279, 0, 1.6342, 0.25142], "texture": "#0"}
			}
		},
		{
			"from": [3.625, 0, 0.99],
			"to": [11.749, 7.002, 1],
			"rotation": {"angle": 0, "axis": "y", "origin": [3.625, 0, 0.84]},
			"faces": {
				"north": {"uv": [8.89452, 0.06263, 13.52969, 3.94616], "texture": "#0"},
				"east": {"uv": [1.31539, 0, 1.5033, 0.25055], "texture": "#0"},
				"south": {"uv": [1.37802, 0, 1.56593, 0.18791], "texture": "#0"},
				"west": {"uv": [1.37802, 0, 1.5033, 0.25055], "texture": "#0"},
				"up": {"uv": [1.31539, 0, 1.62858, 0.25055], "texture": "#0"},
				"down": {"uv": [1.31539, 0, 1.56593, 0.25055], "texture": "#0"}
			}
		},
		{
			"from": [5.645, 7, 0.997],
			"to": [13.769, 7.01, 1.125],
			"rotation": {"angle": 0, "axis": "y", "origin": [0.105, 6.999, 0.997]},
			"faces": {
				"north": {"uv": [1.44066, 0, 1.56593, 0.25055], "texture": "#0"},
				"east": {"uv": [1.31539, 0, 1.62858, 0.31319], "texture": "#0"},
				"south": {"uv": [1.37802, 0.06263, 1.56593, 0.31319], "texture": "#0"},
				"west": {"uv": [1.37802, 0, 1.62858, 0.31319], "texture": "#0"},
				"up": {"uv": [10.0625, 3.9375, 13.8125, 4], "texture": "#0"},
				"down": {"uv": [1.37802, 0, 1.62858, 0.31319], "texture": "#0"}
			}
		},
		{
			"from": [3.625, 7, 1.12],
			"to": [11.749, 7.127, 1.13],
			"rotation": {"angle": 0, "axis": "y", "origin": [3.625, 7, 0.965]},
			"faces": {
				"north": {"uv": [9, 5.0625, 13.3125, 5.125], "texture": "#0"},
				"east": {"uv": [1.31539, 0, 1.56593, 0.18791], "texture": "#0"},
				"south": {"uv": [1.31539, 0, 1.5033, 0.31319], "texture": "#0"},
				"west": {"uv": [1.31539, 0, 1.62858, 0.31319], "texture": "#0"},
				"up": {"uv": [1.31539, 0, 1.56593, 0.25055], "texture": "#0"}
			}
		},
		{
			"from": [4.09, 7.13, 1.125],
			"to": [11.834, 7.14, 1.375],
			"rotation": {"angle": 0, "axis": "y", "origin": [3.625, 7.125, 1.125]},
			"faces": {
				"north": {"uv": [1.25, 0.1875, 1.5625, 0.4375], "texture": "#0"},
				"east": {"uv": [1.31539, 0.68901, 1.69121, 1.0022], "texture": "#0"},
				"south": {"uv": [9.0198, 4.07143, 13.02859, 4.32198], "texture": "#0"},
				"west": {"uv": [1.37802, 0.68901, 1.75385, 1.06484], "texture": "#0"},
				"up": {"uv": [9.0198, 4.07143, 13.02859, 4.19671], "texture": "#0"},
				"down": {"uv": [1.31539, 0, 1.62858, 0.25055], "texture": "#0"}
			}
		},
		{
			"from": [3.625, 7.125, 1.365],
			"to": [11.749, 8.375, 1.375],
			"rotation": {"angle": 0, "axis": "y", "origin": [3.625, 7.125, 1.215]},
			"faces": {
				"north": {"uv": [8.89452, 4.19671, 13.46706, 4.88572], "texture": "#0"},
				"east": {"uv": [1.31539, 0, 1.56593, 0.25055], "texture": "#0"},
				"west": {"uv": [1.37802, 0, 1.56593, 0.31319], "texture": "#0"},
				"up": {"uv": [1.31539, 0, 1.62858, 0.37582], "texture": "#0"}
			}
		},
		{
			"from": [4.105, 8.375, 1.49],
			"to": [5.065, 9.125, 1.5],
			"rotation": {"angle": 0, "axis": "y", "origin": [0.105, 0.055, 0.38]},
			"faces": {
				"north": {"uv": [0, 9.83408, 0.5011, 10.2099], "texture": "#0"},
				"east": {"uv": [1.31539, 0, 1.56593, 0.25055], "texture": "#0"},
				"west": {"uv": [1.31539, 0, 1.5033, 0.25055], "texture": "#0"},
				"up": {"uv": [1.31539, 0, 1.62858, 0.25055], "texture": "#0"}
			}
		},
		{
			"from": [12.875, 5.075, 2.645],
			"to": [13.035, 5.715, 12.385],
			"rotation": {"angle": 0, "axis": "y", "origin": [-0.085, 0.435, 1.025]},
			"faces": {
				"north": {"uv": [0.125, 13, 0.375, 13.25], "texture": "#0"},
				"east": {"uv": [0.125, 13, 0.375, 13.25], "texture": "#0"},
				"south": {"uv": [0.125, 13, 0.375, 13.25], "texture": "#0"},
				"west": {"uv": [0.125, 13, 0.375, 13.25], "texture": "#0"},
				"up": {"uv": [0.125, 13, 0.375, 13.25], "texture": "#0"},
				"down": {"uv": [0.125, 13, 0.375, 13.25], "texture": "#0"}
			}
		},
		{
			"from": [2.34, 5.075, 2.625],
			"to": [2.5, 5.715, 12.385],
			"rotation": {"angle": 0, "axis": "y", "origin": [-0.085, 0.435, 1.025]},
			"faces": {
				"north": {"uv": [0.125, 13.0625, 0.75, 13.25], "texture": "#0"},
				"east": {"uv": [0.125, 13.0625, 0.75, 13.25], "texture": "#0"},
				"south": {"uv": [0.125, 13.0625, 0.75, 13.25], "texture": "#0"},
				"west": {"uv": [0.125, 13.0625, 0.75, 13.25], "texture": "#0"},
				"up": {"uv": [0.125, 13.0625, 0.75, 13.25], "texture": "#0"},
				"down": {"uv": [0.125, 13.0625, 0.75, 13.25], "texture": "#0"}
			}
		},
		{
			"from": [2.75, 5.075, 12.624],
			"to": [12.63, 5.715, 12.784],
			"rotation": {"angle": 0, "axis": "y", "origin": [-0.25, -3.39, 0.96]},
			"faces": {
				"north": {"uv": [0.1875, 12.9375, 0.56332, 13.37596], "texture": "#0"},
				"east": {"uv": [0.1875, 12.9375, 0.56332, 13.37596], "texture": "#0"},
				"south": {"uv": [0.1875, 12.9375, 0.56332, 13.37596], "texture": "#0"},
				"west": {"uv": [0.1875, 12.9375, 0.56332, 13.37596], "texture": "#0"},
				"up": {"uv": [0.1875, 12.9375, 0.56332, 13.37596], "texture": "#0"},
				"down": {"uv": [0.1875, 12.9375, 0.56332, 13.37596], "texture": "#0"}
			}
		},
		{
			"from": [12.63, 5.075, 12.464],
			"to": [12.748, 5.715, 12.624],
			"rotation": {"angle": 0, "axis": "y", "origin": [-0.13, -3.39, 0.961]},
			"faces": {
				"east": {"uv": [0.1875, 12.9375, 0.56332, 13.25069], "texture": "#0"},
				"south": {"uv": [0.1875, 12.9375, 0.56332, 13.25069], "texture": "#0"},
				"west": {"uv": [0.1875, 12.9375, 0.56332, 13.25069], "texture": "#0"},
				"up": {"uv": [0.1875, 12.9375, 0.56332, 13.25069], "texture": "#0"},
				"down": {"uv": [0.1875, 12.9375, 0.56332, 13.25069], "texture": "#0"}
			}
		},
		{
			"from": [2.632, 5.075, 12.464],
			"to": [2.75, 5.715, 12.624],
			"rotation": {"angle": 0, "axis": "y", "origin": [3.152, -3.39, 0.961]},
			"faces": {
				"south": {"uv": [0.0625, 12.9375, 0.68887, 13.31332], "texture": "#0"},
				"west": {"uv": [0.0625, 12.9375, 0.68887, 13.31332], "texture": "#0"},
				"up": {"uv": [0.0625, 12.9375, 0.68887, 13.31332], "texture": "#0"},
				"down": {"uv": [0.0625, 12.9375, 0.68887, 13.31332], "texture": "#0"}
			}
		},
		{
			"from": [2.5, 5.075, 12.385],
			"to": [2.618, 5.715, 12.505],
			"rotation": {"angle": 0, "axis": "y", "origin": [2.22, -3.39, 1.025]},
			"faces": {
				"north": {"uv": [0.125, 13, 0.4375, 13.3125], "texture": "#0"},
				"east": {"uv": [0.125, 13, 0.4375, 13.3125], "texture": "#0"},
				"south": {"uv": [0.125, 13, 0.4375, 13.3125], "texture": "#0"},
				"west": {"uv": [0.125, 13, 0.4375, 13.3125], "texture": "#0"},
				"up": {"uv": [0.125, 13, 0.4375, 13.3125], "texture": "#0"},
				"down": {"uv": [0.125, 13, 0.4375, 13.3125], "texture": "#0"}
			}
		},
		{
			"from": [12.757, 5.075, 12.385],
			"to": [12.875, 5.715, 12.505],
			"rotation": {"angle": 0, "axis": "y", "origin": [-0.163, -3.39, 1.025]},
			"faces": {
				"north": {"uv": [0.375, 13.0625, 0.625, 13.25], "texture": "#0"},
				"east": {"uv": [0.375, 13.0625, 0.625, 13.25], "texture": "#0"},
				"south": {"uv": [0.375, 13.0625, 0.625, 13.25], "texture": "#0"},
				"west": {"uv": [0.375, 13.0625, 0.625, 13.25], "texture": "#0"},
				"up": {"uv": [0.375, 13.0625, 0.625, 13.25], "texture": "#0"},
				"down": {"uv": [0.375, 13.0625, 0.625, 13.25], "texture": "#0"}
			}
		}
	],
	"display": {
		"thirdperson_righthand": {
			"rotation": [-72, -180, 0],
			"translation": [0.5, -3.25, -6.25],
			"scale": [0.7, 0.73, 0.72]
		},
		"thirdperson_lefthand": {
			"rotation": [-72, -180, 0],
			"translation": [0.75, -3.25, -6.25],
			"scale": [0.7, 0.73, 0.72]
		},
		"firstperson_righthand": {
			"rotation": [-117, -180, 0],
			"translation": [0, -4.25, -0.25],
			"scale": [0.7, 0.73, 0.72]
		},
		"firstperson_lefthand": {
			"rotation": [-117, -180, 0],
			"translation": [0, -4.25, -0.25],
			"scale": [0.7, 0.73, 0.72]
		},
		"ground": {
			"rotation": [3.5, 0, 0],
			"translation": [0, 1.5, 0.5],
			"scale": [0.7, 0.72, 0.72]
		},
		"gui": {
			"rotation": [0, 156, 0],
			"translation": [0.25, 1.75, 0],
			"scale": [0.89, 0.87, 0.87]
		},
		"head": {
			"translation": [0.39, 4.75, 0.99],
			"scale": [1.5, 1.64, 1.5]
		},
		"fixed": {
			"rotation": [-86.5, 0, 0],
			"translation": [1, 0, -8.75],
			"scale": [1.3, 1.28, 1.29]
		}
	},
	"groups": [
		{
			"name": "Helmet",
			"origin": [0, 0, 0],
			"color": 0,
			"children": [
				0,
				1,
				2,
				3,
				4,
				5,
				6,
				7,
				8,
				9,
				10,
				11,
				12,
				13,
				14,
				15,
				16,
				17,
				18,
				19,
				20,
				21,
				22,
				23,
				24,
				25,
				26,
				27,
				28,
				29,
				30,
				31,
				32,
				33,
				34,
				35,
				36,
				37,
				38,
				39,
				40,
				41,
				42,
				43,
				44,
				45,
				46,
				47,
				48,
				49,
				50,
				51,
				52,
				53,
				54,
				55,
				56,
				57,
				58,
				59,
				60,
				61,
				62,
				63,
				64,
				65,
				66,
				67,
				68,
				69,
				70,
				71,
				72,
				73,
				74,
				75,
				76,
				77,
				78,
				79,
				80,
				81,
				82,
				83,
				84,
				85,
				86,
				87,
				88,
				89,
				90,
				91,
				92,
				93,
				94,
				95,
				96,
				97,
				98,
				99,
				100,
				101,
				102,
				103,
				104,
				105,
				106,
				107,
				108,
				109,
				110,
				111,
				112,
				113,
				114,
				115,
				116,
				117,
				118,
				119,
				120,
				121,
				122,
				123,
				124,
				125,
				126,
				127,
				128,
				129,
				130,
				131,
				132,
				133,
				134,
				135,
				136,
				137,
				138,
				139,
				140,
				141,
				142,
				143,
				144,
				145,
				146,
				147,
				148,
				149,
				150,
				151,
				152,
				153,
				154,
				155,
				156,
				157,
				158,
				159,
				160,
				161,
				162,
				163,
				164,
				165,
				166,
				167,
				168,
				169,
				170,
				171,
				172,
				173,
				174,
				175,
				176,
				177,
				178,
				179,
				180,
				181,
				182,
				183,
				184,
				185,
				186,
				187,
				188,
				189,
				190,
				191,
				192,
				193,
				194,
				195
			]
		},
		196,
		197,
		198,
		199,
		200,
		201,
		202,
		203,
		204,
		205,
		206,
		207,
		208,
		209,
		210,
		211,
		212,
		213
	]
}