{ "credit": "Made with Blockbench", "textures": { "0": "ttp/i/c/a/flamesmask", "particle": "ttp/i/c/a/flamesmask" }, "elements": [ { "from": [0.5, -3.5, -0.5], "to": [15.5, -2.5, 1], "faces": { "north": {"uv": [0.25, 15.25, 16, 16], "texture": "#0"}, "east": {"uv": [0, 15, 1, 16], "texture": "#0"}, "west": {"uv": [15, 15, 16, 16], "texture": "#0"}, "down": {"uv": [0.75, 15, 1.75, 16], "texture": "#0"} } }, { "from": [1.5, -4, -0.5], "to": [14.5, -3.5, 1], "faces": { "north": {"uv": [0.5, 15.5, 15.75, 16], "texture": "#0"}, "east": {"uv": [0, 15, 1, 16], "texture": "#0"}, "west": {"uv": [15, 15, 16, 16], "texture": "#0"}, "down": {"uv": [0, 15.75, 15.75, 16], "texture": "#0"} } }, { "from": [3, -4.5, -0.5], "to": [13, -4, 1], "faces": { "north": {"uv": [1.75, 15.25, 14.5, 16], "texture": "#0"}, "east": {"uv": [0, 15, 1, 16], "texture": "#0"}, "west": {"uv": [0, 15, 1, 16], "texture": "#0"}, "down": {"uv": [1.25, 11.75, 14.5, 16], "texture": "#0"} } }, { "from": [0, -2.5, -0.5], "to": [16, 10.5, 1], "faces": { "north": {"uv": [0.25, 4.5, 15.75, 15.5], "texture": "#0"}, "east": {"uv": [0.25, 5, 0.75, 16], "texture": "#0"}, "west": {"uv": [15.25, 5, 16, 16], "texture": "#0"}, "up": {"uv": [3.75, 1, 5, 2], "texture": "#0"}, "down": {"uv": [0, 15, 0.25, 16], "texture": "#0"} } }, { "from": [0.5, 10.5, -0.5], "to": [15.5, 11.5, 1], "faces": { "north": {"uv": [4, 1, 5, 2], "texture": "#0"}, "east": {"uv": [4, 1, 5, 2], "texture": "#0"}, "west": {"uv": [4, 1, 5, 2], "texture": "#0"}, "up": {"uv": [4, 1, 5, 2], "texture": "#0"} } }, { "from": [3, 12, -0.5], "to": [13, 12.5, 1], "rotation": {"angle": 0, "axis": "y", "origin": [0, 16, 0]}, "faces": { "north": {"uv": [4, 0.75, 5.25, 2.25], "texture": "#0"}, "east": {"uv": [4, 1, 5, 2], "texture": "#0"}, "west": {"uv": [4, 1, 5, 2], "texture": "#0"}, "up": {"uv": [4, 1, 5, 2], "texture": "#0"} } }, { "from": [1.5, 11.5, -0.5], "to": [14.5, 12, 1], "rotation": {"angle": 0, "axis": "y", "origin": [0, 16, 0]}, "faces": { "north": {"uv": [4, 1, 5, 2], "texture": "#0"}, "east": {"uv": [4, 1, 5, 2], "texture": "#0"}, "west": {"uv": [4, 1, 5, 2], "texture": "#0"}, "up": {"uv": [4, 1, 5, 2], "texture": "#0"} } }, { "from": [3, -5, 0], "to": [13, -3.5, 1], "faces": { "north": {"uv": [0, 13.75, 16, 16], "texture": "#0"}, "east": {"uv": [0, 15, 1, 16], "texture": "#0"}, "west": {"uv": [0, 15, 1, 16], "texture": "#0"}, "down": {"uv": [0, 14.75, 16, 16], "texture": "#0"} } }, { "from": [3, 10.5, 0], "to": [13, 13, 1], "rotation": {"angle": 0, "axis": "y", "origin": [0, 16, 0]}, "faces": { "north": {"uv": [0.75, 1, 1.75, 2], "texture": "#0"}, "east": {"uv": [0.75, 1, 1.75, 2], "texture": "#0"}, "west": {"uv": [0.75, 1, 1.75, 2], "texture": "#0"}, "up": {"uv": [0.75, 1, 1.75, 2], "texture": "#0"} } }, { "from": [1.5, 3.9, 0], "to": [14.5, 12.5, 1], "rotation": {"angle": 0, "axis": "y", "origin": [0, 16, 0]}, "faces": { "north": {"uv": [3.75, 8.25, 4.75, 9.25], "texture": "#0"}, "east": {"uv": [3.75, 8.25, 4.75, 9.25], "texture": "#0"}, "west": {"uv": [3.75, 8.25, 4.75, 9.25], "texture": "#0"}, "up": {"uv": [3.75, 8.25, 4.75, 9.25], "texture": "#0"} } }, { "from": [0.5, 4.4, 0], "to": [15.5, 12, 1], "faces": { "north": {"uv": [3.75, 8.25, 4.75, 9.25], "texture": "#0"}, "east": {"uv": [3.75, 8.25, 4.75, 9.25], "texture": "#0"}, "west": {"uv": [3.75, 8.25, 4.75, 9.25], "texture": "#0"}, "up": {"uv": [3.75, 8.25, 4.75, 9.25], "texture": "#0"} } }, { "from": [0, 4.9, 0], "to": [16, 11.5, 1], "faces": { "north": {"uv": [3.75, 8.25, 4.75, 9.25], "texture": "#0"}, "east": {"uv": [3.75, 8.25, 4.75, 9.25], "texture": "#0"}, "west": {"uv": [3.75, 8.25, 4.75, 9.25], "texture": "#0"}, "up": {"uv": [3.75, 8.25, 4.75, 9.25], "texture": "#0"} } }, { "from": [1.5, -4.5, 0], "to": [14.5, 8.9, 1], "rotation": {"angle": 0, "axis": "y", "origin": [0, 16, 0]}, "faces": { "north": {"uv": [0, 15, 1, 16], "texture": "#0"}, "east": {"uv": [0, 15, 1, 16], "texture": "#0"}, "west": {"uv": [0, 15, 1, 16], "texture": "#0"}, "down": {"uv": [0, 15, 1, 16], "texture": "#0"} } }, { "from": [0.5, -4, 0], "to": [15.5, 8.4, 1], "faces": { "north": {"uv": [0, 15, 1, 16], "texture": "#0"}, "east": {"uv": [0, 15, 1, 16], "texture": "#0"}, "west": {"uv": [0, 15, 1, 16], "texture": "#0"}, "down": {"uv": [0, 15, 1, 16], "texture": "#0"} } }, { "from": [0, -3.5, 0], "to": [16, 7.9, 1], "faces": { "north": {"uv": [0, 15, 1, 16], "texture": "#0"}, "east": {"uv": [0, 15, 1, 16], "texture": "#0"}, "west": {"uv": [0, 15, 1, 16], "texture": "#0"}, "down": {"uv": [0, 15, 1, 16], "texture": "#0"} } }, { "from": [-0.5, 4.5, 0], "to": [16.5, 10.5, 1], "faces": { "north": {"uv": [0.75, 1, 1.75, 2], "texture": "#0"}, "east": {"uv": [0.75, 1, 1.75, 2], "texture": "#0"}, "west": {"uv": [0.75, 1, 1.75, 2], "texture": "#0"}, "up": {"uv": [0.75, 1, 1.75, 2], "texture": "#0"} } }, { "from": [-0.5, -2.5, 0], "to": [16.5, 4.5, 1], "faces": { "north": {"uv": [15.25, 9, 15.75, 16], "texture": "#0"}, "east": {"uv": [15.25, 9, 15.75, 16], "texture": "#0"}, "west": {"uv": [15.25, 9, 15.75, 16], "texture": "#0"}, "down": {"uv": [15.25, 9, 15.75, 16], "texture": "#0"} } }, { "from": [-0.5, -3, 1], "to": [16.5, 11, 2], "faces": { "north": {"uv": [1, 1, 2, 2], "texture": "#0"}, "east": {"uv": [1, 1, 2, 2], "texture": "#0"}, "south": {"uv": [1, 1, 2, 2], "texture": "#0"}, "west": {"uv": [1, 1, 2, 2], "texture": "#0"}, "up": {"uv": [1, 1, 2, 2], "texture": "#0"}, "down": {"uv": [1, 1, 2, 2], "texture": "#0"} } }, { "from": [4, 10, 0.5], "to": [12, 13.5, 2], "rotation": {"angle": 0, "axis": "y", "origin": [0, 16, 0]}, "faces": { "north": {"uv": [1, 1, 2, 2], "texture": "#0"}, "east": {"uv": [1, 1, 2, 2], "texture": "#0"}, "south": {"uv": [1, 1, 2, 2], "texture": "#0"}, "west": {"uv": [1, 1, 2, 2], "texture": "#0"}, "up": {"uv": [1, 1, 2, 2], "texture": "#0"} } }, { "from": [1.5, 9.5, 1], "to": [14.5, 13, 2], "rotation": {"angle": 0, "axis": "y", "origin": [0, 16, 0]}, "faces": { "north": {"uv": [1, 1, 2, 2], "texture": "#0"}, "east": {"uv": [1, 1, 2, 2], "texture": "#0"}, "south": {"uv": [1, 1, 2, 2], "texture": "#0"}, "west": {"uv": [1, 1, 2, 2], "texture": "#0"}, "up": {"uv": [1, 1, 2, 2], "texture": "#0"} } }, { "from": [0.5, 9, 1], "to": [15.5, 12.5, 2], "rotation": {"angle": 0, "axis": "y", "origin": [0, 16, 0]}, "faces": { "north": {"uv": [1, 1, 2, 2], "texture": "#0"}, "east": {"uv": [1, 1, 2, 2], "texture": "#0"}, "south": {"uv": [1, 1, 2, 2], "texture": "#0"}, "west": {"uv": [1, 1, 2, 2], "texture": "#0"}, "up": {"uv": [1, 1, 2, 2], "texture": "#0"} } }, { "from": [0.5, -4.5, 1], "to": [15.5, -2, 2], "faces": { "north": {"uv": [1, 1, 2, 2], "texture": "#0"}, "east": {"uv": [1, 1, 2, 2], "texture": "#0"}, "south": {"uv": [1, 1, 2, 2], "texture": "#0"}, "west": {"uv": [1, 1, 2, 2], "texture": "#0"}, "down": {"uv": [1, 1, 2, 2], "texture": "#0"} } }, { "from": [0, -4, 1], "to": [16, 12, 2], "faces": { "north": {"uv": [1, 1, 2, 2], "texture": "#0"}, "east": {"uv": [1, 1, 2, 2], "texture": "#0"}, "south": {"uv": [1, 1, 2, 2], "texture": "#0"}, "west": {"uv": [1, 1, 2, 2], "texture": "#0"}, "up": {"uv": [1, 1, 2, 2], "texture": "#0"}, "down": {"uv": [1, 1, 2, 2], "texture": "#0"} } }, { "from": [1.5, -5, 1], "to": [14.5, -2.5, 2], "faces": { "north": {"uv": [1, 1, 2, 2], "texture": "#0"}, "east": {"uv": [1, 1, 2, 2], "texture": "#0"}, "south": {"uv": [1, 1, 2, 2], "texture": "#0"}, "west": {"uv": [1, 1, 2, 2], "texture": "#0"}, "down": {"uv": [1, 1, 2, 2], "texture": "#0"} } }, { "from": [3, -5.5, 1], "to": [13, -3, 2], "faces": { "north": {"uv": [3.25, 9.75, 4.25, 10.75], "texture": "#0"}, "east": {"uv": [3.25, 9.75, 4.25, 10.75], "texture": "#0"}, "south": {"uv": [3.25, 9.75, 4.25, 10.75], "texture": "#0"}, "west": {"uv": [3.25, 9.75, 4.25, 10.75], "texture": "#0"}, "down": {"uv": [3.25, 9.75, 4.25, 10.75], "texture": "#0"} } }, { "from": [-1, 1, 0.5], "to": [17, 7, 1.5], "faces": { "north": {"uv": [1, 1, 2, 2], "texture": "#0"}, "east": {"uv": [1, 1, 2, 2], "texture": "#0"}, "south": {"uv": [1, 1, 2, 2], "texture": "#0"}, "west": {"uv": [1, 1, 2, 2], "texture": "#0"}, "up": {"uv": [1, 1, 2, 2], "texture": "#0"}, "down": {"uv": [1, 1, 2, 2], "texture": "#0"} } }, { "from": [-0.75, 4.5, 0.4], "to": [-0.25, 6, 19.25], "rotation": {"angle": 0, "axis": "y", "origin": [16, 0, 0]}, "faces": { "north": {"uv": [7.5, 0.75, 6.5, 1.75], "texture": "#0"}, "east": {"uv": [7.5, 0.75, 6.5, 1.75], "texture": "#0"}, "west": {"uv": [7.5, 0.75, 6.5, 1.75], "texture": "#0"}, "up": {"uv": [7.5, 0.75, 6.5, 1.75], "texture": "#0"}, "down": {"uv": [7.5, 0.75, 6.5, 1.75], "texture": "#0"} } }, { "from": [-0.75, 2, 0.4], "to": [-0.25, 3.5, 19.25], "rotation": {"angle": 0, "axis": "y", "origin": [16, 0, 0]}, "faces": { "north": {"uv": [7.5, 0.75, 6.5, 1.75], "texture": "#0"}, "east": {"uv": [7.5, 0.75, 6.5, 1.75], "texture": "#0"}, "south": {"uv": [7.5, 0.75, 6.5, 1.75], "texture": "#0"}, "west": {"uv": [7.5, 0.75, 6.5, 1.75], "texture": "#0"}, "up": {"uv": [7.5, 0.75, 6.5, 1.75], "texture": "#0"}, "down": {"uv": [7.5, 0.75, 6.5, 1.75], "texture": "#0"} } }, { "from": [-0.75, 4.5, 18.75], "to": [16.25, 6, 19.25], "rotation": {"angle": 0, "axis": "y", "origin": [-0.5, 0.5, 0]}, "faces": { "north": {"uv": [7.5, 0.75, 8.5, 1.75], "texture": "#0"}, "south": {"uv": [7.5, 0.75, 8.5, 1.75], "texture": "#0"}, "up": {"uv": [7.5, 0.75, 8.5, 1.75], "texture": "#0"}, "down": {"uv": [7.5, 0.75, 8.5, 1.75], "texture": "#0"} } }, { "from": [-0.5, 2, 18.75], "to": [16.5, 3.5, 19.25], "rotation": {"angle": 0, "axis": "y", "origin": [-0.25, 0, 0]}, "faces": { "north": {"uv": [7.5, 0.75, 8.5, 1.75], "texture": "#0"}, "south": {"uv": [7.5, 0.75, 8.5, 1.75], "texture": "#0"}, "up": {"uv": [7.5, 0.75, 8.5, 1.75], "texture": "#0"}, "down": {"uv": [7.5, 0.75, 8.5, 1.75], "texture": "#0"} } }, { "from": [4.5, 1.5, 18.5], "to": [11.5, 6.5, 19.5], "rotation": {"angle": 0, "axis": "y", "origin": [0.5, 0, 0]}, "faces": { "north": {"uv": [7.5, 0.75, 8.5, 1.75], "texture": "#0"}, "east": {"uv": [7.5, 0.75, 8.5, 1.75], "texture": "#0"}, "south": {"uv": [7.5, 0.75, 8.5, 1.75], "texture": "#0"}, "west": {"uv": [7.5, 0.75, 8.5, 1.75], "texture": "#0"}, "up": {"uv": [7.5, 0.75, 8.5, 1.75], "texture": "#0"}, "down": {"uv": [7.5, 0.75, 8.5, 1.75], "texture": "#0"} } }, { "from": [16.25, 2, 0.4], "to": [16.75, 3.5, 19.25], "faces": { "north": {"uv": [7.5, 0.75, 8.5, 1.75], "texture": "#0"}, "east": {"uv": [7.5, 0.75, 8.5, 1.75], "texture": "#0"}, "south": {"uv": [7.5, 0.75, 8.5, 1.75], "texture": "#0"}, "west": {"uv": [7.5, 0.75, 8.5, 1.75], "texture": "#0"}, "up": {"uv": [7.5, 0.75, 8.5, 1.75], "texture": "#0"}, "down": {"uv": [7.5, 0.75, 8.5, 1.75], "texture": "#0"} } }, { "from": [16.25, 4.5, 0.4], "to": [16.75, 6, 19.25], "faces": { "north": {"uv": [7.5, 0.75, 8.5, 1.75], "texture": "#0"}, "east": {"uv": [7.5, 0.75, 8.5, 1.75], "texture": "#0"}, "south": {"uv": [7.5, 0.75, 8.5, 1.75], "texture": "#0"}, "west": {"uv": [7.5, 0.75, 8.5, 1.75], "texture": "#0"}, "up": {"uv": [7.5, 0.75, 8.5, 1.75], "texture": "#0"}, "down": {"uv": [7.5, 0.75, 8.5, 1.75], "texture": "#0"} } } ], "display": { "thirdperson_righthand": { "rotation": [89, 0, 0], "translation": [0, -1.5, 1], "scale": [0.23, 0.23, 0.23] }, "thirdperson_lefthand": { "rotation": [89, 0, 0], "translation": [0, -1.5, 1], "scale": [0.23, 0.23, 0.23] }, "firstperson_righthand": { "rotation": [0, 108, 0], "translation": [1.5, 5.5, 0], "scale": [0.38, 0.38, 0.38] }, "firstperson_lefthand": { "rotation": [0, 108, 0], "translation": [1.5, 5.5, 0], "scale": [0.38, 0.38, 0.38] }, "ground": { "rotation": [33, 0, 0], "translation": [0, 0.75, 0], "scale": [0.44, 0.44, 0.44] }, "gui": { "rotation": [-27, 165, 29], "translation": [1.75, 1, 0], "scale": [0.62, 0.62, 0.62] }, "head": { "translation": [0, 3, -1.75], "scale": [0.77, 0.77, 0.77] } }, "groups": [ { "name": "group", "origin": [8, 8, 8], "color": 0, "children": [0, 1, 2, 3, 4, 5, 6] }, { "name": "group", "origin": [0, 0, 0], "color": 0, "children": [7, 8, 9, 10, 11, 12, 13, 14, 15, 16] }, { "name": "group", "origin": [8, 8, 8], "color": 0, "children": [17, 18, 19, 20, 21, 22, 23, 24] }, { "name": "group", "origin": [0, 0, 0], "color": 0, "children": [25, 26, 27, 28, 29, 30, 31, 32] } ] }