{
	"credit": "Made with Blockbench",
	"texture_size": [32, 32],
	"textures": {
		"0": "ttp/i/c/a/foxearsblush",
		"particle": "ttp/i/c/a/foxearsblush"
	},
	"elements": [
		{
			"from": [2.8, 2.8, 2.8],
			"to": [13.2, 13.2, 13.2],
			"rotation": {"angle": 0, "axis": "y", "origin": [3, 3, 3]},
			"faces": {
				"north": {"uv": [0, 1, 5, 6], "texture": "#0"},
				"east": {"uv": [10, 5, 5, 10], "texture": "#0"},
				"south": {"uv": [5, 0, 10, 5], "texture": "#0"},
				"west": {"uv": [5, 5, 10, 10], "texture": "#0"},
				"up": {"uv": [5, 15, 0, 10], "texture": "#0"},
				"down": {"uv": [15, 0, 10, 5], "texture": "#0"}
			}
		},
		{
			"from": [6, 13.75, 6.5],
			"to": [10, 13.751, 8.5],
			"rotation": {"angle": -22.5, "axis": "x", "origin": [8, 14, 7]},
			"faces": {
				"north": {"uv": [0, 0, 2, 0], "texture": "#0"},
				"east": {"uv": [0, 0, 1, 0], "texture": "#0"},
				"south": {"uv": [0, 0, 2, 0], "texture": "#0"},
				"west": {"uv": [0, 0, 1, 0], "texture": "#0"},
				"up": {"uv": [12, 10, 10, 9], "texture": "#0"},
				"down": {"uv": [12, 9, 10, 10], "texture": "#0"}
			}
		},
		{
			"from": [10, 12, 7],
			"to": [14, 15, 8],
			"rotation": {"angle": 0, "axis": "z", "origin": [13, 13, 6]},
			"faces": {
				"north": {"uv": [7, 10, 5, 11.5], "texture": "#0"},
				"east": {"uv": [7.5, 12, 7, 13.5], "texture": "#0"},
				"south": {"uv": [12, 5, 10, 6.5], "texture": "#0"},
				"west": {"uv": [12.5, 5.5, 12, 7], "texture": "#0"},
				"up": {"uv": [5, 12, 7, 11.5], "texture": "#0"},
				"down": {"uv": [7, 11.5, 9, 12], "texture": "#0"}
			}
		},
		{
			"from": [10.25, 13.25, 6.75],
			"to": [14.25, 15.25, 6.751],
			"rotation": {"angle": -22.5, "axis": "z", "origin": [12, 14, 6.75]},
			"faces": {
				"north": {"uv": [12, 8, 10, 9], "texture": "#0"},
				"east": {"uv": [0, 0, 0, 1], "texture": "#0"},
				"south": {"uv": [12, 8, 10, 9], "texture": "#0"},
				"west": {"uv": [0, 0, 0, 1], "texture": "#0"},
				"up": {"uv": [0, 0, 2, 0], "texture": "#0"},
				"down": {"uv": [0, 0, 2, 0], "texture": "#0"}
			}
		},
		{
			"from": [11, 15, 7],
			"to": [14, 17, 8],
			"rotation": {"angle": 0, "axis": "z", "origin": [13, 13, 6]},
			"faces": {
				"north": {"uv": [12.5, 10, 11, 11], "texture": "#0"},
				"east": {"uv": [10, 12, 9.5, 13], "texture": "#0"},
				"south": {"uv": [12.5, 11, 11, 12], "texture": "#0"},
				"west": {"uv": [12.5, 9, 12, 10], "texture": "#0"},
				"up": {"uv": [12, 7.5, 13.5, 7], "texture": "#0"}
			}
		},
		{
			"from": [2, 15, 7],
			"to": [5, 17, 8],
			"rotation": {"angle": 0, "axis": "z", "origin": [3, 13, 6]},
			"faces": {
				"north": {"uv": [11, 10, 12.5, 11], "texture": "#0"},
				"east": {"uv": [12, 9, 12.5, 10], "texture": "#0"},
				"south": {"uv": [11, 11, 12.5, 12], "texture": "#0"},
				"west": {"uv": [9.5, 12, 10, 13], "texture": "#0"},
				"up": {"uv": [13.5, 7.5, 12, 7], "texture": "#0"}
			}
		},
		{
			"from": [1.75, 13.25, 6.75],
			"to": [5.75, 15.25, 6.751],
			"rotation": {"angle": 22.5, "axis": "z", "origin": [4, 14, 6.75]},
			"faces": {
				"north": {"uv": [10, 8, 12, 9], "texture": "#0"},
				"east": {"uv": [0, 0, 0, 1], "texture": "#0"},
				"south": {"uv": [10, 8, 12, 9], "texture": "#0"},
				"west": {"uv": [0, 0, 0, 1], "texture": "#0"},
				"up": {"uv": [2, 0, 0, 0], "texture": "#0"},
				"down": {"uv": [2, 0, 0, 0], "texture": "#0"}
			}
		},
		{
			"from": [2, 12, 7],
			"to": [6, 15, 8],
			"rotation": {"angle": 0, "axis": "z", "origin": [3, 13, 6]},
			"faces": {
				"north": {"uv": [5, 10, 7, 11.5], "texture": "#0"},
				"east": {"uv": [12, 5.5, 12.5, 7], "texture": "#0"},
				"south": {"uv": [10, 5, 12, 6.5], "texture": "#0"},
				"west": {"uv": [7, 12, 7.5, 13.5], "texture": "#0"},
				"up": {"uv": [7, 12, 5, 11.5], "texture": "#0"},
				"down": {"uv": [9, 11.5, 7, 12], "texture": "#0"}
			}
		}
	],
	"display": {
		"thirdperson_righthand": {
			"rotation": [0, 54, 0],
			"translation": [0, -2.5, 0],
			"scale": [0.5, 0.5, 0.5]
		},
		"thirdperson_lefthand": {
			"rotation": [0, 54, 0],
			"translation": [0, -2.5, 0],
			"scale": [0.5, 0.5, 0.5]
		},
		"firstperson_righthand": {
			"rotation": [0, 90, 0],
			"translation": [2.5, -0.5, 0],
			"scale": [0.5, 0.5, 0.5]
		},
		"firstperson_lefthand": {
			"rotation": [0, 90, 0],
			"translation": [2.5, -0.5, 0],
			"scale": [0.5, 0.5, 0.5]
		},
		"gui": {
			"rotation": [0, -180, 0],
			"translation": [0, -1.5, 0]
		},
		"head": {
			"translation": [0, -1, 0],
			"scale": [1.45, 1.45, 1.45]
		}
	},
	"groups": [
		0,
		1,
		{
			"name": "group",
			"origin": [13, 13, 6],
			"color": 0,
			"children": [2, 3, 4]
		},
		{
			"name": "group",
			"origin": [3, 13, 6],
			"color": 0,
			"children": [5, 6, 7]
		}
	]
}