{ "credit": "Made with Blockbench", "textures": { "3": "ttp/i/c/a/crossbonestexture" }, "elements": [ { "from": [0.5, -3.5, 0.25], "to": [15.5, -2.5, 0.75], "faces": { "north": {"uv": [0.5, 12, 15.5, 13], "texture": "#3"}, "east": {"uv": [0.5, 12, 1, 13], "texture": "#3"}, "west": {"uv": [15, 12, 15.5, 13], "texture": "#3"}, "down": {"uv": [0.5, 12, 15.5, 13], "texture": "#3"} } }, { "from": [0, -2.5, 0.25], "to": [16, 3, 0.75], "faces": { "north": {"uv": [0, 7, 16, 12.5], "texture": "#3"}, "east": {"uv": [0, 7, 0.5, 12.5], "texture": "#3"}, "west": {"uv": [15.5, 7, 16, 12.5], "texture": "#3"}, "down": {"uv": [0, 7, 16, 12.5], "texture": "#3"} } }, { "from": [0, 3, 0.25], "to": [16, 3.5, 0.75], "faces": { "north": {"uv": [0, 7, 16, 7.5], "texture": "#3"}, "east": {"uv": [0, 7, 0.5, 7.5], "texture": "#3"}, "west": {"uv": [15.5, 7, 16, 7.5], "texture": "#3"}, "up": {"uv": [3, 5, 3.5, 5.5], "texture": "#3"} } }, { "from": [1.5, -4, 0.25], "to": [14.5, -3.5, 0.75], "faces": { "north": {"uv": [1.5, 12.5, 14.5, 13], "texture": "#3"}, "east": {"uv": [1.5, 12.5, 2, 13], "texture": "#3"}, "west": {"uv": [14, 12.5, 14.5, 13], "texture": "#3"}, "down": {"uv": [1.5, 12.5, 14.5, 13], "texture": "#3"} } }, { "from": [3, -4.5, 0.25], "to": [13, -4, 0.75], "faces": { "north": {"uv": [3, 12.5, 13, 13], "texture": "#3"}, "east": {"uv": [3, 12.5, 3.5, 13], "texture": "#3"}, "west": {"uv": [12.5, 12.5, 13, 13], "texture": "#3"}, "down": {"uv": [3, 12.5, 13, 13], "texture": "#3"} } }, { "from": [0, 7, 0.25], "to": [16, 10.5, 0.75], "faces": { "north": {"uv": [0, 0, 16, 3.5], "texture": "#3"}, "east": {"uv": [0, 0, 0.5, 3.5], "texture": "#3"}, "west": {"uv": [15.5, 0, 16, 3.5], "texture": "#3"}, "up": {"uv": [0, 0, 16, 0.5], "texture": "#3"}, "down": {"uv": [3, 5, 3.5, 5.5], "texture": "#3"} } }, { "from": [15.5, 3.5, 0.25], "to": [16, 6.5, 0.75], "faces": { "north": {"uv": [0, 4, 0.5, 7], "texture": "#3"}, "east": {"uv": [0, 4, 0.5, 7], "texture": "#3"}, "west": {"uv": [3, 5, 3.5, 5.5], "texture": "#3"} } }, { "from": [15, 3.5, 0.25], "to": [15.5, 5.5, 0.75], "faces": { "north": {"uv": [0.5, 5, 1, 7], "texture": "#3"}, "west": {"uv": [3, 5, 3.5, 5.5], "texture": "#3"}, "up": {"uv": [3, 5, 3.5, 5.5], "texture": "#3"} } }, { "from": [15, 6.5, 0.25], "to": [16, 7, 0.75], "faces": { "north": {"uv": [0, 3.5, 1, 4], "texture": "#3"}, "east": {"uv": [0, 3.5, 0.5, 4], "texture": "#3"}, "west": {"uv": [3, 5, 3.5, 5.5], "texture": "#3"}, "down": {"uv": [3, 5, 3.5, 5.5], "texture": "#3"} } }, { "from": [3.5, 6.5, 0.25], "to": [12.5, 7, 0.75], "faces": { "north": {"uv": [3.5, 3.5, 12.5, 4], "texture": "#3"}, "east": {"uv": [3, 5, 3.5, 5.5], "texture": "#3"}, "west": {"uv": [3, 5, 3.5, 5.5], "texture": "#3"}, "down": {"uv": [3, 5, 3.5, 5.5], "texture": "#3"} } }, { "from": [5, 6, 0.25], "to": [11, 6.5, 0.75], "faces": { "north": {"uv": [5, 4, 11, 4.5], "texture": "#3"}, "east": {"uv": [3, 5, 3.5, 5.5], "texture": "#3"}, "west": {"uv": [3, 5, 3.5, 5.5], "texture": "#3"}, "down": {"uv": [3, 5, 3.5, 5.5], "texture": "#3"} } }, { "from": [6.5, 5.5, 0.25], "to": [9.5, 6, 0.75], "faces": { "north": {"uv": [6.5, 4.5, 9.5, 5], "texture": "#3"}, "east": {"uv": [3, 5, 3.5, 5.5], "texture": "#3"}, "west": {"uv": [3, 5, 3.5, 5.5], "texture": "#3"}, "down": {"uv": [3, 5, 3.5, 5.5], "texture": "#3"} } }, { "from": [6.5, 3.5, 0.25], "to": [9.5, 4, 0.75], "faces": { "north": {"uv": [6.5, 6.5, 9.5, 7], "texture": "#3"}, "east": {"uv": [3, 5, 3.5, 5.5], "texture": "#3"}, "west": {"uv": [3, 5, 3.5, 5.5], "texture": "#3"}, "up": {"uv": [3, 5, 3.5, 5.5], "texture": "#3"} } }, { "from": [7, 4, 0.25], "to": [9, 5.5, 0.75], "faces": { "north": {"uv": [7, 5, 9, 6.5], "texture": "#3"}, "east": {"uv": [3, 5, 3.5, 5.5], "texture": "#3"}, "west": {"uv": [3, 5, 3.5, 5.5], "texture": "#3"} } }, { "from": [14.5, 3.5, 0.25], "to": [15, 4.5, 0.75], "faces": { "north": {"uv": [1, 6, 1.5, 7], "texture": "#3"}, "west": {"uv": [3, 5, 3.5, 5.5], "texture": "#3"}, "up": {"uv": [3, 5, 3.5, 5.5], "texture": "#3"} } }, { "from": [13.5, 3.5, 0.25], "to": [14.5, 4, 0.75], "faces": { "north": {"uv": [1.5, 6.5, 2.5, 7], "texture": "#3"}, "west": {"uv": [3, 5, 3.5, 5.5], "texture": "#3"}, "up": {"uv": [3, 5, 3.5, 5.5], "texture": "#3"} } }, { "from": [1.5, 3.5, 0.25], "to": [2.5, 4, 0.75], "rotation": {"angle": 0, "axis": "y", "origin": [16, 0, 0]}, "faces": { "north": {"uv": [2.5, 6.5, 1.5, 7], "texture": "#3"}, "east": {"uv": [3, 5, 3.5, 5.5], "texture": "#3"}, "up": {"uv": [3, 5, 3.5, 5.5], "texture": "#3"} } }, { "from": [1, 3.5, 0.25], "to": [1.5, 4.5, 0.75], "rotation": {"angle": 0, "axis": "y", "origin": [16, 0, 0]}, "faces": { "north": {"uv": [1.5, 6, 1, 7], "texture": "#3"}, "east": {"uv": [3, 5, 3.5, 5.5], "texture": "#3"}, "up": {"uv": [3, 5, 3.5, 5.5], "texture": "#3"} } }, { "from": [0.5, 3.5, 0.25], "to": [1, 5.5, 0.75], "rotation": {"angle": 0, "axis": "y", "origin": [16, 0, 0]}, "faces": { "north": {"uv": [1, 5, 0.5, 7], "texture": "#3"}, "east": {"uv": [3, 5, 3.5, 5.5], "texture": "#3"}, "up": {"uv": [3, 5, 3.5, 5.5], "texture": "#3"} } }, { "from": [0, 3.5, 0.25], "to": [0.5, 6.5, 0.75], "rotation": {"angle": 0, "axis": "y", "origin": [16, 0, 0]}, "faces": { "north": {"uv": [0.5, 4, 0, 7], "texture": "#3"}, "east": {"uv": [3, 5, 3.5, 5.5], "texture": "#3"}, "west": {"uv": [0.5, 4, 0, 7], "texture": "#3"} } }, { "from": [0, 6.5, 0.25], "to": [1, 7, 0.75], "rotation": {"angle": 0, "axis": "y", "origin": [16, 0, 0]}, "faces": { "north": {"uv": [1, 3.5, 0, 4], "texture": "#3"}, "east": {"uv": [3, 5, 3.5, 5.5], "texture": "#3"}, "west": {"uv": [0.5, 3.5, 0, 4], "texture": "#3"}, "down": {"uv": [3, 5, 3.5, 5.5], "texture": "#3"} } }, { "from": [0.5, 10.5, 0.25], "to": [15.5, 11.5, 0.75], "faces": { "north": {"uv": [0.5, 0, 15.5, 1], "texture": "#3"}, "east": {"uv": [0.5, 0, 1, 1], "texture": "#3"}, "west": {"uv": [15, 0, 15.5, 1], "texture": "#3"}, "up": {"uv": [0.5, 0, 15.5, 0.5], "texture": "#3"} } }, { "from": [3, 12, 0.25], "to": [13, 12.5, 0.75], "rotation": {"angle": 0, "axis": "y", "origin": [0, 16, 0]}, "faces": { "north": {"uv": [3, 0, 13, 0.5], "texture": "#3"}, "east": {"uv": [3, 0, 3.5, 0.5], "texture": "#3"}, "west": {"uv": [12.5, 0, 13, 0.5], "texture": "#3"}, "up": {"uv": [3, 0, 13, 0.5], "texture": "#3"} } }, { "from": [1.5, 11.5, 0.25], "to": [14.5, 12, 0.75], "rotation": {"angle": 0, "axis": "y", "origin": [0, 16, 0]}, "faces": { "north": {"uv": [1.5, 0, 14.5, 0.5], "texture": "#3"}, "east": {"uv": [1.5, 0, 2, 0.5], "texture": "#3"}, "west": {"uv": [14, 0, 14.5, 0.5], "texture": "#3"}, "up": {"uv": [1.5, 0, 14.5, 0.5], "texture": "#3"} } }, { "from": [3, -5, 0.75], "to": [13, -3.5, 1.75], "faces": { "north": {"uv": [2.5, 12.5, 13.5, 13], "texture": "#3"}, "east": {"uv": [7.5, 0.5, 8, 1], "texture": "#3"}, "west": {"uv": [7.5, 0.5, 8, 1], "texture": "#3"}, "down": {"uv": [2.5, 12.5, 13.5, 13], "texture": "#3"} } }, { "from": [3, 10.5, 0.75], "to": [13, 13, 1.75], "rotation": {"angle": 0, "axis": "y", "origin": [0, 16, 0]}, "faces": { "north": {"uv": [7.5, 0.5, 8, 1], "texture": "#3"}, "east": {"uv": [7.5, 0.5, 8, 1], "texture": "#3"}, "west": {"uv": [7.5, 0.5, 8, 1], "texture": "#3"}, "up": {"uv": [7.5, 0.5, 8, 1], "texture": "#3"} } }, { "from": [1.5, -4.5, 0.75], "to": [14.5, 12.5, 1.75], "rotation": {"angle": 0, "axis": "y", "origin": [0, 16, 0]}, "faces": { "north": {"uv": [7.5, 0.5, 8, 1], "texture": "#3"}, "east": {"uv": [7.5, 0.5, 8, 1], "texture": "#3"}, "west": {"uv": [7.5, 0.5, 8, 1], "texture": "#3"}, "up": {"uv": [7.5, 0.5, 8, 1], "texture": "#3"}, "down": {"uv": [7.5, 0.5, 8, 1], "texture": "#3"} } }, { "from": [0.5, -4, 0.75], "to": [15.5, 12, 1.75], "faces": { "north": {"uv": [7.5, 0.5, 8, 1], "texture": "#3"}, "east": {"uv": [7.5, 0.5, 8, 1], "texture": "#3"}, "west": {"uv": [7.5, 0.5, 8, 1], "texture": "#3"}, "up": {"uv": [7.5, 0.5, 8, 1], "texture": "#3"}, "down": {"uv": [7.5, 0.5, 8, 1], "texture": "#3"} } }, { "from": [0, -3.5, 0.75], "to": [16, 11.5, 1.75], "faces": { "north": {"uv": [7.5, 0.5, 8, 1], "texture": "#3"}, "east": {"uv": [7.5, 0.5, 8, 1], "texture": "#3"}, "west": {"uv": [7.5, 0.5, 8, 1], "texture": "#3"}, "up": {"uv": [7.5, 0.5, 8, 1], "texture": "#3"}, "down": {"uv": [7.5, 0.5, 8, 1], "texture": "#3"} } }, { "from": [-0.5, -2.5, 0.75], "to": [16.5, 10.5, 1.75], "faces": { "north": {"uv": [7.5, 0.5, 8, 1], "texture": "#3"}, "east": {"uv": [7.5, 0.5, 8, 1], "texture": "#3"}, "west": {"uv": [7.5, 0.5, 8, 1], "texture": "#3"}, "up": {"uv": [7.5, 0.5, 8, 1], "texture": "#3"}, "down": {"uv": [7.5, 0.5, 8, 1], "texture": "#3"} } }, { "from": [-0.5, -3, 1.75], "to": [16.5, 11, 2.75], "faces": { "north": {"uv": [8, 0.5, 8.5, 1], "texture": "#3"}, "east": {"uv": [8, 0.5, 8.5, 1], "texture": "#3"}, "south": {"uv": [8, 0.5, 8.5, 1], "texture": "#3"}, "west": {"uv": [8, 0.5, 8.5, 1], "texture": "#3"}, "up": {"uv": [8, 0.5, 8.5, 1], "texture": "#3"}, "down": {"uv": [8, 0.5, 8.5, 1], "texture": "#3"} } }, { "from": [4, 10, 1.25], "to": [12, 13.5, 2.75], "rotation": {"angle": 0, "axis": "y", "origin": [0, 16, 0]}, "faces": { "north": {"uv": [8, 0.5, 8.5, 1], "texture": "#3"}, "east": {"uv": [8, 0.5, 8.5, 1], "texture": "#3"}, "south": {"uv": [8, 0.5, 8.5, 1], "texture": "#3"}, "west": {"uv": [8, 0.5, 8.5, 1], "texture": "#3"}, "up": {"uv": [8, 0.5, 8.5, 1], "texture": "#3"} } }, { "from": [1.5, 9.5, 1.75], "to": [14.5, 13, 2.75], "rotation": {"angle": 0, "axis": "y", "origin": [0, 16, 0]}, "faces": { "north": {"uv": [8, 0.5, 8.5, 1], "texture": "#3"}, "east": {"uv": [8, 0.5, 8.5, 1], "texture": "#3"}, "south": {"uv": [8, 0.5, 8.5, 1], "texture": "#3"}, "west": {"uv": [8, 0.5, 8.5, 1], "texture": "#3"}, "up": {"uv": [8, 0.5, 8.5, 1], "texture": "#3"} } }, { "from": [0.5, 9, 1.75], "to": [15.5, 12.5, 2.75], "rotation": {"angle": 0, "axis": "y", "origin": [0, 16, 0]}, "faces": { "north": {"uv": [8, 0.5, 8.5, 1], "texture": "#3"}, "east": {"uv": [8, 0.5, 8.5, 1], "texture": "#3"}, "south": {"uv": [8, 0.5, 8.5, 1], "texture": "#3"}, "west": {"uv": [8, 0.5, 8.5, 1], "texture": "#3"}, "up": {"uv": [8, 0.5, 8.5, 1], "texture": "#3"} } }, { "from": [0.5, -4.5, 1.75], "to": [15.5, -2, 2.75], "faces": { "north": {"uv": [8, 0.5, 8.5, 1], "texture": "#3"}, "east": {"uv": [8, 0.5, 8.5, 1], "texture": "#3"}, "south": {"uv": [8, 0.5, 8.5, 1], "texture": "#3"}, "west": {"uv": [8, 0.5, 8.5, 1], "texture": "#3"}, "down": {"uv": [8, 0.5, 8.5, 1], "texture": "#3"} } }, { "from": [0, -4, 1.75], "to": [16, 12, 2.75], "faces": { "north": {"uv": [8, 0.5, 8.5, 1], "texture": "#3"}, "east": {"uv": [8, 0.5, 8.5, 1], "texture": "#3"}, "south": {"uv": [8, 0.5, 8.5, 1], "texture": "#3"}, "west": {"uv": [8, 0.5, 8.5, 1], "texture": "#3"}, "up": {"uv": [8, 0.5, 8.5, 1], "texture": "#3"}, "down": {"uv": [8, 0.5, 8.5, 1], "texture": "#3"} } }, { "from": [1.5, -5, 1.75], "to": [14.5, -2.5, 2.75], "faces": { "north": {"uv": [8, 0.5, 8.5, 1], "texture": "#3"}, "east": {"uv": [8, 0.5, 8.5, 1], "texture": "#3"}, "south": {"uv": [8, 0.5, 8.5, 1], "texture": "#3"}, "west": {"uv": [8, 0.5, 8.5, 1], "texture": "#3"}, "down": {"uv": [8, 0.5, 8.5, 1], "texture": "#3"} } }, { "from": [3, -5.5, 1.75], "to": [13, -3, 2.75], "faces": { "north": {"uv": [1.5, 12.5, 14.5, 13], "texture": "#3"}, "east": {"uv": [8, 0.5, 8.5, 1], "texture": "#3"}, "south": {"uv": [8, 0.5, 8.5, 1], "texture": "#3"}, "west": {"uv": [8, 0.5, 8.5, 1], "texture": "#3"}, "down": {"uv": [1.5, 12.5, 14.5, 13], "texture": "#3"} } }, { "from": [-1.25, 1, 1.25], "to": [17.25, 7, 2.25], "faces": { "north": {"uv": [3.5, 10, 4, 10.5], "texture": "#3"}, "east": {"uv": [3.5, 10, 4, 10.5], "texture": "#3"}, "south": {"uv": [3.5, 10, 4, 10.5], "texture": "#3"}, "west": {"uv": [3.5, 10, 4, 10.5], "texture": "#3"}, "up": {"uv": [3.5, 10, 4, 10.5], "texture": "#3"}, "down": {"uv": [3.5, 10, 4, 10.5], "texture": "#3"} } }, { "from": [-1, 0.75, 1.25], "to": [17, 7.25, 2.25], "faces": { "north": {"uv": [3.5, 10, 4, 10.5], "texture": "#3"}, "east": {"uv": [3.5, 10, 4, 10.5], "texture": "#3"}, "south": {"uv": [3.5, 10, 4, 10.5], "texture": "#3"}, "west": {"uv": [3.5, 10, 4, 10.5], "texture": "#3"}, "up": {"uv": [3.5, 10, 4, 10.5], "texture": "#3"}, "down": {"uv": [3.5, 10, 4, 10.5], "texture": "#3"} } }, { "from": [-0.75, 4.5, 1], "to": [-0.25, 6, 19.25], "rotation": {"angle": 0, "axis": "y", "origin": [16, 0, 0]}, "faces": { "north": {"uv": [2.5, 1, 3, 1.5], "texture": "#3"}, "east": {"uv": [2.5, 1, 3, 1.5], "texture": "#3"}, "south": {"uv": [2.5, 1, 3, 1.5], "texture": "#3"}, "west": {"uv": [2.5, 1, 3, 1.5], "texture": "#3"}, "up": {"uv": [2.5, 1, 3, 1.5], "texture": "#3"}, "down": {"uv": [2.5, 1, 3, 1.5], "texture": "#3"} } }, { "from": [-0.75, 2, 1], "to": [-0.25, 3.5, 19.25], "rotation": {"angle": 0, "axis": "y", "origin": [16, 0, 0]}, "faces": { "north": {"uv": [2.5, 1, 3, 1.5], "texture": "#3"}, "east": {"uv": [2.5, 1, 3, 1.5], "texture": "#3"}, "south": {"uv": [2.5, 1, 3, 1.5], "texture": "#3"}, "west": {"uv": [2.5, 1, 3, 1.5], "texture": "#3"}, "up": {"uv": [2.5, 1, 3, 1.5], "texture": "#3"}, "down": {"uv": [2.5, 1, 3, 1.5], "texture": "#3"} } }, { "from": [-0.5, 4.5, 18.75], "to": [16.5, 6, 19.25], "rotation": {"angle": 0, "axis": "y", "origin": [-0.5, 0.5, 0]}, "faces": { "north": {"uv": [2.5, 1, 3, 1.5], "texture": "#3"}, "south": {"uv": [2.5, 1, 3, 1.5], "texture": "#3"}, "up": {"uv": [2.5, 1, 3, 1.5], "texture": "#3"}, "down": {"uv": [2.5, 1, 3, 1.5], "texture": "#3"} } }, { "from": [-0.5, 2, 18.75], "to": [16.5, 3.5, 19.25], "rotation": {"angle": 0, "axis": "y", "origin": [-0.25, 0, 0]}, "faces": { "north": {"uv": [2.5, 1, 3, 1.5], "texture": "#3"}, "south": {"uv": [2.5, 1, 3, 1.5], "texture": "#3"}, "up": {"uv": [2.5, 1, 3, 1.5], "texture": "#3"}, "down": {"uv": [2.5, 1, 3, 1.5], "texture": "#3"} } }, { "from": [4.5, 1.5, 18.5], "to": [11.5, 6.5, 19.5], "rotation": {"angle": 0, "axis": "y", "origin": [0.5, 0, 0]}, "faces": { "north": {"uv": [3.5, 10, 4, 10.5], "texture": "#3"}, "east": {"uv": [3.5, 10, 4, 10.5], "texture": "#3"}, "south": {"uv": [3.5, 10, 4, 10.5], "texture": "#3"}, "west": {"uv": [3.5, 10, 4, 10.5], "texture": "#3"}, "up": {"uv": [3.5, 10, 4, 10.5], "texture": "#3"}, "down": {"uv": [3.5, 10, 4, 10.5], "texture": "#3"} } }, { "from": [16.25, 2, 1], "to": [16.75, 3.5, 19.25], "faces": { "north": {"uv": [2.5, 1, 3, 1.5], "texture": "#3"}, "east": {"uv": [2.5, 1, 3, 1.5], "texture": "#3"}, "south": {"uv": [2.5, 1, 3, 1.5], "texture": "#3"}, "west": {"uv": [2.5, 1, 3, 1.5], "texture": "#3"}, "up": {"uv": [2.5, 1, 3, 1.5], "texture": "#3"}, "down": {"uv": [2.5, 1, 3, 1.5], "texture": "#3"} } }, { "from": [16.25, 4.5, 1], "to": [16.75, 6, 19.25], "faces": { "north": {"uv": [2.5, 1, 3, 1.5], "texture": "#3"}, "east": {"uv": [2.5, 1, 3, 1.5], "texture": "#3"}, "south": {"uv": [2.5, 1, 3, 1.5], "texture": "#3"}, "west": {"uv": [2.5, 1, 3, 1.5], "texture": "#3"}, "up": {"uv": [2.5, 1, 3, 1.5], "texture": "#3"}, "down": {"uv": [2.5, 1, 3, 1.5], "texture": "#3"} } }, { "from": [0.5, 1, 0.65], "to": [15.5, 9, 0.75], "faces": { "north": {"uv": [3, 5, 3.5, 5.5], "texture": "#3"} } } ], "display": { "thirdperson_righthand": { "rotation": [89, 0, 0], "translation": [0.25, -1.5, 2.75], "scale": [0.23, 0.23, 0.23] }, "thirdperson_lefthand": { "rotation": [89, 0, 0], "translation": [0.25, -1.5, 2.75], "scale": [0.23, 0.23, 0.23] }, "firstperson_righthand": { "rotation": [0, 108, 0], "translation": [1.5, 5.5, 0], "scale": [0.38, 0.38, 0.38] }, "firstperson_lefthand": { "rotation": [0, 108, 0], "translation": [1.5, 5.5, 0], "scale": [0.38, 0.38, 0.38] }, "ground": { "rotation": [33, 0, 0], "translation": [0, 0.75, 0], "scale": [0.44, 0.44, 0.44] }, "gui": { "rotation": [-27, 165, 29], "translation": [1.75, 1, 0], "scale": [0.62, 0.62, 0.62] }, "head": { "translation": [0, 3, -2.25], "scale": [0.8, 0.8, 0.8] } }, "groups": [ { "name": "group", "origin": [8, 8, 8], "color": 0, "children": [0, 1, 2, 3, 4, 5, 6, 7, 8, 9, 10, 11, 12, 13, 14, 15, 16, 17, 18, 19, 20, 21, 22, 23] }, { "name": "group", "origin": [0, 0, 0], "color": 0, "children": [24, 25, 26, 27, 28, 29] }, { "name": "group", "origin": [8, 8, 8], "color": 0, "children": [30, 31, 32, 33, 34, 35, 36, 37] }, { "name": "group", "origin": [0, 0, 0], "color": 0, "children": [38, 39, 40, 41, 42, 43, 44, 45, 46] }, 47 ] }