{ "credit": "Made with Blockbench", "textures": { "0": "block/gray_concrete_powder", "1": "block/black_concrete_powder", "2": "block/red_concrete_powder" }, "elements": [ { "from": [0.5, -3.5, -0.5], "to": [15.5, -2.5, 1], "faces": { "north": {"uv": [8, 3, 9, 4], "texture": "#0"}, "east": {"uv": [8, 3, 9, 4], "texture": "#0"}, "west": {"uv": [8, 3, 9, 4], "texture": "#0"}, "down": {"uv": [8, 3, 9, 4], "texture": "#0"} } }, { "from": [1.5, -4, -0.5], "to": [14.5, -3.5, 1], "faces": { "north": {"uv": [8, 3, 9, 4], "texture": "#0"}, "east": {"uv": [8, 3, 9, 4], "texture": "#0"}, "west": {"uv": [8, 3, 9, 4], "texture": "#0"}, "down": {"uv": [8, 3, 9, 4], "texture": "#0"} } }, { "from": [3, -4.5, -0.5], "to": [13, -4, 1], "faces": { "north": {"uv": [8, 3, 9, 4], "texture": "#0"}, "west": {"uv": [8, 3, 9, 4], "texture": "#0"}, "down": {"uv": [8, 3, 9, 4], "texture": "#0"} } }, { "from": [0, 7, -0.5], "to": [10, 10.5, 1], "faces": { "north": {"uv": [8, 3, 9, 4], "texture": "#0"}, "west": {"uv": [8, 3, 9, 4], "texture": "#0"} } }, { "from": [0, 7, -0.5], "to": [11.75, 9.25, 1], "faces": { "north": {"uv": [8, 3, 9, 4], "texture": "#0"}, "down": {"uv": [8, 3, 9, 4], "texture": "#0"} } }, { "from": [0, 9.75, -0.5], "to": [13, 10.5, 1], "faces": { "north": {"uv": [8, 3, 9, 4], "texture": "#0"}, "up": {"uv": [8, 3, 9, 4], "texture": "#0"} } }, { "from": [10.5, 7, -0.5], "to": [12.25, 10.5, 1], "faces": { "north": {"uv": [8, 3, 9, 4], "texture": "#0"} } }, { "from": [12.25, 9, -0.5], "to": [13, 10.5, 1], "faces": { "north": {"uv": [8, 3, 9, 4], "texture": "#0"} } }, { "from": [12.25, 7.25, -0.5], "to": [13, 8.5, 1], "faces": { "north": {"uv": [8, 3, 9, 4], "texture": "#0"} } }, { "from": [12.75, 7, -0.5], "to": [16, 10.5, 1], "faces": { "north": {"uv": [8, 3, 9, 4], "texture": "#0"}, "east": {"uv": [8, 3, 9, 4], "texture": "#0"}, "up": {"uv": [8, 3, 9, 4], "texture": "#0"}, "down": {"uv": [8, 3, 9, 4], "texture": "#0"} } }, { "from": [8.5, 7, -0.75], "to": [13.25, 7.5, 1], "faces": { "north": {"uv": [15, 1, 16, 2], "texture": "#1"}, "east": {"uv": [15, 1, 16, 2], "texture": "#1"}, "west": {"uv": [15, 1, 16, 2], "texture": "#1"}, "up": {"uv": [15, 1, 16, 2], "texture": "#1"}, "down": {"uv": [15, 1, 16, 2], "texture": "#1"} } }, { "from": [2.75, 7, -0.75], "to": [7.5, 7.5, 1], "rotation": {"angle": 0, "axis": "y", "origin": [16, 0, 0]}, "faces": { "north": {"uv": [15, 1, 16, 2], "texture": "#1"}, "east": {"uv": [15, 1, 16, 2], "texture": "#1"}, "west": {"uv": [15, 1, 16, 2], "texture": "#1"}, "up": {"uv": [15, 1, 16, 2], "texture": "#1"}, "down": {"uv": [15, 1, 16, 2], "texture": "#1"} } }, { "from": [4.5, 6.5, -0.75], "to": [11.5, 7, 1], "faces": { "north": {"uv": [9, 1, 10, 2], "texture": "#1"}, "east": {"uv": [9, 1, 10, 2], "texture": "#1"}, "down": {"uv": [9, 1, 10, 2], "texture": "#1"} } }, { "from": [14.75, 3.5, -0.5], "to": [16, 6.5, 1], "faces": { "north": {"uv": [8, 3, 9, 4], "texture": "#0"}, "east": {"uv": [8, 3, 9, 4], "texture": "#0"}, "west": {"uv": [8, 3, 9, 4], "texture": "#0"} } }, { "from": [0, 3.5, -0.5], "to": [1.25, 6.5, 1], "rotation": {"angle": 0, "axis": "y", "origin": [16, 0, 0]}, "faces": { "north": {"uv": [8, 3, 9, 4], "texture": "#0"}, "east": {"uv": [8, 3, 9, 4], "texture": "#0"}, "west": {"uv": [8, 3, 9, 4], "texture": "#0"} } }, { "from": [14.25, 6.5, -0.5], "to": [16, 7, 1], "faces": { "north": {"uv": [8, 3, 9, 4], "texture": "#0"}, "east": {"uv": [8, 3, 9, 4], "texture": "#0"}, "west": {"uv": [8, 3, 9, 4], "texture": "#0"}, "down": {"uv": [8, 3, 9, 4], "texture": "#0"} } }, { "from": [0, 6.5, -0.5], "to": [2, 7, 1], "rotation": {"angle": 0, "axis": "y", "origin": [16, 0, 0]}, "faces": { "north": {"uv": [8, 3, 9, 4], "texture": "#0"}, "east": {"uv": [8, 3, 9, 4], "texture": "#0"}, "west": {"uv": [8, 3, 9, 4], "texture": "#0"}, "down": {"uv": [8, 3, 9, 4], "texture": "#0"} } }, { "from": [12.75, 3.5, -0.5], "to": [14.75, 4, 1], "faces": { "north": {"uv": [8, 3, 9, 4], "texture": "#0"} } }, { "from": [0, 3.5, -0.5], "to": [3.25, 4, 1], "rotation": {"angle": 0, "axis": "y", "origin": [16, 0, 0]}, "faces": { "north": {"uv": [8, 3, 9, 4], "texture": "#0"} } }, { "from": [6, 6, -1], "to": [10, 7, 1], "faces": { "north": {"uv": [4, 13, 5, 14], "texture": "#1"}, "east": {"uv": [4, 13, 5, 14], "texture": "#1"}, "west": {"uv": [4, 13, 5, 14], "texture": "#1"}, "up": {"uv": [4, 13, 5, 14], "texture": "#1"}, "down": {"uv": [4, 13, 5, 14], "texture": "#1"} } }, { "from": [7, 5.25, -0.75], "to": [9, 6.5, 1], "faces": { "north": {"uv": [3, 8, 4, 9], "texture": "#1"}, "east": {"uv": [3, 8, 4, 9], "texture": "#1"}, "west": {"uv": [3, 8, 4, 9], "texture": "#1"}, "down": {"uv": [3, 8, 4, 9], "texture": "#1"} } }, { "from": [7.5, 2.5, -0.75], "to": [8.5, 4, 1], "faces": { "north": {"uv": [9, 1, 10, 2], "texture": "#1"}, "east": {"uv": [9, 1, 10, 2], "texture": "#1"}, "west": {"uv": [9, 1, 10, 2], "texture": "#1"}, "up": {"uv": [9, 1, 10, 2], "texture": "#1"} } }, { "from": [7.5, 2, -1], "to": [8.5, 3.55, 1], "faces": { "north": {"uv": [15, 2, 16, 3], "texture": "#1"}, "east": {"uv": [15, 2, 16, 3], "texture": "#1"}, "west": {"uv": [15, 2, 16, 3], "texture": "#1"}, "up": {"uv": [15, 2, 16, 3], "texture": "#1"} } }, { "from": [7, 1.25, -1], "to": [9, 2, 1], "faces": { "north": {"uv": [15, 2, 16, 3], "texture": "#1"}, "east": {"uv": [15, 2, 16, 3], "texture": "#1"}, "west": {"uv": [15, 2, 16, 3], "texture": "#1"}, "up": {"uv": [15, 2, 16, 3], "texture": "#1"}, "down": {"uv": [15, 2, 16, 3], "texture": "#1"} } }, { "from": [7, 2, -0.75], "to": [9, 3.55, 1], "faces": { "north": {"uv": [15, 2, 16, 3], "texture": "#1"}, "east": {"uv": [15, 2, 16, 3], "texture": "#1"}, "west": {"uv": [15, 2, 16, 3], "texture": "#1"}, "up": {"uv": [15, 2, 16, 3], "texture": "#1"} } }, { "from": [0, -1.25, -0.5], "to": [16, 3.5, 1], "faces": { "north": {"uv": [8, 3, 9, 4], "texture": "#0"}, "east": {"uv": [8, 3, 9, 4], "texture": "#0"}, "west": {"uv": [8, 3, 9, 4], "texture": "#0"}, "down": {"uv": [8, 3, 9, 4], "texture": "#0"} } }, { "from": [12.725, 3.5, -0.525], "to": [14.25, 4.025, 1], "faces": { "north": {"uv": [13, 0, 14, 1], "texture": "#0"}, "east": {"uv": [13, 0, 14, 1], "texture": "#0"}, "west": {"uv": [13, 0, 14, 1], "texture": "#0"}, "up": {"uv": [13, 0, 14, 1], "texture": "#0"}, "down": {"uv": [13, 0, 14, 1], "texture": "#0"} } }, { "from": [8.975, 3, -0.525], "to": [12.75, 3.525, 1], "faces": { "north": {"uv": [13, 0, 14, 1], "texture": "#0"}, "up": {"uv": [13, 0, 14, 1], "texture": "#0"}, "down": {"uv": [13, 0, 14, 1], "texture": "#0"} } }, { "from": [10.225, 2.5, -0.525], "to": [11.25, 3.525, 1], "faces": { "north": {"uv": [13, 0, 14, 1], "texture": "#0"} } }, { "from": [10.225, 1.5, -0.525], "to": [10.75, 2.5, 1], "faces": { "north": {"uv": [13, 0, 14, 1], "texture": "#0"}, "east": {"uv": [13, 0, 14, 1], "texture": "#0"}, "west": {"uv": [13, 0, 14, 1], "texture": "#0"}, "down": {"uv": [13, 0, 14, 1], "texture": "#0"} } }, { "from": [11.25, 2.5, -0.525], "to": [11.75, 3, 1], "faces": { "north": {"uv": [3, 1, 4, 2], "texture": "#0"}, "east": {"uv": [3, 1, 4, 2], "texture": "#0"}, "down": {"uv": [3, 1, 4, 2], "texture": "#0"} } }, { "from": [10.75, 2, -0.525], "to": [11.25, 2.5, 1], "faces": { "north": {"uv": [3, 1, 4, 2], "texture": "#0"}, "east": {"uv": [3, 1, 4, 2], "texture": "#0"}, "down": {"uv": [3, 1, 4, 2], "texture": "#0"} } }, { "from": [10.25, 1, -0.525], "to": [10.75, 1.5, 1], "faces": { "north": {"uv": [3, 1, 4, 2], "texture": "#0"}, "east": {"uv": [3, 1, 4, 2], "texture": "#0"}, "west": {"uv": [3, 1, 4, 2], "texture": "#0"}, "down": {"uv": [3, 1, 4, 2], "texture": "#0"} } }, { "from": [9.75, 2, -0.525], "to": [10.25, 3, 1], "faces": { "north": {"uv": [3, 1, 4, 2], "texture": "#0"}, "west": {"uv": [3, 1, 4, 2], "texture": "#0"}, "down": {"uv": [3, 1, 4, 2], "texture": "#0"} } }, { "from": [12.75, 3, -0.525], "to": [13.75, 3.5, 1], "faces": { "north": {"uv": [3, 1, 4, 2], "texture": "#0"}, "east": {"uv": [3, 1, 4, 2], "texture": "#0"}, "down": {"uv": [3, 1, 4, 2], "texture": "#0"} } }, { "from": [14.25, 4, -0.525], "to": [14.75, 4.5, 1], "faces": { "north": {"uv": [3, 1, 4, 2], "texture": "#0"}, "east": {"uv": [3, 1, 4, 2], "texture": "#0"}, "west": {"uv": [3, 1, 4, 2], "texture": "#0"}, "up": {"uv": [3, 1, 4, 2], "texture": "#0"}, "down": {"uv": [3, 1, 4, 2], "texture": "#0"} } }, { "from": [1.75, 3.5, -0.525], "to": [3.275, 4.025, 1], "rotation": {"angle": 0, "axis": "y", "origin": [16, 0, 0]}, "faces": { "north": {"uv": [13, 0, 14, 1], "texture": "#0"}, "east": {"uv": [13, 0, 14, 1], "texture": "#0"}, "west": {"uv": [13, 0, 14, 1], "texture": "#0"}, "up": {"uv": [13, 0, 14, 1], "texture": "#0"}, "down": {"uv": [13, 0, 14, 1], "texture": "#0"} } }, { "from": [3.25, 3, -0.525], "to": [7.025, 3.525, 1], "rotation": {"angle": 0, "axis": "y", "origin": [16, 0, 0]}, "faces": { "north": {"uv": [13, 0, 14, 1], "texture": "#0"}, "up": {"uv": [13, 0, 14, 1], "texture": "#0"}, "down": {"uv": [13, 0, 14, 1], "texture": "#0"} } }, { "from": [4.25, 2.5, -0.525], "to": [7, 3, 1], "rotation": {"angle": 0, "axis": "y", "origin": [16, 0, 0]}, "faces": { "north": {"uv": [3, 1, 4, 2], "texture": "#0"}, "down": {"uv": [3, 1, 4, 2], "texture": "#0"} } }, { "from": [2.25, 3, -0.525], "to": [3.25, 3.5, 1], "rotation": {"angle": 0, "axis": "y", "origin": [16, 0, 0]}, "faces": { "north": {"uv": [3, 1, 4, 2], "texture": "#0"}, "west": {"uv": [3, 1, 4, 2], "texture": "#0"}, "down": {"uv": [3, 1, 4, 2], "texture": "#0"} } }, { "from": [1.25, 4, -0.525], "to": [1.75, 4.5, 1], "rotation": {"angle": 0, "axis": "y", "origin": [16, 0, 0]}, "faces": { "north": {"uv": [3, 1, 4, 2], "texture": "#0"}, "east": {"uv": [3, 1, 4, 2], "texture": "#0"}, "west": {"uv": [3, 1, 4, 2], "texture": "#0"}, "up": {"uv": [3, 1, 4, 2], "texture": "#0"}, "down": {"uv": [3, 1, 4, 2], "texture": "#0"} } }, { "from": [11, -2, -0.5], "to": [16, -1, 1], "faces": { "north": {"uv": [8, 3, 9, 4], "texture": "#0"}, "east": {"uv": [8, 3, 9, 4], "texture": "#0"}, "west": {"uv": [8, 3, 9, 4], "texture": "#0"}, "down": {"uv": [8, 3, 9, 4], "texture": "#0"} } }, { "from": [10.5, -1.75, -0.5], "to": [16, -1, 1], "faces": { "north": {"uv": [8, 3, 9, 4], "texture": "#0"}, "west": {"uv": [8, 3, 9, 4], "texture": "#0"}, "down": {"uv": [8, 3, 9, 4], "texture": "#0"} } }, { "from": [11.25, -2.5, -0.5], "to": [16, -2, 1], "faces": { "north": {"uv": [8, 3, 9, 4], "texture": "#0"}, "east": {"uv": [8, 3, 9, 4], "texture": "#0"}, "west": {"uv": [8, 3, 9, 4], "texture": "#0"} } }, { "from": [0, -2.5, -0.5], "to": [4.75, -2, 1], "rotation": {"angle": 0, "axis": "y", "origin": [16, 0, 0]}, "faces": { "north": {"uv": [8, 3, 9, 4], "texture": "#0"}, "west": {"uv": [8, 3, 9, 4], "texture": "#0"}, "down": {"uv": [8, 3, 9, 4], "texture": "#0"} } }, { "from": [2.25, -2.5, -0.5], "to": [16, -2.25, 1], "faces": { "north": {"uv": [8, 3, 9, 4], "texture": "#0"}, "up": {"uv": [8, 3, 9, 4], "texture": "#0"}, "down": {"uv": [8, 3, 9, 4], "texture": "#0"} } }, { "from": [0, -2, -0.5], "to": [5, -1, 1], "rotation": {"angle": 0, "axis": "y", "origin": [16, 0, 0]}, "faces": { "north": {"uv": [8, 3, 9, 4], "texture": "#0"}, "west": {"uv": [8, 3, 9, 4], "texture": "#0"} } }, { "from": [9.5, -1.5, -0.5], "to": [16, -1, 1], "faces": { "north": {"uv": [8, 3, 9, 4], "texture": "#0"}, "west": {"uv": [8, 3, 9, 4], "texture": "#0"}, "down": {"uv": [8, 3, 9, 4], "texture": "#0"} } }, { "from": [0, -1.5, -0.5], "to": [6.5, -1, 1], "rotation": {"angle": 0, "axis": "y", "origin": [16, 0, 0]}, "faces": { "north": {"uv": [8, 3, 9, 4], "texture": "#0"}, "east": {"uv": [8, 3, 9, 4], "texture": "#0"}, "down": {"uv": [8, 3, 9, 4], "texture": "#0"} } }, { "from": [4.275, 11.25, -0.55], "to": [6.25, 12.525, 1], "faces": { "north": {"uv": [10, 1, 11, 2], "texture": "#2"}, "east": {"uv": [10, 1, 11, 2], "texture": "#2"}, "west": {"uv": [10, 1, 11, 2], "texture": "#2"}, "up": {"uv": [10, 1, 11, 2], "texture": "#2"}, "down": {"uv": [10, 1, 11, 2], "texture": "#2"} } }, { "from": [3.775, 7, -0.55], "to": [5.75, 9.025, 1], "faces": { "north": {"uv": [10, 1, 11, 2], "texture": "#2"}, "east": {"uv": [10, 1, 11, 2], "texture": "#2"}, "west": {"uv": [10, 1, 11, 2], "texture": "#2"}, "up": {"uv": [10, 1, 11, 2], "texture": "#2"} } }, { "from": [4.025, 9, -0.55], "to": [6, 11.275, 1], "faces": { "north": {"uv": [10, 1, 11, 2], "texture": "#2"}, "east": {"uv": [10, 1, 11, 2], "texture": "#2"}, "west": {"uv": [10, 1, 11, 2], "texture": "#2"}, "up": {"uv": [10, 1, 11, 2], "texture": "#2"}, "down": {"uv": [10, 1, 11, 2], "texture": "#2"} } }, { "from": [6.5, -2.5, -0.5], "to": [9.5, -1.75, 1], "faces": { "north": {"uv": [8, 3, 9, 4], "texture": "#0"}, "east": {"uv": [8, 3, 9, 4], "texture": "#0"}, "west": {"uv": [8, 3, 9, 4], "texture": "#0"}, "up": {"uv": [8, 3, 9, 4], "texture": "#0"} } }, { "from": [5.5, -2.5, -0.5], "to": [10.5, -2, 1], "faces": { "north": {"uv": [8, 3, 9, 4], "texture": "#0"}, "east": {"uv": [8, 3, 9, 4], "texture": "#0"}, "up": {"uv": [8, 3, 9, 4], "texture": "#0"} } }, { "from": [0.5, 10.5, -0.5], "to": [15.5, 11.5, 1], "faces": { "north": {"uv": [8, 3, 9, 4], "texture": "#0"}, "east": {"uv": [8, 3, 9, 4], "texture": "#0"}, "west": {"uv": [8, 3, 9, 4], "texture": "#0"}, "up": {"uv": [8, 3, 9, 4], "texture": "#0"} } }, { "from": [3, 12, -0.5], "to": [13, 12.5, 1], "rotation": {"angle": 0, "axis": "y", "origin": [0, 16, 0]}, "faces": { "north": {"uv": [8, 3, 9, 4], "texture": "#0"}, "east": {"uv": [8, 3, 9, 4], "texture": "#0"}, "west": {"uv": [8, 3, 9, 4], "texture": "#0"}, "up": {"uv": [8, 3, 9, 4], "texture": "#0"} } }, { "from": [1.5, 11.5, -0.5], "to": [14.5, 12, 1], "rotation": {"angle": 0, "axis": "y", "origin": [0, 16, 0]}, "faces": { "north": {"uv": [8, 3, 9, 4], "texture": "#0"}, "east": {"uv": [8, 3, 9, 4], "texture": "#0"}, "west": {"uv": [8, 3, 9, 4], "texture": "#0"}, "up": {"uv": [8, 3, 9, 4], "texture": "#0"} } }, { "from": [3, -5, 0], "to": [13, -3.5, 1], "faces": { "north": {"uv": [15, 2, 16, 3], "texture": "#1"}, "east": {"uv": [15, 2, 16, 3], "texture": "#1"}, "west": {"uv": [15, 2, 16, 3], "texture": "#1"}, "down": {"uv": [15, 2, 16, 3], "texture": "#1"} } }, { "from": [3, 10.5, 0], "to": [13, 13, 1], "rotation": {"angle": 0, "axis": "y", "origin": [0, 16, 0]}, "faces": { "north": {"uv": [15, 2, 16, 3], "texture": "#1"}, "east": {"uv": [15, 2, 16, 3], "texture": "#1"}, "west": {"uv": [15, 2, 16, 3], "texture": "#1"}, "up": {"uv": [15, 2, 16, 3], "texture": "#1"} } }, { "from": [1.5, -4.5, 0], "to": [14.5, 12.5, 1], "rotation": {"angle": 0, "axis": "y", "origin": [0, 16, 0]}, "faces": { "north": {"uv": [15, 2, 16, 3], "texture": "#1"}, "east": {"uv": [15, 2, 16, 3], "texture": "#1"}, "west": {"uv": [15, 2, 16, 3], "texture": "#1"}, "up": {"uv": [15, 2, 16, 3], "texture": "#1"}, "down": {"uv": [15, 2, 16, 3], "texture": "#1"} } }, { "from": [0.5, -4, 0], "to": [15.5, 12, 1], "faces": { "north": {"uv": [15, 2, 16, 3], "texture": "#1"}, "east": {"uv": [15, 2, 16, 3], "texture": "#1"}, "west": {"uv": [15, 2, 16, 3], "texture": "#1"}, "up": {"uv": [15, 2, 16, 3], "texture": "#1"}, "down": {"uv": [15, 2, 16, 3], "texture": "#1"} } }, { "from": [0, -3.5, 0], "to": [16, 11.5, 1], "faces": { "north": {"uv": [15, 2, 16, 3], "texture": "#1"}, "east": {"uv": [15, 2, 16, 3], "texture": "#1"}, "west": {"uv": [15, 2, 16, 3], "texture": "#1"}, "up": {"uv": [15, 2, 16, 3], "texture": "#1"}, "down": {"uv": [15, 2, 16, 3], "texture": "#1"} } }, { "from": [-0.5, -2.5, 0], "to": [16.5, 10.5, 1], "faces": { "north": {"uv": [15, 2, 16, 3], "texture": "#1"}, "east": {"uv": [15, 2, 16, 3], "texture": "#1"}, "west": {"uv": [15, 2, 16, 3], "texture": "#1"}, "up": {"uv": [15, 2, 16, 3], "texture": "#1"}, "down": {"uv": [15, 2, 16, 3], "texture": "#1"} } }, { "from": [0.5, -2.5, -0.1], "to": [15.5, 10.5, 1], "faces": { "north": {"uv": [9, 6, 10, 7], "texture": "#1"} } }, { "from": [-0.5, -3, 1], "to": [16.5, 11, 2], "faces": { "north": {"uv": [9, 1, 10, 2], "texture": "#1"}, "east": {"uv": [9, 1, 10, 2], "texture": "#1"}, "south": {"uv": [9, 1, 10, 2], "texture": "#1"}, "west": {"uv": [9, 1, 10, 2], "texture": "#1"}, "up": {"uv": [9, 1, 10, 2], "texture": "#1"}, "down": {"uv": [9, 1, 10, 2], "texture": "#1"} } }, { "from": [4, 10, 0.5], "to": [12, 13.5, 2], "rotation": {"angle": 0, "axis": "y", "origin": [0, 16, 0]}, "faces": { "north": {"uv": [9, 1, 10, 2], "texture": "#1"}, "east": {"uv": [9, 1, 10, 2], "texture": "#1"}, "south": {"uv": [9, 1, 10, 2], "texture": "#1"}, "west": {"uv": [9, 1, 10, 2], "texture": "#1"}, "up": {"uv": [9, 1, 10, 2], "texture": "#1"} } }, { "from": [1.5, 9.5, 1], "to": [14.5, 13, 2], "rotation": {"angle": 0, "axis": "y", "origin": [0, 16, 0]}, "faces": { "north": {"uv": [9, 1, 10, 2], "texture": "#1"}, "east": {"uv": [9, 1, 10, 2], "texture": "#1"}, "south": {"uv": [9, 1, 10, 2], "texture": "#1"}, "west": {"uv": [9, 1, 10, 2], "texture": "#1"}, "up": {"uv": [9, 1, 10, 2], "texture": "#1"} } }, { "from": [0.5, 9, 1], "to": [15.5, 12.5, 2], "rotation": {"angle": 0, "axis": "y", "origin": [0, 16, 0]}, "faces": { "north": {"uv": [9, 1, 10, 2], "texture": "#1"}, "east": {"uv": [9, 1, 10, 2], "texture": "#1"}, "south": {"uv": [9, 1, 10, 2], "texture": "#1"}, "west": {"uv": [9, 1, 10, 2], "texture": "#1"}, "up": {"uv": [9, 1, 10, 2], "texture": "#1"} } }, { "from": [0.5, -4.5, 1], "to": [15.5, -2, 2], "faces": { "north": {"uv": [9, 1, 10, 2], "texture": "#1"}, "east": {"uv": [9, 1, 10, 2], "texture": "#1"}, "south": {"uv": [9, 1, 10, 2], "texture": "#1"}, "west": {"uv": [9, 1, 10, 2], "texture": "#1"}, "down": {"uv": [9, 1, 10, 2], "texture": "#1"} } }, { "from": [0, -4, 1], "to": [16, 12, 2], "faces": { "north": {"uv": [9, 1, 10, 2], "texture": "#1"}, "east": {"uv": [9, 1, 10, 2], "texture": "#1"}, "south": {"uv": [9, 1, 10, 2], "texture": "#1"}, "west": {"uv": [9, 1, 10, 2], "texture": "#1"}, "up": {"uv": [9, 1, 10, 2], "texture": "#1"}, "down": {"uv": [9, 1, 10, 2], "texture": "#1"} } }, { "from": [1.5, -5, 1], "to": [14.5, -2.5, 2], "faces": { "north": {"uv": [9, 1, 10, 2], "texture": "#1"}, "east": {"uv": [9, 1, 10, 2], "texture": "#1"}, "south": {"uv": [9, 1, 10, 2], "texture": "#1"}, "west": {"uv": [9, 1, 10, 2], "texture": "#1"}, "down": {"uv": [9, 1, 10, 2], "texture": "#1"} } }, { "from": [3, -5.5, 1], "to": [13, -3, 2], "faces": { "north": {"uv": [9, 1, 10, 2], "texture": "#1"}, "east": {"uv": [9, 1, 10, 2], "texture": "#1"}, "south": {"uv": [9, 1, 10, 2], "texture": "#1"}, "west": {"uv": [9, 1, 10, 2], "texture": "#1"}, "down": {"uv": [9, 1, 10, 2], "texture": "#1"} } }, { "from": [-1, 1, 0.5], "to": [17, 7, 1.5], "faces": { "north": {"uv": [2, 0, 3, 1], "texture": "#0"}, "east": {"uv": [2, 0, 3, 1], "texture": "#0"}, "south": {"uv": [2, 0, 3, 1], "texture": "#0"}, "west": {"uv": [2, 0, 3, 1], "texture": "#0"}, "up": {"uv": [2, 0, 3, 1], "texture": "#0"}, "down": {"uv": [2, 0, 3, 1], "texture": "#0"} } }, { "from": [-0.75, 4.5, 1.5], "to": [-0.25, 6, 19.25], "rotation": {"angle": 0, "axis": "y", "origin": [16, 0, 0]}, "faces": { "east": {"uv": [16, 1, 15, 2], "texture": "#1"}, "west": {"uv": [16, 1, 15, 2], "texture": "#1"}, "up": {"uv": [16, 1, 15, 2], "texture": "#1"}, "down": {"uv": [16, 1, 15, 2], "texture": "#1"} } }, { "from": [-0.75, 2, 1.5], "to": [-0.25, 3.5, 19.25], "rotation": {"angle": 0, "axis": "y", "origin": [16, 0, 0]}, "faces": { "east": {"uv": [16, 1, 15, 2], "texture": "#1"}, "south": {"uv": [16, 1, 15, 2], "texture": "#1"}, "west": {"uv": [16, 1, 15, 2], "texture": "#1"}, "up": {"uv": [16, 1, 15, 2], "texture": "#1"}, "down": {"uv": [16, 1, 15, 2], "texture": "#1"} } }, { "from": [-0.75, 4.5, 18.75], "to": [16.25, 6, 19.25], "rotation": {"angle": 0, "axis": "y", "origin": [-0.5, 0.5, 0]}, "faces": { "north": {"uv": [15, 1, 16, 2], "texture": "#1"}, "south": {"uv": [15, 1, 16, 2], "texture": "#1"}, "up": {"uv": [15, 1, 16, 2], "texture": "#1"}, "down": {"uv": [15, 1, 16, 2], "texture": "#1"} } }, { "from": [-0.5, 2, 18.75], "to": [16.5, 3.5, 19.25], "rotation": {"angle": 0, "axis": "y", "origin": [-0.25, 0, 0]}, "faces": { "north": {"uv": [15, 1, 16, 2], "texture": "#1"}, "south": {"uv": [15, 1, 16, 2], "texture": "#1"}, "up": {"uv": [15, 1, 16, 2], "texture": "#1"}, "down": {"uv": [15, 1, 16, 2], "texture": "#1"} } }, { "from": [4.5, 1.5, 18.5], "to": [11.5, 6.5, 19.5], "rotation": {"angle": 0, "axis": "y", "origin": [0.5, 0, 0]}, "faces": { "north": {"uv": [5, 1, 6, 2], "texture": "#1"}, "east": {"uv": [5, 1, 6, 2], "texture": "#1"}, "south": {"uv": [5, 1, 6, 2], "texture": "#1"}, "west": {"uv": [5, 1, 6, 2], "texture": "#1"}, "up": {"uv": [5, 1, 6, 2], "texture": "#1"}, "down": {"uv": [5, 1, 6, 2], "texture": "#1"} } }, { "from": [16.25, 2, 1.5], "to": [16.75, 3.5, 19.25], "faces": { "east": {"uv": [15, 1, 16, 2], "texture": "#1"}, "south": {"uv": [15, 1, 16, 2], "texture": "#1"}, "west": {"uv": [15, 1, 16, 2], "texture": "#1"}, "up": {"uv": [15, 1, 16, 2], "texture": "#1"}, "down": {"uv": [15, 1, 16, 2], "texture": "#1"} } }, { "from": [16.25, 4.5, 1.5], "to": [16.75, 6, 19.25], "faces": { "east": {"uv": [15, 1, 16, 2], "texture": "#1"}, "south": {"uv": [15, 1, 16, 2], "texture": "#1"}, "west": {"uv": [15, 1, 16, 2], "texture": "#1"}, "up": {"uv": [15, 1, 16, 2], "texture": "#1"}, "down": {"uv": [15, 1, 16, 2], "texture": "#1"} } }, { "from": [4.025, -1.775, -0.55], "to": [5.525, 0.55, 1], "faces": { "north": {"uv": [10, 1, 11, 2], "texture": "#2"}, "east": {"uv": [10, 1, 11, 2], "texture": "#2"}, "down": {"uv": [10, 1, 11, 2], "texture": "#2"} } }, { "from": [4.025, -1.525, -0.55], "to": [6, 0.55, 1], "faces": { "north": {"uv": [10, 1, 11, 2], "texture": "#2"}, "east": {"uv": [10, 1, 11, 2], "texture": "#2"}, "up": {"uv": [10, 1, 11, 2], "texture": "#2"}, "down": {"uv": [10, 1, 11, 2], "texture": "#2"} } }, { "from": [3.775, 3, -0.55], "to": [5.75, 3.55, 1], "rotation": {"angle": 0, "axis": "y", "origin": [0, -0.025, 0]}, "faces": { "north": {"uv": [10, 10, 11, 11], "texture": "#2"}, "east": {"uv": [10, 10, 11, 11], "texture": "#2"}, "west": {"uv": [10, 10, 11, 11], "texture": "#2"}, "up": {"uv": [10, 10, 11, 11], "texture": "#2"} } }, { "from": [3.775, 0.55, -0.55], "to": [5.75, 2.5, 1], "rotation": {"angle": 0, "axis": "y", "origin": [0, -0.025, 0]}, "faces": { "north": {"uv": [10, 1, 11, 2], "texture": "#2"}, "east": {"uv": [10, 1, 11, 2], "texture": "#2"}, "west": {"uv": [10, 1, 11, 2], "texture": "#2"}, "down": {"uv": [10, 1, 11, 2], "texture": "#2"} } }, { "from": [3.775, 2.5, -0.55], "to": [5.75, 3, 1], "rotation": {"angle": 0, "axis": "y", "origin": [0, -0.025, 0]}, "faces": { "north": {"uv": [13, 0, 14, 1], "texture": "#2"}, "east": {"uv": [13, 0, 14, 1], "texture": "#2"}, "west": {"uv": [13, 0, 14, 1], "texture": "#2"} } }, { "from": [4.025, -2.025, -0.55], "to": [5.025, 1.05, 1], "faces": { "north": {"uv": [10, 1, 11, 2], "texture": "#2"}, "east": {"uv": [10, 1, 11, 2], "texture": "#2"} } }, { "from": [4.025, -2.25, -0.55], "to": [4.775, 1.05, 1], "faces": { "north": {"uv": [10, 1, 11, 2], "texture": "#2"}, "west": {"uv": [10, 1, 11, 2], "texture": "#2"}, "down": {"uv": [10, 1, 11, 2], "texture": "#2"} } }, { "from": [4.275, -4.525, -0.55], "to": [6.275, -2.225, 1], "faces": { "north": {"uv": [10, 1, 11, 2], "texture": "#2"}, "east": {"uv": [10, 1, 11, 2], "texture": "#2"}, "west": {"uv": [10, 1, 11, 2], "texture": "#2"}, "up": {"uv": [10, 1, 11, 2], "texture": "#2"}, "down": {"uv": [10, 1, 11, 2], "texture": "#2"} } }, { "from": [5.475, -2.225, -0.55], "to": [6.275, -1.975, 1], "faces": { "north": {"uv": [10, 1, 11, 2], "texture": "#2"}, "east": {"uv": [10, 1, 11, 2], "texture": "#2"}, "west": {"uv": [10, 1, 11, 2], "texture": "#2"}, "up": {"uv": [10, 1, 11, 2], "texture": "#2"} } }, { "from": [4.275, -2.225, -0.55], "to": [5.025, -1.975, 1], "rotation": {"angle": 0, "axis": "y", "origin": [0.05, 0, 0]}, "faces": { "north": {"uv": [10, 1, 11, 2], "texture": "#2"}, "east": {"uv": [10, 1, 11, 2], "texture": "#2"} } }, { "from": [4.525, -5.025, -0.05], "to": [6.525, -4.525, 1], "faces": { "north": {"uv": [10, 1, 11, 2], "texture": "#2"}, "east": {"uv": [10, 1, 11, 2], "texture": "#2"}, "west": {"uv": [10, 1, 11, 2], "texture": "#2"}, "up": {"uv": [10, 1, 11, 2], "texture": "#2"}, "down": {"uv": [10, 1, 11, 2], "texture": "#2"} } }, { "from": [4.525, -5.5, 0.9], "to": [6.525, -4.525, 1], "faces": { "north": {"uv": [10, 1, 11, 2], "texture": "#2"}, "east": {"uv": [10, 1, 11, 2], "texture": "#2"}, "west": {"uv": [10, 1, 11, 2], "texture": "#2"}, "down": {"uv": [10, 1, 11, 2], "texture": "#2"} } }, { "from": [4.475, 6.475, -0.775], "to": [5.75, 6.975, 1], "faces": { "north": {"uv": [2, 10, 3, 11], "texture": "#2"}, "east": {"uv": [2, 10, 3, 11], "texture": "#2"}, "west": {"uv": [2, 10, 3, 11], "texture": "#2"}, "down": {"uv": [2, 10, 3, 11], "texture": "#2"} } }, { "from": [3.775, 6.975, -0.775], "to": [5.75, 7.525, 1], "faces": { "north": {"uv": [3, 4, 4, 5], "texture": "#2"}, "east": {"uv": [3, 4, 4, 5], "texture": "#2"}, "west": {"uv": [3, 4, 4, 5], "texture": "#2"}, "up": {"uv": [3, 4, 4, 5], "texture": "#2"}, "down": {"uv": [3, 4, 4, 5], "texture": "#2"} } }, { "from": [4.275, 12.525, -0.05], "to": [6.25, 13.025, 1], "faces": { "north": {"uv": [10, 1, 11, 2], "texture": "#2"}, "east": {"uv": [10, 1, 11, 2], "texture": "#2"}, "west": {"uv": [10, 1, 11, 2], "texture": "#2"}, "up": {"uv": [10, 1, 11, 2], "texture": "#2"} } }, { "from": [4.275, 13.025, 0.45], "to": [6.25, 13.525, 1.75], "faces": { "north": {"uv": [10, 1, 11, 2], "texture": "#2"}, "east": {"uv": [10, 1, 11, 2], "texture": "#2"}, "south": {"uv": [10, 1, 11, 2], "texture": "#2"}, "west": {"uv": [10, 1, 11, 2], "texture": "#2"}, "up": {"uv": [10, 1, 11, 2], "texture": "#2"} } }, { "from": [11.45, -0.45, -0.525], "to": [11.95, 0.55, 1], "faces": { "north": {"uv": [15, 2, 16, 3], "texture": "#1"}, "east": {"uv": [15, 2, 16, 3], "texture": "#1"}, "west": {"uv": [15, 2, 16, 3], "texture": "#1"}, "up": {"uv": [15, 2, 16, 3], "texture": "#1"}, "down": {"uv": [15, 2, 16, 3], "texture": "#1"} } }, { "from": [-0.025, 1.5, -0.525], "to": [0.475, 2.5, 1], "faces": { "north": {"uv": [15, 2, 16, 3], "texture": "#1"}, "west": {"uv": [15, 2, 16, 3], "texture": "#1"}, "down": {"uv": [15, 2, 16, 3], "texture": "#1"} } }, { "from": [0.5, 1, -0.525], "to": [1, 1.5, 1], "faces": { "north": {"uv": [15, 2, 16, 3], "texture": "#1"}, "west": {"uv": [15, 2, 16, 3], "texture": "#1"}, "down": {"uv": [15, 2, 16, 3], "texture": "#1"} } }, { "from": [1.5, 0.5, -0.525], "to": [2, 1, 1], "faces": { "north": {"uv": [15, 2, 16, 3], "texture": "#1"}, "west": {"uv": [15, 2, 16, 3], "texture": "#1"}, "down": {"uv": [15, 2, 16, 3], "texture": "#1"} } }, { "from": [2.5, 0.5, -0.525], "to": [3, 1, 1], "faces": { "north": {"uv": [15, 2, 16, 3], "texture": "#1"}, "east": {"uv": [15, 2, 16, 3], "texture": "#1"}, "up": {"uv": [15, 2, 16, 3], "texture": "#1"}, "down": {"uv": [15, 2, 16, 3], "texture": "#1"} } }, { "from": [1, 2, -0.525], "to": [1.5, 2.5, 1], "faces": { "north": {"uv": [15, 2, 16, 3], "texture": "#1"}, "east": {"uv": [15, 2, 16, 3], "texture": "#1"}, "up": {"uv": [15, 2, 16, 3], "texture": "#1"} } }, { "from": [0, 3.5, -0.525], "to": [0.5, 4, 1], "faces": { "north": {"uv": [15, 2, 16, 3], "texture": "#1"}, "east": {"uv": [15, 2, 16, 3], "texture": "#1"}, "west": {"uv": [15, 2, 16, 3], "texture": "#1"}, "up": {"uv": [15, 2, 16, 3], "texture": "#1"} } }, { "from": [0.5, 4, -0.525], "to": [1, 4.5, 1], "faces": { "north": {"uv": [15, 2, 16, 3], "texture": "#1"}, "east": {"uv": [15, 2, 16, 3], "texture": "#1"}, "west": {"uv": [15, 2, 16, 3], "texture": "#1"}, "up": {"uv": [15, 2, 16, 3], "texture": "#1"}, "down": {"uv": [15, 2, 16, 3], "texture": "#1"} } }, { "from": [11.95, -1.475, -0.525], "to": [12.475, -0.45, 1], "faces": { "north": {"uv": [9, 1, 10, 2], "texture": "#1"}, "east": {"uv": [9, 1, 10, 2], "texture": "#1"}, "west": {"uv": [9, 1, 10, 2], "texture": "#1"}, "up": {"uv": [9, 1, 10, 2], "texture": "#1"} } }, { "from": [11.95, -2.475, -0.525], "to": [12.475, -1.475, 1], "faces": { "north": {"uv": [15, 2, 16, 3], "texture": "#1"}, "west": {"uv": [15, 2, 16, 3], "texture": "#1"}, "down": {"uv": [15, 2, 16, 3], "texture": "#1"} } }, { "from": [11.975, -4.525, -0.525], "to": [12.475, -3.475, 1], "faces": { "north": {"uv": [15, 2, 16, 3], "texture": "#1"}, "west": {"uv": [15, 2, 16, 3], "texture": "#1"}, "up": {"uv": [15, 2, 16, 3], "texture": "#1"}, "down": {"uv": [15, 2, 16, 3], "texture": "#1"} } }, { "from": [12.975, -1.95, -0.525], "to": [13.5, -1.45, 1], "faces": { "north": {"uv": [15, 2, 16, 3], "texture": "#1"}, "east": {"uv": [15, 2, 16, 3], "texture": "#1"}, "up": {"uv": [15, 2, 16, 3], "texture": "#1"} } }, { "from": [13.025, -4.025, -0.525], "to": [13.5, -3.475, 1], "faces": { "north": {"uv": [15, 2, 16, 3], "texture": "#1"}, "east": {"uv": [15, 2, 16, 3], "texture": "#1"}, "down": {"uv": [15, 2, 16, 3], "texture": "#1"} } }, { "from": [12.475, -1.95, -0.525], "to": [12.975, -0.95, 1], "faces": { "north": {"uv": [9, 1, 10, 2], "texture": "#1"}, "east": {"uv": [9, 1, 10, 2], "texture": "#1"}, "up": {"uv": [9, 1, 10, 2], "texture": "#1"} } }, { "from": [-0.025, 2.5, -0.525], "to": [0.5, 3.525, 1], "faces": { "north": {"uv": [9, 1, 10, 2], "texture": "#1"}, "east": {"uv": [9, 1, 10, 2], "texture": "#1"}, "west": {"uv": [9, 1, 10, 2], "texture": "#1"}, "up": {"uv": [9, 1, 10, 2], "texture": "#1"} } }, { "from": [0.475, 1.5, -0.525], "to": [1, 2.525, 1], "faces": { "north": {"uv": [9, 1, 10, 2], "texture": "#1"}, "east": {"uv": [9, 1, 10, 2], "texture": "#1"}, "up": {"uv": [9, 1, 10, 2], "texture": "#1"}, "down": {"uv": [9, 1, 10, 2], "texture": "#1"} } }, { "from": [1, 1.5, -0.525], "to": [1.5, 2.025, 1], "faces": { "north": {"uv": [9, 1, 10, 2], "texture": "#1"}, "east": {"uv": [9, 1, 10, 2], "texture": "#1"} } }, { "from": [1, 1, -0.525], "to": [2, 1.525, 1], "faces": { "north": {"uv": [9, 1, 10, 2], "texture": "#1"}, "east": {"uv": [9, 1, 10, 2], "texture": "#1"}, "up": {"uv": [9, 1, 10, 2], "texture": "#1"}, "down": {"uv": [9, 1, 10, 2], "texture": "#1"} } }, { "from": [2, 0.5, -0.525], "to": [2.5, 1.025, 1], "faces": { "north": {"uv": [9, 1, 10, 2], "texture": "#1"}, "east": {"uv": [9, 1, 10, 2], "texture": "#1"}, "up": {"uv": [9, 1, 10, 2], "texture": "#1"}, "down": {"uv": [9, 1, 10, 2], "texture": "#1"} } }, { "from": [12.475, -3.475, -0.525], "to": [13.5, -1.95, 1], "faces": { "north": {"uv": [9, 1, 10, 2], "texture": "#1"}, "east": {"uv": [9, 1, 10, 2], "texture": "#1"}, "west": {"uv": [9, 1, 10, 2], "texture": "#1"} } }, { "from": [12.475, -4.525, -0.525], "to": [13.025, -3.475, 0], "faces": { "north": {"uv": [9, 1, 10, 2], "texture": "#1"}, "east": {"uv": [9, 1, 10, 2], "texture": "#1"}, "south": {"uv": [9, 1, 10, 2], "texture": "#1"}, "down": {"uv": [9, 1, 10, 2], "texture": "#1"} } }, { "from": [14.525, 11.025, -0.525], "to": [15.525, 11.525, 0], "faces": { "north": {"uv": [9, 1, 10, 2], "texture": "#1"}, "east": {"uv": [9, 1, 10, 2], "texture": "#1"}, "south": {"uv": [9, 1, 10, 2], "texture": "#1"}, "up": {"uv": [9, 1, 10, 2], "texture": "#1"} } }, { "from": [14.025, 11.025, -0.525], "to": [14.525, 11.525, 0], "faces": { "north": {"uv": [15, 1, 16, 2], "texture": "#1"}, "west": {"uv": [15, 1, 16, 2], "texture": "#1"}, "up": {"uv": [15, 1, 16, 2], "texture": "#1"} } }, { "from": [15.025, 10.525, -0.525], "to": [15.525, 11.025, 0], "faces": { "north": {"uv": [15, 1, 16, 2], "texture": "#1"}, "east": {"uv": [15, 1, 16, 2], "texture": "#1"}, "down": {"uv": [15, 1, 16, 2], "texture": "#1"} } }, { "from": [14.525, 10.025, -0.525], "to": [15.025, 10.525, 0], "faces": { "north": {"uv": [15, 1, 16, 2], "texture": "#1"}, "east": {"uv": [15, 1, 16, 2], "texture": "#1"}, "down": {"uv": [15, 1, 16, 2], "texture": "#1"} } }, { "from": [13.525, 8.525, -0.525], "to": [14.025, 9.025, 0], "faces": { "north": {"uv": [15, 1, 16, 2], "texture": "#1"}, "east": {"uv": [15, 1, 16, 2], "texture": "#1"}, "west": {"uv": [15, 1, 16, 2], "texture": "#1"}, "down": {"uv": [15, 1, 16, 2], "texture": "#1"} } }, { "from": [12.75, 8.5, -0.525], "to": [13.25, 9, 0], "faces": { "north": {"uv": [4, 13, 5, 14], "texture": "#1"}, "east": {"uv": [4, 13, 5, 14], "texture": "#1"}, "west": {"uv": [4, 13, 5, 14], "texture": "#1"}, "up": {"uv": [4, 13, 5, 14], "texture": "#1"}, "down": {"uv": [4, 13, 5, 14], "texture": "#1"} } }, { "from": [10.5, 9.25, -0.525], "to": [11, 9.75, 0], "faces": { "north": {"uv": [4, 13, 5, 14], "texture": "#1"}, "east": {"uv": [4, 13, 5, 14], "texture": "#1"}, "west": {"uv": [4, 13, 5, 14], "texture": "#1"}, "up": {"uv": [4, 13, 5, 14], "texture": "#1"}, "down": {"uv": [4, 13, 5, 14], "texture": "#1"} } }, { "from": [12.25, 8, -0.525], "to": [12.75, 8.5, 0], "faces": { "north": {"uv": [4, 13, 5, 14], "texture": "#1"}, "east": {"uv": [4, 13, 5, 14], "texture": "#1"}, "west": {"uv": [4, 13, 5, 14], "texture": "#1"}, "up": {"uv": [4, 13, 5, 14], "texture": "#1"}, "down": {"uv": [4, 13, 5, 14], "texture": "#1"} } }, { "from": [10, 8.75, -0.525], "to": [10.5, 9.25, 0], "faces": { "north": {"uv": [4, 13, 5, 14], "texture": "#1"}, "east": {"uv": [4, 13, 5, 14], "texture": "#1"}, "west": {"uv": [4, 13, 5, 14], "texture": "#1"}, "up": {"uv": [4, 13, 5, 14], "texture": "#1"}, "down": {"uv": [4, 13, 5, 14], "texture": "#1"} } }, { "from": [12.25, 9, -0.525], "to": [12.75, 9.5, 0], "faces": { "north": {"uv": [15, 1, 16, 2], "texture": "#1"}, "east": {"uv": [15, 1, 16, 2], "texture": "#1"}, "west": {"uv": [15, 1, 16, 2], "texture": "#1"}, "up": {"uv": [15, 1, 16, 2], "texture": "#1"}, "down": {"uv": [15, 1, 16, 2], "texture": "#1"} } }, { "from": [10, 9.75, -0.525], "to": [10.5, 10.25, 0], "faces": { "north": {"uv": [15, 1, 16, 2], "texture": "#1"}, "east": {"uv": [15, 1, 16, 2], "texture": "#1"}, "west": {"uv": [15, 1, 16, 2], "texture": "#1"}, "up": {"uv": [15, 1, 16, 2], "texture": "#1"}, "down": {"uv": [15, 1, 16, 2], "texture": "#1"} } }, { "from": [11.75, 8.5, -0.525], "to": [12.25, 9, 0], "faces": { "north": {"uv": [15, 1, 16, 2], "texture": "#1"}, "east": {"uv": [15, 1, 16, 2], "texture": "#1"}, "west": {"uv": [15, 1, 16, 2], "texture": "#1"}, "up": {"uv": [15, 1, 16, 2], "texture": "#1"}, "down": {"uv": [15, 1, 16, 2], "texture": "#1"} } }, { "from": [9.5, 9.25, -0.525], "to": [10, 9.75, 0], "faces": { "north": {"uv": [15, 1, 16, 2], "texture": "#1"}, "east": {"uv": [15, 1, 16, 2], "texture": "#1"}, "west": {"uv": [15, 1, 16, 2], "texture": "#1"}, "up": {"uv": [15, 1, 16, 2], "texture": "#1"}, "down": {"uv": [15, 1, 16, 2], "texture": "#1"} } }, { "from": [13.525, 10.525, -0.525], "to": [14.025, 11.025, 0], "faces": { "north": {"uv": [15, 1, 16, 2], "texture": "#1"}, "west": {"uv": [15, 1, 16, 2], "texture": "#1"}, "up": {"uv": [15, 1, 16, 2], "texture": "#1"} } }, { "from": [13.025, 9.525, -0.525], "to": [13.525, 10.025, 0], "faces": { "north": {"uv": [15, 1, 16, 2], "texture": "#1"}, "west": {"uv": [15, 1, 16, 2], "texture": "#1"}, "up": {"uv": [15, 1, 16, 2], "texture": "#1"}, "down": {"uv": [15, 1, 16, 2], "texture": "#1"} } }, { "from": [14.025, 9.525, -0.525], "to": [14.525, 10.025, 0], "faces": { "north": {"uv": [15, 1, 16, 2], "texture": "#1"}, "east": {"uv": [15, 1, 16, 2], "texture": "#1"}, "down": {"uv": [15, 1, 16, 2], "texture": "#1"} } }, { "from": [14.025, 10.525, -0.525], "to": [15.025, 11.025, 0], "faces": { "north": {"uv": [9, 1, 10, 2], "texture": "#1"} } }, { "from": [13.525, 10.025, -0.525], "to": [14.525, 10.525, 0], "faces": { "north": {"uv": [9, 1, 10, 2], "texture": "#1"}, "west": {"uv": [9, 1, 10, 2], "texture": "#1"} } }, { "from": [13.525, 9.025, -0.525], "to": [14.025, 10.025, 0], "faces": { "north": {"uv": [9, 1, 10, 2], "texture": "#1"}, "east": {"uv": [9, 1, 10, 2], "texture": "#1"}, "west": {"uv": [9, 1, 10, 2], "texture": "#1"} } } ], "display": { "thirdperson_righthand": { "rotation": [89, 0, 0], "translation": [0, -1.5, 1], "scale": [0.23, 0.23, 0.23] }, "thirdperson_lefthand": { "rotation": [89, 0, 0], "translation": [0, -1.5, 1], "scale": [0.23, 0.23, 0.23] }, "firstperson_righthand": { "rotation": [0, 108, 0], "translation": [1.5, 5.5, 0], "scale": [0.38, 0.38, 0.38] }, "firstperson_lefthand": { "rotation": [0, 108, 0], "translation": [1.5, 5.5, 0], "scale": [0.38, 0.38, 0.38] }, "ground": { "rotation": [33, 0, 0], "translation": [0, 0.75, 0], "scale": [0.44, 0.44, 0.44] }, "gui": { "rotation": [-27, 165, 29], "translation": [1.75, 1, 0], "scale": [0.62, 0.62, 0.62] }, "head": { "translation": [0, 3, -1.75], "scale": [0.77, 0.77, 0.77] } }, "groups": [ { "name": "group", "origin": [8, 8, 8], "color": 0, "children": [ 0, 1, 2, 3, 4, 5, 6, 7, 8, 9, 10, 11, 12, 13, 14, 15, 16, 17, 18, 19, 20, 21, 22, 23, 24, 25, { "name": "group", "origin": [0, 0, 0], "color": 0, "children": [ { "name": "group", "origin": [0, 0, 0], "color": 0, "children": [26, 27, 28, 29] }, 30, 31, 32, 33, 34, 35 ] }, { "name": "group", "origin": [0, 0, 0], "color": 0, "children": [ { "name": "group", "origin": [0, 0, 0], "color": 0, "children": [36, 37] }, 38, 39, 40 ] }, 41, 42, 43, 44, 45, 46, 47, 48, 49, 50, 51, 52, 53, 54, 55, 56 ] }, { "name": "group", "origin": [0, 0, 0], "color": 0, "children": [57, 58, 59, 60, 61, 62, 63] }, { "name": "group", "origin": [8, 8, 8], "color": 0, "children": [64, 65, 66, 67, 68, 69, 70, 71] }, { "name": "group", "origin": [0, 0, 0], "color": 0, "children": [72, 73, 74, 75, 76, 77, 78, 79] }, { "name": "group", "origin": [8, 8, 8], "color": 0, "children": [80, 81, 82, 83, 84, 85, 86, 87, 88, 89, 90, 91, 92, 93] }, { "name": "group", "origin": [8, 8, 8], "color": 0, "children": [94] }, { "name": "group", "origin": [8, 8, 8], "color": 0, "children": [95] }, { "name": "group", "origin": [8, 8, 8], "color": 0, "children": [96, 97, 98, 99, 100, 101, 102, 103, 104, 105, 106, 107, 108] }, { "name": "group", "origin": [8, 8, 8], "color": 0, "children": [109, 110, 111, 112, 113, 114, 115, 116] }, { "name": "group", "origin": [8, 8, 8], "color": 0, "children": [117, 118, 119, 120, 121, 122, 123, 124, 125, 126, 127, 128, 129, 130, 131, 132, 133, 134, 135] }, { "name": "group", "origin": [8, 8, 8], "color": 0, "children": [] } ] }