{
	"credit": "Made with Blockbench",
	"textures": {
		"3": "ttp/qualityarmory/animaltextures_3",
		"particle": "ttp/qualityarmory/rgbsheet1"
	},
	"elements": [
		{
			"from": [3.25, 14.25, 1.25],
			"to": [12.75, 23.5, 14.75],
			"rotation": {"angle": 0, "axis": "y", "origin": [8, 12.5, 8]},
			"faces": {
				"north": {"uv": [9, 7.5, 12, 11.5], "texture": "#3"},
				"east": {"uv": [9, 7.5, 12, 11.5], "texture": "#3"},
				"south": {"uv": [9, 7.5, 12, 11.5], "texture": "#3"},
				"west": {"uv": [9, 7.5, 12, 11.5], "texture": "#3"},
				"up": {"uv": [9, 7.5, 12, 11.5], "texture": "#3"},
				"down": {"uv": [9, 7.5, 12, 11.5], "texture": "#3"}
			}
		},
		{
			"from": [2.25, 17.75, 3.25],
			"to": [13.75, 23, 12.75],
			"rotation": {"angle": 0, "axis": "y", "origin": [8, 12.5, 8]},
			"faces": {
				"north": {"uv": [12.5, 9.5, 15.5, 11.5], "texture": "#3"},
				"east": {"uv": [12.5, 9.5, 15.5, 11.5], "texture": "#3"},
				"south": {"uv": [12.5, 9.5, 15.5, 11.5], "texture": "#3"},
				"west": {"uv": [12.5, 9.5, 15.5, 11.5], "texture": "#3"},
				"up": {"uv": [12.5, 9.5, 15.5, 11.5], "texture": "#3"},
				"down": {"uv": [12.5, 9.5, 15.5, 11.5], "texture": "#3"}
			}
		},
		{
			"from": [6.25, 19.25, -2.25],
			"to": [9.75, 22.75, -0.75],
			"rotation": {"angle": 0, "axis": "y", "origin": [8, 12.5, 3.5]},
			"faces": {
				"north": {"uv": [8, 2, 10, 4], "texture": "#3"},
				"east": {"uv": [8, 2, 10, 4], "texture": "#3"},
				"south": {"uv": [8, 2, 10, 4], "texture": "#3"},
				"west": {"uv": [8, 2, 10, 4], "texture": "#3"},
				"up": {"uv": [8, 2, 10, 4], "texture": "#3"},
				"down": {"uv": [8, 2, 10, 4], "texture": "#3"}
			}
		},
		{
			"from": [4.75, 22.75, -3.75],
			"to": [11.25, 26, -0.75],
			"rotation": {"angle": 0, "axis": "y", "origin": [8, 16.25, 3.5]},
			"faces": {
				"north": {"uv": [8, 1, 10, 2], "texture": "#3"},
				"east": {"uv": [8, 1, 10, 2], "texture": "#3"},
				"south": {"uv": [8, 1, 10, 2], "texture": "#3"},
				"west": {"uv": [8, 1, 10, 2], "texture": "#3"},
				"up": {"uv": [8, 0, 10, 1], "rotation": 180, "texture": "#3"},
				"down": {"uv": [8, 1, 10, 2], "texture": "#3"}
			}
		},
		{
			"from": [4.75, 19.25, -0.75],
			"to": [11.25, 29.5, 3.75],
			"rotation": {"angle": 0, "axis": "y", "origin": [8, 12.5, 8]},
			"faces": {
				"north": {"uv": [1.5, 1.5, 3.5, 4.5], "texture": "#3"},
				"east": {"uv": [3.5, 1.5, 5.5, 4.5], "texture": "#3"},
				"south": {"uv": [3.5, 1.5, 5.5, 4.5], "texture": "#3"},
				"west": {"uv": [3.5, 1.5, 5.5, 4.5], "texture": "#3"},
				"up": {"uv": [3.5, 1.5, 5.5, 4.5], "texture": "#3"},
				"down": {"uv": [1.5, 1.5, 3.5, 4.5], "texture": "#3"}
			}
		}
	],
	"display": {
		"thirdperson_righthand": {
			"rotation": [0, 44, 0],
			"translation": [0, -5.75, 0],
			"scale": [0.6, 0.6, 0.6]
		},
		"thirdperson_lefthand": {
			"scale": [0.6, 0.6, 0.6]
		},
		"firstperson_righthand": {
			"rotation": [0, 135, 0],
			"translation": [-0.5, 6, 1],
			"scale": [0.6, 0.6, 0.6]
		},
		"firstperson_lefthand": {
			"scale": [0.6, 0.6, 0.6]
		},
		"gui": {
			"rotation": [0, 146, 0],
			"translation": [0, -1, 0],
			"scale": [0.6, 0.6, 0.6]
		}
	}
}