{
	"credit": "Made with Blockbench",
	"textures": {
		"2": "ttp/qualityarmory/animaltextures_2",
		"particle": "ttp/qualityarmory/rgbsheet1"
	},
	"elements": [
		{
			"from": [3.25, 14.25, 1.25],
			"to": [12.75, 23.5, 14.75],
			"rotation": {"angle": 0, "axis": "y", "origin": [8, 12.5, 8]},
			"faces": {
				"north": {"uv": [2, 1.5, 5, 4.5], "texture": "#2"},
				"east": {"uv": [7, 1.5, 10, 4.5], "texture": "#2"},
				"south": {"uv": [7, 1.5, 10, 4.5], "texture": "#2"},
				"west": {"uv": [7, 1.5, 10, 4.5], "texture": "#2"},
				"up": {"uv": [7, 1.5, 10, 4.5], "texture": "#2"},
				"down": {"uv": [7, 1.5, 10, 4.5], "texture": "#2"}
			}
		},
		{
			"from": [0.75, 5.25, 3.25],
			"to": [3.25, 15.5, 14.75],
			"rotation": {"angle": 0, "axis": "y", "origin": [-1.5, 12.5, 8]},
			"faces": {
				"north": {"uv": [7, 1.5, 10, 4.5], "texture": "#2"},
				"east": {"uv": [7, 1.5, 10, 4.5], "texture": "#2"},
				"south": {"uv": [7, 1.5, 10, 4.5], "texture": "#2"},
				"west": {"uv": [7, 1.5, 10, 4.5], "texture": "#2"},
				"up": {"uv": [7, 1.5, 10, 4.5], "texture": "#2"},
				"down": {"uv": [7, 1.5, 10, 4.5], "texture": "#2"}
			}
		},
		{
			"from": [12.75, 5.25, 3.25],
			"to": [15.25, 15.5, 14.75],
			"rotation": {"angle": 0, "axis": "y", "origin": [10.5, 12.5, 8]},
			"faces": {
				"north": {"uv": [7, 1.5, 10, 4.5], "texture": "#2"},
				"east": {"uv": [7, 1.5, 10, 4.5], "texture": "#2"},
				"south": {"uv": [7, 1.5, 10, 4.5], "texture": "#2"},
				"west": {"uv": [7, 1.5, 10, 4.5], "texture": "#2"},
				"up": {"uv": [7, 1.5, 10, 4.5], "texture": "#2"},
				"down": {"uv": [7, 1.5, 10, 4.5], "texture": "#2"}
			}
		},
		{
			"from": [0.75, 5.25, 14.75],
			"to": [15.25, 15.5, 15.75],
			"rotation": {"angle": 0, "axis": "y", "origin": [10.5, 12.5, 8]},
			"faces": {
				"north": {"uv": [7, 1.5, 10, 4.5], "texture": "#2"},
				"east": {"uv": [7, 1.5, 10, 4.5], "texture": "#2"},
				"south": {"uv": [7, 1.5, 10, 4.5], "texture": "#2"},
				"west": {"uv": [7, 1.5, 10, 4.5], "texture": "#2"},
				"up": {"uv": [7, 1.5, 10, 4.5], "texture": "#2"},
				"down": {"uv": [7, 1.5, 10, 4.5], "texture": "#2"}
			}
		},
		{
			"from": [9.5, 23.5, 5.75],
			"to": [12.75, 26.75, 7.25],
			"rotation": {"angle": 0, "axis": "y", "origin": [8, 21.75, 11.25]},
			"faces": {
				"north": {"uv": [10, 7, 11, 8], "texture": "#2"},
				"east": {"uv": [9.5, 7, 10, 8], "texture": "#2"},
				"south": {"uv": [10, 7, 11, 8], "texture": "#2"},
				"west": {"uv": [9.5, 7, 10, 8], "texture": "#2"},
				"up": {"uv": [9.5, 7, 10, 8], "texture": "#2"},
				"down": {"uv": [10, 7, 11, 8], "texture": "#2"}
			}
		},
		{
			"from": [3.25, 23.5, 5.75],
			"to": [6.5, 26.75, 7.25],
			"rotation": {"angle": 0, "axis": "y", "origin": [1.75, 21.75, 11.25]},
			"faces": {
				"north": {"uv": [10, 7, 11, 8], "texture": "#2"},
				"east": {"uv": [9.5, 7, 10, 8], "texture": "#2"},
				"south": {"uv": [10, 7, 11, 8], "texture": "#2"},
				"west": {"uv": [9.5, 7, 10, 8], "texture": "#2"},
				"up": {"uv": [9.5, 7, 10, 8], "texture": "#2"},
				"down": {"uv": [10, 7, 11, 8], "texture": "#2"}
			}
		},
		{
			"from": [6.25, 14.25, -4.75],
			"to": [9.75, 19, 1.25],
			"rotation": {"angle": 0, "axis": "y", "origin": [8, 12.5, -5]},
			"faces": {
				"north": {"uv": [2, 6.5, 3.5, 8], "texture": "#2"},
				"east": {"uv": [0, 6.5, 2, 8], "texture": "#2"},
				"south": {"uv": [2, 1.5, 5, 4.5], "texture": "#2"},
				"west": {"uv": [3.5, 6.5, 5.5, 8], "texture": "#2"},
				"up": {"uv": [2, 4.5, 3.5, 6.5], "texture": "#2"},
				"down": {"uv": [2, 1.5, 5, 4.5], "texture": "#2"}
			}
		}
	],
	"display": {
		"thirdperson_righthand": {
			"rotation": [0, 44, 0],
			"scale": [0.6, 0.6, 0.6]
		},
		"thirdperson_lefthand": {
			"scale": [0.6, 0.6, 0.6]
		},
		"firstperson_righthand": {
			"rotation": [0, 135, 0],
			"translation": [-0.5, 6, 1],
			"scale": [0.6, 0.6, 0.6]
		},
		"firstperson_lefthand": {
			"scale": [0.6, 0.6, 0.6]
		},
		"gui": {
			"rotation": [0, 146, 0],
			"translation": [0, -1, 0],
			"scale": [0.6, 0.6, 0.6]
		}
	}
}