{
	"credit": "Made with Blockbench",
	"textures": {
		"0": "ttp/qualityarmory/rgbsheet1",
		"1": "ttp/qualityarmory/glasspanetexture",
		"particle": "ttp/qualityarmory/rgbsheet1"
	},
	"elements": [
		{
			"from": [1.25, 14.25, 1.25],
			"to": [14.75, 16, 14.75],
			"rotation": {"angle": 0, "axis": "y", "origin": [8, 11.5, 8]},
			"faces": {
				"north": {"uv": [15, 14, 16, 15], "texture": "#0"},
				"east": {"uv": [15, 14, 16, 15], "texture": "#0"},
				"south": {"uv": [15, 14, 16, 15], "texture": "#0"},
				"west": {"uv": [15, 14, 16, 15], "texture": "#0"},
				"up": {"uv": [15, 14, 16, 15], "texture": "#0"},
				"down": {"uv": [15, 14, 16, 15], "texture": "#0"}
			}
		},
		{
			"from": [1.25, 3, 1.25],
			"to": [2.75, 14.25, 14.75],
			"rotation": {"angle": 0, "axis": "y", "origin": [8, 7.75, 8]},
			"faces": {
				"north": {"uv": [15, 14, 16, 15], "texture": "#0"},
				"east": {"uv": [15, 14, 16, 15], "texture": "#0"},
				"south": {"uv": [15, 14, 16, 15], "texture": "#0"},
				"west": {"uv": [15, 14, 16, 15], "texture": "#0"},
				"up": {"uv": [15, 14, 16, 15], "texture": "#0"},
				"down": {"uv": [15, 14, 16, 15], "texture": "#0"}
			}
		},
		{
			"from": [2.75, 3, 1.25],
			"to": [13.25, 4.25, 14.75],
			"rotation": {"angle": 0, "axis": "y", "origin": [8, 7.75, 8]},
			"faces": {
				"north": {"uv": [15, 14, 16, 15], "texture": "#0"},
				"east": {"uv": [15, 14, 16, 15], "texture": "#0"},
				"south": {"uv": [15, 14, 16, 15], "texture": "#0"},
				"west": {"uv": [15, 14, 16, 15], "texture": "#0"},
				"up": {"uv": [15, 14, 16, 15], "texture": "#0"},
				"down": {"uv": [15, 14, 16, 15], "texture": "#0"}
			}
		},
		{
			"from": [13.25, 3, 1.25],
			"to": [14.75, 14.25, 14.75],
			"rotation": {"angle": 0, "axis": "y", "origin": [8, 7.75, 8]},
			"faces": {
				"north": {"uv": [15, 14, 16, 15], "texture": "#0"},
				"east": {"uv": [15, 14, 16, 15], "texture": "#0"},
				"south": {"uv": [15, 14, 16, 15], "texture": "#0"},
				"west": {"uv": [15, 14, 16, 15], "texture": "#0"},
				"up": {"uv": [15, 14, 16, 15], "texture": "#0"},
				"down": {"uv": [15, 14, 16, 15], "texture": "#0"}
			}
		},
		{
			"from": [2.75, 4.25, 13.25],
			"to": [13.25, 14.25, 14.75],
			"rotation": {"angle": 0, "axis": "y", "origin": [8, 7.75, 8]},
			"faces": {
				"north": {"uv": [15, 14, 16, 15], "texture": "#0"},
				"east": {"uv": [15, 14, 16, 15], "texture": "#0"},
				"south": {"uv": [15, 14, 16, 15], "texture": "#0"},
				"west": {"uv": [15, 14, 16, 15], "texture": "#0"},
				"up": {"uv": [15, 14, 16, 15], "texture": "#0"},
				"down": {"uv": [15, 14, 16, 15], "texture": "#0"}
			}
		},
		{
			"from": [2.75, 4.25, 1.25],
			"to": [13.25, 14.25, 1.25],
			"rotation": {"angle": 0, "axis": "y", "origin": [8, 7.75, -5.5]},
			"faces": {
				"north": {"uv": [0, 0, 16, 16], "texture": "#1"},
				"east": {"uv": [0, 0, 16, 16], "texture": "#1"},
				"south": {"uv": [0, 0, 16, 16], "texture": "#1"},
				"west": {"uv": [0, 0, 16, 16], "texture": "#1"},
				"up": {"uv": [0, 0, 16, 16], "texture": "#1"},
				"down": {"uv": [0, 0, 16, 16], "texture": "#1"}
			}
		}
	],
	"display": {
		"thirdperson_righthand": {
			"rotation": [0, 45, 0],
			"scale": [0.6, 0.6, 0.6]
		},
		"thirdperson_lefthand": {
			"scale": [0.6, 0.6, 0.6]
		},
		"firstperson_righthand": {
			"rotation": [0, 135, 0],
			"translation": [-0.5, 6, 1],
			"scale": [0.6, 0.6, 0.6]
		},
		"firstperson_lefthand": {
			"scale": [0.6, 0.6, 0.6]
		},
		"gui": {
			"rotation": [0, 146, 0],
			"translation": [0, -1, 0],
			"scale": [0.6, 0.6, 0.6]
		},
		"head": {
			"translation": [0, -1.5, 0],
			"scale": [1.1, 1.1, 1.1]
		}
	}
}