{"credit":"Made with Blockbench","textures":{"0":"ttp/qualityarmory/rgbsheet1","particle":"ttp/qualityarmory/rgbsheet1"},"elements":[{"from":[-2.75,10.5,-2.75],"to":[18.75,12,18.75],"faces":{"north":{"uv":[7,2,8,3],"texture":"#0"},"east":{"uv":[7,2,8,3],"texture":"#0"},"south":{"uv":[7,2,8,3],"texture":"#0"},"west":{"uv":[7,2,8,3],"texture":"#0"},"up":{"uv":[7,2,8,3],"texture":"#0"},"down":{"uv":[7,2,8,3],"texture":"#0"}}},{"from":[1.25,13.25,1.25],"to":[14.75,18.5,14.75],"rotation":{"angle":0,"axis":"y","origin":[8,11.5,8]},"faces":{"north":{"uv":[7,2,8,3],"texture":"#0"},"east":{"uv":[7,2,8,3],"texture":"#0"},"south":{"uv":[7,2,8,3],"texture":"#0"},"west":{"uv":[7,2,8,3],"texture":"#0"},"up":{"uv":[7,2,8,3],"texture":"#0"},"down":{"uv":[7,2,8,3],"texture":"#0"}}},{"from":[1.25,12,1.25],"to":[14.75,13.25,14.75],"rotation":{"angle":0,"axis":"y","origin":[8,11.5,8]},"faces":{"north":{"uv":[8,6,9,7],"texture":"#0"},"east":{"uv":[8,6,9,7],"texture":"#0"},"south":{"uv":[8,6,9,7],"texture":"#0"},"west":{"uv":[8,6,9,7],"texture":"#0"},"up":{"uv":[8,6,9,7],"texture":"#0"},"down":{"uv":[8,6,9,7],"texture":"#0"}}},{"from":[0.25,12,6.5],"to":[1.25,13.25,7.5],"rotation":{"angle":0,"axis":"y","origin":[7,11.5,8]},"faces":{"north":{"uv":[8,6,9,7],"texture":"#0"},"east":{"uv":[8,6,9,7],"texture":"#0"},"south":{"uv":[8,6,9,7],"texture":"#0"},"west":{"uv":[8,6,9,7],"texture":"#0"},"up":{"uv":[8,6,9,7],"texture":"#0"},"down":{"uv":[8,6,9,7],"texture":"#0"}}},{"from":[0.25,13.25,6.5],"to":[1.25,17.75,7.5],"rotation":{"angle":0,"axis":"y","origin":[7,12.75,8]},"faces":{"north":{"uv":[13,6,14,7],"texture":"#0"},"east":{"uv":[13,6,14,7],"texture":"#0"},"south":{"uv":[13,6,14,7],"texture":"#0"},"west":{"uv":[13,6,14,7],"texture":"#0"},"up":{"uv":[13,6,14,7],"texture":"#0"},"down":{"uv":[13,6,14,7],"texture":"#0"}}},{"from":[0.25,14.5,7.5],"to":[1.25,18.75,8.5],"rotation":{"angle":0,"axis":"y","origin":[7,12.75,9]},"faces":{"north":{"uv":[13,6,14,7],"texture":"#0"},"east":{"uv":[13,6,14,7],"texture":"#0"},"south":{"uv":[13,6,14,7],"texture":"#0"},"west":{"uv":[13,6,14,7],"texture":"#0"},"up":{"uv":[13,6,14,7],"texture":"#0"},"down":{"uv":[13,6,14,7],"texture":"#0"}}},{"from":[0.25,15.75,8.5],"to":[1.25,20,9.5],"rotation":{"angle":0,"axis":"y","origin":[7,14,10]},"faces":{"north":{"uv":[13,6,14,7],"texture":"#0"},"east":{"uv":[13,6,14,7],"texture":"#0"},"south":{"uv":[13,6,14,7],"texture":"#0"},"west":{"uv":[13,6,14,7],"texture":"#0"},"up":{"uv":[13,6,14,7],"texture":"#0"},"down":{"uv":[13,6,14,7],"texture":"#0"}}}],"display":{"thirdperson_righthand":{"rotation":[0,45,0],"scale":[0.6,0.6,0.6]},"thirdperson_lefthand":{"scale":[0.6,0.6,0.6]},"firstperson_righthand":{"rotation":[0,135,0],"translation":[-0.5,6,1],"scale":[0.6,0.6,0.6]},"firstperson_lefthand":{"scale":[0.6,0.6,0.6]},"gui":{"rotation":[36,146,0],"translation":[0,-1,0],"scale":[0.6,0.6,0.6]},"head":{"translation":[0,-2.75,0],"scale":[1.1,1.1,1.1]}}}