{"credit":"Made with Blockbench","texture_size":[32,32],"textures":{"1":"drop/amethyst_pickaxe"},"elements":[{"from":[6.5,4,7],"to":[9.5,13,10],"rotation":{"angle":0,"axis":"y","origin":[0,-4,0]},"faces":{"north":{"uv":[0,0,1.5,4.5],"texture":"#1"},"east":{"uv":[1.5,0,3,4.5],"texture":"#1"},"south":{"uv":[3,0,4.5,4.5],"texture":"#1"},"west":{"uv":[0,4.5,1.5,9],"texture":"#1"},"up":{"uv":[7.5,11,6,9.5],"texture":"#1"},"down":{"uv":[9,9.5,7.5,11],"texture":"#1"}}},{"from":[7,13,7.5],"to":[9,20,9.5],"rotation":{"angle":0,"axis":"y","origin":[0,-4,0]},"faces":{"north":{"uv":[4,9.5,5,6],"texture":"#1"},"east":{"uv":[5,9.5,4,6],"texture":"#1"},"south":{"uv":[4,9.5,5,6],"texture":"#1"},"west":{"uv":[5,9.5,4,6],"texture":"#1"},"up":{"uv":[13,7,12,6],"texture":"#1"},"down":{"uv":[13,9,12,10],"texture":"#1"}}},{"from":[7,-3,7.5],"to":[9,4,9.5],"rotation":{"angle":0,"axis":"y","origin":[0,-4,0]},"faces":{"north":{"uv":[4,6,5,9.5],"texture":"#1"},"east":{"uv":[5,6,4,9.5],"texture":"#1"},"south":{"uv":[4,6,5,9.5],"texture":"#1"},"west":{"uv":[5,6,4,9.5],"texture":"#1"},"up":{"uv":[13,11,12,10],"texture":"#1"},"down":{"uv":[11.5,12,10.5,13],"texture":"#1"}}},{"from":[6.5,-4,7],"to":[9.5,-3,10],"rotation":{"angle":0,"axis":"y","origin":[0,-4,0]},"faces":{"north":{"uv":[12,7,13.5,7.5],"texture":"#1"},"east":{"uv":[0,12.5,1.5,13],"texture":"#1"},"south":{"uv":[12.5,0,14,0.5],"texture":"#1"},"west":{"uv":[12.5,0.5,14,1],"texture":"#1"},"up":{"uv":[12,7.5,10.5,6],"texture":"#1"},"down":{"uv":[12,9,10.5,10.5],"texture":"#1"}}},{"from":[7,-5.94203,6.66005],"to":[9,-2.94203,9.66005],"rotation":{"angle":45,"axis":"x","origin":[8,-5.19203,7.51005]},"faces":{"north":{"uv":[11.5,0,12.5,1.5],"texture":"#1"},"east":{"uv":[9.5,7.5,11,9],"texture":"#1"},"south":{"uv":[11.5,1.5,12.5,3],"texture":"#1"},"west":{"uv":[9,9.5,10.5,11],"texture":"#1"},"up":{"uv":[12.5,4.5,11.5,3],"texture":"#1"},"down":{"uv":[7,11.5,6,13],"texture":"#1"}}},{"from":[7,18.53238,11.67823],"to":[9,21.53238,16.67823],"rotation":{"angle":22.5,"axis":"x","origin":[7.5,21.45738,15.52823]},"faces":{"north":{"uv":[8,0,9,1.5],"texture":"#1"},"east":{"uv":[1.5,6,4,7.5],"texture":"#1"},"south":{"uv":[9.5,11,10.5,12.5],"texture":"#1"},"west":{"uv":[6.5,1.5,9,3],"texture":"#1"},"up":{"uv":[10,2.5,9,0],"texture":"#1"},"down":{"uv":[10,2.5,9,5],"texture":"#1"}}},{"from":[7.5,18.92172,16.90319],"to":[8.5,21.92172,19.90319],"rotation":{"angle":45,"axis":"x","origin":[8,21.84672,15.75319]},"faces":{"north":{"uv":[4.5,1.5,5,3],"texture":"#1"},"east":{"uv":[10,3,11.5,4.5],"texture":"#1"},"south":{"uv":[4.5,3,5,4.5],"texture":"#1"},"west":{"uv":[10.5,4.5,12,6],"texture":"#1"},"up":{"uv":[4,9,3.5,7.5],"texture":"#1"},"down":{"uv":[1.5,9,1,10.5],"texture":"#1"}}},{"from":[7.5,19.92172,19.90319],"to":[8.5,21.92172,20.90319],"rotation":{"angle":45,"axis":"x","origin":[8,21.84672,15.75319]},"faces":{"north":{"uv":[13,10,13.5,11],"texture":"#1"},"east":{"uv":[10.5,13,11,14],"texture":"#1"},"south":{"uv":[11,13,11.5,14],"texture":"#1"},"west":{"uv":[13,11,13.5,12],"texture":"#1"},"up":{"uv":[14,5,13.5,4.5],"texture":"#1"},"down":{"uv":[5.5,13.5,5,14],"texture":"#1"}}},{"from":[7.5,20.92172,20.90319],"to":[8.5,21.92172,21.90319],"rotation":{"angle":45,"axis":"x","origin":[8,21.84672,15.75319]},"faces":{"north":{"uv":[13.5,5,14,5.5],"texture":"#1"},"east":{"uv":[5.5,13.5,6,14],"texture":"#1"},"south":{"uv":[13.5,5.5,14,6],"texture":"#1"},"west":{"uv":[13.5,6,14,6.5],"texture":"#1"},"up":{"uv":[14,7,13.5,6.5],"texture":"#1"},"down":{"uv":[14,7,13.5,7.5],"texture":"#1"}}},{"from":[7,18.53238,0.32177],"to":[9,21.53238,5.32177],"rotation":{"angle":-22.5,"axis":"x","origin":[7.5,21.45738,1.47177]},"faces":{"north":{"uv":[7,11.5,8,13],"texture":"#1"},"east":{"uv":[6.5,3,9,4.5],"texture":"#1"},"south":{"uv":[8,11.5,9,13],"texture":"#1"},"west":{"uv":[6.5,4.5,9,6],"texture":"#1"},"up":{"uv":[4.5,12,3.5,9.5],"texture":"#1"},"down":{"uv":[10.5,5,9.5,7.5],"texture":"#1"}}},{"from":[7.5,18.87948,-1.70518],"to":[8.5,21.87948,1.29482],"rotation":{"angle":-45,"axis":"x","origin":[9,20.37948,1.79482]},"faces":{"north":{"uv":[9,11.5,9.5,13],"texture":"#1"},"east":{"uv":[10.5,10.5,12,12],"texture":"#1"},"south":{"uv":[12.5,1,13,2.5],"texture":"#1"},"west":{"uv":[1,11,2.5,12.5],"texture":"#1"},"up":{"uv":[2,14,1.5,12.5],"texture":"#1"},"down":{"uv":[2.5,12.5,2,14],"texture":"#1"}}},{"from":[7.5,19.87948,-2.70518],"to":[8.5,21.87948,-1.70518],"rotation":{"angle":-45,"axis":"x","origin":[9,20.37948,1.79482]},"faces":{"north":{"uv":[8,13,8.5,14],"texture":"#1"},"east":{"uv":[8.5,13,9,14],"texture":"#1"},"south":{"uv":[9,13,9.5,14],"texture":"#1"},"west":{"uv":[13,9,13.5,10],"texture":"#1"},"up":{"uv":[1,14,0.5,13.5],"texture":"#1"},"down":{"uv":[1.5,13.5,1,14],"texture":"#1"}}},{"from":[7.5,20.87948,-3.70518],"to":[8.5,21.87948,-2.70518],"rotation":{"angle":-45,"axis":"x","origin":[9,20.37948,1.79482]},"faces":{"north":{"uv":[13.5,1,14,1.5],"texture":"#1"},"east":{"uv":[13.5,1.5,14,2],"texture":"#1"},"south":{"uv":[13.5,2,14,2.5],"texture":"#1"},"west":{"uv":[13.5,2.5,14,3],"texture":"#1"},"up":{"uv":[14,3.5,13.5,3],"texture":"#1"},"down":{"uv":[14,3.5,13.5,4],"texture":"#1"}}},{"from":[6.5,20,5],"to":[9.5,23,12],"rotation":{"angle":0,"axis":"y","origin":[0,-4,0]},"faces":{"north":{"uv":[10,0,11.5,1.5],"texture":"#1"},"east":{"uv":[4.5,0,8,1.5],"texture":"#1"},"south":{"uv":[10,1.5,11.5,3],"texture":"#1"},"west":{"uv":[1.5,4.5,5,6],"texture":"#1"},"up":{"uv":[6.5,5,5,1.5],"texture":"#1"},"down":{"uv":[6.5,5,5,8.5],"texture":"#1"}}},{"from":[8.33995,23.73492,7.993],"to":[9.33995,25.73492,8.993],"rotation":{"angle":-45,"axis":"z","origin":[8.98995,24.48492,9.48553]},"faces":{"north":{"uv":[13,2,13.5,3],"texture":"#1"},"east":{"uv":[3,13,3.5,14],"texture":"#1"},"south":{"uv":[13,3,13.5,4],"texture":"#1"},"west":{"uv":[3.5,13,4,14],"texture":"#1"},"up":{"uv":[10.5,5,10,4.5],"texture":"#1"},"down":{"uv":[10.5,9,10,9.5],"texture":"#1"}}},{"from":[7.502,24.12332,7.995],"to":[8.498,27.11932,8.991],"rotation":{"angle":0,"axis":"y","origin":[9.15,22.87132,8.57132]},"faces":{"north":{"uv":[12.5,2.5,13,4],"texture":"#1"},"east":{"uv":[9.5,12.5,10,14],"texture":"#1"},"south":{"uv":[10,12.5,10.5,14],"texture":"#1"},"west":{"uv":[12.5,12,13,13.5],"texture":"#1"},"up":{"uv":[13.5,12.5,13,12],"texture":"#1"},"down":{"uv":[13.5,12.5,13,13],"texture":"#1"}}},{"from":[6.66005,23.73492,7.993],"to":[7.66005,25.73492,8.993],"rotation":{"angle":45,"axis":"z","origin":[7.01005,24.48492,9.48553]},"faces":{"north":{"uv":[6,13,6.5,14],"texture":"#1"},"east":{"uv":[6.5,13,7,14],"texture":"#1"},"south":{"uv":[7,13,7.5,14],"texture":"#1"},"west":{"uv":[7.5,13,8,14],"texture":"#1"},"up":{"uv":[12,13.5,11.5,13],"texture":"#1"},"down":{"uv":[12.5,13,12,13.5],"texture":"#1"}}},{"from":[7.5,25.16569,7.84706],"to":[8.5,27.16569,8.84706],"rotation":{"angle":45,"axis":"x","origin":[7,23.76569,6.64706]},"faces":{"north":{"uv":[6,8.5,6.5,9.5],"texture":"#1"},"east":{"uv":[9,5,9.5,6],"texture":"#1"},"south":{"uv":[3,11,3.5,12],"texture":"#1"},"west":{"uv":[13,1,13.5,2],"texture":"#1"},"up":{"uv":[4,9.5,3.5,9],"texture":"#1"},"down":{"uv":[10,9,9.5,9.5],"texture":"#1"}}},{"from":[7.5,24.40711,7.69264],"to":[8.5,26.40711,8.69264],"rotation":{"angle":-45,"axis":"x","origin":[7,23.90711,9.19264]},"faces":{"north":{"uv":[4,13,4.5,14],"texture":"#1"},"east":{"uv":[4.5,13,5,14],"texture":"#1"},"south":{"uv":[13,4.5,13.5,5.5],"texture":"#1"},"west":{"uv":[13,5.5,13.5,6.5],"texture":"#1"},"up":{"uv":[1.5,11,1,10.5],"texture":"#1"},"down":{"uv":[13.5,6.5,13,7],"texture":"#1"}}},{"from":[7.502,24.61521,6.36521],"to":[8.498,25.32121,7.07121],"rotation":{"angle":0,"axis":"y","origin":[8.004,25.11821,6.86821]},"faces":{"north":{"uv":[13.5,10,14,10.5],"texture":"#1"},"east":{"uv":[13.5,10.5,14,11],"texture":"#1"},"south":{"uv":[13.5,11,14,11.5],"texture":"#1"},"west":{"uv":[11.5,13.5,12,14],"texture":"#1"},"up":{"uv":[14,12,13.5,11.5],"texture":"#1"},"down":{"uv":[12.5,13.5,12,14],"texture":"#1"}}},{"from":[7.503,26.86269,8.05537],"to":[8.505,27.56469,8.75737],"rotation":{"angle":45,"axis":"x","origin":[8.004,27.06369,8.33787]},"faces":{"north":{"uv":[14,3,14.5,3.5],"texture":"#1"},"east":{"uv":[3.5,14,4,14.5],"texture":"#1"},"south":{"uv":[14,3.5,14.5,4],"texture":"#1"},"west":{"uv":[4,14,4.5,14.5],"texture":"#1"},"up":{"uv":[14.5,4.5,14,4],"texture":"#1"},"down":{"uv":[5,14,4.5,14.5],"texture":"#1"}}},{"from":[7.502,24.61921,9.90385],"to":[8.498,25.31721,10.60185],"rotation":{"angle":0,"axis":"y","origin":[7.996,25.11821,7.40285]},"faces":{"north":{"uv":[13.5,12,14,12.5],"texture":"#1"},"east":{"uv":[12.5,13.5,13,14],"texture":"#1"},"south":{"uv":[13.5,12.5,14,13],"texture":"#1"},"west":{"uv":[13,13.5,13.5,14],"texture":"#1"},"up":{"uv":[14,13.5,13.5,13],"texture":"#1"},"down":{"uv":[14,13.5,13.5,14],"texture":"#1"}}},{"from":[5.88279,25.12543,7.994],"to":[6.58079,25.82343,8.987],"rotation":{"angle":0,"axis":"y","origin":[9.08179,25.62443,8.48153]},"faces":{"north":{"uv":[0,14,0.5,14.5],"texture":"#1"},"east":{"uv":[14,0,14.5,0.5],"texture":"#1"},"south":{"uv":[0.5,14,1,14.5],"texture":"#1"},"west":{"uv":[14,0.5,14.5,1],"texture":"#1"},"up":{"uv":[1.5,14.5,1,14],"texture":"#1"},"down":{"uv":[14.5,1,14,1.5],"texture":"#1"}}},{"from":[9.41832,25.12632,7.994],"to":[10.11632,25.82432,8.987],"rotation":{"angle":0,"axis":"y","origin":[8.61732,25.62532,8.48953]},"faces":{"north":{"uv":[1.5,14,2,14.5],"texture":"#1"},"east":{"uv":[14,1.5,14.5,2],"texture":"#1"},"south":{"uv":[2,14,2.5,14.5],"texture":"#1"},"west":{"uv":[14,2,14.5,2.5],"texture":"#1"},"up":{"uv":[14.5,3,14,2.5],"texture":"#1"},"down":{"uv":[3.5,14,3,14.5],"texture":"#1"}}},{"from":[7.28252,23.074,4.998],"to":[8.28452,24.076,12],"rotation":{"angle":-45,"axis":"z","origin":[7.20852,23,8.549]},"faces":{"north":{"uv":[13.5,9,14,9.5],"texture":"#1"},"east":{"uv":[6,11,9.5,11.5],"texture":"#1"},"south":{"uv":[13.5,9.5,14,10],"texture":"#1"},"west":{"uv":[11,7.5,14.5,8],"texture":"#1"},"up":{"uv":[5,13,4.5,9.5],"texture":"#1"},"down":{"uv":[3,11,2.5,14.5],"texture":"#1"}}},{"from":[6.28452,22.36889,7],"to":[8.28252,24.36689,9.998],"rotation":{"angle":-45,"axis":"z","origin":[7.20852,22.29289,8.549]},"faces":{"north":{"uv":[12,11,13,12],"texture":"#1"},"east":{"uv":[11,8,12.5,9],"texture":"#1"},"south":{"uv":[11.5,12,12.5,13],"texture":"#1"},"west":{"uv":[3,12,4.5,13],"texture":"#1"},"up":{"uv":[13,6,12,4.5],"texture":"#1"},"down":{"uv":[6,12,5,13.5],"texture":"#1"}}}],"display":{"thirdperson_righthand":{"translation":[0,2.25,1.75],"scale":[0.6,0.6,0.6]},"thirdperson_lefthand":{"translation":[0,2.25,1.75],"scale":[0.6,0.6,0.6]},"firstperson_righthand":{"rotation":[-9.25,-5.75,0],"translation":[2.25,2.25,0],"scale":[0.45,0.45,0.45]},"firstperson_lefthand":{"rotation":[-9.25,-5.75,0],"translation":[2.25,2.25,0],"scale":[0.45,0.45,0.45]},"ground":{"rotation":[45,0,0],"translation":[0,2,0],"scale":[0.5,0.5,0.5]},"gui":{"rotation":[-90,-45,-90],"translation":[-1,-1.5,0],"scale":[0.64,0.5,0.5]},"fixed":{"rotation":[90,135,-90],"translation":[1.25,-1.5,0],"scale":[1,0.57,0.57]}}}